frame_idx,pkt_counter,system_time_ms,system_time_s,status_raw,alarms_raw,flags,v_in_AB_V,v_in_BC_V,v_in_CA_V,v_bypass_A_V,v_bypass_B_V,v_bypass_C_V,i_in_A_A,i_in_B_A,i_in_C_A,freq_in_Hz,v_out_A_V,v_out_B_V,v_out_C_V,freq_out_Hz,i_out_A_A,i_out_B_A,i_out_C_A,p_active_A_kW,p_active_B_kW,p_active_C_kW,p_apparent_A_kVA,p_apparent_B_kVA,p_apparent_C_kVA,load_pct_A,load_pct_B,load_pct_C,event_count,bat_voltage_V,bat_capacity_Ah,bat_groups_count,dc_bus_voltage_V,bat_current_A,backup_time_min,crc32
1,0,278,0.278,0,0,OK,4619.2,4619.2,4619.2,4619.2,4619.2,4619.2,4619.2,4619.2,4619.2,0.00,4619.2,4619.2,4619.2,232.76,1031.6,1031.6,1031.6,2171.2,2407.6,2407.6,2407.6,2407.6,2407.6,769.2,512.8,532.8,5308,1798.8,5328,16532,1559.4,1282.0,7912,0xD6BD7590
2,0,397,0.397,0,0,OK,4622.2,4619.2,4619.2,4619.2,4619.2,4619.2,4619.2,4619.2,4619.2,0.00,4619.2,4619.2,4619.2,231.76,1031.6,1031.6,791.2,2171.2,2407.6,4111.6,2406.6,2407.6,4111.6,277.4,272.4,272.4,10316,1808.8,5328,11424,2050.2,1282.0,10256,0x8217B140
3,0,481,0.481,0,0,OK,4624.2,4619.2,4619.2,4619.2,4619.2,4619.2,4619.2,4619.2,4619.2,0.00,4619.2,4619.2,4619.2,232.76,791.2,1031.6,791.2,4105.6,2406.6,4111.6,4110.6,2406.6,4111.6,267.4,522.8,512.8,7812,1808.8,5128,13828,1809.8,1031.6,2644,0x733EC6C8
4,0,583,0.583,0,0,OK,4622.2,4619.2,4619.2,4619.2,4619.2,4619.2,4619.2,4619.2,4619.2,0.00,4619.2,4619.2,4619.2,0.80,1031.6,1031.6,791.2,2171.2,2407.6,4111.6,2406.6,2407.6,4111.6,527.8,272.4,532.8,10316,1558.4,2624,19036,2060.2,791.2,20532,0xB5F0257F
5,0,684,0.684,0,0,OK,4619.2,4619.2,4619.2,4619.2,4619.2,4619.2,4619.2,4619.2,4619.2,0.00,4619.2,4619.2,4619.2,231.76,791.2,1031.6,1031.6,4105.6,2406.6,2407.6,4111.6,2406.6,2407.6,268.4,272.4,512.8,7812,1808.8,5228,13828,1559.4,1041.6,13020,0x730EFE9C
6,0,786,0.786,0,0,OK,4627.2,4619.2,4619.2,4619.2,4619.2,4619.2,4619.2,4619.2,4619.2,0.00,4619.2,4619.2,4619.2,0.80,1031.6,791.2,791.2,2171.2,4111.6,4110.6,2406.6,4111.6,4110.6,768.2,512.8,522.8,5308,2059.2,5228,16432,1799.8,1031.6,2744,0x033AB905
7,0,887,0.887,0,0,OK,4628.2,4619.2,4619.2,4619.2,4619.2,4619.2,4619.2,4619.2,4619.2,0.00,4619.2,4619.2,4619.2,231.76,791.2,1031.6,1031.6,4105.6,2406.6,2407.6,4111.6,2406.6,2407.6,528.8,262.4,262.4,7812,1798.8,2624,13828,1559.4,1031.6,15524,0x3DC87AC0
8,0,989,0.989,0,0,OK,4619.2,4619.2,4619.2,4619.2,4619.2,4619.2,4619.2,4619.2,4619.2,0.00,4619.2,4619.2,4619.2,0.80,791.2,791.2,791.2,4105.6,4110.6,4110.6,4110.6,4110.6,4110.6,527.8,272.4,522.8,7712,2049.2,2724,16432,2060.2,1041.6,20532,0xA2F7AD76
9,0,1091,1.091,0,0,OK,4623.2,4619.2,4619.2,4619.2,4619.2,4619.2,4619.2,4619.2,4619.2,0.00,4619.2,4619.2,4619.2,232.76,1031.6,791.2,791.2,2171.2,4111.6,4110.6,2406.6,4111.6,4110.6,277.4,532.8,522.8,10316,1798.8,2724,19036,1559.4,1282.0,240,0x2E4ADF68
10,0,1192,1.192,0,0,OK,4619.2,4619.2,4619.2,4619.2,4619.2,4619.2,4619.2,4619.2,4619.2,0.00,4619.2,4619.2,4619.2,231.76,1031.6,1031.6,1031.6,2171.2,2407.6,2407.6,2407.6,2407.6,2407.6,769.2,532.8,262.4,10316,2059.2,2624,11424,1559.4,1031.6,15524,0xB40D25B7
11,0,1294,1.294,0,0,OK,4622.2,4619.2,4619.2,4619.2,4619.2,4619.2,4619.2,4619.2,4619.2,0.00,4619.2,4619.2,4619.2,0.80,1031.6,1031.6,1031.6,2171.2,2407.6,2407.6,2407.6,2407.6,2407.6,769.2,512.8,512.8,10316,1558.4,5228,19036,1559.4,1031.6,23236,0xBDC2A8D3
12,0,1395,1.395,0,0,OK,4625.2,4619.2,4619.2,4619.2,4619.2,4619.2,4619.2,4619.2,4619.2,0.00,4619.2,4619.2,4619.2,0.80,1031.6,791.2,1031.6,2171.2,4111.6,2406.6,2407.6,4111.6,2406.6,518.8,272.4,262.4,5308,1808.8,5128,19036,1559.4,1041.6,240,0x39C38A1D
13,0,1497,1.497,0,0,OK,4627.2,4619.2,4619.2,4619.2,4619.2,4619.2,4619.2,4619.2,4619.2,0.00,4619.2,4619.2,4619.2,231.76,791.2,1031.6,1031.6,4105.6,2406.6,2407.6,4111.6,2406.6,2407.6,769.2,522.8,262.4,7712,2049.2,2724,11424,1559.4,1292.0,5248,0x87685248
14,0,1599,1.599,0,0,OK,4624.2,4619.2,4619.2,4619.2,4619.2,4619.2,4619.2,4619.2,4619.2,0.00,4619.2,4619.2,4619.2,0.80,791.2,1031.6,1031.6,4105.6,2406.6,2407.6,4111.6,2406.6,2407.6,518.8,512.8,512.8,7812,1808.8,2724,13828,1559.4,1292.0,40,0x3C7F8EB6
15,0,1700,1.700,0,0,OK,4628.2,4619.2,4619.2,4619.2,4619.2,4619.2,4619.2,4619.2,4619.2,0.00,4619.2,4619.2,4619.2,232.76,791.2,1031.6,791.2,4105.6,2406.6,4111.6,4110.6,2406.6,4111.6,267.4,262.4,512.8,10316,1798.8,5228,11424,1809.8,1031.6,20732,0xC384E11E
16,0,1802,1.802,0,0,OK,4625.2,4619.2,4619.2,4619.2,4619.2,4619.2,4619.2,4619.2,4619.2,0.00,4619.2,4619.2,4619.2,232.76,791.2,791.2,791.2,4105.6,4110.6,4110.6,4110.6,4110.6,4110.6,527.8,512.8,522.8,5308,1558.4,5328,21540,1559.4,791.2,5148,0x830A18E1
17,0,1903,1.903,0,0,OK,4628.2,4619.2,4619.2,4619.2,4619.2,4619.2,4619.2,4619.2,4619.2,0.00,4619.2,4619.2,4619.2,231.76,1031.6,1031.6,1031.6,2171.2,2407.6,2407.6,2407.6,2407.6,2407.6,518.8,522.8,522.8,7712,1798.8,5328,16632,2060.2,1282.0,20632,0xD0026822
18,0,2005,2.005,0,0,OK,4628.2,4619.2,4619.2,4619.2,4619.2,4619.2,4619.2,4619.2,4619.2,0.00,4619.2,4619.2,4619.2,232.76,1031.6,791.2,1031.6,2171.2,4111.6,2406.6,2407.6,4111.6,2406.6,268.4,272.4,532.8,7912,1798.8,5128,16532,1559.4,1031.6,7752,0x622DE3F2
19,0,2107,2.107,0,0,OK,4625.2,4619.2,4619.2,4619.2,4619.2,4619.2,4619.2,4619.2,4619.2,0.00,4619.2,4619.2,4619.2,231.76,791.2,791.2,1031.6,4105.6,4110.6,2406.6,4111.6,4110.6,2406.6,518.8,532.8,272.4,7812,2059.2,5328,13828,1559.4,1041.6,20532,0x17A1DB74
20,0,2208,2.208,0,0,OK,4622.2,4619.2,4619.2,4619.2,4619.2,4619.2,4619.2,4619.2,4619.2,0.00,4619.2,4619.2,4619.2,0.80,791.2,791.2,791.2,4105.6,4110.6,4110.6,4110.6,4110.6,4110.6,527.8,522.8,262.4,7712,1558.4,5228,19036,1799.8,1041.6,240,0x6F68300A
21,0,2310,2.310,0,0,OK,4622.2,4619.2,4619.2,4619.2,4619.2,4619.2,4619.2,4619.2,4619.2,0.00,4619.2,4619.2,4619.2,231.76,791.2,791.2,791.2,4105.6,4110.6,4110.6,4110.6,4110.6,4110.6,517.8,272.4,522.8,10316,2049.2,5328,16532,1559.4,1292.0,15524,0xA9F6C8F0
22,0,2411,2.411,0,0,OK,4622.2,4619.2,4619.2,4619.2,4619.2,4619.2,4619.2,4619.2,4619.2,0.00,4619.2,4619.2,4619.2,231.76,1031.6,791.2,791.2,2171.2,4111.6,4110.6,2406.6,4111.6,4110.6,277.4,512.8,512.8,7812,1808.8,5128,19036,1799.8,1292.0,10356,0xA565086A
23,0,2513,2.513,0,0,OK,4627.2,4619.2,4619.2,4619.2,4619.2,4619.2,4619.2,4619.2,4619.2,0.00,4619.2,4619.2,4619.2,231.76,791.2,1031.6,791.2,4105.6,2406.6,4111.6,4110.6,2406.6,4111.6,768.2,272.4,522.8,7712,1808.8,5128,16432,1809.8,1282.0,5348,0x744A85CA
24,0,2614,2.614,0,0,OK,4625.2,4619.2,4619.2,4619.2,4619.2,4619.2,4619.2,4619.2,4619.2,0.00,4619.2,4619.2,4619.2,231.76,1031.6,1031.6,1031.6,2171.2,2407.6,2407.6,2407.6,2407.6,2407.6,518.8,272.4,512.8,5308,1798.8,2624,13828,1559.4,791.2,17928,0x0F27F316
25,0,2716,2.716,0,0,OK,4626.2,4619.2,4619.2,4619.2,4619.2,4619.2,4619.2,4619.2,4619.2,0.00,4619.2,4619.2,4619.2,231.76,1031.6,1031.6,791.2,2171.2,2407.6,4111.6,2406.6,2407.6,4111.6,768.2,512.8,522.8,10316,2049.2,5228,14028,2050.2,1282.0,140,0x70F6BDA4
26,0,2818,2.818,0,0,OK,4621.2,4619.2,4619.2,4619.2,4619.2,4619.2,4619.2,4619.2,4619.2,0.00,4619.2,4619.2,4619.2,0.80,791.2,1031.6,791.2,4105.6,2406.6,4111.6,4110.6,2406.6,4111.6,267.4,262.4,522.8,10316,2049.2,5228,16432,2060.2,1031.6,15424,0x7C8A4765
27,0,2919,2.919,0,0,OK,4628.2,4619.2,4619.2,4619.2,4619.2,4619.2,4619.2,4619.2,4619.2,0.00,4619.2,4619.2,4619.2,0.80,791.2,791.2,1031.6,4105.6,4110.6,2406.6,4111.6,4110.6,2406.6,528.8,262.4,532.8,7712,2049.2,5328,13828,1559.4,1031.6,15424,0x30C9BADC
28,0,3021,3.021,0,0,OK,4622.2,4619.2,4619.2,4619.2,4619.2,4619.2,4619.2,4619.2,4619.2,0.00,4619.2,4619.2,4619.2,231.76,791.2,791.2,791.2,4105.6,4110.6,4110.6,4110.6,4110.6,4110.6,277.4,522.8,532.8,7812,1798.8,5128,14028,1799.8,791.2,10256,0xA21A3996
29,0,3122,3.122,0,0,OK,4620.2,4619.2,4619.2,4619.2,4619.2,4619.2,4619.2,4619.2,4619.2,0.00,4619.2,4619.2,4619.2,232.76,1031.6,791.2,1031.6,2171.2,4111.6,2406.6,2407.6,4111.6,2406.6,769.2,522.8,512.8,5308,2049.2,2724,16632,1809.8,1282.0,10456,0xBDBA4FE0
30,0,3224,3.224,0,0,OK,4628.2,4619.2,4619.2,4619.2,4619.2,4619.2,4619.2,4619.2,4619.2,0.00,4619.2,4619.2,4619.2,231.76,1031.6,1031.6,1031.6,2171.2,2407.6,2407.6,2407.6,2407.6,2407.6,528.8,532.8,522.8,5308,1798.8,5128,16632,1799.8,791.2,240,0x74F8F43A
31,0,3326,3.326,0,0,OK,4625.2,4619.2,4619.2,4619.2,4619.2,4619.2,4619.2,4619.2,4619.2,0.00,4619.2,4619.2,4619.2,0.80,1031.6,791.2,791.2,2171.2,4111.6,4110.6,2406.6,4111.6,4110.6,517.8,532.8,262.4,7812,1808.8,5328,16632,2060.2,1031.6,23136,0x644FF495
32,0,3427,3.427,0,0,OK,4625.2,4619.2,4619.2,4619.2,4619.2,4619.2,4619.2,4619.2,4619.2,0.00,4619.2,4619.2,4619.2,0.80,1031.6,791.2,791.2,2171.2,4111.6,4110.6,2406.6,4111.6,4110.6,527.8,512.8,512.8,5308,1798.8,5128,13828,1559.4,791.2,20732,0x98586B82
33,0,3529,3.529,0,0,OK,4619.2,4619.2,4619.2,4619.2,4619.2,4619.2,4619.2,4619.2,4619.2,0.00,4619.2,4619.2,4619.2,232.76,791.2,1031.6,791.2,4105.6,2406.6,4111.6,4110.6,2406.6,4111.6,277.4,272.4,522.8,7812,2049.2,5328,21540,2050.2,791.2,18128,0x94990284
34,0,3630,3.630,0,0,OK,4619.2,4619.2,4619.2,4619.2,4619.2,4619.2,4619.2,4619.2,4619.2,0.00,4619.2,4619.2,4619.2,0.80,1031.6,1031.6,791.2,2171.2,2407.6,4111.6,2406.6,2407.6,4111.6,277.4,512.8,532.8,7912,2049.2,5228,19036,2060.2,1292.0,15524,0x42E223EE
35,0,3732,3.732,0,0,OK,4621.2,4619.2,4619.2,4619.2,4619.2,4619.2,4619.2,4619.2,4619.2,0.00,4619.2,4619.2,4619.2,232.76,791.2,791.2,1031.6,4105.6,4110.6,2406.6,4111.6,4110.6,2406.6,518.8,262.4,532.8,7912,1558.4,5228,21540,1799.8,1031.6,40,0xDC521187
36,0,3834,3.834,0,0,OK,4627.2,4619.2,4619.2,4619.2,4619.2,4619.2,4619.2,4619.2,4619.2,0.00,4619.2,4619.2,4619.2,0.80,791.2,791.2,791.2,4105.6,4110.6,4110.6,4110.6,4110.6,4110.6,267.4,512.8,522.8,5308,2049.2,2624,11424,2050.2,1292.0,2644,0x1ED3C944
37,0,3935,3.935,0,0,OK,4626.2,4619.2,4619.2,4619.2,4619.2,4619.2,4619.2,4619.2,4619.2,0.00,4619.2,4619.2,4619.2,232.76,791.2,1031.6,1031.6,4105.6,2406.6,2407.6,4111.6,2406.6,2407.6,278.4,522.8,512.8,7812,1808.8,5328,13928,1799.8,1282.0,7852,0xF7402EBD
38,0,4037,4.037,0,0,OK,4626.2,4619.2,4619.2,4619.2,4619.2,4619.2,4619.2,4619.2,4619.2,0.00,4619.2,4619.2,4619.2,231.76,1031.6,791.2,791.2,2171.2,4111.6,4110.6,2406.6,4111.6,4110.6,277.4,522.8,532.8,7712,2049.2,5128,19136,1809.8,1031.6,7752,0xE06CC766
39,0,4138,4.138,0,0,OK,4626.2,4619.2,4619.2,4619.2,4619.2,4619.2,4619.2,4619.2,4619.2,0.00,4619.2,4619.2,4619.2,231.76,791.2,1031.6,1031.6,4105.6,2406.6,2407.6,4111.6,2406.6,2407.6,268.4,512.8,532.8,7912,2049.2,5128,13928,1809.8,1292.0,17928,0x48F37D6A
40,0,4240,4.240,0,0,OK,4621.2,4619.2,4619.2,4619.2,4619.2,4619.2,4619.2,4619.2,4619.2,0.00,4619.2,4619.2,4619.2,231.76,1031.6,791.2,791.2,2171.2,4111.6,4110.6,2406.6,4111.6,4110.6,277.4,262.4,272.4,5308,2049.2,5228,11424,2050.2,1292.0,10456,0xA0323755
41,0,4341,4.341,0,0,OK,4627.2,4619.2,4619.2,4619.2,4619.2,4619.2,4619.2,4619.2,4619.2,0.00,4619.2,4619.2,4619.2,0.80,1031.6,1031.6,791.2,2171.2,2407.6,4111.6,2406.6,2407.6,4111.6,527.8,262.4,532.8,7912,1558.4,2724,11424,2060.2,1282.0,20732,0x07E8F5D6
42,0,4443,4.443,0,0,OK,4622.2,4619.2,4619.2,4619.2,4619.2,4619.2,4619.2,4619.2,4619.2,0.00,4619.2,4619.2,4619.2,231.76,791.2,1031.6,1031.6,4105.6,2406.6,2407.6,4111.6,2406.6,2407.6,268.4,532.8,522.8,7812,1558.4,5228,13928,1809.8,791.2,140,0xA6095BB3
43,0,4545,4.545,0,0,OK,4622.2,4619.2,4619.2,4619.2,4619.2,4619.2,4619.2,4619.2,4619.2,0.00,4619.2,4619.2,4619.2,0.80,791.2,1031.6,1031.6,4105.6,2406.6,2407.6,4111.6,2406.6,2407.6,528.8,512.8,512.8,7912,2049.2,5128,11424,1799.8,1041.6,10256,0xEE15C2FF
44,0,4646,4.646,0,0,OK,4620.2,4619.2,4619.2,4619.2,4619.2,4619.2,4619.2,4619.2,4619.2,0.00,4619.2,4619.2,4619.2,231.76,791.2,1031.6,791.2,4105.6,2406.6,4111.6,4110.6,2406.6,4111.6,517.8,512.8,512.8,7912,1558.4,2624,21540,1799.8,1292.0,15524,0x8AC08B5F
45,0,4748,4.748,0,0,OK,4627.2,4619.2,4619.2,4619.2,4619.2,4619.2,4619.2,4619.2,4619.2,0.00,4619.2,4619.2,4619.2,231.76,1031.6,791.2,1031.6,2171.2,4111.6,2406.6,2407.6,4111.6,2406.6,769.2,522.8,532.8,7812,2059.2,5228,13928,1799.8,1282.0,10256,0xAF411B68
46,0,4849,4.849,0,0,OK,4622.2,4619.2,4619.2,4619.2,4619.2,4619.2,4619.2,4619.2,4619.2,0.00,4619.2,4619.2,4619.2,231.76,791.2,1031.6,791.2,4105.6,2406.6,4111.6,4110.6,2406.6,4111.6,527.8,262.4,272.4,7812,2049.2,5228,11424,1809.8,791.2,10456,0x4B669316
47,0,4951,4.951,0,0,OK,4620.2,4619.2,4619.2,4619.2,4619.2,4619.2,4619.2,4619.2,4619.2,0.00,4619.2,4619.2,4619.2,232.76,791.2,1031.6,791.2,4105.6,2406.6,4111.6,4110.6,2406.6,4111.6,527.8,272.4,262.4,7712,2049.2,5228,21540,1809.8,1031.6,5348,0x6178D825
48,0,5053,5.053,0,0,OK,4619.2,4619.2,4619.2,4619.2,4619.2,4619.2,4619.2,4619.2,4619.2,0.00,4619.2,4619.2,4619.2,231.76,1031.6,791.2,1031.6,2171.2,4111.6,2406.6,2407.6,4111.6,2406.6,268.4,532.8,522.8,5308,1798.8,2724,16532,2060.2,1282.0,40,0x56622C40
49,0,5154,5.154,0,0,OK,4621.2,4619.2,4619.2,4619.2,4619.2,4619.2,4619.2,4619.2,4619.2,0.00,4619.2,4619.2,4619.2,231.76,1031.6,1031.6,1031.6,2171.2,2407.6,2407.6,2407.6,2407.6,2407.6,518.8,262.4,522.8,7712,1558.4,5228,13928,2050.2,1292.0,17928,0x9F4C52C4
50,0,5256,5.256,0,0,OK,4619.2,4619.2,4619.2,4619.2,4619.2,4619.2,4619.2,4619.2,4619.2,0.00,4619.2,4619.2,4619.2,232.76,1031.6,791.2,791.2,2171.2,4111.6,4110.6,2406.6,4111.6,4110.6,277.4,512.8,272.4,7912,2059.2,5328,19036,1559.4,1292.0,23236,0xF400FA5C
51,0,5357,5.357,0,0,OK,4620.2,4619.2,4619.2,4619.2,4619.2,4619.2,4619.2,4619.2,4619.2,0.00,4619.2,4619.2,4619.2,0.80,791.2,791.2,791.2,4105.6,4110.6,4110.6,4110.6,4110.6,4110.6,768.2,532.8,532.8,7812,1798.8,5128,16632,2050.2,1031.6,23236,0xB6C1979B
52,0,5459,5.459,0,0,OK,4627.2,4619.2,4619.2,4619.2,4619.2,4619.2,4619.2,4619.2,4619.2,0.00,4619.2,4619.2,4619.2,231.76,791.2,791.2,791.2,4105.6,4110.6,4110.6,4110.6,4110.6,4110.6,768.2,272.4,512.8,5308,2049.2,2624,19136,1809.8,1282.0,18128,0x238C072D
53,0,5561,5.561,0,0,OK,4624.2,4619.2,4619.2,4619.2,4619.2,4619.2,4619.2,4619.2,4619.2,0.00,4619.2,4619.2,4619.2,231.76,1031.6,1031.6,1031.6,2171.2,2407.6,2407.6,2407.6,2407.6,2407.6,528.8,512.8,532.8,7912,2049.2,5228,19036,2050.2,1031.6,12820,0x0EF671EA
54,0,5662,5.662,0,0,OK,4627.2,4619.2,4619.2,4619.2,4619.2,4619.2,4619.2,4619.2,4619.2,0.00,4619.2,4619.2,4619.2,232.76,791.2,791.2,791.2,4105.6,4110.6,4110.6,4110.6,4110.6,4110.6,267.4,522.8,522.8,7912,1798.8,5328,19136,2050.2,1041.6,15424,0x87EFC4D9
55,0,5764,5.764,0,0,OK,4621.2,4619.2,4619.2,4619.2,4619.2,4619.2,4619.2,4619.2,4619.2,0.00,4619.2,4619.2,4619.2,232.76,1031.6,1031.6,791.2,2171.2,2407.6,4111.6,2406.6,2407.6,4111.6,267.4,262.4,512.8,7812,2049.2,5328,13928,1799.8,1282.0,10356,0x83FE64AE
56,0,5865,5.865,0,0,OK,4627.2,4619.2,4619.2,4619.2,4619.2,4619.2,4619.2,4619.2,4619.2,0.00,4619.2,4619.2,4619.2,232.76,1031.6,1031.6,1031.6,2171.2,2407.6,2407.6,2407.6,2407.6,2407.6,268.4,512.8,522.8,7912,1798.8,5228,16532,1799.8,1031.6,10356,0xCBB9B593
57,0,5967,5.967,0,0,OK,4624.2,4619.2,4619.2,4619.2,4619.2,4619.2,4619.2,4619.2,4619.2,0.00,4619.2,4619.2,4619.2,232.76,1031.6,1031.6,791.2,2171.2,2407.6,4111.6,2406.6,2407.6,4111.6,527.8,532.8,512.8,7812,2049.2,5328,19136,2050.2,791.2,17928,0x28B8BD95
58,0,6069,6.069,0,0,OK,4628.2,4619.2,4619.2,4619.2,4619.2,4619.2,4619.2,4619.2,4619.2,0.00,4619.2,4619.2,4619.2,231.76,1031.6,791.2,1031.6,2171.2,4111.6,2406.6,2407.6,4111.6,2406.6,528.8,512.8,262.4,7812,1808.8,5128,19036,1559.4,1292.0,23136,0x9C8A0CE2
59,0,6170,6.170,0,0,OK,4627.2,4619.2,4619.2,4619.2,4619.2,4619.2,4619.2,4619.2,4619.2,0.00,4619.2,4619.2,4619.2,232.76,1031.6,791.2,791.2,2171.2,4111.6,4110.6,2406.6,4111.6,4110.6,768.2,262.4,272.4,5308,1558.4,5328,14028,1799.8,791.2,12920,0x0B51E119
60,0,6272,6.272,0,0,OK,4623.2,4619.2,4619.2,4619.2,4619.2,4619.2,4619.2,4619.2,4619.2,0.00,4619.2,4619.2,4619.2,232.76,1031.6,1031.6,791.2,2171.2,2407.6,4111.6,2406.6,2407.6,4111.6,277.4,522.8,512.8,7812,1798.8,5128,13828,2060.2,1031.6,18128,0x84ED8D7E
61,0,6373,6.373,0,0,OK,4620.2,4619.2,4619.2,4619.2,4619.2,4619.2,4619.2,4619.2,4619.2,0.00,4619.2,4619.2,4619.2,232.76,1031.6,791.2,791.2,2171.2,4111.6,4110.6,2406.6,4111.6,4110.6,527.8,262.4,512.8,10316,1558.4,2624,16532,1559.4,791.2,5148,0xEE7727CB
62,0,6475,6.475,0,0,OK,4622.2,4619.2,4619.2,4619.2,4619.2,4619.2,4619.2,4619.2,4619.2,0.00,4619.2,4619.2,4619.2,0.80,1031.6,791.2,791.2,2171.2,4111.6,4110.6,2406.6,4111.6,4110.6,277.4,532.8,512.8,7812,1558.4,5228,13928,2050.2,791.2,10416,0x249F94FE
63,0,6576,6.576,0,0,OK,4621.2,4619.2,4619.2,4619.2,4619.2,4619.2,4619.2,4619.2,4619.2,0.00,4619.2,4619.2,4619.2,232.76,791.2,791.2,1031.6,4105.6,4110.6,2406.6,4111.6,4110.6,2406.6,278.4,272.4,522.8,5308,2049.2,2624,13828,1799.8,1282.0,40,0xF4DF6997
64,0,6678,6.678,0,0,OK,4624.2,4619.2,4619.2,4619.2,4619.2,4619.2,4619.2,4619.2,4619.2,0.00,4619.2,4619.2,4619.2,232.76,1031.6,791.2,1031.6,2171.2,4111.6,2406.6,2407.6,4111.6,2406.6,528.8,262.4,532.8,7912,1558.4,5228,16432,1799.8,1292.0,18128,0x215499CF
65,0,6780,6.780,0,0,OK,4627.2,4619.2,4619.2,4619.2,4619.2,4619.2,4619.2,4619.2,4619.2,0.00,4619.2,4619.2,4619.2,231.76,1031.6,791.2,791.2,2171.2,4111.6,4110.6,2406.6,4111.6,4110.6,768.2,532.8,262.4,10316,1558.4,5328,11424,2050.2,791.2,20632,0xA9AB32A0
66,0,6881,6.881,0,0,OK,4622.2,4619.2,4619.2,4619.2,4619.2,4619.2,4619.2,4619.2,4619.2,0.00,4619.2,4619.2,4619.2,232.76,791.2,1031.6,791.2,4105.6,2406.6,4111.6,4110.6,2406.6,4111.6,517.8,522.8,512.8,7712,1558.4,5228,13828,2060.2,1292.0,2644,0xD0E405E3
67,0,6983,6.983,0,0,OK,4624.2,4619.2,4619.2,4619.2,4619.2,4619.2,4619.2,4619.2,4619.2,0.00,4619.2,4619.2,4619.2,231.76,1031.6,791.2,1031.6,2171.2,4111.6,2406.6,2407.6,4111.6,2406.6,528.8,272.4,272.4,5308,1798.8,2624,14028,1559.4,791.2,23236,0xB4971E11
68,0,7084,7.084,0,0,OK,4623.2,4619.2,4619.2,4619.2,4619.2,4619.2,4619.2,4619.2,4619.2,0.00,4619.2,4619.2,4619.2,231.76,791.2,791.2,791.2,4105.6,4110.6,4110.6,4110.6,4110.6,4110.6,527.8,272.4,262.4,7912,2059.2,5328,11424,1799.8,1282.0,18028,0xCAB88B8D
69,0,7186,7.186,0,0,OK,4625.2,4619.2,4619.2,4619.2,4619.2,4619.2,4619.2,4619.2,4619.2,0.00,4619.2,4619.2,4619.2,231.76,1031.6,791.2,791.2,2171.2,4111.6,4110.6,2406.6,4111.6,4110.6,517.8,512.8,272.4,5308,2049.2,2724,13828,2060.2,1041.6,5148,0x5D847EA0
70,0,7287,7.287,0,0,OK,4619.2,4619.2,4619.2,4619.2,4619.2,4619.2,4619.2,4619.2,4619.2,0.00,4619.2,4619.2,4619.2,0.80,1031.6,1031.6,1031.6,2171.2,2407.6,2407.6,2407.6,2407.6,2407.6,769.2,512.8,272.4,10316,1798.8,5128,13928,2060.2,1282.0,18128,0x07E652DC
71,0,7389,7.389,0,0,OK,4623.2,4619.2,4619.2,4619.2,4619.2,4619.2,4619.2,4619.2,4619.2,0.00,4619.2,4619.2,4619.2,0.80,791.2,1031.6,791.2,4105.6,2406.6,4111.6,4110.6,2406.6,4111.6,267.4,262.4,522.8,10316,1798.8,5328,16632,2050.2,1282.0,17928,0x42D43843
72,0,7491,7.491,0,0,OK,4628.2,4619.2,4619.2,4619.2,4619.2,4619.2,4619.2,4619.2,4619.2,0.00,4619.2,4619.2,4619.2,231.76,791.2,1031.6,791.2,4105.6,2406.6,4111.6,4110.6,2406.6,4111.6,768.2,512.8,522.8,10316,1798.8,2724,19036,2050.2,1031.6,13020,0x73280931
73,0,7592,7.592,0,0,OK,4622.2,4619.2,4619.2,4619.2,4619.2,4619.2,4619.2,4619.2,4619.2,0.00,4619.2,4619.2,4619.2,231.76,791.2,1031.6,1031.6,4105.6,2406.6,2407.6,4111.6,2406.6,2407.6,769.2,532.8,512.8,10316,1808.8,5228,21540,2050.2,1031.6,20532,0xA8D2D14D
74,0,7694,7.694,0,0,OK,4620.2,4619.2,4619.2,4619.2,4619.2,4619.2,4619.2,4619.2,4619.2,0.00,4619.2,4619.2,4619.2,232.76,1031.6,1031.6,791.2,2171.2,2407.6,4111.6,2406.6,2407.6,4111.6,267.4,522.8,512.8,7912,1558.4,2624,16532,1559.4,1031.6,10416,0x2801258C
75,0,7795,7.795,0,0,OK,4626.2,4619.2,4619.2,4619.2,4619.2,4619.2,4619.2,4619.2,4619.2,0.00,4619.2,4619.2,4619.2,232.76,791.2,791.2,791.2,4105.6,4110.6,4110.6,4110.6,4110.6,4110.6,517.8,512.8,532.8,7912,1558.4,5128,11424,2060.2,1041.6,20532,0x41438501
76,0,7897,7.897,0,0,OK,4624.2,4619.2,4619.2,4619.2,4619.2,4619.2,4619.2,4619.2,4619.2,0.00,4619.2,4619.2,4619.2,231.76,791.2,1031.6,791.2,4105.6,2406.6,4111.6,4110.6,2406.6,4111.6,768.2,512.8,272.4,7812,1558.4,5128,21540,2060.2,1031.6,40,0xD6FDE2D1
77,0,7999,7.999,0,0,OK,4628.2,4619.2,4619.2,4619.2,4619.2,4619.2,4619.2,4619.2,4619.2,0.00,4619.2,4619.2,4619.2,232.76,1031.6,791.2,1031.6,2171.2,4111.6,2406.6,2407.6,4111.6,2406.6,769.2,272.4,272.4,7912,1798.8,2624,13828,1809.8,1282.0,10256,0x4DBB480B
78,0,8100,8.100,0,0,OK,4619.2,4619.2,4619.2,4619.2,4619.2,4619.2,4619.2,4619.2,4619.2,0.00,4619.2,4619.2,4619.2,0.80,791.2,791.2,791.2,4105.6,4110.6,4110.6,4110.6,4110.6,4110.6,517.8,522.8,512.8,5308,1798.8,5328,13928,1809.8,1041.6,40,0xAD3E663C
79,0,8202,8.202,0,0,OK,4620.2,4619.2,4619.2,4619.2,4619.2,4619.2,4619.2,4619.2,4619.2,0.00,4619.2,4619.2,4619.2,231.76,791.2,1031.6,1031.6,4105.6,2406.6,2407.6,4111.6,2406.6,2407.6,518.8,512.8,532.8,7712,1808.8,5328,13928,1799.8,791.2,7912,0xAEBC7699
80,0,8303,8.303,0,0,OK,4623.2,4619.2,4619.2,4619.2,4619.2,4619.2,4619.2,4619.2,4619.2,0.00,4619.2,4619.2,4619.2,232.76,791.2,791.2,1031.6,4105.6,4110.6,2406.6,4111.6,4110.6,2406.6,278.4,262.4,532.8,5308,1808.8,5128,21540,2060.2,1292.0,7912,0x26681A22
81,0,8405,8.405,0,0,OK,4623.2,4619.2,4619.2,4619.2,4619.2,4619.2,4619.2,4619.2,4619.2,0.00,4619.2,4619.2,4619.2,0.80,1031.6,791.2,1031.6,2171.2,4111.6,2406.6,2407.6,4111.6,2406.6,268.4,512.8,272.4,7712,1808.8,2624,16532,2050.2,1282.0,18028,0x5D752D89
82,0,8507,8.507,0,0,OK,4627.2,4619.2,4619.2,4619.2,4619.2,4619.2,4619.2,4619.2,4619.2,0.00,4619.2,4619.2,4619.2,0.80,791.2,791.2,1031.6,4105.6,4110.6,2406.6,4111.6,4110.6,2406.6,769.2,532.8,262.4,7912,1558.4,5328,21540,1799.8,791.2,5148,0xF561989C
83,0,8608,8.608,0,0,OK,4620.2,4619.2,4619.2,4619.2,4619.2,4619.2,4619.2,4619.2,4619.2,0.00,4619.2,4619.2,4619.2,231.76,1031.6,1031.6,1031.6,2171.2,2407.6,2407.6,2407.6,2407.6,2407.6,518.8,512.8,272.4,7812,1798.8,5128,19136,1559.4,1292.0,20732,0xC2B0BBEB
84,0,8710,8.710,0,0,OK,4623.2,4619.2,4619.2,4619.2,4619.2,4619.2,4619.2,4619.2,4619.2,0.00,4619.2,4619.2,4619.2,232.76,1031.6,1031.6,791.2,2171.2,2407.6,4111.6,2406.6,2407.6,4111.6,277.4,262.4,262.4,7912,1808.8,2624,19036,1559.4,1292.0,2644,0xC7518A7D
85,0,8811,8.811,0,0,OK,4624.2,4619.2,4619.2,4619.2,4619.2,4619.2,4619.2,4619.2,4619.2,0.00,4619.2,4619.2,4619.2,0.80,791.2,1031.6,791.2,4105.6,2406.6,4111.6,4110.6,2406.6,4111.6,277.4,262.4,262.4,7812,2049.2,5128,14028,1809.8,791.2,13020,0xDDDC8628
86,0,8913,8.913,0,0,OK,4624.2,4619.2,4619.2,4619.2,4619.2,4619.2,4619.2,4619.2,4619.2,0.00,4619.2,4619.2,4619.2,231.76,791.2,1031.6,791.2,4105.6,2406.6,4111.6,4110.6,2406.6,4111.6,267.4,272.4,512.8,10316,1808.8,2624,21540,2060.2,1292.0,12820,0x5F1B4B1C
87,0,9015,9.015,0,0,OK,4624.2,4619.2,4619.2,4619.2,4619.2,4619.2,4619.2,4619.2,4619.2,0.00,4619.2,4619.2,4619.2,0.80,1031.6,1031.6,791.2,2171.2,2407.6,4111.6,2406.6,2407.6,4111.6,267.4,262.4,272.4,10316,2059.2,5128,14028,1559.4,1041.6,2644,0x4ABCEB77
88,0,9116,9.116,0,0,OK,4627.2,4619.2,4619.2,4619.2,4619.2,4619.2,4619.2,4619.2,4619.2,0.00,4619.2,4619.2,4619.2,232.76,1031.6,791.2,791.2,2171.2,4111.6,4110.6,2406.6,4111.6,4110.6,277.4,262.4,262.4,10316,2059.2,5128,19036,2050.2,1282.0,23136,0x097C9BD0
89,0,9218,9.218,0,0,OK,4625.2,4619.2,4619.2,4619.2,4619.2,4619.2,4619.2,4619.2,4619.2,0.00,4619.2,4619.2,4619.2,0.80,791.2,791.2,1031.6,4105.6,4110.6,2406.6,4111.6,4110.6,2406.6,518.8,522.8,522.8,7912,1558.4,2724,11424,1559.4,1292.0,10456,0xCE89DC05
90,0,9319,9.319,0,0,OK,4626.2,4619.2,4619.2,4619.2,4619.2,4619.2,4619.2,4619.2,4619.2,0.00,4619.2,4619.2,4619.2,232.76,791.2,791.2,1031.6,4105.6,4110.6,2406.6,4111.6,4110.6,2406.6,278.4,522.8,512.8,7912,2059.2,5128,16532,1799.8,1031.6,7852,0xC77CE770
91,0,9421,9.421,0,0,OK,4627.2,4619.2,4619.2,4619.2,4619.2,4619.2,4619.2,4619.2,4619.2,0.00,4619.2,4619.2,4619.2,0.80,1031.6,1031.6,1031.6,2171.2,2407.6,2407.6,2407.6,2407.6,2407.6,528.8,272.4,522.8,7712,1798.8,5128,14028,2060.2,791.2,15424,0xC9465337
92,0,9522,9.522,0,0,OK,4620.2,4619.2,4619.2,4619.2,4619.2,4619.2,4619.2,4619.2,4619.2,0.00,4619.2,4619.2,4619.2,0.80,1031.6,791.2,791.2,2171.2,4111.6,4110.6,2406.6,4111.6,4110.6,527.8,522.8,532.8,7712,1808.8,5128,14028,1559.4,1031.6,10416,0xC589048D
93,0,9624,9.624,0,0,OK,4623.2,4619.2,4619.2,4619.2,4619.2,4619.2,4619.2,4619.2,4619.2,0.00,4619.2,4619.2,4619.2,232.76,791.2,791.2,791.2,4105.6,4110.6,4110.6,4110.6,4110.6,4110.6,517.8,262.4,512.8,7812,2049.2,5228,14028,1559.4,791.2,12920,0x26EA367C
94,0,9726,9.726,0,0,OK,4619.2,4619.2,4619.2,4619.2,4619.2,4619.2,4619.2,4619.2,4619.2,0.00,4619.2,4619.2,4619.2,232.76,791.2,1031.6,1031.6,4105.6,2406.6,2407.6,4111.6,2406.6,2407.6,769.2,272.4,512.8,7812,2049.2,2624,14028,2060.2,1031.6,2744,0xC0B246A9
95,0,9827,9.827,0,0,OK,4619.2,4619.2,4619.2,4619.2,4619.2,4619.2,4619.2,4619.2,4619.2,0.00,4619.2,4619.2,4619.2,0.80,791.2,1031.6,1031.6,4105.6,2406.6,2407.6,4111.6,2406.6,2407.6,268.4,532.8,272.4,7912,2059.2,5328,13928,1799.8,791.2,7752,0x6BE97183
96,0,9929,9.929,0,0,OK,4624.2,4619.2,4619.2,4619.2,4619.2,4619.2,4619.2,4619.2,4619.2,0.00,4619.2,4619.2,4619.2,0.80,791.2,791.2,1031.6,4105.6,4110.6,2406.6,4111.6,4110.6,2406.6,769.2,272.4,532.8,7912,1808.8,2624,16432,2060.2,1031.6,5148,0xD1B846B4
97,0,10030,10.030,0,0,OK,4628.2,4619.2,4619.2,4619.2,4619.2,4619.2,4619.2,4619.2,4619.2,0.00,4619.2,4619.2,4619.2,231.76,1031.6,1031.6,791.2,2171.2,2407.6,4111.6,2406.6,2407.6,4111.6,517.8,532.8,512.8,7712,1558.4,2624,19136,1809.8,1041.6,140,0x925C8F5F
98,0,10132,10.132,0,0,OK,4627.2,4619.2,4619.2,4619.2,4619.2,4619.2,4619.2,4619.2,4619.2,0.00,4619.2,4619.2,4619.2,231.76,1031.6,1031.6,1031.6,2171.2,2407.6,2407.6,2407.6,2407.6,2407.6,268.4,272.4,532.8,10316,2059.2,5128,11424,1809.8,1031.6,20632,0x050CA3B4
99,0,10234,10.234,0,0,OK,4624.2,4619.2,4619.2,4619.2,4619.2,4619.2,4619.2,4619.2,4619.2,0.00,4619.2,4619.2,4619.2,232.76,1031.6,1031.6,1031.6,2171.2,2407.6,2407.6,2407.6,2407.6,2407.6,769.2,272.4,262.4,5308,1558.4,2724,11424,2060.2,1282.0,17928,0xEC692310
100,0,10335,10.335,0,0,OK,4620.2,4619.2,4619.2,4619.2,4619.2,4619.2,4619.2,4619.2,4619.2,0.00,4619.2,4619.2,4619.2,0.80,1031.6,1031.6,1031.6,2171.2,2407.6,2407.6,2407.6,2407.6,2407.6,278.4,512.8,262.4,10316,1808.8,5328,16632,2050.2,1292.0,20732,0x08CD744E
101,0,10437,10.437,0,0,OK,4626.2,4619.2,4619.2,4619.2,4619.2,4619.2,4619.2,4619.2,4619.2,0.00,4619.2,4619.2,4619.2,232.76,1031.6,1031.6,1031.6,2171.2,2407.6,2407.6,2407.6,2407.6,2407.6,268.4,512.8,522.8,5308,1808.8,5128,19136,1799.8,1292.0,10256,0x2CE48BD1
102,0,10538,10.538,0,0,OK,4620.2,4619.2,4619.2,4619.2,4619.2,4619.2,4619.2,4619.2,4619.2,0.00,4619.2,4619.2,4619.2,232.76,1031.6,791.2,1031.6,2171.2,4111.6,2406.6,2407.6,4111.6,2406.6,769.2,512.8,262.4,7912,2059.2,5328,16532,1559.4,1292.0,20732,0x11807BFE
103,0,10640,10.640,0,0,OK,4628.2,4619.2,4619.2,4619.2,4619.2,4619.2,4619.2,4619.2,4619.2,0.00,4619.2,4619.2,4619.2,231.76,791.2,791.2,791.2,4105.6,4110.6,4110.6,4110.6,4110.6,4110.6,517.8,512.8,262.4,5308,1808.8,2724,21540,2050.2,1292.0,23236,0xD01BB388
104,0,10741,10.741,0,0,OK,4626.2,4619.2,4619.2,4619.2,4619.2,4619.2,4619.2,4619.2,4619.2,0.00,4619.2,4619.2,4619.2,0.80,791.2,1031.6,1031.6,4105.6,2406.6,2407.6,4111.6,2406.6,2407.6,528.8,522.8,522.8,7712,1808.8,5128,13928,2060.2,1041.6,40,0xF7B11958
105,0,10843,10.843,0,0,OK,4624.2,4619.2,4619.2,4619.2,4619.2,4619.2,4619.2,4619.2,4619.2,0.00,4619.2,4619.2,4619.2,231.76,1031.6,1031.6,1031.6,2171.2,2407.6,2407.6,2407.6,2407.6,2407.6,518.8,262.4,522.8,10316,1798.8,5228,13828,1559.4,791.2,2644,0x415D2CD4
106,0,10945,10.945,0,0,OK,4628.2,4619.2,4619.2,4619.2,4619.2,4619.2,4619.2,4619.2,4619.2,0.00,4619.2,4619.2,4619.2,231.76,1031.6,791.2,791.2,2171.2,4111.6,4110.6,2406.6,4111.6,4110.6,277.4,532.8,532.8,5308,1798.8,5128,14028,1799.8,1292.0,140,0x5C44CCC8
107,0,11046,11.046,0,0,OK,4624.2,4619.2,4619.2,4619.2,4619.2,4619.2,4619.2,4619.2,4619.2,0.00,4619.2,4619.2,4619.2,231.76,791.2,1031.6,791.2,4105.6,2406.6,4111.6,4110.6,2406.6,4111.6,277.4,532.8,512.8,7912,2049.2,2724,19136,1559.4,1031.6,23236,0xDAA5B1D2
108,0,11148,11.148,0,0,OK,4623.2,4619.2,4619.2,4619.2,4619.2,4619.2,4619.2,4619.2,4619.2,0.00,4619.2,4619.2,4619.2,231.76,1031.6,791.2,791.2,2171.2,4111.6,4110.6,2406.6,4111.6,4110.6,277.4,512.8,512.8,7712,1798.8,5328,19036,1559.4,1282.0,12820,0x01BFCC1A
109,0,11249,11.249,0,0,OK,4621.2,4619.2,4619.2,4619.2,4619.2,4619.2,4619.2,4619.2,4619.2,0.00,4619.2,4619.2,4619.2,232.76,791.2,1031.6,791.2,4105.6,2406.6,4111.6,4110.6,2406.6,4111.6,277.4,532.8,512.8,7812,1808.8,5228,14028,1799.8,1041.6,20532,0x58387D42
110,0,11351,11.351,0,0,OK,4624.2,4619.2,4619.2,4619.2,4619.2,4619.2,4619.2,4619.2,4619.2,0.00,4619.2,4619.2,4619.2,232.76,791.2,791.2,791.2,4105.6,4110.6,4110.6,4110.6,4110.6,4110.6,517.8,512.8,272.4,7912,2049.2,5228,13928,1799.8,1041.6,12820,0xB9ADF93F
111,0,11453,11.453,0,0,OK,4620.2,4619.2,4619.2,4619.2,4619.2,4619.2,4619.2,4619.2,4619.2,0.00,4619.2,4619.2,4619.2,0.80,791.2,791.2,791.2,4105.6,4110.6,4110.6,4110.6,4110.6,4110.6,527.8,522.8,522.8,7912,1798.8,5228,14028,2060.2,1282.0,12820,0x0A11BA56
112,0,11554,11.554,0,0,OK,4625.2,4619.2,4619.2,4619.2,4619.2,4619.2,4619.2,4619.2,4619.2,0.00,4619.2,4619.2,4619.2,0.80,1031.6,791.2,791.2,2171.2,4111.6,4110.6,2406.6,4111.6,4110.6,517.8,262.4,532.8,7912,1558.4,2724,21540,2050.2,1282.0,240,0xEEB1357F
113,0,11656,11.656,0,0,OK,4624.2,4619.2,4619.2,4619.2,4619.2,4619.2,4619.2,4619.2,4619.2,0.00,4619.2,4619.2,4619.2,0.80,1031.6,791.2,1031.6,2171.2,4111.6,2406.6,2407.6,4111.6,2406.6,268.4,512.8,522.8,7812,2059.2,2724,13828,1799.8,1282.0,20632,0xD43C8A6D
114,0,11757,11.757,0,0,OK,4624.2,4619.2,4619.2,4619.2,4619.2,4619.2,4619.2,4619.2,4619.2,0.00,4619.2,4619.2,4619.2,231.76,1031.6,1031.6,791.2,2171.2,2407.6,4111.6,2406.6,2407.6,4111.6,517.8,512.8,272.4,7812,1798.8,2724,14028,2050.2,1041.6,140,0x81197A6F
115,0,11859,11.859,0,0,OK,4625.2,4619.2,4619.2,4619.2,4619.2,4619.2,4619.2,4619.2,4619.2,0.00,4619.2,4619.2,4619.2,0.80,1031.6,791.2,1031.6,2171.2,4111.6,2406.6,2407.6,4111.6,2406.6,268.4,512.8,522.8,5308,2059.2,5128,13828,1809.8,1031.6,10416,0x928BC060
116,0,11961,11.961,0,0,OK,4620.2,4619.2,4619.2,4619.2,4619.2,4619.2,4619.2,4619.2,4619.2,0.00,4619.2,4619.2,4619.2,231.76,1031.6,791.2,1031.6,2171.2,4111.6,2406.6,2407.6,4111.6,2406.6,268.4,272.4,272.4,7812,1808.8,5228,13928,1799.8,1031.6,2744,0xE2D53182
117,0,12062,12.062,0,0,OK,4621.2,4619.2,4619.2,4619.2,4619.2,4619.2,4619.2,4619.2,4619.2,0.00,4619.2,4619.2,4619.2,231.76,1031.6,791.2,1031.6,2171.2,4111.6,2406.6,2407.6,4111.6,2406.6,769.2,272.4,512.8,10316,1558.4,5328,14028,1559.4,1041.6,7852,0x932F1AAF
118,0,12164,12.164,0,0,OK,4622.2,4619.2,4619.2,4619.2,4619.2,4619.2,4619.2,4619.2,4619.2,0.00,4619.2,4619.2,4619.2,0.80,1031.6,791.2,791.2,2171.2,4111.6,4110.6,2406.6,4111.6,4110.6,267.4,272.4,262.4,7812,2049.2,5128,21540,2050.2,1041.6,5148,0xD572F655
119,0,12265,12.265,0,0,OK,4623.2,4619.2,4619.2,4619.2,4619.2,4619.2,4619.2,4619.2,4619.2,0.00,4619.2,4619.2,4619.2,231.76,1031.6,1031.6,1031.6,2171.2,2407.6,2407.6,2407.6,2407.6,2407.6,528.8,262.4,262.4,10316,2059.2,5328,16432,2060.2,1041.6,2644,0x943818AC
120,0,12367,12.367,0,0,OK,4623.2,4619.2,4619.2,4619.2,4619.2,4619.2,4619.2,4619.2,4619.2,0.00,4619.2,4619.2,4619.2,232.76,791.2,791.2,1031.6,4105.6,4110.6,2406.6,4111.6,4110.6,2406.6,518.8,532.8,532.8,10316,1808.8,5228,21540,2060.2,1041.6,15424,0x752F2C81
121,0,12469,12.469,0,0,OK,4626.2,4619.2,4619.2,4619.2,4619.2,4619.2,4619.2,4619.2,4619.2,0.00,4619.2,4619.2,4619.2,0.80,791.2,791.2,1031.6,4105.6,4110.6,2406.6,4111.6,4110.6,2406.6,518.8,262.4,272.4,5308,1808.8,5328,14028,2060.2,1292.0,5348,0x691B2907
122,0,12570,12.570,0,0,OK,4626.2,4619.2,4619.2,4619.2,4619.2,4619.2,4619.2,4619.2,4619.2,0.00,4619.2,4619.2,4619.2,231.76,1031.6,1031.6,1031.6,2171.2,2407.6,2407.6,2407.6,2407.6,2407.6,769.2,262.4,512.8,7812,2059.2,5228,11424,2060.2,1041.6,10256,0x04341218
123,0,12672,12.672,0,0,OK,4628.2,4619.2,4619.2,4619.2,4619.2,4619.2,4619.2,4619.2,4619.2,0.00,4619.2,4619.2,4619.2,232.76,1031.6,1031.6,791.2,2171.2,2407.6,4111.6,2406.6,2407.6,4111.6,277.4,532.8,262.4,7712,1798.8,5328,16532,1799.8,1041.6,20632,0x61C1E925
124,0,12773,12.773,0,0,OK,4619.2,4619.2,4619.2,4619.2,4619.2,4619.2,4619.2,4619.2,4619.2,0.00,4619.2,4619.2,4619.2,232.76,1031.6,1031.6,791.2,2171.2,2407.6,4111.6,2406.6,2407.6,4111.6,517.8,262.4,262.4,5308,1808.8,5328,13828,1799.8,1292.0,13020,0x15109ECB
125,0,12875,12.875,0,0,OK,4620.2,4619.2,4619.2,4619.2,4619.2,4619.2,4619.2,4619.2,4619.2,0.00,4619.2,4619.2,4619.2,231.76,791.2,1031.6,1031.6,4105.6,2406.6,2407.6,4111.6,2406.6,2407.6,278.4,522.8,512.8,10316,1808.8,5328,19036,1559.4,1292.0,2644,0xD91E0EA3
126,0,12976,12.976,0,0,OK,4619.2,4619.2,4619.2,4619.2,4619.2,4619.2,4619.2,4619.2,4619.2,0.00,4619.2,4619.2,4619.2,231.76,791.2,791.2,791.2,4105.6,4110.6,4110.6,4110.6,4110.6,4110.6,517.8,262.4,262.4,7812,2059.2,2724,16532,1799.8,1041.6,40,0x3B0B425A
127,0,13078,13.078,0,0,OK,4624.2,4619.2,4619.2,4619.2,4619.2,4619.2,4619.2,4619.2,4619.2,0.00,4619.2,4619.2,4619.2,231.76,1031.6,791.2,791.2,2171.2,4111.6,4110.6,2406.6,4111.6,4110.6,517.8,522.8,532.8,7912,1798.8,5328,13828,2050.2,1031.6,5248,0xDF7D6165
128,0,13180,13.180,0,0,OK,4624.2,4619.2,4619.2,4619.2,4619.2,4619.2,4619.2,4619.2,4619.2,0.00,4619.2,4619.2,4619.2,232.76,1031.6,1031.6,1031.6,2171.2,2407.6,2407.6,2407.6,2407.6,2407.6,518.8,262.4,512.8,7712,2059.2,5128,21540,1559.4,791.2,7912,0x144C2D90
129,0,13281,13.281,0,0,OK,4623.2,4619.2,4619.2,4619.2,4619.2,4619.2,4619.2,4619.2,4619.2,0.00,4619.2,4619.2,4619.2,231.76,1031.6,1031.6,791.2,2171.2,2407.6,4111.6,2406.6,2407.6,4111.6,517.8,512.8,272.4,5308,1808.8,2724,16532,2050.2,791.2,12860,0x1AA83008
130,0,13383,13.383,0,0,OK,4620.2,4619.2,4619.2,4619.2,4619.2,4619.2,4619.2,4619.2,4619.2,0.00,4619.2,4619.2,4619.2,232.76,1031.6,791.2,1031.6,2171.2,4111.6,2406.6,2407.6,4111.6,2406.6,528.8,522.8,272.4,7912,2059.2,5228,13828,1799.8,1041.6,12820,0x9CD5A048
131,0,13484,13.484,0,0,OK,4622.2,4619.2,4619.2,4619.2,4619.2,4619.2,4619.2,4619.2,4619.2,0.00,4619.2,4619.2,4619.2,231.76,791.2,791.2,791.2,4105.6,4110.6,4110.6,4110.6,4110.6,4110.6,517.8,272.4,512.8,5308,1808.8,5328,13828,1559.4,1031.6,5148,0x5A831496
132,0,13586,13.586,0,0,OK,4619.2,4619.2,4619.2,4619.2,4619.2,4619.2,4619.2,4619.2,4619.2,0.00,4619.2,4619.2,4619.2,0.80,791.2,1031.6,791.2,4105.6,2406.6,4111.6,4110.6,2406.6,4111.6,517.8,262.4,522.8,5308,2059.2,5128,21540,2060.2,791.2,5248,0x962053D4
133,0,13688,13.688,0,0,OK,4624.2,4619.2,4619.2,4619.2,4619.2,4619.2,4619.2,4619.2,4619.2,0.00,4619.2,4619.2,4619.2,0.80,1031.6,1031.6,791.2,2171.2,2407.6,4111.6,2406.6,2407.6,4111.6,768.2,522.8,512.8,7912,1798.8,5228,16432,2060.2,1282.0,40,0x8217762C
134,0,13789,13.789,0,0,OK,4619.2,4619.2,4619.2,4619.2,4619.2,4619.2,4619.2,4619.2,4619.2,0.00,4619.2,4619.2,4619.2,0.80,1031.6,791.2,791.2,2171.2,4111.6,4110.6,2406.6,4111.6,4110.6,267.4,512.8,532.8,5308,1558.4,5128,16532,1799.8,1031.6,15424,0x6160FF50
135,0,13891,13.891,0,0,OK,4625.2,4619.2,4619.2,4619.2,4619.2,4619.2,4619.2,4619.2,4619.2,0.00,4619.2,4619.2,4619.2,0.80,791.2,791.2,1031.6,4105.6,4110.6,2406.6,4111.6,4110.6,2406.6,769.2,522.8,522.8,7712,1798.8,5128,16532,2050.2,1041.6,15424,0x283E4D44
136,0,13992,13.992,0,0,OK,4625.2,4619.2,4619.2,4619.2,4619.2,4619.2,4619.2,4619.2,4619.2,0.00,4619.2,4619.2,4619.2,232.76,791.2,791.2,791.2,4105.6,4110.6,4110.6,4110.6,4110.6,4110.6,267.4,532.8,262.4,5308,1808.8,2724,13828,1799.8,1292.0,2644,0x8CA4B6E7
137,0,14094,14.094,0,0,OK,4628.2,4619.2,4619.2,4619.2,4619.2,4619.2,4619.2,4619.2,4619.2,0.00,4619.2,4619.2,4619.2,231.76,791.2,791.2,791.2,4105.6,4110.6,4110.6,4110.6,4110.6,4110.6,527.8,272.4,262.4,7912,2059.2,5328,14028,1809.8,1031.6,15524,0x5B1469C5
138,0,14195,14.195,0,0,OK,4627.2,4619.2,4619.2,4619.2,4619.2,4619.2,4619.2,4619.2,4619.2,0.00,4619.2,4619.2,4619.2,231.76,1031.6,1031.6,1031.6,2171.2,2407.6,2407.6,2407.6,2407.6,2407.6,268.4,512.8,272.4,5308,1808.8,2724,16532,1799.8,1041.6,10456,0x6C771675
139,0,14297,14.297,0,0,OK,4621.2,4619.2,4619.2,4619.2,4619.2,4619.2,4619.2,4619.2,4619.2,0.00,4619.2,4619.2,4619.2,232.76,791.2,1031.6,1031.6,4105.6,2406.6,2407.6,4111.6,2406.6,2407.6,769.2,512.8,262.4,7812,1808.8,5328,19136,2050.2,1292.0,13020,0xEEAA8182
140,0,14398,14.398,0,0,OK,4625.2,4619.2,4619.2,4619.2,4619.2,4619.2,4619.2,4619.2,4619.2,0.00,4619.2,4619.2,4619.2,232.76,791.2,1031.6,791.2,4105.6,2406.6,4111.6,4110.6,2406.6,4111.6,277.4,522.8,532.8,7712,1798.8,5128,11424,2050.2,791.2,10256,0xDF899CA0
141,0,14500,14.500,0,0,OK,4627.2,4619.2,4619.2,4619.2,4619.2,4619.2,4619.2,4619.2,4619.2,0.00,4619.2,4619.2,4619.2,232.76,791.2,791.2,1031.6,4105.6,4110.6,2406.6,4111.6,4110.6,2406.6,518.8,272.4,262.4,10316,2049.2,5228,14028,2060.2,791.2,18128,0xC6D0A500
142,0,14602,14.602,0,0,OK,4623.2,4619.2,4619.2,4619.2,4619.2,4619.2,4619.2,4619.2,4619.2,0.00,4619.2,4619.2,4619.2,231.76,1031.6,1031.6,791.2,2171.2,2407.6,4111.6,2406.6,2407.6,4111.6,768.2,512.8,512.8,10316,2049.2,5328,19036,2050.2,1282.0,7852,0xA42C02A8
143,0,14703,14.703,0,0,OK,4619.2,4619.2,4619.2,4619.2,4619.2,4619.2,4619.2,4619.2,4619.2,0.00,4619.2,4619.2,4619.2,232.76,1031.6,1031.6,1031.6,2171.2,2407.6,2407.6,2407.6,2407.6,2407.6,528.8,532.8,512.8,7912,1808.8,5128,13928,1559.4,1292.0,18028,0x3799C0E2
144,0,14805,14.805,0,0,OK,4626.2,4619.2,4619.2,4619.2,4619.2,4619.2,4619.2,4619.2,4619.2,0.00,4619.2,4619.2,4619.2,232.76,1031.6,1031.6,1031.6,2171.2,2407.6,2407.6,2407.6,2407.6,2407.6,769.2,522.8,512.8,7812,2049.2,2724,14028,2050.2,1282.0,240,0x393BA2A5
145,0,14906,14.906,0,0,OK,4621.2,4619.2,4619.2,4619.2,4619.2,4619.2,4619.2,4619.2,4619.2,0.00,4619.2,4619.2,4619.2,232.76,791.2,1031.6,1031.6,4105.6,2406.6,2407.6,4111.6,2406.6,2407.6,528.8,512.8,522.8,7712,2049.2,2724,16432,1799.8,1292.0,20532,0x2586B1E4
146,0,15008,15.008,0,0,OK,4628.2,4619.2,4619.2,4619.2,4619.2,4619.2,4619.2,4619.2,4619.2,0.00,4619.2,4619.2,4619.2,231.76,1031.6,1031.6,1031.6,2171.2,2407.6,2407.6,2407.6,2407.6,2407.6,528.8,272.4,532.8,7912,1808.8,5128,19136,2060.2,791.2,5148,0xC9EF990B
147,0,15109,15.109,0,0,OK,4627.2,4619.2,4619.2,4619.2,4619.2,4619.2,4619.2,4619.2,4619.2,0.00,4619.2,4619.2,4619.2,232.76,791.2,791.2,1031.6,4105.6,4110.6,2406.6,4111.6,4110.6,2406.6,769.2,272.4,262.4,7712,2059.2,5228,19036,2050.2,1031.6,12860,0x0F20F769
148,0,15211,15.211,0,0,OK,4620.2,4619.2,4619.2,4619.2,4619.2,4619.2,4619.2,4619.2,4619.2,0.00,4619.2,4619.2,4619.2,232.76,1031.6,791.2,1031.6,2171.2,4111.6,2406.6,2407.6,4111.6,2406.6,769.2,272.4,532.8,7712,2049.2,5328,14028,1809.8,1282.0,15524,0x766B6EAC
149,0,15312,15.312,0,0,OK,4622.2,4619.2,4619.2,4619.2,4619.2,4619.2,4619.2,4619.2,4619.2,0.00,4619.2,4619.2,4619.2,231.76,1031.6,791.2,1031.6,2171.2,4111.6,2406.6,2407.6,4111.6,2406.6,268.4,512.8,272.4,7812,1798.8,5328,13828,2060.2,1041.6,12920,0xE583C6E3
150,0,15414,15.414,0,0,OK,4626.2,4619.2,4619.2,4619.2,4619.2,4619.2,4619.2,4619.2,4619.2,0.00,4619.2,4619.2,4619.2,231.76,1031.6,791.2,791.2,2171.2,4111.6,4110.6,2406.6,4111.6,4110.6,517.8,272.4,272.4,7812,1558.4,5228,13828,1809.8,1031.6,20732,0x5B1B4486
151,0,15515,15.515,0,0,OK,4624.2,4619.2,4619.2,4619.2,4619.2,4619.2,4619.2,4619.2,4619.2,0.00,4619.2,4619.2,4619.2,0.80,1031.6,1031.6,791.2,2171.2,2407.6,4111.6,2406.6,2407.6,4111.6,277.4,522.8,262.4,5308,2049.2,2724,21540,1799.8,1041.6,18028,0xC4E45258
152,0,15617,15.617,0,0,OK,4621.2,4619.2,4619.2,4619.2,4619.2,4619.2,4619.2,4619.2,4619.2,0.00,4619.2,4619.2,4619.2,231.76,791.2,791.2,1031.6,4105.6,4110.6,2406.6,4111.6,4110.6,2406.6,518.8,522.8,262.4,7812,2049.2,2724,11424,1559.4,1292.0,15524,0x0EB87B50
153,0,15719,15.719,0,0,OK,4628.2,4619.2,4619.2,4619.2,4619.2,4619.2,4619.2,4619.2,4619.2,0.00,4619.2,4619.2,4619.2,232.76,1031.6,1031.6,791.2,2171.2,2407.6,4111.6,2406.6,2407.6,4111.6,768.2,512.8,262.4,5308,2049.2,5228,13928,2050.2,1282.0,2644,0x40181F3A
154,0,15820,15.820,0,0,OK,4619.2,4619.2,4619.2,4619.2,4619.2,4619.2,4619.2,4619.2,4619.2,0.00,4619.2,4619.2,4619.2,0.80,791.2,1031.6,1031.6,4105.6,2406.6,2407.6,4111.6,2406.6,2407.6,769.2,262.4,262.4,7712,2059.2,2724,11424,1799.8,1031.6,240,0x0D13C050
155,0,15922,15.922,0,0,OK,4627.2,4619.2,4619.2,4619.2,4619.2,4619.2,4619.2,4619.2,4619.2,0.00,4619.2,4619.2,4619.2,232.76,791.2,1031.6,1031.6,4105.6,2406.6,2407.6,4111.6,2406.6,2407.6,278.4,522.8,532.8,10316,1808.8,2624,13928,1559.4,1041.6,23236,0xB1D065FB
156,0,16023,16.023,0,0,OK,4621.2,4619.2,4619.2,4619.2,4619.2,4619.2,4619.2,4619.2,4619.2,0.00,4619.2,4619.2,4619.2,231.76,1031.6,791.2,1031.6,2171.2,4111.6,2406.6,2407.6,4111.6,2406.6,518.8,512.8,532.8,7912,1558.4,5328,16432,2060.2,1041.6,240,0x62F1E603
157,0,16125,16.125,0,0,OK,4620.2,4619.2,4619.2,4619.2,4619.2,4619.2,4619.2,4619.2,4619.2,0.00,4619.2,4619.2,4619.2,231.76,791.2,791.2,791.2,4105.6,4110.6,4110.6,4110.6,4110.6,4110.6,527.8,262.4,512.8,7812,1558.4,5128,13928,1809.8,791.2,23136,0x7880640F
158,0,16227,16.227,0,0,OK,4620.2,4619.2,4619.2,4619.2,4619.2,4619.2,4619.2,4619.2,4619.2,0.00,4619.2,4619.2,4619.2,231.76,1031.6,1031.6,791.2,2171.2,2407.6,4111.6,2406.6,2407.6,4111.6,267.4,262.4,272.4,10316,1558.4,2624,21540,2050.2,1282.0,2644,0x86D2775E
159,0,16328,16.328,0,0,OK,4620.2,4619.2,4619.2,4619.2,4619.2,4619.2,4619.2,4619.2,4619.2,0.00,4619.2,4619.2,4619.2,231.76,791.2,791.2,1031.6,4105.6,4110.6,2406.6,4111.6,4110.6,2406.6,268.4,522.8,522.8,7712,1798.8,5228,13828,1559.4,1282.0,2644,0x9620BAEF
160,0,16430,16.430,0,0,OK,4628.2,4619.2,4619.2,4619.2,4619.2,4619.2,4619.2,4619.2,4619.2,0.00,4619.2,4619.2,4619.2,0.80,1031.6,791.2,791.2,2171.2,4111.6,4110.6,2406.6,4111.6,4110.6,267.4,262.4,522.8,7912,2049.2,2724,16632,2060.2,1031.6,13020,0xA63F0712
161,0,16532,16.532,0,0,OK,4622.2,4619.2,4619.2,4619.2,4619.2,4619.2,4619.2,4619.2,4619.2,0.00,4619.2,4619.2,4619.2,231.76,1031.6,1031.6,791.2,2171.2,2407.6,4111.6,2406.6,2407.6,4111.6,768.2,262.4,262.4,7912,2049.2,5128,19136,2050.2,1041.6,10456,0x12DEBA9A
162,0,16633,16.633,0,0,OK,4619.2,4619.2,4619.2,4619.2,4619.2,4619.2,4619.2,4619.2,4619.2,0.00,4619.2,4619.2,4619.2,0.80,791.2,791.2,791.2,4105.6,4110.6,4110.6,4110.6,4110.6,4110.6,527.8,262.4,262.4,5308,1808.8,2624,13828,1799.8,1292.0,20632,0x51ACFFEA
163,0,16735,16.735,0,0,OK,4627.2,4619.2,4619.2,4619.2,4619.2,4619.2,4619.2,4619.2,4619.2,0.00,4619.2,4619.2,4619.2,232.76,1031.6,1031.6,1031.6,2171.2,2407.6,2407.6,2407.6,2407.6,2407.6,278.4,532.8,532.8,5308,1558.4,5128,11424,1809.8,1292.0,20632,0xE2CED12B
164,0,16836,16.836,0,0,OK,4620.2,4619.2,4619.2,4619.2,4619.2,4619.2,4619.2,4619.2,4619.2,0.00,4619.2,4619.2,4619.2,231.76,791.2,1031.6,791.2,4105.6,2406.6,4111.6,4110.6,2406.6,4111.6,267.4,272.4,272.4,5308,1798.8,5128,19136,1809.8,1282.0,7752,0xD7168D9E
165,0,16938,16.938,0,0,OK,4622.2,4619.2,4619.2,4619.2,4619.2,4619.2,4619.2,4619.2,4619.2,0.00,4619.2,4619.2,4619.2,231.76,791.2,1031.6,791.2,4105.6,2406.6,4111.6,4110.6,2406.6,4111.6,277.4,512.8,532.8,7812,1808.8,5128,16432,2050.2,791.2,7852,0x5278A039
166,0,17039,17.039,0,0,OK,4622.2,4619.2,4619.2,4619.2,4619.2,4619.2,4619.2,4619.2,4619.2,0.00,4619.2,4619.2,4619.2,232.76,791.2,1031.6,791.2,4105.6,2406.6,4111.6,4110.6,2406.6,4111.6,527.8,522.8,532.8,7712,1558.4,5328,16432,1809.8,1292.0,18028,0x68A8D8D8
167,0,17141,17.141,0,0,OK,4626.2,4619.2,4619.2,4619.2,4619.2,4619.2,4619.2,4619.2,4619.2,0.00,4619.2,4619.2,4619.2,231.76,791.2,791.2,1031.6,4105.6,4110.6,2406.6,4111.6,4110.6,2406.6,268.4,532.8,532.8,5308,1558.4,5328,14028,2050.2,1282.0,15424,0x7E77C33D
168,0,17243,17.243,0,0,OK,4628.2,4619.2,4619.2,4619.2,4619.2,4619.2,4619.2,4619.2,4619.2,0.00,4619.2,4619.2,4619.2,231.76,1031.6,791.2,1031.6,2171.2,4111.6,2406.6,2407.6,4111.6,2406.6,278.4,262.4,512.8,7712,2049.2,2724,16532,1809.8,1292.0,5148,0x4D4FC7F5
169,0,17344,17.344,0,0,OK,4624.2,4619.2,4619.2,4619.2,4619.2,4619.2,4619.2,4619.2,4619.2,0.00,4619.2,4619.2,4619.2,0.80,791.2,1031.6,1031.6,4105.6,2406.6,2407.6,4111.6,2406.6,2407.6,268.4,512.8,512.8,7912,1798.8,2724,13928,1559.4,1292.0,40,0xB0526B2F
170,0,17446,17.446,0,0,OK,4627.2,4619.2,4619.2,4619.2,4619.2,4619.2,4619.2,4619.2,4619.2,0.00,4619.2,4619.2,4619.2,0.80,1031.6,1031.6,1031.6,2171.2,2407.6,2407.6,2407.6,2407.6,2407.6,518.8,272.4,262.4,7712,2049.2,2724,13828,1809.8,1282.0,10256,0x061D7093
171,0,17548,17.548,0,0,OK,4619.2,4619.2,4619.2,4619.2,4619.2,4619.2,4619.2,4619.2,4619.2,0.00,4619.2,4619.2,4619.2,231.76,791.2,791.2,1031.6,4105.6,4110.6,2406.6,4111.6,4110.6,2406.6,278.4,532.8,262.4,7812,2049.2,5228,13928,2060.2,1282.0,7852,0x809F51B0
172,0,17649,17.649,0,0,OK,4626.2,4619.2,4619.2,4619.2,4619.2,4619.2,4619.2,4619.2,4619.2,0.00,4619.2,4619.2,4619.2,0.80,1031.6,1031.6,791.2,2171.2,2407.6,4111.6,2406.6,2407.6,4111.6,517.8,532.8,532.8,7912,1808.8,2724,21540,1559.4,791.2,5148,0x336E543E
173,0,17751,17.751,0,0,OK,4625.2,4619.2,4619.2,4619.2,4619.2,4619.2,4619.2,4619.2,4619.2,0.00,4619.2,4619.2,4619.2,231.76,1031.6,1031.6,791.2,2171.2,2407.6,4111.6,2406.6,2407.6,4111.6,517.8,272.4,532.8,7812,1808.8,2624,13928,1799.8,1292.0,7852,0x480BD581
174,0,17853,17.853,0,0,OK,4623.2,4619.2,4619.2,4619.2,4619.2,4619.2,4619.2,4619.2,4619.2,0.00,4619.2,4619.2,4619.2,231.76,1031.6,1031.6,791.2,2171.2,2407.6,4111.6,2406.6,2407.6,4111.6,527.8,262.4,522.8,7712,1798.8,5128,19036,1799.8,1292.0,7912,0x4027B776
175,0,17954,17.954,0,0,OK,4619.2,4619.2,4619.2,4619.2,4619.2,4619.2,4619.2,4619.2,4619.2,0.00,4619.2,4619.2,4619.2,231.76,791.2,1031.6,791.2,4105.6,2406.6,4111.6,4110.6,2406.6,4111.6,277.4,512.8,522.8,7812,1558.4,2624,14028,2060.2,1031.6,2744,0x1B0B090D
176,0,18056,18.056,0,0,OK,4624.2,4619.2,4619.2,4619.2,4619.2,4619.2,4619.2,4619.2,4619.2,0.00,4619.2,4619.2,4619.2,231.76,791.2,1031.6,791.2,4105.6,2406.6,4111.6,4110.6,2406.6,4111.6,267.4,522.8,532.8,10316,1808.8,5328,21540,1559.4,1041.6,7912,0x21FA17DD
177,0,18157,18.157,0,0,OK,4623.2,4619.2,4619.2,4619.2,4619.2,4619.2,4619.2,4619.2,4619.2,0.00,4619.2,4619.2,4619.2,232.76,791.2,1031.6,791.2,4105.6,2406.6,4111.6,4110.6,2406.6,4111.6,527.8,532.8,522.8,7912,1798.8,5128,13828,1559.4,1031.6,13020,0x535D20F6
178,0,18259,18.259,0,0,OK,4620.2,4619.2,4619.2,4619.2,4619.2,4619.2,4619.2,4619.2,4619.2,0.00,4619.2,4619.2,4619.2,232.76,791.2,791.2,1031.6,4105.6,4110.6,2406.6,4111.6,4110.6,2406.6,528.8,532.8,272.4,10316,1558.4,5328,13828,2050.2,791.2,18128,0x1E78C9E5
179,0,18361,18.361,0,0,OK,4619.2,4619.2,4619.2,4619.2,4619.2,4619.2,4619.2,4619.2,4619.2,0.00,4619.2,4619.2,4619.2,231.76,791.2,1031.6,791.2,4105.6,2406.6,4111.6,4110.6,2406.6,4111.6,277.4,522.8,512.8,7912,2059.2,5228,16432,1799.8,1292.0,23236,0x6A6CD8D2
180,0,18462,18.462,0,0,OK,4623.2,4619.2,4619.2,4619.2,4619.2,4619.2,4619.2,4619.2,4619.2,0.00,4619.2,4619.2,4619.2,231.76,791.2,1031.6,791.2,4105.6,2406.6,4111.6,4110.6,2406.6,4111.6,768.2,512.8,532.8,7912,1798.8,2624,11424,1799.8,1041.6,5148,0x36B41729
181,0,18564,18.564,0,0,OK,4627.2,4619.2,4619.2,4619.2,4619.2,4619.2,4619.2,4619.2,4619.2,0.00,4619.2,4619.2,4619.2,231.76,791.2,1031.6,791.2,4105.6,2406.6,4111.6,4110.6,2406.6,4111.6,768.2,272.4,522.8,7812,2049.2,5328,14028,1559.4,1292.0,7752,0xB5D01719
182,0,18666,18.666,0,0,OK,4626.2,4619.2,4619.2,4619.2,4619.2,4619.2,4619.2,4619.2,4619.2,0.00,4619.2,4619.2,4619.2,231.76,791.2,791.2,791.2,4105.6,4110.6,4110.6,4110.6,4110.6,4110.6,517.8,522.8,522.8,7812,1558.4,2724,16532,2050.2,1031.6,7852,0x8702BC85
183,0,18767,18.767,0,0,OK,4626.2,4619.2,4619.2,4619.2,4619.2,4619.2,4619.2,4619.2,4619.2,0.00,4619.2,4619.2,4619.2,231.76,1031.6,1031.6,791.2,2171.2,2407.6,4111.6,2406.6,2407.6,4111.6,527.8,512.8,512.8,10316,1798.8,5228,14028,2060.2,1292.0,240,0x45F2CFD4
184,0,18869,18.869,0,0,OK,4623.2,4619.2,4619.2,4619.2,4619.2,4619.2,4619.2,4619.2,4619.2,0.00,4619.2,4619.2,4619.2,231.76,791.2,791.2,1031.6,4105.6,4110.6,2406.6,4111.6,4110.6,2406.6,278.4,272.4,532.8,7812,1808.8,5228,16432,2050.2,791.2,12860,0xD63140B6
185,0,18971,18.971,0,0,OK,4628.2,4619.2,4619.2,4619.2,4619.2,4619.2,4619.2,4619.2,4619.2,0.00,4619.2,4619.2,4619.2,232.76,791.2,1031.6,791.2,4105.6,2406.6,4111.6,4110.6,2406.6,4111.6,267.4,522.8,522.8,7712,1798.8,2624,19136,1799.8,1041.6,7852,0xB45B4E5E
186,0,19072,19.072,0,0,OK,4623.2,4619.2,4619.2,4619.2,4619.2,4619.2,4619.2,4619.2,4619.2,0.00,4619.2,4619.2,4619.2,0.80,791.2,1031.6,791.2,4105.6,2406.6,4111.6,4110.6,2406.6,4111.6,527.8,532.8,272.4,7812,2049.2,5328,13928,1559.4,1041.6,10256,0x6F34D561
187,0,19174,19.174,0,0,OK,4624.2,4619.2,4619.2,4619.2,4619.2,4619.2,4619.2,4619.2,4619.2,0.00,4619.2,4619.2,4619.2,0.80,1031.6,791.2,791.2,2171.2,4111.6,4110.6,2406.6,4111.6,4110.6,768.2,262.4,532.8,5308,1808.8,2724,14028,1809.8,1041.6,5248,0x50E937CB
188,0,19276,19.276,0,0,OK,4625.2,4619.2,4619.2,4619.2,4619.2,4619.2,4619.2,4619.2,4619.2,0.00,4619.2,4619.2,4619.2,0.80,1031.6,791.2,1031.6,2171.2,4111.6,2406.6,2407.6,4111.6,2406.6,518.8,262.4,532.8,7812,2049.2,5328,13928,2060.2,1041.6,15424,0x1BE4EC84
189,0,19377,19.377,0,0,OK,4620.2,4619.2,4619.2,4619.2,4619.2,4619.2,4619.2,4619.2,4619.2,0.00,4619.2,4619.2,4619.2,231.76,1031.6,791.2,1031.6,2171.2,4111.6,2406.6,2407.6,4111.6,2406.6,268.4,262.4,532.8,5308,1558.4,5328,16432,1799.8,791.2,40,0x6463558D
190,0,19479,19.479,0,0,OK,4627.2,4619.2,4619.2,4619.2,4619.2,4619.2,4619.2,4619.2,4619.2,0.00,4619.2,4619.2,4619.2,0.80,1031.6,791.2,1031.6,2171.2,4111.6,2406.6,2407.6,4111.6,2406.6,268.4,522.8,532.8,7712,1798.8,5128,16632,2060.2,1292.0,13020,0x276F4282
191,0,19581,19.581,0,0,OK,4624.2,4619.2,4619.2,4619.2,4619.2,4619.2,4619.2,4619.2,4619.2,0.00,4619.2,4619.2,4619.2,0.80,791.2,791.2,1031.6,4105.6,4110.6,2406.6,4111.6,4110.6,2406.6,528.8,512.8,532.8,7812,2059.2,2724,16432,2050.2,1282.0,13020,0xD7F78202
192,0,19682,19.682,0,0,OK,4624.2,4619.2,4619.2,4619.2,4619.2,4619.2,4619.2,4619.2,4619.2,0.00,4619.2,4619.2,4619.2,0.80,791.2,791.2,1031.6,4105.6,4110.6,2406.6,4111.6,4110.6,2406.6,278.4,512.8,262.4,7712,2049.2,5228,16632,1809.8,1041.6,5348,0x40F57222
193,0,19784,19.784,0,0,OK,4623.2,4619.2,4619.2,4619.2,4619.2,4619.2,4619.2,4619.2,4619.2,0.00,4619.2,4619.2,4619.2,232.76,1031.6,1031.6,1031.6,2171.2,2407.6,2407.6,2407.6,2407.6,2407.6,278.4,532.8,522.8,7912,1558.4,5328,19036,1809.8,1292.0,10316,0xF1FF77F2
194,0,19886,19.886,0,0,OK,4620.2,4619.2,4619.2,4619.2,4619.2,4619.2,4619.2,4619.2,4619.2,0.00,4619.2,4619.2,4619.2,231.76,1031.6,1031.6,791.2,2171.2,2407.6,4111.6,2406.6,2407.6,4111.6,267.4,262.4,272.4,10316,1808.8,5328,19136,1559.4,791.2,20732,0x17F7BA9B
195,0,19987,19.987,0,0,OK,4621.2,4619.2,4619.2,4619.2,4619.2,4619.2,4619.2,4619.2,4619.2,0.00,4619.2,4619.2,4619.2,0.80,1031.6,1031.6,1031.6,2171.2,2407.6,2407.6,2407.6,2407.6,2407.6,268.4,512.8,522.8,7912,2049.2,5328,11424,2050.2,1031.6,10456,0x81A7414D
196,0,20089,20.089,0,0,OK,4625.2,4619.2,4619.2,4619.2,4619.2,4619.2,4619.2,4619.2,4619.2,0.00,4619.2,4619.2,4619.2,0.80,1031.6,1031.6,791.2,2171.2,2407.6,4111.6,2406.6,2407.6,4111.6,517.8,512.8,272.4,7812,2059.2,2724,16632,1799.8,1031.6,15424,0xC0CE3A48
197,0,20190,20.190,0,0,OK,4624.2,4619.2,4619.2,4619.2,4619.2,4619.2,4619.2,4619.2,4619.2,0.00,4619.2,4619.2,4619.2,231.76,791.2,1031.6,791.2,4105.6,2406.6,4111.6,4110.6,2406.6,4111.6,267.4,522.8,272.4,7712,1808.8,2624,16432,2060.2,1041.6,40,0x3C90B3AB
198,0,20292,20.292,0,0,OK,4621.2,4619.2,4619.2,4619.2,4619.2,4619.2,4619.2,4619.2,4619.2,0.00,4619.2,4619.2,4619.2,0.80,1031.6,1031.6,791.2,2171.2,2407.6,4111.6,2406.6,2407.6,4111.6,517.8,532.8,532.8,5308,1808.8,5328,14028,1799.8,1292.0,5348,0xDCA12120
199,0,20394,20.394,0,0,OK,4628.2,4619.2,4619.2,4619.2,4619.2,4619.2,4619.2,4619.2,4619.2,0.00,4619.2,4619.2,4619.2,232.76,1031.6,1031.6,1031.6,2171.2,2407.6,2407.6,2407.6,2407.6,2407.6,518.8,272.4,262.4,7712,2059.2,5328,11424,1559.4,1031.6,20732,0xDF08B1E5
200,0,20495,20.495,0,0,OK,4625.2,4619.2,4619.2,4619.2,4619.2,4619.2,4619.2,4619.2,4619.2,0.00,4619.2,4619.2,4619.2,232.76,791.2,791.2,1031.6,4105.6,4110.6,2406.6,4111.6,4110.6,2406.6,518.8,512.8,272.4,10316,2049.2,5128,16532,1559.4,1041.6,15524,0x13013F0F
201,0,20597,20.597,0,0,OK,4624.2,4619.2,4619.2,4619.2,4619.2,4619.2,4619.2,4619.2,4619.2,0.00,4619.2,4619.2,4619.2,0.80,791.2,1031.6,791.2,4105.6,2406.6,4111.6,4110.6,2406.6,4111.6,277.4,522.8,522.8,7912,1558.4,2624,13828,1559.4,1282.0,7752,0xABE29843
202,0,20699,20.699,0,0,OK,4622.2,4619.2,4619.2,4619.2,4619.2,4619.2,4619.2,4619.2,4619.2,0.00,4619.2,4619.2,4619.2,231.76,791.2,1031.6,791.2,4105.6,2406.6,4111.6,4110.6,2406.6,4111.6,277.4,262.4,512.8,7912,1558.4,5228,19136,2050.2,1031.6,7912,0x37410263
203,0,20800,20.800,0,0,OK,4619.2,4619.2,4619.2,4619.2,4619.2,4619.2,4619.2,4619.2,4619.2,0.00,4619.2,4619.2,4619.2,232.76,791.2,791.2,1031.6,4105.6,4110.6,2406.6,4111.6,4110.6,2406.6,769.2,262.4,522.8,5308,2049.2,5328,13928,2050.2,1292.0,12920,0x4AD7E316
204,0,20902,20.902,0,0,OK,4626.2,4619.2,4619.2,4619.2,4619.2,4619.2,4619.2,4619.2,4619.2,0.00,4619.2,4619.2,4619.2,0.80,1031.6,791.2,1031.6,2171.2,4111.6,2406.6,2407.6,4111.6,2406.6,769.2,262.4,272.4,5308,2059.2,2624,13828,1809.8,1282.0,2744,0xEB24F98F
205,0,21004,21.004,0,0,OK,4619.2,4619.2,4619.2,4619.2,4619.2,4619.2,4619.2,4619.2,4619.2,0.00,4619.2,4619.2,4619.2,232.76,791.2,791.2,1031.6,4105.6,4110.6,2406.6,4111.6,4110.6,2406.6,528.8,272.4,272.4,10316,1808.8,2624,13828,1559.4,1031.6,240,0x62CD9D6F
206,0,21105,21.105,0,0,OK,4628.2,4619.2,4619.2,4619.2,4619.2,4619.2,4619.2,4619.2,4619.2,0.00,4619.2,4619.2,4619.2,231.76,1031.6,1031.6,791.2,2171.2,2407.6,4111.6,2406.6,2407.6,4111.6,527.8,262.4,522.8,5308,1558.4,5328,14028,2060.2,1282.0,23136,0x0202A6C9
207,0,21207,21.207,0,0,OK,4624.2,4619.2,4619.2,4619.2,4619.2,4619.2,4619.2,4619.2,4619.2,0.00,4619.2,4619.2,4619.2,231.76,1031.6,791.2,791.2,2171.2,4111.6,4110.6,2406.6,4111.6,4110.6,768.2,262.4,262.4,5308,2049.2,5128,21540,1799.8,1282.0,240,0x3955FAD5
208,0,21308,21.308,0,0,OK,4621.2,4619.2,4619.2,4619.2,4619.2,4619.2,4619.2,4619.2,4619.2,0.00,4619.2,4619.2,4619.2,231.76,791.2,791.2,1031.6,4105.6,4110.6,2406.6,4111.6,4110.6,2406.6,518.8,532.8,522.8,7712,1808.8,2624,11424,1799.8,1041.6,140,0x6357824D
209,0,21410,21.410,0,0,OK,4626.2,4619.2,4619.2,4619.2,4619.2,4619.2,4619.2,4619.2,4619.2,0.00,4619.2,4619.2,4619.2,0.80,1031.6,791.2,791.2,2171.2,4111.6,4110.6,2406.6,4111.6,4110.6,527.8,262.4,262.4,7912,1558.4,5328,21540,1559.4,1292.0,5148,0x0AF8B92B
210,0,21512,21.512,0,0,OK,4627.2,4619.2,4619.2,4619.2,4619.2,4619.2,4619.2,4619.2,4619.2,0.00,4619.2,4619.2,4619.2,232.76,1031.6,791.2,1031.6,2171.2,4111.6,2406.6,2407.6,4111.6,2406.6,268.4,512.8,532.8,7812,2059.2,2624,13828,2060.2,1041.6,20732,0x484B2D3C
211,0,21613,21.613,0,0,OK,4626.2,4619.2,4619.2,4619.2,4619.2,4619.2,4619.2,4619.2,4619.2,0.00,4619.2,4619.2,4619.2,0.80,791.2,791.2,791.2,4105.6,4110.6,4110.6,4110.6,4110.6,4110.6,517.8,522.8,262.4,7912,2049.2,2624,19036,2050.2,1041.6,7752,0xB25C22B0
212,0,21715,21.715,0,0,OK,4623.2,4619.2,4619.2,4619.2,4619.2,4619.2,4619.2,4619.2,4619.2,0.00,4619.2,4619.2,4619.2,232.76,1031.6,1031.6,1031.6,2171.2,2407.6,2407.6,2407.6,2407.6,2407.6,278.4,512.8,512.8,7812,2049.2,5128,11424,1559.4,1041.6,17928,0x436E6517
213,0,21817,21.817,0,0,OK,4625.2,4619.2,4619.2,4619.2,4619.2,4619.2,4619.2,4619.2,4619.2,0.00,4619.2,4619.2,4619.2,232.76,791.2,791.2,791.2,4105.6,4110.6,4110.6,4110.6,4110.6,4110.6,517.8,522.8,512.8,10316,2059.2,5128,14028,1559.4,1282.0,240,0x6A1B61FA
214,0,21918,21.918,0,0,OK,4625.2,4619.2,4619.2,4619.2,4619.2,4619.2,4619.2,4619.2,4619.2,0.00,4619.2,4619.2,4619.2,0.80,1031.6,791.2,1031.6,2171.2,4111.6,2406.6,2407.6,4111.6,2406.6,268.4,262.4,512.8,10316,1798.8,5328,13928,2050.2,1031.6,15424,0x8928CB34
215,0,22020,22.020,0,0,OK,4619.2,4619.2,4619.2,4619.2,4619.2,4619.2,4619.2,4619.2,4619.2,0.00,4619.2,4619.2,4619.2,231.76,1031.6,1031.6,1031.6,2171.2,2407.6,2407.6,2407.6,2407.6,2407.6,518.8,522.8,512.8,10316,2049.2,2724,13828,1799.8,1041.6,12820,0x58F217F5
216,0,22121,22.121,0,0,OK,4619.2,4619.2,4619.2,4619.2,4619.2,4619.2,4619.2,4619.2,4619.2,0.00,4619.2,4619.2,4619.2,232.76,791.2,791.2,1031.6,4105.6,4110.6,2406.6,4111.6,4110.6,2406.6,769.2,262.4,512.8,7912,2059.2,5328,13928,1799.8,791.2,20532,0xFE057A26
217,0,22223,22.223,0,0,OK,4625.2,4619.2,4619.2,4619.2,4619.2,4619.2,4619.2,4619.2,4619.2,0.00,4619.2,4619.2,4619.2,232.76,1031.6,791.2,791.2,2171.2,4111.6,4110.6,2406.6,4111.6,4110.6,267.4,532.8,532.8,10316,1808.8,2624,16532,1559.4,1292.0,2744,0xFE5F2568
218,0,22325,22.325,0,0,OK,4621.2,4619.2,4619.2,4619.2,4619.2,4619.2,4619.2,4619.2,4619.2,0.00,4619.2,4619.2,4619.2,0.80,1031.6,791.2,791.2,2171.2,4111.6,4110.6,2406.6,4111.6,4110.6,517.8,272.4,522.8,10316,1798.8,5328,19136,1559.4,1041.6,140,0x5DF85F4A
219,0,22426,22.426,0,0,OK,4628.2,4619.2,4619.2,4619.2,4619.2,4619.2,4619.2,4619.2,4619.2,0.00,4619.2,4619.2,4619.2,0.80,1031.6,1031.6,1031.6,2171.2,2407.6,2407.6,2407.6,2407.6,2407.6,268.4,522.8,512.8,10316,1558.4,2624,13828,2060.2,1292.0,10256,0xBD778234
220,0,22528,22.528,0,0,OK,4626.2,4619.2,4619.2,4619.2,4619.2,4619.2,4619.2,4619.2,4619.2,0.00,4619.2,4619.2,4619.2,0.80,791.2,1031.6,791.2,4105.6,2406.6,4111.6,4110.6,2406.6,4111.6,768.2,262.4,522.8,7812,1808.8,2624,13928,2060.2,1292.0,23136,0x187D5769
221,0,22630,22.630,0,0,OK,4626.2,4619.2,4619.2,4619.2,4619.2,4619.2,4619.2,4619.2,4619.2,0.00,4619.2,4619.2,4619.2,0.80,1031.6,791.2,1031.6,2171.2,4111.6,2406.6,2407.6,4111.6,2406.6,769.2,512.8,532.8,7812,2049.2,2624,16532,1799.8,1031.6,18128,0x3E75AB00
222,0,22731,22.731,0,0,OK,4625.2,4619.2,4619.2,4619.2,4619.2,4619.2,4619.2,4619.2,4619.2,0.00,4619.2,4619.2,4619.2,232.76,1031.6,1031.6,1031.6,2171.2,2407.6,2407.6,2407.6,2407.6,2407.6,518.8,532.8,262.4,10316,2059.2,5328,19136,2050.2,1041.6,240,0x6E87E56D
223,0,22833,22.833,0,0,OK,4624.2,4619.2,4619.2,4619.2,4619.2,4619.2,4619.2,4619.2,4619.2,0.00,4619.2,4619.2,4619.2,0.80,791.2,791.2,1031.6,4105.6,4110.6,2406.6,4111.6,4110.6,2406.6,769.2,512.8,272.4,7912,1798.8,5128,16432,2050.2,1282.0,15524,0x1738AA1E
224,0,22934,22.934,0,0,OK,4622.2,4619.2,4619.2,4619.2,4619.2,4619.2,4619.2,4619.2,4619.2,0.00,4619.2,4619.2,4619.2,0.80,791.2,791.2,1031.6,4105.6,4110.6,2406.6,4111.6,4110.6,2406.6,518.8,262.4,512.8,10316,2049.2,5128,19136,1559.4,791.2,7752,0x16E8E438
225,0,23036,23.036,0,0,OK,4625.2,4619.2,4619.2,4619.2,4619.2,4619.2,4619.2,4619.2,4619.2,0.00,4619.2,4619.2,4619.2,231.76,1031.6,1031.6,791.2,2171.2,2407.6,4111.6,2406.6,2407.6,4111.6,768.2,512.8,272.4,7812,1798.8,2724,14028,1559.4,791.2,240,0x45700D04
226,0,23138,23.138,0,0,OK,4621.2,4619.2,4619.2,4619.2,4619.2,4619.2,4619.2,4619.2,4619.2,0.00,4619.2,4619.2,4619.2,231.76,791.2,791.2,791.2,4105.6,4110.6,4110.6,4110.6,4110.6,4110.6,267.4,512.8,272.4,10316,1558.4,2724,14028,2050.2,1031.6,12860,0xAD073278
227,0,23239,23.239,0,0,OK,4628.2,4619.2,4619.2,4619.2,4619.2,4619.2,4619.2,4619.2,4619.2,0.00,4619.2,4619.2,4619.2,232.76,1031.6,791.2,1031.6,2171.2,4111.6,2406.6,2407.6,4111.6,2406.6,268.4,262.4,272.4,5308,1808.8,2724,16532,1559.4,1031.6,20532,0x0E8C2799
228,0,23341,23.341,0,0,OK,4623.2,4619.2,4619.2,4619.2,4619.2,4619.2,4619.2,4619.2,4619.2,0.00,4619.2,4619.2,4619.2,231.76,1031.6,791.2,1031.6,2171.2,4111.6,2406.6,2407.6,4111.6,2406.6,518.8,522.8,272.4,7912,2049.2,5128,11424,1799.8,1031.6,10316,0x4E5E4502
229,0,23442,23.442,0,0,OK,4628.2,4619.2,4619.2,4619.2,4619.2,4619.2,4619.2,4619.2,4619.2,0.00,4619.2,4619.2,4619.2,231.76,791.2,1031.6,1031.6,4105.6,2406.6,2407.6,4111.6,2406.6,2407.6,268.4,512.8,512.8,10316,1808.8,5128,13928,1799.8,1041.6,10316,0x419918FF
230,0,23544,23.544,0,0,OK,4626.2,4619.2,4619.2,4619.2,4619.2,4619.2,4619.2,4619.2,4619.2,0.00,4619.2,4619.2,4619.2,231.76,1031.6,791.2,791.2,2171.2,4111.6,4110.6,2406.6,4111.6,4110.6,277.4,532.8,262.4,7712,1808.8,2624,16532,1809.8,791.2,12920,0x9C6158DF
231,0,23646,23.646,0,0,OK,4628.2,4619.2,4619.2,4619.2,4619.2,4619.2,4619.2,4619.2,4619.2,0.00,4619.2,4619.2,4619.2,231.76,791.2,1031.6,791.2,4105.6,2406.6,4111.6,4110.6,2406.6,4111.6,277.4,532.8,272.4,7712,1808.8,5328,16532,1559.4,1292.0,23236,0xB7155E0E
232,0,23747,23.747,0,0,OK,4619.2,4619.2,4619.2,4619.2,4619.2,4619.2,4619.2,4619.2,4619.2,0.00,4619.2,4619.2,4619.2,231.76,791.2,1031.6,1031.6,4105.6,2406.6,2407.6,4111.6,2406.6,2407.6,278.4,272.4,532.8,10316,2059.2,5128,21540,1809.8,1282.0,15524,0x3B4E7485
233,0,23849,23.849,0,0,OK,4620.2,4619.2,4619.2,4619.2,4619.2,4619.2,4619.2,4619.2,4619.2,0.00,4619.2,4619.2,4619.2,0.80,1031.6,791.2,1031.6,2171.2,4111.6,2406.6,2407.6,4111.6,2406.6,769.2,532.8,262.4,7812,1808.8,5128,19036,1559.4,1031.6,20632,0x7720F217
234,0,23951,23.951,0,0,OK,4626.2,4619.2,4619.2,4619.2,4619.2,4619.2,4619.2,4619.2,4619.2,0.00,4619.2,4619.2,4619.2,232.76,1031.6,1031.6,791.2,2171.2,2407.6,4111.6,2406.6,2407.6,4111.6,768.2,522.8,522.8,10316,1808.8,5128,16532,1559.4,1031.6,10456,0x3DE9B902
235,0,24052,24.052,0,0,OK,4621.2,4619.2,4619.2,4619.2,4619.2,4619.2,4619.2,4619.2,4619.2,0.00,4619.2,4619.2,4619.2,232.76,791.2,1031.6,791.2,4105.6,2406.6,4111.6,4110.6,2406.6,4111.6,768.2,262.4,532.8,5308,1808.8,5328,16632,1809.8,791.2,23136,0xA9127387
236,0,24154,24.154,0,0,OK,4628.2,4619.2,4619.2,4619.2,4619.2,4619.2,4619.2,4619.2,4619.2,0.00,4619.2,4619.2,4619.2,0.80,1031.6,1031.6,791.2,2171.2,2407.6,4111.6,2406.6,2407.6,4111.6,527.8,532.8,262.4,7712,2059.2,5128,16432,2060.2,1292.0,23136,0x4C304758
237,0,24255,24.255,0,0,OK,4621.2,4619.2,4619.2,4619.2,4619.2,4619.2,4619.2,4619.2,4619.2,0.00,4619.2,4619.2,4619.2,0.80,791.2,791.2,791.2,4105.6,4110.6,4110.6,4110.6,4110.6,4110.6,517.8,532.8,272.4,7712,2059.2,2624,16432,2050.2,1292.0,18128,0x12377A32
238,0,24357,24.357,0,0,OK,4623.2,4619.2,4619.2,4619.2,4619.2,4619.2,4619.2,4619.2,4619.2,0.00,4619.2,4619.2,4619.2,232.76,1031.6,791.2,791.2,2171.2,4111.6,4110.6,2406.6,4111.6,4110.6,768.2,532.8,522.8,10316,1558.4,2624,19036,2050.2,1282.0,15524,0xB21CC624
239,0,24459,24.459,0,0,OK,4620.2,4619.2,4619.2,4619.2,4619.2,4619.2,4619.2,4619.2,4619.2,0.00,4619.2,4619.2,4619.2,231.76,791.2,791.2,1031.6,4105.6,4110.6,2406.6,4111.6,4110.6,2406.6,518.8,522.8,522.8,7812,1798.8,2624,11424,1809.8,1031.6,7852,0x77873E52
240,0,24560,24.560,0,0,OK,4623.2,4619.2,4619.2,4619.2,4619.2,4619.2,4619.2,4619.2,4619.2,0.00,4619.2,4619.2,4619.2,232.76,1031.6,1031.6,791.2,2171.2,2407.6,4111.6,2406.6,2407.6,4111.6,527.8,272.4,512.8,7712,2059.2,2624,19036,2060.2,1041.6,140,0xF98147EB
241,0,24662,24.662,0,0,OK,4623.2,4619.2,4619.2,4619.2,4619.2,4619.2,4619.2,4619.2,4619.2,0.00,4619.2,4619.2,4619.2,232.76,1031.6,1031.6,1031.6,2171.2,2407.6,2407.6,2407.6,2407.6,2407.6,268.4,532.8,512.8,7712,1798.8,5228,14028,1809.8,1041.6,7912,0xE57B8A07
242,0,24764,24.764,0,0,OK,4623.2,4619.2,4619.2,4619.2,4619.2,4619.2,4619.2,4619.2,4619.2,0.00,4619.2,4619.2,4619.2,231.76,791.2,1031.6,791.2,4105.6,2406.6,4111.6,4110.6,2406.6,4111.6,277.4,512.8,532.8,5308,1808.8,5328,16632,1559.4,1031.6,17928,0x4C33D7A2
243,0,24865,24.865,0,0,OK,4619.2,4619.2,4619.2,4619.2,4619.2,4619.2,4619.2,4619.2,4619.2,0.00,4619.2,4619.2,4619.2,231.76,791.2,791.2,791.2,4105.6,4110.6,4110.6,4110.6,4110.6,4110.6,517.8,532.8,532.8,10316,2049.2,2724,13928,1559.4,1041.6,15424,0x1DEAE770
244,0,24967,24.967,0,0,OK,4621.2,4619.2,4619.2,4619.2,4619.2,4619.2,4619.2,4619.2,4619.2,0.00,4619.2,4619.2,4619.2,232.76,1031.6,1031.6,1031.6,2171.2,2407.6,2407.6,2407.6,2407.6,2407.6,268.4,262.4,272.4,7812,2059.2,5128,13928,2060.2,1031.6,23236,0x8B756813
245,0,25068,25.068,0,0,OK,4621.2,4619.2,4619.2,4619.2,4619.2,4619.2,4619.2,4619.2,4619.2,0.00,4619.2,4619.2,4619.2,0.80,1031.6,1031.6,791.2,2171.2,2407.6,4111.6,2406.6,2407.6,4111.6,517.8,522.8,262.4,7912,2049.2,5128,16632,1809.8,1292.0,40,0xEA6A4FEA
246,0,25170,25.170,0,0,OK,4622.2,4619.2,4619.2,4619.2,4619.2,4619.2,4619.2,4619.2,4619.2,0.00,4619.2,4619.2,4619.2,232.76,791.2,791.2,791.2,4105.6,4110.6,4110.6,4110.6,4110.6,4110.6,768.2,532.8,272.4,5308,2049.2,2724,16632,2050.2,1041.6,17928,0xCEF557FE
247,0,25272,25.272,0,0,OK,4623.2,4619.2,4619.2,4619.2,4619.2,4619.2,4619.2,4619.2,4619.2,0.00,4619.2,4619.2,4619.2,231.76,1031.6,791.2,791.2,2171.2,4111.6,4110.6,2406.6,4111.6,4110.6,517.8,522.8,272.4,7812,2049.2,5128,11424,2050.2,1292.0,15524,0xDF3D599B
248,0,25373,25.373,0,0,OK,4626.2,4619.2,4619.2,4619.2,4619.2,4619.2,4619.2,4619.2,4619.2,0.00,4619.2,4619.2,4619.2,0.80,1031.6,1031.6,791.2,2171.2,2407.6,4111.6,2406.6,2407.6,4111.6,277.4,522.8,272.4,5308,2059.2,5328,13828,1809.8,1292.0,12820,0xE32B38FF
249,0,25475,25.475,0,0,OK,4627.2,4619.2,4619.2,4619.2,4619.2,4619.2,4619.2,4619.2,4619.2,0.00,4619.2,4619.2,4619.2,232.76,791.2,1031.6,791.2,4105.6,2406.6,4111.6,4110.6,2406.6,4111.6,527.8,522.8,512.8,7912,1808.8,2624,11424,2060.2,1292.0,240,0x42596ED8
250,0,25577,25.577,0,0,OK,4619.2,4619.2,4619.2,4619.2,4619.2,4619.2,4619.2,4619.2,4619.2,0.00,4619.2,4619.2,4619.2,0.80,1031.6,791.2,791.2,2171.2,4111.6,4110.6,2406.6,4111.6,4110.6,267.4,262.4,272.4,7912,1798.8,5128,13928,1809.8,791.2,18128,0x3D58A7FD
251,0,25678,25.678,0,0,OK,4628.2,4619.2,4619.2,4619.2,4619.2,4619.2,4619.2,4619.2,4619.2,0.00,4619.2,4619.2,4619.2,0.80,1031.6,791.2,791.2,2171.2,4111.6,4110.6,2406.6,4111.6,4110.6,267.4,512.8,532.8,10316,1808.8,5228,11424,1799.8,1282.0,40,0x883E2269
252,0,25780,25.780,0,0,OK,4626.2,4619.2,4619.2,4619.2,4619.2,4619.2,4619.2,4619.2,4619.2,0.00,4619.2,4619.2,4619.2,0.80,1031.6,1031.6,791.2,2171.2,2407.6,4111.6,2406.6,2407.6,4111.6,267.4,262.4,262.4,7912,2049.2,2724,16632,1799.8,1292.0,40,0x3A9C0879
253,0,25881,25.881,0,0,OK,4624.2,4619.2,4619.2,4619.2,4619.2,4619.2,4619.2,4619.2,4619.2,0.00,4619.2,4619.2,4619.2,231.76,1031.6,1031.6,791.2,2171.2,2407.6,4111.6,2406.6,2407.6,4111.6,527.8,272.4,262.4,5308,2059.2,5328,13828,1799.8,791.2,20732,0x12FC4AB4
254,0,25983,25.983,0,0,OK,4621.2,4619.2,4619.2,4619.2,4619.2,4619.2,4619.2,4619.2,4619.2,0.00,4619.2,4619.2,4619.2,0.80,791.2,791.2,791.2,4105.6,4110.6,4110.6,4110.6,4110.6,4110.6,267.4,272.4,272.4,5308,2059.2,5128,14028,2050.2,1031.6,10256,0x9DEECFC8
255,0,26085,26.085,0,0,OK,4626.2,4619.2,4619.2,4619.2,4619.2,4619.2,4619.2,4619.2,4619.2,0.00,4619.2,4619.2,4619.2,232.76,1031.6,791.2,791.2,2171.2,4111.6,4110.6,2406.6,4111.6,4110.6,267.4,532.8,272.4,7712,1808.8,2624,16532,1799.8,791.2,5348,0xF8E557C4
256,0,26186,26.186,0,0,OK,4623.2,4619.2,4619.2,4619.2,4619.2,4619.2,4619.2,4619.2,4619.2,0.00,4619.2,4619.2,4619.2,0.80,791.2,1031.6,791.2,4105.6,2406.6,4111.6,4110.6,2406.6,4111.6,277.4,262.4,522.8,7812,1808.8,5128,16432,2060.2,791.2,10316,0x3FEF3558
257,0,26288,26.288,0,0,OK,4626.2,4619.2,4619.2,4619.2,4619.2,4619.2,4619.2,4619.2,4619.2,0.00,4619.2,4619.2,4619.2,231.76,791.2,791.2,1031.6,4105.6,4110.6,2406.6,4111.6,4110.6,2406.6,518.8,272.4,522.8,10316,2059.2,5328,19036,2050.2,791.2,10316,0x8DD59793
258,0,26390,26.390,0,0,OK,4619.2,4619.2,4619.2,4619.2,4619.2,4619.2,4619.2,4619.2,4619.2,0.00,4619.2,4619.2,4619.2,0.80,1031.6,1031.6,791.2,2171.2,2407.6,4111.6,2406.6,2407.6,4111.6,527.8,512.8,522.8,5308,2049.2,5128,19036,1559.4,1292.0,140,0x885BDB81
259,0,26491,26.491,0,0,OK,4621.2,4619.2,4619.2,4619.2,4619.2,4619.2,4619.2,4619.2,4619.2,0.00,4619.2,4619.2,4619.2,231.76,1031.6,791.2,1031.6,2171.2,4111.6,2406.6,2407.6,4111.6,2406.6,528.8,262.4,262.4,7712,2059.2,5128,14028,2060.2,1041.6,15524,0x40D0CFB6
260,0,26593,26.593,0,0,OK,4625.2,4619.2,4619.2,4619.2,4619.2,4619.2,4619.2,4619.2,4619.2,0.00,4619.2,4619.2,4619.2,232.76,1031.6,1031.6,1031.6,2171.2,2407.6,2407.6,2407.6,2407.6,2407.6,518.8,522.8,532.8,10316,1558.4,5228,19136,1799.8,1031.6,10256,0xB6E63D7B
261,0,26694,26.694,0,0,OK,4627.2,4619.2,4619.2,4619.2,4619.2,4619.2,4619.2,4619.2,4619.2,0.00,4619.2,4619.2,4619.2,231.76,791.2,791.2,791.2,4105.6,4110.6,4110.6,4110.6,4110.6,4110.6,277.4,522.8,512.8,10316,2059.2,2624,11424,2060.2,1041.6,10456,0x322445BF
262,0,26796,26.796,0,0,OK,4621.2,4619.2,4619.2,4619.2,4619.2,4619.2,4619.2,4619.2,4619.2,0.00,4619.2,4619.2,4619.2,232.76,791.2,1031.6,1031.6,4105.6,2406.6,2407.6,4111.6,2406.6,2407.6,268.4,512.8,272.4,10316,1798.8,5228,19036,2050.2,1282.0,23136,0xE7533074
263,0,26898,26.898,0,0,OK,4623.2,4619.2,4619.2,4619.2,4619.2,4619.2,4619.2,4619.2,4619.2,0.00,4619.2,4619.2,4619.2,0.80,1031.6,791.2,791.2,2171.2,4111.6,4110.6,2406.6,4111.6,4110.6,517.8,532.8,532.8,7812,2059.2,5128,16532,2060.2,1282.0,2744,0xAF6576B9
264,0,26999,26.999,0,0,OK,4620.2,4619.2,4619.2,4619.2,4619.2,4619.2,4619.2,4619.2,4619.2,0.00,4619.2,4619.2,4619.2,0.80,791.2,1031.6,791.2,4105.6,2406.6,4111.6,4110.6,2406.6,4111.6,768.2,522.8,532.8,7912,1808.8,5228,14028,1799.8,1031.6,7852,0xE78F9C46
265,0,27101,27.101,0,0,OK,4623.2,4619.2,4619.2,4619.2,4619.2,4619.2,4619.2,4619.2,4619.2,0.00,4619.2,4619.2,4619.2,0.80,1031.6,791.2,1031.6,2171.2,4111.6,2406.6,2407.6,4111.6,2406.6,268.4,532.8,262.4,7812,1558.4,5328,16532,2050.2,791.2,13020,0x5756AADC
266,0,27203,27.203,0,0,OK,4624.2,4619.2,4619.2,4619.2,4619.2,4619.2,4619.2,4619.2,4619.2,0.00,4619.2,4619.2,4619.2,0.80,1031.6,1031.6,1031.6,2171.2,2407.6,2407.6,2407.6,2407.6,2407.6,528.8,512.8,262.4,7812,2059.2,2724,21540,1559.4,1292.0,2744,0xFF02D8D6
267,0,27304,27.304,0,0,OK,4625.2,4619.2,4619.2,4619.2,4619.2,4619.2,4619.2,4619.2,4619.2,0.00,4619.2,4619.2,4619.2,231.76,791.2,1031.6,1031.6,4105.6,2406.6,2407.6,4111.6,2406.6,2407.6,278.4,522.8,272.4,7812,1558.4,5228,16632,2050.2,1041.6,13020,0x1E72F5DA
268,0,27406,27.406,0,0,OK,4627.2,4619.2,4619.2,4619.2,4619.2,4619.2,4619.2,4619.2,4619.2,0.00,4619.2,4619.2,4619.2,0.80,1031.6,1031.6,1031.6,2171.2,2407.6,2407.6,2407.6,2407.6,2407.6,518.8,532.8,262.4,7812,1798.8,2624,16532,1809.8,1041.6,7912,0xEB692FA2
269,0,27508,27.508,0,0,OK,4619.2,4619.2,4619.2,4619.2,4619.2,4619.2,4619.2,4619.2,4619.2,0.00,4619.2,4619.2,4619.2,231.76,1031.6,1031.6,791.2,2171.2,2407.6,4111.6,2406.6,2407.6,4111.6,267.4,272.4,262.4,5308,1808.8,2624,14028,2060.2,1292.0,7852,0x9E020238
270,0,27609,27.609,0,0,OK,4623.2,4619.2,4619.2,4619.2,4619.2,4619.2,4619.2,4619.2,4619.2,0.00,4619.2,4619.2,4619.2,232.76,1031.6,1031.6,791.2,2171.2,2407.6,4111.6,2406.6,2407.6,4111.6,517.8,512.8,272.4,7712,2049.2,5128,14028,1799.8,1041.6,17928,0x464DBAA1
271,0,27711,27.711,0,0,OK,4622.2,4619.2,4619.2,4619.2,4619.2,4619.2,4619.2,4619.2,4619.2,0.00,4619.2,4619.2,4619.2,232.76,791.2,1031.6,791.2,4105.6,2406.6,4111.6,4110.6,2406.6,4111.6,768.2,532.8,272.4,7912,1808.8,5128,11424,2060.2,1282.0,20632,0x3D43A160
272,0,27813,27.813,0,0,OK,4627.2,4619.2,4619.2,4619.2,4619.2,4619.2,4619.2,4619.2,4619.2,0.00,4619.2,4619.2,4619.2,231.76,791.2,791.2,1031.6,4105.6,4110.6,2406.6,4111.6,4110.6,2406.6,278.4,262.4,522.8,10316,2059.2,2624,16432,2050.2,1282.0,240,0x1DFEAFC3
273,0,27914,27.914,0,0,OK,4624.2,4619.2,4619.2,4619.2,4619.2,4619.2,4619.2,4619.2,4619.2,0.00,4619.2,4619.2,4619.2,232.76,791.2,1031.6,1031.6,4105.6,2406.6,2407.6,4111.6,2406.6,2407.6,278.4,522.8,532.8,7912,1808.8,2624,14028,2050.2,1041.6,10456,0xDC366D76
274,0,28016,28.016,0,0,OK,4628.2,4619.2,4619.2,4619.2,4619.2,4619.2,4619.2,4619.2,4619.2,0.00,4619.2,4619.2,4619.2,232.76,1031.6,1031.6,791.2,2171.2,2407.6,4111.6,2406.6,2407.6,4111.6,527.8,272.4,512.8,5308,1808.8,5228,13828,2060.2,1041.6,20632,0xD2590915
275,0,28117,28.117,0,0,OK,4621.2,4619.2,4619.2,4619.2,4619.2,4619.2,4619.2,4619.2,4619.2,0.00,4619.2,4619.2,4619.2,0.80,791.2,1031.6,791.2,4105.6,2406.6,4111.6,4110.6,2406.6,4111.6,267.4,522.8,532.8,5308,1798.8,5228,21540,2060.2,791.2,7912,0xDF45BCE7
276,0,28219,28.219,0,0,OK,4619.2,4619.2,4619.2,4619.2,4619.2,4619.2,4619.2,4619.2,4619.2,0.00,4619.2,4619.2,4619.2,0.80,791.2,791.2,1031.6,4105.6,4110.6,2406.6,4111.6,4110.6,2406.6,518.8,272.4,272.4,7912,1798.8,5128,13828,1809.8,1031.6,15424,0xE63F9F73
277,0,28321,28.321,0,0,OK,4622.2,4619.2,4619.2,4619.2,4619.2,4619.2,4619.2,4619.2,4619.2,0.00,4619.2,4619.2,4619.2,231.76,1031.6,791.2,791.2,2171.2,4111.6,4110.6,2406.6,4111.6,4110.6,768.2,532.8,512.8,10316,1798.8,5128,16532,2060.2,1041.6,12920,0x170EF2E3
278,0,28422,28.422,0,0,OK,4628.2,4619.2,4619.2,4619.2,4619.2,4619.2,4619.2,4619.2,4619.2,0.00,4619.2,4619.2,4619.2,231.76,1031.6,791.2,1031.6,2171.2,4111.6,2406.6,2407.6,4111.6,2406.6,528.8,522.8,512.8,7812,1808.8,5328,13828,2060.2,1292.0,12920,0xE58E9D96
279,0,28524,28.524,0,0,OK,4623.2,4619.2,4619.2,4619.2,4619.2,4619.2,4619.2,4619.2,4619.2,0.00,4619.2,4619.2,4619.2,232.76,791.2,1031.6,1031.6,4105.6,2406.6,2407.6,4111.6,2406.6,2407.6,278.4,262.4,272.4,10316,2049.2,5328,13928,1799.8,791.2,20732,0xDE5CDCA3
280,0,28626,28.626,0,0,OK,4623.2,4619.2,4619.2,4619.2,4619.2,4619.2,4619.2,4619.2,4619.2,0.00,4619.2,4619.2,4619.2,0.80,1031.6,791.2,1031.6,2171.2,4111.6,2406.6,2407.6,4111.6,2406.6,278.4,522.8,272.4,7812,1808.8,2624,14028,1799.8,1031.6,20532,0x21147A20
281,0,28727,28.727,0,0,OK,4628.2,4619.2,4619.2,4619.2,4619.2,4619.2,4619.2,4619.2,4619.2,0.00,4619.2,4619.2,4619.2,0.80,791.2,1031.6,1031.6,4105.6,2406.6,2407.6,4111.6,2406.6,2407.6,278.4,512.8,512.8,7912,2059.2,5228,14028,2060.2,1031.6,7912,0xE2DE52C2
282,0,28829,28.829,0,0,OK,4627.2,4619.2,4619.2,4619.2,4619.2,4619.2,4619.2,4619.2,4619.2,0.00,4619.2,4619.2,4619.2,232.76,791.2,1031.6,1031.6,4105.6,2406.6,2407.6,4111.6,2406.6,2407.6,769.2,262.4,272.4,10316,2059.2,2724,16532,1559.4,1041.6,140,0xDF2D7FDE
283,0,28930,28.930,0,0,OK,4625.2,4619.2,4619.2,4619.2,4619.2,4619.2,4619.2,4619.2,4619.2,0.00,4619.2,4619.2,4619.2,0.80,1031.6,791.2,791.2,2171.2,4111.6,4110.6,2406.6,4111.6,4110.6,517.8,532.8,522.8,7712,1798.8,5228,14028,2050.2,1282.0,240,0xE753A249
284,0,29032,29.032,0,0,OK,4623.2,4619.2,4619.2,4619.2,4619.2,4619.2,4619.2,4619.2,4619.2,0.00,4619.2,4619.2,4619.2,231.76,1031.6,791.2,791.2,2171.2,4111.6,4110.6,2406.6,4111.6,4110.6,267.4,512.8,262.4,7912,1558.4,5128,13928,2050.2,791.2,140,0x887E769C
285,0,29134,29.134,0,0,OK,4620.2,4619.2,4619.2,4619.2,4619.2,4619.2,4619.2,4619.2,4619.2,0.00,4619.2,4619.2,4619.2,232.76,1031.6,1031.6,1031.6,2171.2,2407.6,2407.6,2407.6,2407.6,2407.6,268.4,522.8,512.8,7812,1558.4,2624,19036,2050.2,1041.6,10416,0x644987A1
286,0,29235,29.235,0,0,OK,4627.2,4619.2,4619.2,4619.2,4619.2,4619.2,4619.2,4619.2,4619.2,0.00,4619.2,4619.2,4619.2,0.80,791.2,791.2,1031.6,4105.6,4110.6,2406.6,4111.6,4110.6,2406.6,278.4,272.4,272.4,7812,1798.8,2724,16532,2050.2,1031.6,17928,0xE47B7CD5
287,0,29337,29.337,0,0,OK,4619.2,4619.2,4619.2,4619.2,4619.2,4619.2,4619.2,4619.2,4619.2,0.00,4619.2,4619.2,4619.2,232.76,791.2,1031.6,791.2,4105.6,2406.6,4111.6,4110.6,2406.6,4111.6,277.4,512.8,262.4,7712,1808.8,5228,14028,1809.8,1031.6,7752,0xD5000544
288,0,29439,29.439,0,0,OK,4620.2,4619.2,4619.2,4619.2,4619.2,4619.2,4619.2,4619.2,4619.2,0.00,4619.2,4619.2,4619.2,0.80,791.2,1031.6,1031.6,4105.6,2406.6,2407.6,4111.6,2406.6,2407.6,518.8,532.8,522.8,5308,1798.8,5328,16632,1809.8,1041.6,7912,0x851FE1AA
289,0,29540,29.540,0,0,OK,4626.2,4619.2,4619.2,4619.2,4619.2,4619.2,4619.2,4619.2,4619.2,0.00,4619.2,4619.2,4619.2,0.80,1031.6,791.2,1031.6,2171.2,4111.6,2406.6,2407.6,4111.6,2406.6,769.2,512.8,532.8,7912,2059.2,5228,19036,2060.2,791.2,12860,0xB24A392C
290,0,29642,29.642,0,0,OK,4625.2,4619.2,4619.2,4619.2,4619.2,4619.2,4619.2,4619.2,4619.2,0.00,4619.2,4619.2,4619.2,231.76,1031.6,1031.6,1031.6,2171.2,2407.6,2407.6,2407.6,2407.6,2407.6,278.4,512.8,512.8,5308,1558.4,2624,19136,1559.4,791.2,15524,0x0E627EE1
291,0,29744,29.744,0,0,OK,4621.2,4619.2,4619.2,4619.2,4619.2,4619.2,4619.2,4619.2,4619.2,0.00,4619.2,4619.2,4619.2,231.76,1031.6,1031.6,1031.6,2171.2,2407.6,2407.6,2407.6,2407.6,2407.6,278.4,272.4,522.8,7912,1798.8,5328,13828,2060.2,1041.6,10256,0x1594DBEF
292,0,29845,29.845,0,0,OK,4627.2,4619.2,4619.2,4619.2,4619.2,4619.2,4619.2,4619.2,4619.2,0.00,4619.2,4619.2,4619.2,0.80,791.2,1031.6,1031.6,4105.6,2406.6,2407.6,4111.6,2406.6,2407.6,268.4,272.4,532.8,10316,2059.2,2724,13928,2050.2,1292.0,20632,0x2B1BC7A9
293,0,29947,29.947,0,0,OK,4620.2,4619.2,4619.2,4619.2,4619.2,4619.2,4619.2,4619.2,4619.2,0.00,4619.2,4619.2,4619.2,232.76,791.2,791.2,1031.6,4105.6,4110.6,2406.6,4111.6,4110.6,2406.6,518.8,272.4,532.8,7912,2049.2,2724,11424,2060.2,1282.0,15524,0x576515E6
294,0,30048,30.048,0,0,OK,4628.2,4619.2,4619.2,4619.2,4619.2,4619.2,4619.2,4619.2,4619.2,0.00,4619.2,4619.2,4619.2,232.76,1031.6,791.2,1031.6,2171.2,4111.6,2406.6,2407.6,4111.6,2406.6,268.4,532.8,272.4,5308,2049.2,5228,14028,2060.2,791.2,5248,0xB1C0D29A
295,0,30150,30.150,0,0,OK,4624.2,4619.2,4619.2,4619.2,4619.2,4619.2,4619.2,4619.2,4619.2,0.00,4619.2,4619.2,4619.2,0.80,1031.6,791.2,1031.6,2171.2,4111.6,2406.6,2407.6,4111.6,2406.6,278.4,522.8,262.4,7712,1808.8,5228,16532,1809.8,1031.6,13020,0xD7B9ED47
296,0,30252,30.252,0,0,OK,4625.2,4619.2,4619.2,4619.2,4619.2,4619.2,4619.2,4619.2,4619.2,0.00,4619.2,4619.2,4619.2,232.76,791.2,1031.6,791.2,4105.6,2406.6,4111.6,4110.6,2406.6,4111.6,267.4,272.4,262.4,7812,2049.2,2624,13928,1559.4,1282.0,10256,0xC100A92F
297,0,30353,30.353,0,0,OK,4625.2,4619.2,4619.2,4619.2,4619.2,4619.2,4619.2,4619.2,4619.2,0.00,4619.2,4619.2,4619.2,232.76,791.2,1031.6,791.2,4105.6,2406.6,4111.6,4110.6,2406.6,4111.6,267.4,532.8,532.8,10316,1798.8,5228,19036,2050.2,1031.6,7912,0x49340507
298,0,30455,30.455,0,0,OK,4623.2,4619.2,4619.2,4619.2,4619.2,4619.2,4619.2,4619.2,4619.2,0.00,4619.2,4619.2,4619.2,232.76,791.2,1031.6,1031.6,4105.6,2406.6,2407.6,4111.6,2406.6,2407.6,268.4,532.8,262.4,7812,1808.8,5228,13928,1809.8,791.2,18128,0xB1AE24D5
299,0,30557,30.557,0,0,OK,4624.2,4619.2,4619.2,4619.2,4619.2,4619.2,4619.2,4619.2,4619.2,0.00,4619.2,4619.2,4619.2,0.80,1031.6,1031.6,1031.6,2171.2,2407.6,2407.6,2407.6,2407.6,2407.6,769.2,522.8,272.4,5308,2049.2,2724,16632,2060.2,1292.0,23236,0x08EFCB20
300,0,30658,30.658,0,0,OK,4624.2,4619.2,4619.2,4619.2,4619.2,4619.2,4619.2,4619.2,4619.2,0.00,4619.2,4619.2,4619.2,231.76,791.2,1031.6,791.2,4105.6,2406.6,4111.6,4110.6,2406.6,4111.6,517.8,512.8,512.8,7912,1808.8,5328,16432,1799.8,1292.0,40,0x3C27E547
301,0,30760,30.760,0,0,OK,4620.2,4619.2,4619.2,4619.2,4619.2,4619.2,4619.2,4619.2,4619.2,0.00,4619.2,4619.2,4619.2,0.80,791.2,1031.6,791.2,4105.6,2406.6,4111.6,4110.6,2406.6,4111.6,277.4,532.8,522.8,7712,1558.4,2724,21540,1799.8,1292.0,12920,0x074456CE
302,0,30861,30.861,0,0,OK,4627.2,4619.2,4619.2,4619.2,4619.2,4619.2,4619.2,4619.2,4619.2,0.00,4619.2,4619.2,4619.2,232.76,791.2,791.2,791.2,4105.6,4110.6,4110.6,4110.6,4110.6,4110.6,517.8,532.8,512.8,7912,1798.8,5328,11424,2060.2,1282.0,5148,0x334C2151
303,0,30963,30.963,0,0,OK,4628.2,4619.2,4619.2,4619.2,4619.2,4619.2,4619.2,4619.2,4619.2,0.00,4619.2,4619.2,4619.2,0.80,791.2,1031.6,791.2,4105.6,2406.6,4111.6,4110.6,2406.6,4111.6,768.2,272.4,532.8,5308,1798.8,2724,16532,2060.2,1292.0,23236,0xB1AD1C5B
304,0,31065,31.065,0,0,OK,4624.2,4619.2,4619.2,4619.2,4619.2,4619.2,4619.2,4619.2,4619.2,0.00,4619.2,4619.2,4619.2,231.76,791.2,1031.6,791.2,4105.6,2406.6,4111.6,4110.6,2406.6,4111.6,277.4,272.4,262.4,5308,1558.4,5228,11424,1559.4,1292.0,12820,0x328B7E39
305,0,31166,31.166,0,0,OK,4628.2,4619.2,4619.2,4619.2,4619.2,4619.2,4619.2,4619.2,4619.2,0.00,4619.2,4619.2,4619.2,0.80,1031.6,791.2,791.2,2171.2,4111.6,4110.6,2406.6,4111.6,4110.6,267.4,262.4,522.8,10316,2059.2,2624,19136,1559.4,1031.6,20732,0xCC95F3E0
306,0,31268,31.268,0,0,OK,4625.2,4619.2,4619.2,4619.2,4619.2,4619.2,4619.2,4619.2,4619.2,0.00,4619.2,4619.2,4619.2,0.80,791.2,1031.6,791.2,4105.6,2406.6,4111.6,4110.6,2406.6,4111.6,768.2,262.4,512.8,10316,1808.8,5128,19036,2060.2,1282.0,10316,0x625954A7
307,0,31369,31.369,0,0,OK,4626.2,4619.2,4619.2,4619.2,4619.2,4619.2,4619.2,4619.2,4619.2,0.00,4619.2,4619.2,4619.2,0.80,1031.6,1031.6,1031.6,2171.2,2407.6,2407.6,2407.6,2407.6,2407.6,278.4,532.8,532.8,7912,1798.8,5328,16632,1799.8,1041.6,12920,0x89329B71
308,0,31471,31.471,0,0,OK,4624.2,4619.2,4619.2,4619.2,4619.2,4619.2,4619.2,4619.2,4619.2,0.00,4619.2,4619.2,4619.2,232.76,1031.6,791.2,1031.6,2171.2,4111.6,2406.6,2407.6,4111.6,2406.6,278.4,262.4,272.4,7812,2049.2,5228,16432,2060.2,791.2,5248,0xDEF5FAF4
309,0,31573,31.573,0,0,OK,4626.2,4619.2,4619.2,4619.2,4619.2,4619.2,4619.2,4619.2,4619.2,0.00,4619.2,4619.2,4619.2,231.76,791.2,791.2,791.2,4105.6,4110.6,4110.6,4110.6,4110.6,4110.6,527.8,262.4,262.4,7912,2059.2,5128,19136,2050.2,1292.0,10316,0x7B5BAEA9
310,0,31674,31.674,0,0,OK,4626.2,4619.2,4619.2,4619.2,4619.2,4619.2,4619.2,4619.2,4619.2,0.00,4619.2,4619.2,4619.2,231.76,1031.6,791.2,791.2,2171.2,4111.6,4110.6,2406.6,4111.6,4110.6,517.8,262.4,512.8,7812,1798.8,5228,14028,2060.2,1282.0,10356,0x324BB2E5
311,0,31776,31.776,0,0,OK,4628.2,4619.2,4619.2,4619.2,4619.2,4619.2,4619.2,4619.2,4619.2,0.00,4619.2,4619.2,4619.2,232.76,1031.6,1031.6,1031.6,2171.2,2407.6,2407.6,2407.6,2407.6,2407.6,278.4,262.4,512.8,10316,2059.2,5328,19036,2060.2,1292.0,2644,0x52896F27
312,0,31877,31.877,0,0,OK,4624.2,4619.2,4619.2,4619.2,4619.2,4619.2,4619.2,4619.2,4619.2,0.00,4619.2,4619.2,4619.2,0.80,1031.6,791.2,1031.6,2171.2,4111.6,2406.6,2407.6,4111.6,2406.6,268.4,532.8,522.8,5308,1808.8,5228,13828,1799.8,1031.6,13020,0x60C0C38E
313,0,31979,31.979,0,0,OK,4619.2,4619.2,4619.2,4619.2,4619.2,4619.2,4619.2,4619.2,4619.2,0.00,4619.2,4619.2,4619.2,0.80,1031.6,791.2,1031.6,2171.2,4111.6,2406.6,2407.6,4111.6,2406.6,268.4,262.4,532.8,7912,2049.2,5128,16432,1809.8,1292.0,5248,0x40F17BC5
314,0,32081,32.081,0,0,OK,4624.2,4619.2,4619.2,4619.2,4619.2,4619.2,4619.2,4619.2,4619.2,0.00,4619.2,4619.2,4619.2,231.76,791.2,791.2,1031.6,4105.6,4110.6,2406.6,4111.6,4110.6,2406.6,769.2,512.8,262.4,7812,2049.2,5128,16632,1809.8,1292.0,23136,0x96DB70B4
315,0,32182,32.182,0,0,OK,4623.2,4619.2,4619.2,4619.2,4619.2,4619.2,4619.2,4619.2,4619.2,0.00,4619.2,4619.2,4619.2,231.76,1031.6,1031.6,791.2,2171.2,2407.6,4111.6,2406.6,2407.6,4111.6,267.4,272.4,512.8,7712,1558.4,5228,16532,2060.2,791.2,7852,0x25A8FE89
316,0,32284,32.284,0,0,OK,4624.2,4619.2,4619.2,4619.2,4619.2,4619.2,4619.2,4619.2,4619.2,0.00,4619.2,4619.2,4619.2,0.80,1031.6,1031.6,791.2,2171.2,2407.6,4111.6,2406.6,2407.6,4111.6,768.2,512.8,522.8,5308,1558.4,5328,16432,1799.8,1292.0,12820,0xCED42320
317,0,32386,32.386,0,0,OK,4623.2,4619.2,4619.2,4619.2,4619.2,4619.2,4619.2,4619.2,4619.2,0.00,4619.2,4619.2,4619.2,232.76,791.2,791.2,791.2,4105.6,4110.6,4110.6,4110.6,4110.6,4110.6,527.8,272.4,512.8,10316,1808.8,5328,19136,1809.8,1041.6,7912,0xE66A6F28
318,0,32487,32.487,0,0,OK,4628.2,4619.2,4619.2,4619.2,4619.2,4619.2,4619.2,4619.2,4619.2,0.00,4619.2,4619.2,4619.2,0.80,1031.6,1031.6,1031.6,2171.2,2407.6,2407.6,2407.6,2407.6,2407.6,528.8,272.4,272.4,10316,1558.4,2724,21540,2060.2,1282.0,7852,0xF7353A94
319,0,32589,32.589,0,0,OK,4622.2,4619.2,4619.2,4619.2,4619.2,4619.2,4619.2,4619.2,4619.2,0.00,4619.2,4619.2,4619.2,0.80,1031.6,791.2,1031.6,2171.2,4111.6,2406.6,2407.6,4111.6,2406.6,769.2,512.8,512.8,10316,2049.2,5128,16632,1799.8,1041.6,23236,0xFBE242EF
320,0,32690,32.690,0,0,OK,4620.2,4619.2,4619.2,4619.2,4619.2,4619.2,4619.2,4619.2,4619.2,0.00,4619.2,4619.2,4619.2,232.76,791.2,1031.6,791.2,4105.6,2406.6,4111.6,4110.6,2406.6,4111.6,277.4,522.8,522.8,7912,2049.2,5228,13928,1559.4,1292.0,5148,0x700029CE
321,0,32792,32.792,0,0,OK,4622.2,4619.2,4619.2,4619.2,4619.2,4619.2,4619.2,4619.2,4619.2,0.00,4619.2,4619.2,4619.2,232.76,791.2,1031.6,1031.6,4105.6,2406.6,2407.6,4111.6,2406.6,2407.6,528.8,272.4,522.8,7912,1798.8,2724,14028,1559.4,1292.0,40,0x371A4539
322,0,32894,32.894,0,0,OK,4625.2,4619.2,4619.2,4619.2,4619.2,4619.2,4619.2,4619.2,4619.2,0.00,4619.2,4619.2,4619.2,232.76,1031.6,1031.6,791.2,2171.2,2407.6,4111.6,2406.6,2407.6,4111.6,277.4,272.4,512.8,7712,1808.8,2724,16432,2060.2,1292.0,10456,0xAC6B38BA
323,0,32995,32.995,0,0,OK,4622.2,4619.2,4619.2,4619.2,4619.2,4619.2,4619.2,4619.2,4619.2,0.00,4619.2,4619.2,4619.2,231.76,791.2,1031.6,791.2,4105.6,2406.6,4111.6,4110.6,2406.6,4111.6,267.4,532.8,532.8,7712,2059.2,5128,19136,2060.2,1292.0,40,0x061ED020
324,0,33097,33.097,0,0,OK,4627.2,4619.2,4619.2,4619.2,4619.2,4619.2,4619.2,4619.2,4619.2,0.00,4619.2,4619.2,4619.2,231.76,1031.6,791.2,1031.6,2171.2,4111.6,2406.6,2407.6,4111.6,2406.6,268.4,522.8,272.4,10316,2049.2,5328,11424,1559.4,791.2,10316,0x6B81AD5E
325,0,33199,33.199,0,0,OK,4622.2,4619.2,4619.2,4619.2,4619.2,4619.2,4619.2,4619.2,4619.2,0.00,4619.2,4619.2,4619.2,0.80,791.2,1031.6,1031.6,4105.6,2406.6,2407.6,4111.6,2406.6,2407.6,278.4,512.8,512.8,7812,1798.8,5128,16632,1799.8,1041.6,12820,0x44D6BAD9
326,0,33300,33.300,0,0,OK,4620.2,4619.2,4619.2,4619.2,4619.2,4619.2,4619.2,4619.2,4619.2,0.00,4619.2,4619.2,4619.2,231.76,1031.6,791.2,1031.6,2171.2,4111.6,2406.6,2407.6,4111.6,2406.6,278.4,272.4,532.8,5308,2059.2,5228,16432,2050.2,1292.0,12860,0xB9A2A7A1
327,0,33402,33.402,0,0,OK,4628.2,4619.2,4619.2,4619.2,4619.2,4619.2,4619.2,4619.2,4619.2,0.00,4619.2,4619.2,4619.2,231.76,1031.6,1031.6,1031.6,2171.2,2407.6,2407.6,2407.6,2407.6,2407.6,528.8,262.4,522.8,7912,2049.2,5328,16632,1809.8,1292.0,7752,0xA2039342
328,0,33503,33.503,0,0,OK,4627.2,4619.2,4619.2,4619.2,4619.2,4619.2,4619.2,4619.2,4619.2,0.00,4619.2,4619.2,4619.2,231.76,1031.6,791.2,1031.6,2171.2,4111.6,2406.6,2407.6,4111.6,2406.6,268.4,522.8,272.4,7712,1808.8,2724,13828,2050.2,1282.0,18128,0x95044A4C
329,0,33605,33.605,0,0,OK,4624.2,4619.2,4619.2,4619.2,4619.2,4619.2,4619.2,4619.2,4619.2,0.00,4619.2,4619.2,4619.2,0.80,1031.6,1031.6,791.2,2171.2,2407.6,4111.6,2406.6,2407.6,4111.6,277.4,532.8,272.4,7812,1558.4,5228,19136,1799.8,1031.6,18028,0xF23EC19C
330,0,33707,33.707,0,0,OK,4627.2,4619.2,4619.2,4619.2,4619.2,4619.2,4619.2,4619.2,4619.2,0.00,4619.2,4619.2,4619.2,231.76,1031.6,791.2,1031.6,2171.2,4111.6,2406.6,2407.6,4111.6,2406.6,268.4,522.8,532.8,10316,1798.8,2724,11424,2050.2,791.2,140,0xE2969AE7
331,0,33808,33.808,0,0,OK,4626.2,4619.2,4619.2,4619.2,4619.2,4619.2,4619.2,4619.2,4619.2,0.00,4619.2,4619.2,4619.2,232.76,1031.6,791.2,1031.6,2171.2,4111.6,2406.6,2407.6,4111.6,2406.6,268.4,512.8,532.8,5308,1558.4,5328,19036,1809.8,791.2,12820,0xB1345E59
332,0,33910,33.910,0,0,OK,4621.2,4619.2,4619.2,4619.2,4619.2,4619.2,4619.2,4619.2,4619.2,0.00,4619.2,4619.2,4619.2,231.76,1031.6,1031.6,1031.6,2171.2,2407.6,2407.6,2407.6,2407.6,2407.6,518.8,522.8,522.8,7812,2059.2,2624,21540,2050.2,1041.6,23236,0x6B52B846
333,0,34012,34.012,0,0,OK,4627.2,4619.2,4619.2,4619.2,4619.2,4619.2,4619.2,4619.2,4619.2,0.00,4619.2,4619.2,4619.2,0.80,1031.6,791.2,791.2,2171.2,4111.6,4110.6,2406.6,4111.6,4110.6,267.4,262.4,512.8,5308,2059.2,2624,14028,1799.8,791.2,12920,0x37034C5B
334,0,34113,34.113,0,0,OK,4624.2,4619.2,4619.2,4619.2,4619.2,4619.2,4619.2,4619.2,4619.2,0.00,4619.2,4619.2,4619.2,232.76,1031.6,791.2,1031.6,2171.2,4111.6,2406.6,2407.6,4111.6,2406.6,769.2,522.8,532.8,7712,2059.2,5128,14028,2060.2,1282.0,20732,0x80C7A811
335,0,34215,34.215,0,0,OK,4628.2,4619.2,4619.2,4619.2,4619.2,4619.2,4619.2,4619.2,4619.2,0.00,4619.2,4619.2,4619.2,232.76,1031.6,1031.6,791.2,2171.2,2407.6,4111.6,2406.6,2407.6,4111.6,277.4,532.8,532.8,7812,1798.8,5228,21540,2060.2,791.2,2644,0x46F919C7
336,0,34317,34.317,0,0,OK,4623.2,4619.2,4619.2,4619.2,4619.2,4619.2,4619.2,4619.2,4619.2,0.00,4619.2,4619.2,4619.2,232.76,791.2,1031.6,791.2,4105.6,2406.6,4111.6,4110.6,2406.6,4111.6,527.8,532.8,262.4,7812,1558.4,2624,19036,1809.8,791.2,2644,0xA568D7AF
337,0,34418,34.418,0,0,OK,4619.2,4619.2,4619.2,4619.2,4619.2,4619.2,4619.2,4619.2,4619.2,0.00,4619.2,4619.2,4619.2,0.80,791.2,1031.6,791.2,4105.6,2406.6,4111.6,4110.6,2406.6,4111.6,527.8,262.4,522.8,10316,1798.8,2624,13828,2060.2,1292.0,5348,0x8DC5B284
338,0,34520,34.520,0,0,OK,4619.2,4619.2,4619.2,4619.2,4619.2,4619.2,4619.2,4619.2,4619.2,0.00,4619.2,4619.2,4619.2,232.76,1031.6,791.2,1031.6,2171.2,4111.6,2406.6,2407.6,4111.6,2406.6,769.2,512.8,522.8,5308,1558.4,2624,14028,1809.8,791.2,5148,0xD7DD8EEE
339,0,34622,34.622,0,0,OK,4624.2,4619.2,4619.2,4619.2,4619.2,4619.2,4619.2,4619.2,4619.2,0.00,4619.2,4619.2,4619.2,232.76,1031.6,791.2,791.2,2171.2,4111.6,4110.6,2406.6,4111.6,4110.6,277.4,532.8,522.8,10316,2049.2,2624,16432,2060.2,1292.0,10356,0x669D12C1
340,0,34723,34.723,0,0,OK,4619.2,4619.2,4619.2,4619.2,4619.2,4619.2,4619.2,4619.2,4619.2,0.00,4619.2,4619.2,4619.2,232.76,1031.6,1031.6,1031.6,2171.2,2407.6,2407.6,2407.6,2407.6,2407.6,518.8,272.4,532.8,7912,2059.2,2624,14028,1799.8,1292.0,12820,0x89A24254
341,0,34825,34.825,0,0,OK,4619.2,4619.2,4619.2,4619.2,4619.2,4619.2,4619.2,4619.2,4619.2,0.00,4619.2,4619.2,4619.2,232.76,1031.6,1031.6,791.2,2171.2,2407.6,4111.6,2406.6,2407.6,4111.6,768.2,512.8,512.8,7912,2059.2,2724,14028,1559.4,1292.0,10456,0x8238E17A
342,0,34926,34.926,0,0,OK,4627.2,4619.2,4619.2,4619.2,4619.2,4619.2,4619.2,4619.2,4619.2,0.00,4619.2,4619.2,4619.2,232.76,791.2,791.2,1031.6,4105.6,4110.6,2406.6,4111.6,4110.6,2406.6,278.4,512.8,522.8,10316,1798.8,5228,16432,1809.8,1282.0,40,0x25D456DF
343,0,35028,35.028,0,0,OK,4622.2,4619.2,4619.2,4619.2,4619.2,4619.2,4619.2,4619.2,4619.2,0.00,4619.2,4619.2,4619.2,0.80,791.2,791.2,1031.6,4105.6,4110.6,2406.6,4111.6,4110.6,2406.6,268.4,522.8,262.4,7912,1798.8,2624,16432,1559.4,1031.6,240,0x1303D423
344,0,35130,35.130,0,0,OK,4627.2,4619.2,4619.2,4619.2,4619.2,4619.2,4619.2,4619.2,4619.2,0.00,4619.2,4619.2,4619.2,231.76,791.2,791.2,791.2,4105.6,4110.6,4110.6,4110.6,4110.6,4110.6,517.8,532.8,512.8,5308,1808.8,5128,14028,2050.2,1292.0,2744,0xCBE5765D
345,0,35231,35.231,0,0,OK,4627.2,4619.2,4619.2,4619.2,4619.2,4619.2,4619.2,4619.2,4619.2,0.00,4619.2,4619.2,4619.2,232.76,1031.6,791.2,791.2,2171.2,4111.6,4110.6,2406.6,4111.6,4110.6,768.2,522.8,512.8,5308,2059.2,5228,16432,1559.4,1292.0,18028,0x18F31D35
346,0,35333,35.333,0,0,OK,4622.2,4619.2,4619.2,4619.2,4619.2,4619.2,4619.2,4619.2,4619.2,0.00,4619.2,4619.2,4619.2,231.76,791.2,791.2,791.2,4105.6,4110.6,4110.6,4110.6,4110.6,4110.6,277.4,272.4,272.4,10316,1558.4,5228,19136,1559.4,791.2,7852,0x76A27D52
347,0,35434,35.434,0,0,OK,4619.2,4619.2,4619.2,4619.2,4619.2,4619.2,4619.2,4619.2,4619.2,0.00,4619.2,4619.2,4619.2,0.80,1031.6,791.2,1031.6,2171.2,4111.6,2406.6,2407.6,4111.6,2406.6,528.8,532.8,262.4,5308,1808.8,5228,19136,1799.8,1031.6,20632,0xB7C4B89E
348,0,35536,35.536,0,0,OK,4622.2,4619.2,4619.2,4619.2,4619.2,4619.2,4619.2,4619.2,4619.2,0.00,4619.2,4619.2,4619.2,0.80,1031.6,791.2,1031.6,2171.2,4111.6,2406.6,2407.6,4111.6,2406.6,528.8,512.8,532.8,10316,1808.8,5228,16632,1799.8,1031.6,12920,0x7CB69C1E
349,0,35637,35.637,0,0,OK,4624.2,4619.2,4619.2,4619.2,4619.2,4619.2,4619.2,4619.2,4619.2,0.00,4619.2,4619.2,4619.2,231.76,1031.6,1031.6,791.2,2171.2,2407.6,4111.6,2406.6,2407.6,4111.6,517.8,512.8,262.4,7812,1798.8,2624,13828,2050.2,1031.6,12920,0xD3697B34
350,0,35739,35.739,0,0,OK,4627.2,4619.2,4619.2,4619.2,4619.2,4619.2,4619.2,4619.2,4619.2,0.00,4619.2,4619.2,4619.2,231.76,1031.6,1031.6,791.2,2171.2,2407.6,4111.6,2406.6,2407.6,4111.6,277.4,532.8,512.8,7812,1558.4,2624,13928,1559.4,1031.6,5148,0xC2E2CCD7
351,0,35841,35.841,0,0,OK,4626.2,4619.2,4619.2,4619.2,4619.2,4619.2,4619.2,4619.2,4619.2,0.00,4619.2,4619.2,4619.2,0.80,791.2,791.2,791.2,4105.6,4110.6,4110.6,4110.6,4110.6,4110.6,517.8,512.8,512.8,7912,1558.4,5128,13928,1809.8,791.2,7852,0x075219CD
352,0,35942,35.942,0,0,OK,4621.2,4619.2,4619.2,4619.2,4619.2,4619.2,4619.2,4619.2,4619.2,0.00,4619.2,4619.2,4619.2,0.80,1031.6,791.2,1031.6,2171.2,4111.6,2406.6,2407.6,4111.6,2406.6,278.4,532.8,262.4,7812,2049.2,5328,11424,2060.2,1292.0,40,0x8504BDF6
353,0,36044,36.044,0,0,OK,4625.2,4619.2,4619.2,4619.2,4619.2,4619.2,4619.2,4619.2,4619.2,0.00,4619.2,4619.2,4619.2,232.76,791.2,1031.6,791.2,4105.6,2406.6,4111.6,4110.6,2406.6,4111.6,267.4,272.4,262.4,5308,1558.4,5328,14028,1809.8,1041.6,40,0x5D02E960
354,0,36145,36.145,0,0,OK,4628.2,4619.2,4619.2,4619.2,4619.2,4619.2,4619.2,4619.2,4619.2,0.00,4619.2,4619.2,4619.2,232.76,1031.6,791.2,1031.6,2171.2,4111.6,2406.6,2407.6,4111.6,2406.6,518.8,512.8,262.4,10316,1808.8,5228,21540,1809.8,791.2,7752,0xB91A3ABC
355,0,36247,36.247,0,0,OK,4623.2,4619.2,4619.2,4619.2,4619.2,4619.2,4619.2,4619.2,4619.2,0.00,4619.2,4619.2,4619.2,232.76,1031.6,1031.6,1031.6,2171.2,2407.6,2407.6,2407.6,2407.6,2407.6,528.8,532.8,522.8,10316,1798.8,5128,11424,2050.2,1282.0,5148,0xCCD46CDC
356,0,36349,36.349,0,0,OK,4627.2,4619.2,4619.2,4619.2,4619.2,4619.2,4619.2,4619.2,4619.2,0.00,4619.2,4619.2,4619.2,231.76,1031.6,791.2,1031.6,2171.2,4111.6,2406.6,2407.6,4111.6,2406.6,528.8,532.8,532.8,7812,1808.8,5128,13828,1799.8,791.2,15524,0x08EC75FF
357,0,36450,36.450,0,0,OK,4624.2,4619.2,4619.2,4619.2,4619.2,4619.2,4619.2,4619.2,4619.2,0.00,4619.2,4619.2,4619.2,231.76,791.2,791.2,1031.6,4105.6,4110.6,2406.6,4111.6,4110.6,2406.6,528.8,512.8,532.8,10316,2059.2,2724,11424,2050.2,791.2,10416,0x73103BE7
358,0,36552,36.552,0,0,OK,4626.2,4619.2,4619.2,4619.2,4619.2,4619.2,4619.2,4619.2,4619.2,0.00,4619.2,4619.2,4619.2,231.76,1031.6,1031.6,791.2,2171.2,2407.6,4111.6,2406.6,2407.6,4111.6,517.8,512.8,512.8,7712,1798.8,5228,19036,1559.4,1292.0,20532,0xFAB7D943
359,0,36653,36.653,0,0,OK,4619.2,4619.2,4619.2,4619.2,4619.2,4619.2,4619.2,4619.2,4619.2,0.00,4619.2,4619.2,4619.2,231.76,791.2,791.2,791.2,4105.6,4110.6,4110.6,4110.6,4110.6,4110.6,277.4,512.8,512.8,7812,2049.2,2624,19136,1809.8,1041.6,20732,0xA218F895
360,0,36755,36.755,0,0,OK,4621.2,4619.2,4619.2,4619.2,4619.2,4619.2,4619.2,4619.2,4619.2,0.00,4619.2,4619.2,4619.2,231.76,791.2,1031.6,791.2,4105.6,2406.6,4111.6,4110.6,2406.6,4111.6,267.4,272.4,512.8,10316,2059.2,2624,11424,1559.4,791.2,15424,0x5BBF147D
361,0,36857,36.857,0,0,OK,4628.2,4619.2,4619.2,4619.2,4619.2,4619.2,4619.2,4619.2,4619.2,0.00,4619.2,4619.2,4619.2,231.76,1031.6,1031.6,791.2,2171.2,2407.6,4111.6,2406.6,2407.6,4111.6,768.2,262.4,512.8,7912,1558.4,5228,14028,1559.4,1282.0,23136,0x1BF06F47
362,0,36958,36.958,0,0,OK,4623.2,4619.2,4619.2,4619.2,4619.2,4619.2,4619.2,4619.2,4619.2,0.00,4619.2,4619.2,4619.2,0.80,1031.6,1031.6,1031.6,2171.2,2407.6,2407.6,2407.6,2407.6,2407.6,769.2,522.8,272.4,10316,1798.8,5328,16632,1799.8,1282.0,20532,0x9DA6A3CA
363,0,37060,37.060,0,0,OK,4620.2,4619.2,4619.2,4619.2,4619.2,4619.2,4619.2,4619.2,4619.2,0.00,4619.2,4619.2,4619.2,231.76,791.2,791.2,791.2,4105.6,4110.6,4110.6,4110.6,4110.6,4110.6,267.4,532.8,522.8,5308,2059.2,2724,14028,2060.2,1031.6,20632,0xF2559596
364,0,37161,37.161,0,0,OK,4619.2,4619.2,4619.2,4619.2,4619.2,4619.2,4619.2,4619.2,4619.2,0.00,4619.2,4619.2,4619.2,231.76,791.2,1031.6,791.2,4105.6,2406.6,4111.6,4110.6,2406.6,4111.6,277.4,522.8,272.4,5308,1558.4,2624,14028,2060.2,791.2,15524,0x361BF630
365,0,37263,37.263,0,0,OK,4622.2,4619.2,4619.2,4619.2,4619.2,4619.2,4619.2,4619.2,4619.2,0.00,4619.2,4619.2,4619.2,231.76,791.2,1031.6,1031.6,4105.6,2406.6,2407.6,4111.6,2406.6,2407.6,528.8,532.8,512.8,10316,2059.2,5128,16532,2060.2,791.2,12920,0x09166E81
366,0,37365,37.365,0,0,OK,4626.2,4619.2,4619.2,4619.2,4619.2,4619.2,4619.2,4619.2,4619.2,0.00,4619.2,4619.2,4619.2,232.76,791.2,1031.6,1031.6,4105.6,2406.6,2407.6,4111.6,2406.6,2407.6,268.4,512.8,512.8,7712,1798.8,5128,19036,1799.8,1031.6,10316,0xB143FEBA
367,0,37466,37.466,0,0,OK,4621.2,4619.2,4619.2,4619.2,4619.2,4619.2,4619.2,4619.2,4619.2,0.00,4619.2,4619.2,4619.2,0.80,791.2,791.2,791.2,4105.6,4110.6,4110.6,4110.6,4110.6,4110.6,527.8,272.4,532.8,7712,2049.2,5328,16532,2050.2,1041.6,10316,0x647C8642
368,0,37568,37.568,0,0,OK,4625.2,4619.2,4619.2,4619.2,4619.2,4619.2,4619.2,4619.2,4619.2,0.00,4619.2,4619.2,4619.2,232.76,791.2,1031.6,791.2,4105.6,2406.6,4111.6,4110.6,2406.6,4111.6,267.4,272.4,512.8,10316,2059.2,5228,13828,2050.2,791.2,10256,0x376125FE
369,0,37669,37.669,0,0,OK,4619.2,4619.2,4619.2,4619.2,4619.2,4619.2,4619.2,4619.2,4619.2,0.00,4619.2,4619.2,4619.2,231.76,791.2,1031.6,791.2,4105.6,2406.6,4111.6,4110.6,2406.6,4111.6,517.8,512.8,522.8,5308,1808.8,5228,19036,1559.4,1041.6,20532,0x27726038
370,0,37771,37.771,0,0,OK,4624.2,4619.2,4619.2,4619.2,4619.2,4619.2,4619.2,4619.2,4619.2,0.00,4619.2,4619.2,4619.2,231.76,791.2,1031.6,1031.6,4105.6,2406.6,2407.6,4111.6,2406.6,2407.6,769.2,272.4,272.4,7912,2049.2,5328,16432,1559.4,1041.6,140,0xAB8DB18B
371,0,37872,37.872,0,0,OK,4621.2,4619.2,4619.2,4619.2,4619.2,4619.2,4619.2,4619.2,4619.2,0.00,4619.2,4619.2,4619.2,0.80,1031.6,791.2,791.2,2171.2,4111.6,4110.6,2406.6,4111.6,4110.6,768.2,512.8,272.4,7912,2059.2,2624,19036,2060.2,1282.0,2744,0xE3028B0F
372,0,37974,37.974,0,0,OK,4621.2,4619.2,4619.2,4619.2,4619.2,4619.2,4619.2,4619.2,4619.2,0.00,4619.2,4619.2,4619.2,231.76,1031.6,1031.6,791.2,2171.2,2407.6,4111.6,2406.6,2407.6,4111.6,527.8,262.4,512.8,7912,2059.2,5328,19036,2050.2,791.2,7752,0xF7B6A21C
373,0,38076,38.076,0,0,OK,4625.2,4619.2,4619.2,4619.2,4619.2,4619.2,4619.2,4619.2,4619.2,0.00,4619.2,4619.2,4619.2,232.76,1031.6,1031.6,791.2,2171.2,2407.6,4111.6,2406.6,2407.6,4111.6,527.8,262.4,512.8,7712,2049.2,5328,16532,1809.8,1282.0,15424,0x89C22CE2
374,0,38177,38.177,0,0,OK,4628.2,4619.2,4619.2,4619.2,4619.2,4619.2,4619.2,4619.2,4619.2,0.00,4619.2,4619.2,4619.2,231.76,1031.6,791.2,1031.6,2171.2,4111.6,2406.6,2407.6,4111.6,2406.6,518.8,272.4,512.8,5308,1558.4,2724,11424,1799.8,1282.0,10356,0x89D8F134
375,0,38279,38.279,0,0,OK,4628.2,4619.2,4619.2,4619.2,4619.2,4619.2,4619.2,4619.2,4619.2,0.00,4619.2,4619.2,4619.2,232.76,791.2,791.2,1031.6,4105.6,4110.6,2406.6,4111.6,4110.6,2406.6,518.8,272.4,532.8,7712,1558.4,2724,16432,2050.2,1282.0,23136,0x28F0B7DA
376,0,38380,38.380,0,0,OK,4628.2,4619.2,4619.2,4619.2,4619.2,4619.2,4619.2,4619.2,4619.2,0.00,4619.2,4619.2,4619.2,0.80,791.2,1031.6,791.2,4105.6,2406.6,4111.6,4110.6,2406.6,4111.6,277.4,522.8,272.4,7712,2049.2,2724,13828,2060.2,1282.0,5348,0x1C4E113A
377,0,38482,38.482,0,0,OK,4624.2,4619.2,4619.2,4619.2,4619.2,4619.2,4619.2,4619.2,4619.2,0.00,4619.2,4619.2,4619.2,232.76,1031.6,1031.6,791.2,2171.2,2407.6,4111.6,2406.6,2407.6,4111.6,277.4,262.4,522.8,7912,2059.2,2724,19136,2050.2,1282.0,20532,0x5A61489A
378,0,38584,38.584,0,0,OK,4624.2,4619.2,4619.2,4619.2,4619.2,4619.2,4619.2,4619.2,4619.2,0.00,4619.2,4619.2,4619.2,231.76,1031.6,791.2,791.2,2171.2,4111.6,4110.6,2406.6,4111.6,4110.6,277.4,272.4,522.8,10316,2059.2,5228,19136,1799.8,1041.6,23236,0xB69DF5CE
379,0,38685,38.685,0,0,OK,4620.2,4619.2,4619.2,4619.2,4619.2,4619.2,4619.2,4619.2,4619.2,0.00,4619.2,4619.2,4619.2,232.76,1031.6,1031.6,791.2,2171.2,2407.6,4111.6,2406.6,2407.6,4111.6,768.2,262.4,512.8,10316,2049.2,5328,11424,2060.2,1041.6,20732,0x8A6B3EC3
380,0,38787,38.787,0,0,OK,4620.2,4619.2,4619.2,4619.2,4619.2,4619.2,4619.2,4619.2,4619.2,0.00,4619.2,4619.2,4619.2,232.76,1031.6,791.2,1031.6,2171.2,4111.6,2406.6,2407.6,4111.6,2406.6,528.8,532.8,512.8,7712,1558.4,2724,19036,1799.8,1282.0,10356,0x369726E5
381,0,38888,38.888,0,0,OK,4622.2,4619.2,4619.2,4619.2,4619.2,4619.2,4619.2,4619.2,4619.2,0.00,4619.2,4619.2,4619.2,231.76,1031.6,791.2,1031.6,2171.2,4111.6,2406.6,2407.6,4111.6,2406.6,518.8,262.4,532.8,5308,1558.4,5328,16532,1559.4,1031.6,140,0x0C34B9BD
382,0,38990,38.990,0,0,OK,4627.2,4619.2,4619.2,4619.2,4619.2,4619.2,4619.2,4619.2,4619.2,0.00,4619.2,4619.2,4619.2,232.76,1031.6,791.2,791.2,2171.2,4111.6,4110.6,2406.6,4111.6,4110.6,517.8,512.8,532.8,10316,1558.4,2624,11424,1799.8,791.2,20732,0xA18522E4
383,0,39091,39.091,0,0,OK,4627.2,4619.2,4619.2,4619.2,4619.2,4619.2,4619.2,4619.2,4619.2,0.00,4619.2,4619.2,4619.2,0.80,791.2,1031.6,791.2,4105.6,2406.6,4111.6,4110.6,2406.6,4111.6,267.4,262.4,272.4,7712,1808.8,5128,21540,1809.8,1031.6,7752,0x65975AB2
384,0,39193,39.193,0,0,OK,4620.2,4619.2,4619.2,4619.2,4619.2,4619.2,4619.2,4619.2,4619.2,0.00,4619.2,4619.2,4619.2,231.76,791.2,1031.6,1031.6,4105.6,2406.6,2407.6,4111.6,2406.6,2407.6,769.2,272.4,522.8,7712,2049.2,5128,14028,1809.8,1282.0,7912,0x08294E1B
385,0,39295,39.295,0,0,OK,4623.2,4619.2,4619.2,4619.2,4619.2,4619.2,4619.2,4619.2,4619.2,0.00,4619.2,4619.2,4619.2,231.76,1031.6,791.2,791.2,2171.2,4111.6,4110.6,2406.6,4111.6,4110.6,267.4,512.8,262.4,7912,1808.8,5228,19136,1559.4,791.2,15424,0x5E42F862
386,0,39396,39.396,0,0,OK,4628.2,4619.2,4619.2,4619.2,4619.2,4619.2,4619.2,4619.2,4619.2,0.00,4619.2,4619.2,4619.2,232.76,1031.6,1031.6,1031.6,2171.2,2407.6,2407.6,2407.6,2407.6,2407.6,278.4,522.8,532.8,7712,1808.8,5228,13928,2060.2,1292.0,240,0x2B8808D9
387,0,39498,39.498,0,0,OK,4628.2,4619.2,4619.2,4619.2,4619.2,4619.2,4619.2,4619.2,4619.2,0.00,4619.2,4619.2,4619.2,232.76,791.2,1031.6,1031.6,4105.6,2406.6,2407.6,4111.6,2406.6,2407.6,769.2,512.8,522.8,7712,2059.2,2624,19036,2050.2,1041.6,40,0xFB7F43D5
388,0,39599,39.599,0,0,OK,4619.2,4619.2,4619.2,4619.2,4619.2,4619.2,4619.2,4619.2,4619.2,0.00,4619.2,4619.2,4619.2,231.76,791.2,1031.6,1031.6,4105.6,2406.6,2407.6,4111.6,2406.6,2407.6,518.8,272.4,522.8,7812,1558.4,2724,11424,1559.4,1292.0,20632,0x2360639F
389,0,39701,39.701,0,0,OK,4620.2,4619.2,4619.2,4619.2,4619.2,4619.2,4619.2,4619.2,4619.2,0.00,4619.2,4619.2,4619.2,0.80,791.2,791.2,1031.6,4105.6,4110.6,2406.6,4111.6,4110.6,2406.6,769.2,532.8,532.8,7812,1798.8,2624,19136,1559.4,1031.6,7912,0xCE95A677
390,0,39802,39.802,0,0,OK,4620.2,4619.2,4619.2,4619.2,4619.2,4619.2,4619.2,4619.2,4619.2,0.00,4619.2,4619.2,4619.2,0.80,791.2,791.2,1031.6,4105.6,4110.6,2406.6,4111.6,4110.6,2406.6,518.8,512.8,512.8,7712,2059.2,2624,16432,1799.8,1031.6,240,0xC5374BF7
391,0,39904,39.904,0,0,OK,4619.2,4619.2,4619.2,4619.2,4619.2,4619.2,4619.2,4619.2,4619.2,0.00,4619.2,4619.2,4619.2,0.80,1031.6,1031.6,791.2,2171.2,2407.6,4111.6,2406.6,2407.6,4111.6,527.8,262.4,512.8,7812,2049.2,2724,13828,2060.2,1031.6,17928,0xA933C487
392,0,40006,40.006,0,0,OK,4622.2,4619.2,4619.2,4619.2,4619.2,4619.2,4619.2,4619.2,4619.2,0.00,4619.2,4619.2,4619.2,232.76,1031.6,791.2,791.2,2171.2,4111.6,4110.6,2406.6,4111.6,4110.6,267.4,532.8,262.4,7812,2049.2,2624,16432,1809.8,1031.6,23236,0x6523A30E
393,0,40107,40.107,0,0,OK,4626.2,4619.2,4619.2,4619.2,4619.2,4619.2,4619.2,4619.2,4619.2,0.00,4619.2,4619.2,4619.2,0.80,791.2,791.2,791.2,4105.6,4110.6,4110.6,4110.6,4110.6,4110.6,768.2,532.8,262.4,7912,1558.4,2724,11424,2050.2,791.2,10356,0x9233A2B5
394,0,40209,40.209,0,0,OK,4624.2,4619.2,4619.2,4619.2,4619.2,4619.2,4619.2,4619.2,4619.2,0.00,4619.2,4619.2,4619.2,0.80,1031.6,791.2,791.2,2171.2,4111.6,4110.6,2406.6,4111.6,4110.6,517.8,532.8,522.8,7912,1808.8,2624,16532,2060.2,1041.6,15524,0x73AB94E0
395,0,40310,40.310,0,0,OK,4625.2,4619.2,4619.2,4619.2,4619.2,4619.2,4619.2,4619.2,4619.2,0.00,4619.2,4619.2,4619.2,232.76,791.2,1031.6,1031.6,4105.6,2406.6,2407.6,4111.6,2406.6,2407.6,268.4,262.4,272.4,10316,1558.4,5328,13828,1799.8,1282.0,15524,0xEFDBE730
396,0,40412,40.412,0,0,OK,4622.2,4619.2,4619.2,4619.2,4619.2,4619.2,4619.2,4619.2,4619.2,0.00,4619.2,4619.2,4619.2,231.76,1031.6,791.2,1031.6,2171.2,4111.6,2406.6,2407.6,4111.6,2406.6,528.8,512.8,532.8,7912,1558.4,2624,16632,2060.2,1031.6,12820,0x76A0D023
397,0,40514,40.514,0,0,OK,4625.2,4619.2,4619.2,4619.2,4619.2,4619.2,4619.2,4619.2,4619.2,0.00,4619.2,4619.2,4619.2,232.76,791.2,791.2,791.2,4105.6,4110.6,4110.6,4110.6,4110.6,4110.6,768.2,262.4,262.4,7712,2049.2,2724,19136,2050.2,1292.0,23136,0xAD311C06
398,0,40615,40.615,0,0,OK,4624.2,4619.2,4619.2,4619.2,4619.2,4619.2,4619.2,4619.2,4619.2,0.00,4619.2,4619.2,4619.2,232.76,791.2,1031.6,1031.6,4105.6,2406.6,2407.6,4111.6,2406.6,2407.6,268.4,532.8,512.8,7812,2049.2,5228,16432,2060.2,1292.0,17928,0xD93FDD84
399,0,40717,40.717,0,0,OK,4619.2,4619.2,4619.2,4619.2,4619.2,4619.2,4619.2,4619.2,4619.2,0.00,4619.2,4619.2,4619.2,231.76,1031.6,1031.6,1031.6,2171.2,2407.6,2407.6,2407.6,2407.6,2407.6,528.8,522.8,512.8,10316,2049.2,5228,16432,2060.2,1282.0,15524,0xEEEAF9DD
400,0,40818,40.818,0,0,OK,4622.2,4619.2,4619.2,4619.2,4619.2,4619.2,4619.2,4619.2,4619.2,0.00,4619.2,4619.2,4619.2,232.76,791.2,791.2,791.2,4105.6,4110.6,4110.6,4110.6,4110.6,4110.6,267.4,522.8,512.8,7912,2059.2,2624,13928,1559.4,1282.0,5148,0x82F39D9F
401,0,40920,40.920,0,0,OK,4623.2,4619.2,4619.2,4619.2,4619.2,4619.2,4619.2,4619.2,4619.2,0.00,4619.2,4619.2,4619.2,232.76,1031.6,1031.6,1031.6,2171.2,2407.6,2407.6,2407.6,2407.6,2407.6,769.2,512.8,262.4,7712,2049.2,2724,11424,2050.2,1292.0,7912,0xFD32D27C
402,0,41021,41.021,0,0,OK,4622.2,4619.2,4619.2,4619.2,4619.2,4619.2,4619.2,4619.2,4619.2,0.00,4619.2,4619.2,4619.2,0.80,791.2,791.2,791.2,4105.6,4110.6,4110.6,4110.6,4110.6,4110.6,267.4,522.8,532.8,10316,2049.2,5128,13928,2060.2,791.2,23236,0xE6793345
403,0,41123,41.123,0,0,OK,4624.2,4619.2,4619.2,4619.2,4619.2,4619.2,4619.2,4619.2,4619.2,0.00,4619.2,4619.2,4619.2,0.80,791.2,791.2,791.2,4105.6,4110.6,4110.6,4110.6,4110.6,4110.6,768.2,522.8,532.8,10316,2059.2,5128,11424,1809.8,791.2,10416,0x2A0F0711
404,0,41225,41.225,0,0,OK,4622.2,4619.2,4619.2,4619.2,4619.2,4619.2,4619.2,4619.2,4619.2,0.00,4619.2,4619.2,4619.2,231.76,1031.6,791.2,791.2,2171.2,4111.6,4110.6,2406.6,4111.6,4110.6,768.2,522.8,512.8,7812,2049.2,5328,16532,2050.2,791.2,7752,0x006B96F2
405,0,41326,41.326,0,0,OK,4622.2,4619.2,4619.2,4619.2,4619.2,4619.2,4619.2,4619.2,4619.2,0.00,4619.2,4619.2,4619.2,232.76,791.2,791.2,1031.6,4105.6,4110.6,2406.6,4111.6,4110.6,2406.6,769.2,272.4,272.4,5308,2059.2,2624,13828,2060.2,1282.0,2744,0x40256133
406,0,41428,41.428,0,0,OK,4628.2,4619.2,4619.2,4619.2,4619.2,4619.2,4619.2,4619.2,4619.2,0.00,4619.2,4619.2,4619.2,0.80,1031.6,1031.6,1031.6,2171.2,2407.6,2407.6,2407.6,2407.6,2407.6,769.2,512.8,532.8,10316,2059.2,5328,11424,2060.2,1282.0,10256,0x8CAABFC9
407,0,41530,41.530,0,0,OK,4627.2,4619.2,4619.2,4619.2,4619.2,4619.2,4619.2,4619.2,4619.2,0.00,4619.2,4619.2,4619.2,0.80,791.2,1031.6,791.2,4105.6,2406.6,4111.6,4110.6,2406.6,4111.6,277.4,272.4,522.8,10316,1558.4,2624,13928,1799.8,791.2,20732,0x81AE210F
408,0,41631,41.631,0,0,OK,4624.2,4619.2,4619.2,4619.2,4619.2,4619.2,4619.2,4619.2,4619.2,0.00,4619.2,4619.2,4619.2,0.80,791.2,791.2,791.2,4105.6,4110.6,4110.6,4110.6,4110.6,4110.6,527.8,512.8,262.4,7712,2059.2,2724,16432,1799.8,791.2,15524,0x13D396E1
409,0,41733,41.733,0,0,OK,4620.2,4619.2,4619.2,4619.2,4619.2,4619.2,4619.2,4619.2,4619.2,0.00,4619.2,4619.2,4619.2,231.76,1031.6,1031.6,791.2,2171.2,2407.6,4111.6,2406.6,2407.6,4111.6,517.8,522.8,262.4,5308,1808.8,2624,16632,1799.8,1041.6,17928,0xA636E768
410,0,41834,41.834,0,0,OK,4624.2,4619.2,4619.2,4619.2,4619.2,4619.2,4619.2,4619.2,4619.2,0.00,4619.2,4619.2,4619.2,232.76,1031.6,791.2,791.2,2171.2,4111.6,4110.6,2406.6,4111.6,4110.6,527.8,512.8,262.4,10316,2059.2,5128,11424,2060.2,1031.6,10316,0xAF47778A
411,0,41936,41.936,0,0,OK,4620.2,4619.2,4619.2,4619.2,4619.2,4619.2,4619.2,4619.2,4619.2,0.00,4619.2,4619.2,4619.2,232.76,791.2,1031.6,791.2,4105.6,2406.6,4111.6,4110.6,2406.6,4111.6,517.8,532.8,262.4,10316,1558.4,2724,21540,2050.2,1292.0,140,0x6789FD70
412,0,42038,42.038,0,0,OK,4626.2,4619.2,4619.2,4619.2,4619.2,4619.2,4619.2,4619.2,4619.2,0.00,4619.2,4619.2,4619.2,231.76,791.2,791.2,791.2,4105.6,4110.6,4110.6,4110.6,4110.6,4110.6,277.4,272.4,512.8,7912,1558.4,5228,19136,1809.8,1041.6,10416,0x7B42BF04
413,0,42139,42.139,0,0,OK,4626.2,4619.2,4619.2,4619.2,4619.2,4619.2,4619.2,4619.2,4619.2,0.00,4619.2,4619.2,4619.2,0.80,791.2,1031.6,791.2,4105.6,2406.6,4111.6,4110.6,2406.6,4111.6,267.4,522.8,272.4,10316,1798.8,5128,16432,2060.2,1292.0,20732,0x547B1C70
414,0,42241,42.241,0,0,OK,4620.2,4619.2,4619.2,4619.2,4619.2,4619.2,4619.2,4619.2,4619.2,0.00,4619.2,4619.2,4619.2,232.76,1031.6,791.2,1031.6,2171.2,4111.6,2406.6,2407.6,4111.6,2406.6,518.8,272.4,262.4,10316,2059.2,5228,13928,1809.8,1031.6,18128,0xCE241055
415,0,42342,42.342,0,0,OK,4624.2,4619.2,4619.2,4619.2,4619.2,4619.2,4619.2,4619.2,4619.2,0.00,4619.2,4619.2,4619.2,231.76,1031.6,1031.6,1031.6,2171.2,2407.6,2407.6,2407.6,2407.6,2407.6,528.8,522.8,262.4,7912,2059.2,2624,13828,1809.8,1041.6,10256,0x74E57AB3
416,0,42444,42.444,0,0,OK,4628.2,4619.2,4619.2,4619.2,4619.2,4619.2,4619.2,4619.2,4619.2,0.00,4619.2,4619.2,4619.2,0.80,791.2,1031.6,791.2,4105.6,2406.6,4111.6,4110.6,2406.6,4111.6,267.4,272.4,262.4,5308,2059.2,5328,11424,1809.8,1041.6,10456,0xF8FCB2C6
417,0,42546,42.546,0,0,OK,4619.2,4619.2,4619.2,4619.2,4619.2,4619.2,4619.2,4619.2,4619.2,0.00,4619.2,4619.2,4619.2,232.76,1031.6,1031.6,1031.6,2171.2,2407.6,2407.6,2407.6,2407.6,2407.6,518.8,522.8,272.4,7912,2049.2,2724,19136,2050.2,1282.0,10316,0xEC8523BD
418,0,42647,42.647,0,0,OK,4622.2,4619.2,4619.2,4619.2,4619.2,4619.2,4619.2,4619.2,4619.2,0.00,4619.2,4619.2,4619.2,231.76,791.2,1031.6,1031.6,4105.6,2406.6,2407.6,4111.6,2406.6,2407.6,278.4,522.8,272.4,10316,2049.2,5128,13928,1809.8,1282.0,20632,0xB68EBFF8
419,0,42749,42.749,0,0,OK,4626.2,4619.2,4619.2,4619.2,4619.2,4619.2,4619.2,4619.2,4619.2,0.00,4619.2,4619.2,4619.2,232.76,791.2,791.2,1031.6,4105.6,4110.6,2406.6,4111.6,4110.6,2406.6,278.4,272.4,272.4,7812,1558.4,2624,16432,1559.4,791.2,5148,0x570E286B
420,0,42850,42.850,0,0,OK,4619.2,4619.2,4619.2,4619.2,4619.2,4619.2,4619.2,4619.2,4619.2,0.00,4619.2,4619.2,4619.2,231.76,791.2,1031.6,1031.6,4105.6,2406.6,2407.6,4111.6,2406.6,2407.6,278.4,272.4,512.8,7912,1798.8,5128,14028,2060.2,791.2,5348,0x1B9E8BFD
421,0,42952,42.952,0,0,OK,4623.2,4619.2,4619.2,4619.2,4619.2,4619.2,4619.2,4619.2,4619.2,0.00,4619.2,4619.2,4619.2,231.76,791.2,1031.6,1031.6,4105.6,2406.6,2407.6,4111.6,2406.6,2407.6,769.2,272.4,522.8,10316,2059.2,5328,16532,2060.2,791.2,12820,0x9D10AA4D
422,0,43053,43.053,0,0,OK,4626.2,4619.2,4619.2,4619.2,4619.2,4619.2,4619.2,4619.2,4619.2,0.00,4619.2,4619.2,4619.2,231.76,791.2,1031.6,1031.6,4105.6,2406.6,2407.6,4111.6,2406.6,2407.6,769.2,272.4,512.8,7912,1798.8,5328,13828,2060.2,1282.0,20632,0x7EDDD0F1
423,0,43155,43.155,0,0,OK,4623.2,4619.2,4619.2,4619.2,4619.2,4619.2,4619.2,4619.2,4619.2,0.00,4619.2,4619.2,4619.2,232.76,1031.6,791.2,1031.6,2171.2,4111.6,2406.6,2407.6,4111.6,2406.6,528.8,512.8,262.4,7812,2059.2,5328,13828,1799.8,1041.6,17928,0xD79BE219
424,0,43257,43.257,0,0,OK,4621.2,4619.2,4619.2,4619.2,4619.2,4619.2,4619.2,4619.2,4619.2,0.00,4619.2,4619.2,4619.2,232.76,1031.6,791.2,1031.6,2171.2,4111.6,2406.6,2407.6,4111.6,2406.6,528.8,262.4,512.8,7812,1798.8,2724,14028,1809.8,791.2,10456,0x4749AA5C
425,0,43358,43.358,0,0,OK,4622.2,4619.2,4619.2,4619.2,4619.2,4619.2,4619.2,4619.2,4619.2,0.00,4619.2,4619.2,4619.2,0.80,791.2,791.2,791.2,4105.6,4110.6,4110.6,4110.6,4110.6,4110.6,768.2,262.4,532.8,7712,2059.2,5128,21540,1799.8,1282.0,7912,0x43984B8C
426,0,43460,43.460,0,0,OK,4624.2,4619.2,4619.2,4619.2,4619.2,4619.2,4619.2,4619.2,4619.2,0.00,4619.2,4619.2,4619.2,0.80,791.2,791.2,1031.6,4105.6,4110.6,2406.6,4111.6,4110.6,2406.6,769.2,262.4,512.8,10316,1808.8,5128,13928,2060.2,1292.0,20532,0x26209EC9
427,0,43561,43.561,0,0,OK,4625.2,4619.2,4619.2,4619.2,4619.2,4619.2,4619.2,4619.2,4619.2,0.00,4619.2,4619.2,4619.2,0.80,791.2,791.2,1031.6,4105.6,4110.6,2406.6,4111.6,4110.6,2406.6,268.4,272.4,522.8,10316,1808.8,5128,16532,1559.4,1282.0,15524,0xD307C63F
428,0,43663,43.663,0,0,OK,4622.2,4619.2,4619.2,4619.2,4619.2,4619.2,4619.2,4619.2,4619.2,0.00,4619.2,4619.2,4619.2,0.80,1031.6,791.2,1031.6,2171.2,4111.6,2406.6,2407.6,4111.6,2406.6,268.4,272.4,532.8,10316,1558.4,5128,13928,1799.8,1282.0,7752,0x124A32FC
429,0,43765,43.765,0,0,OK,4622.2,4619.2,4619.2,4619.2,4619.2,4619.2,4619.2,4619.2,4619.2,0.00,4619.2,4619.2,4619.2,232.76,791.2,1031.6,1031.6,4105.6,2406.6,2407.6,4111.6,2406.6,2407.6,769.2,262.4,272.4,7912,1808.8,5128,16432,1809.8,1041.6,5148,0x72E4336F
430,0,43866,43.866,0,0,OK,4621.2,4619.2,4619.2,4619.2,4619.2,4619.2,4619.2,4619.2,4619.2,0.00,4619.2,4619.2,4619.2,232.76,1031.6,791.2,791.2,2171.2,4111.6,4110.6,2406.6,4111.6,4110.6,267.4,512.8,272.4,7712,2059.2,5128,16632,2060.2,1031.6,18028,0x1EA4113E
431,0,43968,43.968,0,0,OK,4619.2,4619.2,4619.2,4619.2,4619.2,4619.2,4619.2,4619.2,4619.2,0.00,4619.2,4619.2,4619.2,0.80,1031.6,1031.6,1031.6,2171.2,2407.6,2407.6,2407.6,2407.6,2407.6,278.4,522.8,522.8,7712,1808.8,5328,13828,2060.2,791.2,7912,0x268C9EB3
432,0,44069,44.069,0,0,OK,4622.2,4619.2,4619.2,4619.2,4619.2,4619.2,4619.2,4619.2,4619.2,0.00,4619.2,4619.2,4619.2,232.76,1031.6,1031.6,1031.6,2171.2,2407.6,2407.6,2407.6,2407.6,2407.6,278.4,512.8,532.8,10316,2059.2,5328,19036,2050.2,1282.0,12860,0xF4221170
433,0,44171,44.171,0,0,OK,4627.2,4619.2,4619.2,4619.2,4619.2,4619.2,4619.2,4619.2,4619.2,0.00,4619.2,4619.2,4619.2,0.80,791.2,1031.6,791.2,4105.6,2406.6,4111.6,4110.6,2406.6,4111.6,277.4,272.4,522.8,7712,1558.4,5128,16432,2060.2,1041.6,12820,0x0B013E4A
434,0,44273,44.273,0,0,OK,4626.2,4619.2,4619.2,4619.2,4619.2,4619.2,4619.2,4619.2,4619.2,0.00,4619.2,4619.2,4619.2,0.80,791.2,1031.6,1031.6,4105.6,2406.6,2407.6,4111.6,2406.6,2407.6,278.4,272.4,272.4,7812,1798.8,2724,13828,2060.2,791.2,5348,0x3C227A4D
435,0,44374,44.374,0,0,OK,4622.2,4619.2,4619.2,4619.2,4619.2,4619.2,4619.2,4619.2,4619.2,0.00,4619.2,4619.2,4619.2,231.76,1031.6,791.2,1031.6,2171.2,4111.6,2406.6,2407.6,4111.6,2406.6,518.8,272.4,272.4,10316,1808.8,5328,16632,2060.2,791.2,18128,0x9FF923B2
436,0,44476,44.476,0,0,OK,4622.2,4619.2,4619.2,4619.2,4619.2,4619.2,4619.2,4619.2,4619.2,0.00,4619.2,4619.2,4619.2,232.76,1031.6,791.2,791.2,2171.2,4111.6,4110.6,2406.6,4111.6,4110.6,267.4,522.8,522.8,7912,2059.2,2624,21540,1799.8,791.2,2644,0xCBC5B7A3
437,0,44577,44.577,0,0,OK,4622.2,4619.2,4619.2,4619.2,4619.2,4619.2,4619.2,4619.2,4619.2,0.00,4619.2,4619.2,4619.2,231.76,1031.6,1031.6,1031.6,2171.2,2407.6,2407.6,2407.6,2407.6,2407.6,518.8,272.4,532.8,7912,2049.2,5328,13928,1559.4,1282.0,23136,0xE2C179B8
438,0,44679,44.679,0,0,OK,4626.2,4619.2,4619.2,4619.2,4619.2,4619.2,4619.2,4619.2,4619.2,0.00,4619.2,4619.2,4619.2,0.80,791.2,1031.6,791.2,4105.6,2406.6,4111.6,4110.6,2406.6,4111.6,768.2,272.4,522.8,7712,1808.8,2624,13928,2050.2,791.2,23136,0xFEEF279E
439,0,44781,44.781,0,0,OK,4619.2,4619.2,4619.2,4619.2,4619.2,4619.2,4619.2,4619.2,4619.2,0.00,4619.2,4619.2,4619.2,231.76,791.2,791.2,1031.6,4105.6,4110.6,2406.6,4111.6,4110.6,2406.6,769.2,512.8,532.8,7712,1808.8,5228,13828,1809.8,791.2,12860,0x9280F884
440,0,44882,44.882,0,0,OK,4628.2,4619.2,4619.2,4619.2,4619.2,4619.2,4619.2,4619.2,4619.2,0.00,4619.2,4619.2,4619.2,232.76,1031.6,1031.6,791.2,2171.2,2407.6,4111.6,2406.6,2407.6,4111.6,768.2,272.4,522.8,7712,1558.4,5228,14028,2050.2,1282.0,2744,0xDE434D60
441,0,44984,44.984,0,0,OK,4620.2,4619.2,4619.2,4619.2,4619.2,4619.2,4619.2,4619.2,4619.2,0.00,4619.2,4619.2,4619.2,232.76,1031.6,1031.6,1031.6,2171.2,2407.6,2407.6,2407.6,2407.6,2407.6,518.8,532.8,522.8,10316,1798.8,5328,16432,1809.8,1031.6,10316,0x06EB4101
442,0,45085,45.085,0,0,OK,4628.2,4619.2,4619.2,4619.2,4619.2,4619.2,4619.2,4619.2,4619.2,0.00,4619.2,4619.2,4619.2,0.80,1031.6,1031.6,1031.6,2171.2,2407.6,2407.6,2407.6,2407.6,2407.6,518.8,522.8,532.8,10316,2059.2,2724,16432,2050.2,1041.6,2644,0xA0324F1E
443,0,45187,45.187,0,0,OK,4621.2,4619.2,4619.2,4619.2,4619.2,4619.2,4619.2,4619.2,4619.2,0.00,4619.2,4619.2,4619.2,0.80,791.2,791.2,1031.6,4105.6,4110.6,2406.6,4111.6,4110.6,2406.6,278.4,272.4,532.8,7812,2049.2,2624,13828,2060.2,1041.6,23236,0x59BD308B
444,0,45289,45.289,0,0,OK,4625.2,4619.2,4619.2,4619.2,4619.2,4619.2,4619.2,4619.2,4619.2,0.00,4619.2,4619.2,4619.2,0.80,1031.6,1031.6,791.2,2171.2,2407.6,4111.6,2406.6,2407.6,4111.6,267.4,262.4,272.4,10316,2049.2,2724,19036,2050.2,791.2,23136,0x35848F6A
445,0,45390,45.390,0,0,OK,4622.2,4619.2,4619.2,4619.2,4619.2,4619.2,4619.2,4619.2,4619.2,0.00,4619.2,4619.2,4619.2,232.76,791.2,791.2,1031.6,4105.6,4110.6,2406.6,4111.6,4110.6,2406.6,518.8,512.8,522.8,7912,2049.2,5128,14028,1809.8,1031.6,10256,0x5F0AAD3D
446,0,45492,45.492,0,0,OK,4624.2,4619.2,4619.2,4619.2,4619.2,4619.2,4619.2,4619.2,4619.2,0.00,4619.2,4619.2,4619.2,231.76,1031.6,1031.6,1031.6,2171.2,2407.6,2407.6,2407.6,2407.6,2407.6,528.8,272.4,262.4,7712,1808.8,5328,19136,1809.8,1292.0,23236,0x45DD7AD6
447,0,45594,45.594,0,0,OK,4624.2,4619.2,4619.2,4619.2,4619.2,4619.2,4619.2,4619.2,4619.2,0.00,4619.2,4619.2,4619.2,231.76,1031.6,1031.6,791.2,2171.2,2407.6,4111.6,2406.6,2407.6,4111.6,277.4,262.4,522.8,7912,1798.8,2724,13928,1559.4,1041.6,18128,0xFDC12474
448,0,45695,45.695,0,0,OK,4623.2,4619.2,4619.2,4619.2,4619.2,4619.2,4619.2,4619.2,4619.2,0.00,4619.2,4619.2,4619.2,231.76,791.2,1031.6,1031.6,4105.6,2406.6,2407.6,4111.6,2406.6,2407.6,769.2,262.4,532.8,10316,1558.4,2624,16632,2050.2,1282.0,2644,0x9B892479
449,0,45797,45.797,0,0,OK,4620.2,4619.2,4619.2,4619.2,4619.2,4619.2,4619.2,4619.2,4619.2,0.00,4619.2,4619.2,4619.2,231.76,1031.6,1031.6,1031.6,2171.2,2407.6,2407.6,2407.6,2407.6,2407.6,518.8,272.4,512.8,7712,2059.2,5328,13828,1559.4,791.2,5148,0x020D3078
450,0,45898,45.898,0,0,OK,4622.2,4619.2,4619.2,4619.2,4619.2,4619.2,4619.2,4619.2,4619.2,0.00,4619.2,4619.2,4619.2,232.76,1031.6,791.2,1031.6,2171.2,4111.6,2406.6,2407.6,4111.6,2406.6,518.8,532.8,272.4,5308,1798.8,5328,21540,2060.2,1041.6,5348,0xE77FA0DB
451,0,46000,46.000,0,0,OK,4623.2,4619.2,4619.2,4619.2,4619.2,4619.2,4619.2,4619.2,4619.2,0.00,4619.2,4619.2,4619.2,232.76,1031.6,791.2,1031.6,2171.2,4111.6,2406.6,2407.6,4111.6,2406.6,528.8,272.4,532.8,10316,1808.8,2724,21540,2060.2,1031.6,10356,0xDC89FEEC
452,0,46102,46.102,0,0,OK,4628.2,4619.2,4619.2,4619.2,4619.2,4619.2,4619.2,4619.2,4619.2,0.00,4619.2,4619.2,4619.2,232.76,791.2,791.2,791.2,4105.6,4110.6,4110.6,4110.6,4110.6,4110.6,267.4,512.8,512.8,7912,1808.8,5128,11424,2060.2,1292.0,10356,0x72AB72DE
453,0,46203,46.203,0,0,OK,4628.2,4619.2,4619.2,4619.2,4619.2,4619.2,4619.2,4619.2,4619.2,0.00,4619.2,4619.2,4619.2,231.76,1031.6,791.2,791.2,2171.2,4111.6,4110.6,2406.6,4111.6,4110.6,277.4,532.8,512.8,10316,1798.8,5228,13928,1809.8,1041.6,240,0xFAB53CCF
454,0,46305,46.305,0,0,OK,4620.2,4619.2,4619.2,4619.2,4619.2,4619.2,4619.2,4619.2,4619.2,0.00,4619.2,4619.2,4619.2,231.76,1031.6,791.2,791.2,2171.2,4111.6,4110.6,2406.6,4111.6,4110.6,768.2,512.8,522.8,7912,1808.8,5228,19136,1559.4,1041.6,10456,0x6AE63C05
455,0,46406,46.406,0,0,OK,4628.2,4619.2,4619.2,4619.2,4619.2,4619.2,4619.2,4619.2,4619.2,0.00,4619.2,4619.2,4619.2,232.76,791.2,791.2,1031.6,4105.6,4110.6,2406.6,4111.6,4110.6,2406.6,769.2,522.8,532.8,7712,1808.8,5228,14028,2050.2,1282.0,10256,0x3BC41231
456,0,46508,46.508,0,0,OK,4627.2,4619.2,4619.2,4619.2,4619.2,4619.2,4619.2,4619.2,4619.2,0.00,4619.2,4619.2,4619.2,231.76,1031.6,1031.6,1031.6,2171.2,2407.6,2407.6,2407.6,2407.6,2407.6,268.4,262.4,532.8,7712,1808.8,5228,19036,1809.8,1282.0,23136,0xE155649F
457,0,46610,46.610,0,0,OK,4627.2,4619.2,4619.2,4619.2,4619.2,4619.2,4619.2,4619.2,4619.2,0.00,4619.2,4619.2,4619.2,231.76,791.2,1031.6,791.2,4105.6,2406.6,4111.6,4110.6,2406.6,4111.6,277.4,532.8,522.8,7912,1558.4,2624,19036,1559.4,791.2,2644,0x4B4F3F24
458,0,46711,46.711,0,0,OK,4625.2,4619.2,4619.2,4619.2,4619.2,4619.2,4619.2,4619.2,4619.2,0.00,4619.2,4619.2,4619.2,0.80,791.2,1031.6,1031.6,4105.6,2406.6,2407.6,4111.6,2406.6,2407.6,268.4,272.4,262.4,5308,1798.8,5328,16532,1559.4,1041.6,12820,0x111DFB4D
459,0,46813,46.813,0,0,OK,4627.2,4619.2,4619.2,4619.2,4619.2,4619.2,4619.2,4619.2,4619.2,0.00,4619.2,4619.2,4619.2,232.76,791.2,791.2,791.2,4105.6,4110.6,4110.6,4110.6,4110.6,4110.6,267.4,262.4,522.8,7812,2049.2,5128,19136,2060.2,1031.6,7752,0xA4D8D7E5
460,0,46914,46.914,0,0,OK,4625.2,4619.2,4619.2,4619.2,4619.2,4619.2,4619.2,4619.2,4619.2,0.00,4619.2,4619.2,4619.2,232.76,791.2,791.2,1031.6,4105.6,4110.6,2406.6,4111.6,4110.6,2406.6,528.8,262.4,532.8,7912,1558.4,2724,13928,1559.4,1292.0,18128,0x938A4684
461,0,47016,47.016,0,0,OK,4625.2,4619.2,4619.2,4619.2,4619.2,4619.2,4619.2,4619.2,4619.2,0.00,4619.2,4619.2,4619.2,232.76,791.2,1031.6,791.2,4105.6,2406.6,4111.6,4110.6,2406.6,4111.6,527.8,262.4,532.8,7812,2049.2,5328,14028,2050.2,1282.0,140,0xDD427250
462,0,47118,47.118,0,0,OK,4623.2,4619.2,4619.2,4619.2,4619.2,4619.2,4619.2,4619.2,4619.2,0.00,4619.2,4619.2,4619.2,0.80,1031.6,791.2,791.2,2171.2,4111.6,4110.6,2406.6,4111.6,4110.6,768.2,512.8,272.4,7912,2059.2,2624,13928,1809.8,1041.6,23236,0x7BBA49A6
463,0,47219,47.219,0,0,OK,4628.2,4619.2,4619.2,4619.2,4619.2,4619.2,4619.2,4619.2,4619.2,0.00,4619.2,4619.2,4619.2,0.80,791.2,791.2,1031.6,4105.6,4110.6,2406.6,4111.6,4110.6,2406.6,528.8,272.4,262.4,7712,2059.2,2624,16532,1559.4,791.2,5348,0x58EA5DA3
464,0,47321,47.321,0,0,OK,4628.2,4619.2,4619.2,4619.2,4619.2,4619.2,4619.2,4619.2,4619.2,0.00,4619.2,4619.2,4619.2,0.80,1031.6,791.2,1031.6,2171.2,4111.6,2406.6,2407.6,4111.6,2406.6,769.2,262.4,532.8,7912,1558.4,5128,21540,1559.4,791.2,5248,0xE93DAAB7
465,0,47423,47.423,0,0,OK,4625.2,4619.2,4619.2,4619.2,4619.2,4619.2,4619.2,4619.2,4619.2,0.00,4619.2,4619.2,4619.2,0.80,791.2,1031.6,1031.6,4105.6,2406.6,2407.6,4111.6,2406.6,2407.6,278.4,262.4,262.4,5308,1808.8,5228,19136,2050.2,1282.0,12860,0x172A16A4
466,0,47524,47.524,0,0,OK,4626.2,4619.2,4619.2,4619.2,4619.2,4619.2,4619.2,4619.2,4619.2,0.00,4619.2,4619.2,4619.2,231.76,1031.6,791.2,1031.6,2171.2,4111.6,2406.6,2407.6,4111.6,2406.6,268.4,532.8,272.4,5308,2049.2,2724,16632,1799.8,791.2,5248,0x1AD0503E
467,0,47626,47.626,0,0,OK,4628.2,4619.2,4619.2,4619.2,4619.2,4619.2,4619.2,4619.2,4619.2,0.00,4619.2,4619.2,4619.2,0.80,791.2,1031.6,791.2,4105.6,2406.6,4111.6,4110.6,2406.6,4111.6,277.4,262.4,532.8,7812,2059.2,2624,16432,1559.4,1292.0,140,0xE8A5F9E0
468,0,47727,47.727,0,0,OK,4624.2,4619.2,4619.2,4619.2,4619.2,4619.2,4619.2,4619.2,4619.2,0.00,4619.2,4619.2,4619.2,231.76,791.2,1031.6,791.2,4105.6,2406.6,4111.6,4110.6,2406.6,4111.6,517.8,522.8,512.8,10316,1808.8,2724,11424,1559.4,1292.0,20532,0x64A6599C
469,0,47829,47.829,0,0,OK,4623.2,4619.2,4619.2,4619.2,4619.2,4619.2,4619.2,4619.2,4619.2,0.00,4619.2,4619.2,4619.2,232.76,791.2,791.2,1031.6,4105.6,4110.6,2406.6,4111.6,4110.6,2406.6,769.2,522.8,512.8,7712,1808.8,5128,21540,1809.8,791.2,23136,0x5270A88A
470,0,47931,47.931,0,0,OK,4619.2,4619.2,4619.2,4619.2,4619.2,4619.2,4619.2,4619.2,4619.2,0.00,4619.2,4619.2,4619.2,0.80,1031.6,1031.6,791.2,2171.2,2407.6,4111.6,2406.6,2407.6,4111.6,267.4,512.8,272.4,7712,1808.8,5228,21540,2050.2,1282.0,12820,0x568B4E6D
471,0,48032,48.032,0,0,OK,4619.2,4619.2,4619.2,4619.2,4619.2,4619.2,4619.2,4619.2,4619.2,0.00,4619.2,4619.2,4619.2,231.76,1031.6,1031.6,1031.6,2171.2,2407.6,2407.6,2407.6,2407.6,2407.6,268.4,522.8,512.8,7912,2049.2,2724,16532,2050.2,1031.6,23136,0x23C478F9
472,0,48134,48.134,0,0,OK,4627.2,4619.2,4619.2,4619.2,4619.2,4619.2,4619.2,4619.2,4619.2,0.00,4619.2,4619.2,4619.2,0.80,1031.6,1031.6,791.2,2171.2,2407.6,4111.6,2406.6,2407.6,4111.6,768.2,262.4,522.8,7712,1558.4,2724,13928,1559.4,1031.6,240,0x2A3749A4
473,0,48236,48.236,0,0,OK,4620.2,4619.2,4619.2,4619.2,4619.2,4619.2,4619.2,4619.2,4619.2,0.00,4619.2,4619.2,4619.2,231.76,791.2,1031.6,791.2,4105.6,2406.6,4111.6,4110.6,2406.6,4111.6,527.8,272.4,532.8,5308,2059.2,5128,13828,2060.2,1282.0,10356,0x4FB6B780
474,0,48337,48.337,0,0,OK,4627.2,4619.2,4619.2,4619.2,4619.2,4619.2,4619.2,4619.2,4619.2,0.00,4619.2,4619.2,4619.2,232.76,791.2,1031.6,1031.6,4105.6,2406.6,2407.6,4111.6,2406.6,2407.6,518.8,272.4,532.8,5308,1558.4,5228,13828,2060.2,1282.0,12920,0xADD2CA79
475,0,48439,48.439,0,0,OK,4624.2,4619.2,4619.2,4619.2,4619.2,4619.2,4619.2,4619.2,4619.2,0.00,4619.2,4619.2,4619.2,231.76,1031.6,1031.6,791.2,2171.2,2407.6,4111.6,2406.6,2407.6,4111.6,277.4,272.4,522.8,5308,1558.4,2724,13928,1559.4,1282.0,5348,0x31BB11C8
476,0,48540,48.540,0,0,OK,4623.2,4619.2,4619.2,4619.2,4619.2,4619.2,4619.2,4619.2,4619.2,0.00,4619.2,4619.2,4619.2,0.80,1031.6,1031.6,791.2,2171.2,2407.6,4111.6,2406.6,2407.6,4111.6,267.4,512.8,272.4,5308,2049.2,2624,16432,2050.2,1041.6,240,0xC17D0D17
477,0,48642,48.642,0,0,OK,4620.2,4619.2,4619.2,4619.2,4619.2,4619.2,4619.2,4619.2,4619.2,0.00,4619.2,4619.2,4619.2,0.80,791.2,1031.6,1031.6,4105.6,2406.6,2407.6,4111.6,2406.6,2407.6,528.8,522.8,262.4,5308,1808.8,2724,13928,1809.8,1292.0,13020,0x971AE48F
478,0,48744,48.744,0,0,OK,4621.2,4619.2,4619.2,4619.2,4619.2,4619.2,4619.2,4619.2,4619.2,0.00,4619.2,4619.2,4619.2,232.76,1031.6,1031.6,1031.6,2171.2,2407.6,2407.6,2407.6,2407.6,2407.6,528.8,262.4,262.4,5308,1558.4,2624,16632,2050.2,1041.6,20532,0xD79C92B0
479,0,48845,48.845,0,0,OK,4624.2,4619.2,4619.2,4619.2,4619.2,4619.2,4619.2,4619.2,4619.2,0.00,4619.2,4619.2,4619.2,231.76,791.2,1031.6,791.2,4105.6,2406.6,4111.6,4110.6,2406.6,4111.6,267.4,512.8,512.8,10316,2059.2,2724,14028,1799.8,1041.6,23236,0x980E6566
480,0,48947,48.947,0,0,OK,4622.2,4619.2,4619.2,4619.2,4619.2,4619.2,4619.2,4619.2,4619.2,0.00,4619.2,4619.2,4619.2,0.80,1031.6,1031.6,1031.6,2171.2,2407.6,2407.6,2407.6,2407.6,2407.6,769.2,532.8,512.8,7712,2059.2,2724,16632,2050.2,1292.0,5148,0xAA812E43
481,0,49048,49.048,0,0,OK,4619.2,4619.2,4619.2,4619.2,4619.2,4619.2,4619.2,4619.2,4619.2,0.00,4619.2,4619.2,4619.2,232.76,791.2,791.2,1031.6,4105.6,4110.6,2406.6,4111.6,4110.6,2406.6,278.4,262.4,512.8,7712,1808.8,5328,11424,1809.8,1041.6,12820,0x6E565672
482,0,49150,49.150,0,0,OK,4628.2,4619.2,4619.2,4619.2,4619.2,4619.2,4619.2,4619.2,4619.2,0.00,4619.2,4619.2,4619.2,231.76,1031.6,1031.6,791.2,2171.2,2407.6,4111.6,2406.6,2407.6,4111.6,527.8,272.4,272.4,7712,2059.2,5228,16532,1559.4,1292.0,20632,0xBAA4DEC9
483,0,49252,49.252,0,0,OK,4625.2,4619.2,4619.2,4619.2,4619.2,4619.2,4619.2,4619.2,4619.2,0.00,4619.2,4619.2,4619.2,232.76,1031.6,791.2,1031.6,2171.2,4111.6,2406.6,2407.6,4111.6,2406.6,278.4,272.4,522.8,7712,1798.8,5328,13828,2060.2,1292.0,10356,0x976C88F8
484,0,49353,49.353,0,0,OK,4627.2,4619.2,4619.2,4619.2,4619.2,4619.2,4619.2,4619.2,4619.2,0.00,4619.2,4619.2,4619.2,232.76,791.2,1031.6,1031.6,4105.6,2406.6,2407.6,4111.6,2406.6,2407.6,528.8,512.8,262.4,10316,1558.4,2624,21540,2050.2,1031.6,5348,0xDF5F96D6
485,0,49455,49.455,0,0,OK,4628.2,4619.2,4619.2,4619.2,4619.2,4619.2,4619.2,4619.2,4619.2,0.00,4619.2,4619.2,4619.2,0.80,791.2,1031.6,791.2,4105.6,2406.6,4111.6,4110.6,2406.6,4111.6,768.2,262.4,272.4,7812,1798.8,2724,14028,1809.8,791.2,10356,0x3E8AB29D
486,0,49556,49.556,0,0,OK,4628.2,4619.2,4619.2,4619.2,4619.2,4619.2,4619.2,4619.2,4619.2,0.00,4619.2,4619.2,4619.2,0.80,1031.6,1031.6,791.2,2171.2,2407.6,4111.6,2406.6,2407.6,4111.6,527.8,522.8,272.4,10316,2059.2,5128,14028,2050.2,1292.0,240,0x9FCB253C
487,0,49658,49.658,0,0,OK,4622.2,4619.2,4619.2,4619.2,4619.2,4619.2,4619.2,4619.2,4619.2,0.00,4619.2,4619.2,4619.2,231.76,791.2,1031.6,791.2,4105.6,2406.6,4111.6,4110.6,2406.6,4111.6,527.8,272.4,522.8,10316,1808.8,5328,19136,1799.8,1031.6,20732,0x499DB8EB
488,0,49760,49.760,0,0,OK,4620.2,4619.2,4619.2,4619.2,4619.2,4619.2,4619.2,4619.2,4619.2,0.00,4619.2,4619.2,4619.2,231.76,1031.6,1031.6,1031.6,2171.2,2407.6,2407.6,2407.6,2407.6,2407.6,278.4,272.4,532.8,7912,2059.2,2724,13928,1799.8,1282.0,13020,0x65EDBC2B
489,0,49861,49.861,0,0,OK,4628.2,4619.2,4619.2,4619.2,4619.2,4619.2,4619.2,4619.2,4619.2,0.00,4619.2,4619.2,4619.2,231.76,791.2,1031.6,1031.6,4105.6,2406.6,2407.6,4111.6,2406.6,2407.6,278.4,522.8,532.8,7712,1808.8,5328,16432,1799.8,1041.6,2744,0xF3F5E0E0
490,0,49963,49.963,0,0,OK,4622.2,4619.2,4619.2,4619.2,4619.2,4619.2,4619.2,4619.2,4619.2,0.00,4619.2,4619.2,4619.2,232.76,1031.6,791.2,791.2,2171.2,4111.6,4110.6,2406.6,4111.6,4110.6,768.2,532.8,532.8,10316,1558.4,5228,14028,2060.2,1292.0,10416,0x9DFA612F
491,0,50064,50.064,0,0,OK,4624.2,4619.2,4619.2,4619.2,4619.2,4619.2,4619.2,4619.2,4619.2,0.00,4619.2,4619.2,4619.2,231.76,1031.6,1031.6,791.2,2171.2,2407.6,4111.6,2406.6,2407.6,4111.6,267.4,512.8,262.4,5308,2059.2,5228,21540,2050.2,1292.0,18028,0xCCCB715C
492,0,50166,50.166,0,0,OK,4624.2,4619.2,4619.2,4619.2,4619.2,4619.2,4619.2,4619.2,4619.2,0.00,4619.2,4619.2,4619.2,231.76,1031.6,791.2,791.2,2171.2,4111.6,4110.6,2406.6,4111.6,4110.6,527.8,512.8,262.4,7712,1558.4,2724,14028,1799.8,791.2,7852,0x8F4ECFD3
493,0,50268,50.268,0,0,OK,4622.2,4619.2,4619.2,4619.2,4619.2,4619.2,4619.2,4619.2,4619.2,0.00,4619.2,4619.2,4619.2,0.80,1031.6,791.2,1031.6,2171.2,4111.6,2406.6,2407.6,4111.6,2406.6,528.8,532.8,512.8,7812,1808.8,5228,16632,1559.4,1292.0,10356,0xEEDA2253
494,0,50369,50.369,0,0,OK,4625.2,4619.2,4619.2,4619.2,4619.2,4619.2,4619.2,4619.2,4619.2,0.00,4619.2,4619.2,4619.2,232.76,1031.6,791.2,1031.6,2171.2,4111.6,2406.6,2407.6,4111.6,2406.6,518.8,272.4,262.4,7712,1798.8,2624,19136,2060.2,1041.6,13020,0x7FC6BCD9
495,0,50471,50.471,0,0,OK,4621.2,4619.2,4619.2,4619.2,4619.2,4619.2,4619.2,4619.2,4619.2,0.00,4619.2,4619.2,4619.2,0.80,791.2,1031.6,791.2,4105.6,2406.6,4111.6,4110.6,2406.6,4111.6,527.8,522.8,272.4,5308,2059.2,5228,13828,1559.4,791.2,2744,0x38095D4A
496,0,50573,50.573,0,0,OK,4621.2,4619.2,4619.2,4619.2,4619.2,4619.2,4619.2,4619.2,4619.2,0.00,4619.2,4619.2,4619.2,231.76,1031.6,791.2,791.2,2171.2,4111.6,4110.6,2406.6,4111.6,4110.6,517.8,512.8,512.8,7812,1798.8,5328,13828,2060.2,1041.6,12860,0xBF07B870
497,0,50674,50.674,0,0,OK,4623.2,4619.2,4619.2,4619.2,4619.2,4619.2,4619.2,4619.2,4619.2,0.00,4619.2,4619.2,4619.2,231.76,791.2,791.2,1031.6,4105.6,4110.6,2406.6,4111.6,4110.6,2406.6,268.4,272.4,532.8,7712,1798.8,5128,13928,1809.8,791.2,15424,0x4C7C4353
498,0,50776,50.776,0,0,OK,4626.2,4619.2,4619.2,4619.2,4619.2,4619.2,4619.2,4619.2,4619.2,0.00,4619.2,4619.2,4619.2,232.76,1031.6,791.2,791.2,2171.2,4111.6,4110.6,2406.6,4111.6,4110.6,517.8,262.4,272.4,10316,2059.2,2624,19036,2050.2,1041.6,2744,0xDC13CCC2
499,0,50877,50.877,0,0,OK,4620.2,4619.2,4619.2,4619.2,4619.2,4619.2,4619.2,4619.2,4619.2,0.00,4619.2,4619.2,4619.2,232.76,1031.6,791.2,1031.6,2171.2,4111.6,2406.6,2407.6,4111.6,2406.6,528.8,262.4,522.8,7712,2049.2,2624,16432,1559.4,1282.0,2744,0x84F64380
500,0,50979,50.979,0,0,OK,4627.2,4619.2,4619.2,4619.2,4619.2,4619.2,4619.2,4619.2,4619.2,0.00,4619.2,4619.2,4619.2,0.80,1031.6,791.2,1031.6,2171.2,4111.6,2406.6,2407.6,4111.6,2406.6,268.4,512.8,532.8,7912,2049.2,2724,19036,1559.4,1292.0,5348,0x9394E4FA
501,0,51081,51.081,0,0,OK,4621.2,4619.2,4619.2,4619.2,4619.2,4619.2,4619.2,4619.2,4619.2,0.00,4619.2,4619.2,4619.2,231.76,1031.6,791.2,1031.6,2171.2,4111.6,2406.6,2407.6,4111.6,2406.6,268.4,532.8,532.8,5308,1808.8,2624,21540,1799.8,1292.0,10256,0xF62061E9
502,0,51182,51.182,0,0,OK,4621.2,4619.2,4619.2,4619.2,4619.2,4619.2,4619.2,4619.2,4619.2,0.00,4619.2,4619.2,4619.2,232.76,1031.6,791.2,1031.6,2171.2,4111.6,2406.6,2407.6,4111.6,2406.6,528.8,262.4,272.4,7912,1558.4,5328,16532,1559.4,1031.6,10316,0xF54B68CA
503,0,51284,51.284,0,0,OK,4628.2,4619.2,4619.2,4619.2,4619.2,4619.2,4619.2,4619.2,4619.2,0.00,4619.2,4619.2,4619.2,232.76,791.2,1031.6,1031.6,4105.6,2406.6,2407.6,4111.6,2406.6,2407.6,518.8,512.8,532.8,5308,2059.2,2624,16432,1799.8,1031.6,10316,0x0538DC1B
504,0,51385,51.385,0,0,OK,4620.2,4619.2,4619.2,4619.2,4619.2,4619.2,4619.2,4619.2,4619.2,0.00,4619.2,4619.2,4619.2,231.76,1031.6,1031.6,791.2,2171.2,2407.6,4111.6,2406.6,2407.6,4111.6,527.8,512.8,272.4,7812,1798.8,2624,13928,2050.2,1031.6,12820,0xF99DA546
505,0,51487,51.487,0,0,OK,4625.2,4619.2,4619.2,4619.2,4619.2,4619.2,4619.2,4619.2,4619.2,0.00,4619.2,4619.2,4619.2,231.76,791.2,1031.6,1031.6,4105.6,2406.6,2407.6,4111.6,2406.6,2407.6,528.8,532.8,512.8,7912,1558.4,2624,19136,2050.2,1292.0,15524,0x72ED5AB3
506,0,51589,51.589,0,0,OK,4625.2,4619.2,4619.2,4619.2,4619.2,4619.2,4619.2,4619.2,4619.2,0.00,4619.2,4619.2,4619.2,231.76,1031.6,791.2,791.2,2171.2,4111.6,4110.6,2406.6,4111.6,4110.6,527.8,512.8,262.4,10316,1798.8,2624,16432,1799.8,1292.0,23136,0x27C1E6F9
507,0,51690,51.690,0,0,OK,4624.2,4619.2,4619.2,4619.2,4619.2,4619.2,4619.2,4619.2,4619.2,0.00,4619.2,4619.2,4619.2,231.76,1031.6,791.2,791.2,2171.2,4111.6,4110.6,2406.6,4111.6,4110.6,517.8,522.8,532.8,5308,2059.2,2624,16632,1809.8,1292.0,12860,0x9194A9EB
508,0,51792,51.792,0,0,OK,4619.2,4619.2,4619.2,4619.2,4619.2,4619.2,4619.2,4619.2,4619.2,0.00,4619.2,4619.2,4619.2,0.80,1031.6,1031.6,1031.6,2171.2,2407.6,2407.6,2407.6,2407.6,2407.6,769.2,522.8,262.4,7812,1798.8,2724,16432,1799.8,1031.6,12820,0x45A7AA6A
509,0,51893,51.893,0,0,OK,4627.2,4619.2,4619.2,4619.2,4619.2,4619.2,4619.2,4619.2,4619.2,0.00,4619.2,4619.2,4619.2,0.80,1031.6,1031.6,791.2,2171.2,2407.6,4111.6,2406.6,2407.6,4111.6,527.8,272.4,272.4,7712,1808.8,5228,16632,2050.2,1282.0,10316,0x3C45383A
510,0,51995,51.995,0,0,OK,4621.2,4619.2,4619.2,4619.2,4619.2,4619.2,4619.2,4619.2,4619.2,0.00,4619.2,4619.2,4619.2,231.76,791.2,1031.6,791.2,4105.6,2406.6,4111.6,4110.6,2406.6,4111.6,768.2,262.4,262.4,7912,1798.8,5228,16432,2060.2,1292.0,12820,0xDF41C870
511,0,52097,52.097,0,0,OK,4625.2,4619.2,4619.2,4619.2,4619.2,4619.2,4619.2,4619.2,4619.2,0.00,4619.2,4619.2,4619.2,231.76,1031.6,1031.6,791.2,2171.2,2407.6,4111.6,2406.6,2407.6,4111.6,527.8,522.8,262.4,10316,1808.8,5128,13928,1799.8,791.2,18128,0xE4AF78D5
512,0,52198,52.198,0,0,OK,4621.2,4619.2,4619.2,4619.2,4619.2,4619.2,4619.2,4619.2,4619.2,0.00,4619.2,4619.2,4619.2,231.76,791.2,1031.6,791.2,4105.6,2406.6,4111.6,4110.6,2406.6,4111.6,527.8,262.4,522.8,7712,1558.4,5128,14028,1809.8,1292.0,20632,0xAC56C08A
513,0,52300,52.300,0,0,OK,4620.2,4619.2,4619.2,4619.2,4619.2,4619.2,4619.2,4619.2,4619.2,0.00,4619.2,4619.2,4619.2,231.76,1031.6,791.2,1031.6,2171.2,4111.6,2406.6,2407.6,4111.6,2406.6,268.4,272.4,512.8,7812,1798.8,2724,16632,2060.2,1031.6,2744,0x35A21C5F
514,0,52401,52.401,0,0,OK,4626.2,4619.2,4619.2,4619.2,4619.2,4619.2,4619.2,4619.2,4619.2,0.00,4619.2,4619.2,4619.2,231.76,791.2,791.2,1031.6,4105.6,4110.6,2406.6,4111.6,4110.6,2406.6,268.4,532.8,512.8,5308,1558.4,5128,19036,1799.8,1282.0,10316,0x685CCB38
515,0,52503,52.503,0,0,OK,4621.2,4619.2,4619.2,4619.2,4619.2,4619.2,4619.2,4619.2,4619.2,0.00,4619.2,4619.2,4619.2,0.80,1031.6,791.2,1031.6,2171.2,4111.6,2406.6,2407.6,4111.6,2406.6,518.8,512.8,522.8,7712,2059.2,5128,19136,2060.2,1041.6,12820,0x121F2AD3
516,0,52605,52.605,0,0,OK,4621.2,4619.2,4619.2,4619.2,4619.2,4619.2,4619.2,4619.2,4619.2,0.00,4619.2,4619.2,4619.2,232.76,1031.6,1031.6,1031.6,2171.2,2407.6,2407.6,2407.6,2407.6,2407.6,769.2,272.4,512.8,10316,2059.2,2724,21540,2060.2,791.2,13020,0x798B9529
517,0,52706,52.706,0,0,OK,4619.2,4619.2,4619.2,4619.2,4619.2,4619.2,4619.2,4619.2,4619.2,0.00,4619.2,4619.2,4619.2,231.76,791.2,791.2,1031.6,4105.6,4110.6,2406.6,4111.6,4110.6,2406.6,769.2,522.8,522.8,7712,2059.2,5228,19036,1799.8,1041.6,40,0x6FAA6263
518,0,52808,52.808,0,0,OK,4620.2,4619.2,4619.2,4619.2,4619.2,4619.2,4619.2,4619.2,4619.2,0.00,4619.2,4619.2,4619.2,231.76,1031.6,1031.6,1031.6,2171.2,2407.6,2407.6,2407.6,2407.6,2407.6,518.8,522.8,532.8,5308,2059.2,5328,14028,1809.8,1031.6,23236,0x8585EDA2
519,0,52909,52.909,0,0,OK,4627.2,4619.2,4619.2,4619.2,4619.2,4619.2,4619.2,4619.2,4619.2,0.00,4619.2,4619.2,4619.2,231.76,1031.6,1031.6,1031.6,2171.2,2407.6,2407.6,2407.6,2407.6,2407.6,528.8,262.4,532.8,5308,2059.2,5228,13928,1799.8,1031.6,7752,0x042B9428
520,0,53011,53.011,0,0,OK,4623.2,4619.2,4619.2,4619.2,4619.2,4619.2,4619.2,4619.2,4619.2,0.00,4619.2,4619.2,4619.2,0.80,791.2,791.2,1031.6,4105.6,4110.6,2406.6,4111.6,4110.6,2406.6,268.4,522.8,532.8,10316,1798.8,5328,16432,1559.4,1292.0,12820,0xE3C3B9E7
521,0,53112,53.112,0,0,OK,4623.2,4619.2,4619.2,4619.2,4619.2,4619.2,4619.2,4619.2,4619.2,0.00,4619.2,4619.2,4619.2,0.80,791.2,1031.6,1031.6,4105.6,2406.6,2407.6,4111.6,2406.6,2407.6,268.4,262.4,272.4,7712,2059.2,5328,19036,2060.2,1282.0,20732,0xDEB9A918
522,0,53214,53.214,0,0,OK,4621.2,4619.2,4619.2,4619.2,4619.2,4619.2,4619.2,4619.2,4619.2,0.00,4619.2,4619.2,4619.2,231.76,1031.6,1031.6,1031.6,2171.2,2407.6,2407.6,2407.6,2407.6,2407.6,268.4,512.8,532.8,7812,1798.8,2624,16632,2060.2,1292.0,2644,0x3933F032
523,0,53316,53.316,0,0,OK,4619.2,4619.2,4619.2,4619.2,4619.2,4619.2,4619.2,4619.2,4619.2,0.00,4619.2,4619.2,4619.2,231.76,1031.6,791.2,791.2,2171.2,4111.6,4110.6,2406.6,4111.6,4110.6,517.8,512.8,262.4,7912,1808.8,5128,19036,2050.2,1282.0,15524,0x0C4A118E
524,0,53417,53.417,0,0,OK,4623.2,4619.2,4619.2,4619.2,4619.2,4619.2,4619.2,4619.2,4619.2,0.00,4619.2,4619.2,4619.2,232.76,791.2,791.2,791.2,4105.6,4110.6,4110.6,4110.6,4110.6,4110.6,277.4,262.4,262.4,7812,1558.4,5228,16432,2050.2,1292.0,12920,0x40C2CB39
525,0,53519,53.519,0,0,OK,4626.2,4619.2,4619.2,4619.2,4619.2,4619.2,4619.2,4619.2,4619.2,0.00,4619.2,4619.2,4619.2,232.76,1031.6,1031.6,791.2,2171.2,2407.6,4111.6,2406.6,2407.6,4111.6,527.8,512.8,532.8,10316,1808.8,5128,11424,2060.2,791.2,13020,0x898DCC0A
526,0,53621,53.621,0,0,OK,4626.2,4619.2,4619.2,4619.2,4619.2,4619.2,4619.2,4619.2,4619.2,0.00,4619.2,4619.2,4619.2,231.76,1031.6,791.2,791.2,2171.2,4111.6,4110.6,2406.6,4111.6,4110.6,517.8,262.4,532.8,7912,2059.2,2624,16532,1809.8,791.2,40,0xD6E730D0
527,0,53722,53.722,0,0,OK,4623.2,4619.2,4619.2,4619.2,4619.2,4619.2,4619.2,4619.2,4619.2,0.00,4619.2,4619.2,4619.2,231.76,791.2,1031.6,1031.6,4105.6,2406.6,2407.6,4111.6,2406.6,2407.6,278.4,272.4,272.4,7912,1558.4,2624,16532,2060.2,1282.0,5248,0x01207346
528,0,53824,53.824,0,0,OK,4628.2,4619.2,4619.2,4619.2,4619.2,4619.2,4619.2,4619.2,4619.2,0.00,4619.2,4619.2,4619.2,232.76,1031.6,791.2,791.2,2171.2,4111.6,4110.6,2406.6,4111.6,4110.6,527.8,532.8,512.8,5308,1808.8,5128,21540,1809.8,1041.6,12920,0x6A330D52
529,0,53925,53.925,0,0,OK,4627.2,4619.2,4619.2,4619.2,4619.2,4619.2,4619.2,4619.2,4619.2,0.00,4619.2,4619.2,4619.2,232.76,1031.6,1031.6,1031.6,2171.2,2407.6,2407.6,2407.6,2407.6,2407.6,528.8,522.8,272.4,10316,1558.4,5328,11424,1559.4,791.2,15424,0xC4B7006A
530,0,54027,54.027,0,0,OK,4627.2,4619.2,4619.2,4619.2,4619.2,4619.2,4619.2,4619.2,4619.2,0.00,4619.2,4619.2,4619.2,231.76,1031.6,791.2,791.2,2171.2,4111.6,4110.6,2406.6,4111.6,4110.6,768.2,262.4,262.4,10316,2049.2,5328,13828,2060.2,791.2,10416,0xF95B1137
531,0,54129,54.129,0,0,OK,4623.2,4619.2,4619.2,4619.2,4619.2,4619.2,4619.2,4619.2,4619.2,0.00,4619.2,4619.2,4619.2,231.76,1031.6,791.2,1031.6,2171.2,4111.6,2406.6,2407.6,4111.6,2406.6,518.8,262.4,272.4,5308,2059.2,5228,16532,2060.2,1292.0,2744,0x52B2DF8E
532,0,54230,54.230,0,0,OK,4620.2,4619.2,4619.2,4619.2,4619.2,4619.2,4619.2,4619.2,4619.2,0.00,4619.2,4619.2,4619.2,232.76,1031.6,791.2,1031.6,2171.2,4111.6,2406.6,2407.6,4111.6,2406.6,268.4,522.8,532.8,10316,1558.4,5128,21540,1559.4,791.2,12920,0x641353C4
533,0,54332,54.332,0,0,OK,4619.2,4619.2,4619.2,4619.2,4619.2,4619.2,4619.2,4619.2,4619.2,0.00,4619.2,4619.2,4619.2,0.80,791.2,791.2,1031.6,4105.6,4110.6,2406.6,4111.6,4110.6,2406.6,278.4,262.4,512.8,5308,1808.8,5128,21540,2060.2,791.2,12820,0x3CBA7DB2
534,0,54433,54.433,0,0,OK,4619.2,4619.2,4619.2,4619.2,4619.2,4619.2,4619.2,4619.2,4619.2,0.00,4619.2,4619.2,4619.2,231.76,1031.6,791.2,791.2,2171.2,4111.6,4110.6,2406.6,4111.6,4110.6,277.4,512.8,512.8,7712,1798.8,5328,16532,1809.8,1282.0,10256,0xE26D5561
535,0,54535,54.535,0,0,OK,4623.2,4619.2,4619.2,4619.2,4619.2,4619.2,4619.2,4619.2,4619.2,0.00,4619.2,4619.2,4619.2,232.76,1031.6,1031.6,791.2,2171.2,2407.6,4111.6,2406.6,2407.6,4111.6,527.8,262.4,522.8,7912,1808.8,5128,14028,1809.8,791.2,23136,0x138FA004
536,0,54637,54.637,0,0,OK,4621.2,4619.2,4619.2,4619.2,4619.2,4619.2,4619.2,4619.2,4619.2,0.00,4619.2,4619.2,4619.2,231.76,791.2,1031.6,1031.6,4105.6,2406.6,2407.6,4111.6,2406.6,2407.6,278.4,272.4,272.4,7912,2059.2,5228,11424,1799.8,1041.6,7912,0x3E7467A2
537,0,54738,54.738,0,0,OK,4627.2,4619.2,4619.2,4619.2,4619.2,4619.2,4619.2,4619.2,4619.2,0.00,4619.2,4619.2,4619.2,0.80,1031.6,791.2,1031.6,2171.2,4111.6,2406.6,2407.6,4111.6,2406.6,518.8,512.8,272.4,7712,1808.8,5328,16432,1559.4,1292.0,18028,0xD3876FB4
538,0,54840,54.840,0,0,OK,4626.2,4619.2,4619.2,4619.2,4619.2,4619.2,4619.2,4619.2,4619.2,0.00,4619.2,4619.2,4619.2,0.80,791.2,791.2,1031.6,4105.6,4110.6,2406.6,4111.6,4110.6,2406.6,769.2,272.4,512.8,7712,1808.8,2724,16432,1809.8,1041.6,17928,0x359E9167
539,0,54942,54.942,0,0,OK,4628.2,4619.2,4619.2,4619.2,4619.2,4619.2,4619.2,4619.2,4619.2,0.00,4619.2,4619.2,4619.2,0.80,791.2,1031.6,791.2,4105.6,2406.6,4111.6,4110.6,2406.6,4111.6,768.2,522.8,532.8,7812,1798.8,5128,13828,2060.2,1282.0,10316,0x0D40114D
540,0,55043,55.043,0,0,OK,4625.2,4619.2,4619.2,4619.2,4619.2,4619.2,4619.2,4619.2,4619.2,0.00,4619.2,4619.2,4619.2,231.76,791.2,791.2,791.2,4105.6,4110.6,4110.6,4110.6,4110.6,4110.6,768.2,512.8,262.4,7712,2059.2,5228,16632,2060.2,1041.6,10316,0x57EEBA0C
541,0,55145,55.145,0,0,OK,4624.2,4619.2,4619.2,4619.2,4619.2,4619.2,4619.2,4619.2,4619.2,0.00,4619.2,4619.2,4619.2,0.80,1031.6,1031.6,791.2,2171.2,2407.6,4111.6,2406.6,2407.6,4111.6,267.4,532.8,272.4,7812,2059.2,5128,21540,1559.4,1041.6,140,0x2F26C1C3
542,0,55246,55.246,0,0,OK,4621.2,4619.2,4619.2,4619.2,4619.2,4619.2,4619.2,4619.2,4619.2,0.00,4619.2,4619.2,4619.2,231.76,791.2,1031.6,1031.6,4105.6,2406.6,2407.6,4111.6,2406.6,2407.6,278.4,522.8,512.8,7812,2049.2,2624,21540,1809.8,1282.0,15424,0x92EC47EC
543,0,55348,55.348,0,0,OK,4622.2,4619.2,4619.2,4619.2,4619.2,4619.2,4619.2,4619.2,4619.2,0.00,4619.2,4619.2,4619.2,0.80,791.2,791.2,1031.6,4105.6,4110.6,2406.6,4111.6,4110.6,2406.6,518.8,272.4,532.8,7912,1798.8,2624,19136,1559.4,1292.0,13020,0x71D1E10F
544,0,55450,55.450,0,0,OK,4628.2,4619.2,4619.2,4619.2,4619.2,4619.2,4619.2,4619.2,4619.2,0.00,4619.2,4619.2,4619.2,0.80,791.2,1031.6,791.2,4105.6,2406.6,4111.6,4110.6,2406.6,4111.6,267.4,522.8,512.8,7812,1808.8,5128,13928,2050.2,791.2,10356,0x808A589E
545,0,55552,55.552,0,0,OK,4621.2,4619.2,4619.2,4619.2,4619.2,4619.2,4619.2,4619.2,4619.2,0.00,4619.2,4619.2,4619.2,231.76,1031.6,791.2,791.2,2171.2,4111.6,4110.6,2406.6,4111.6,4110.6,517.8,262.4,272.4,7912,1808.8,5228,11424,1809.8,1292.0,12820,0x7E8564BE
546,0,55653,55.653,0,0,OK,4628.2,4619.2,4619.2,4619.2,4619.2,4619.2,4619.2,4619.2,4619.2,0.00,4619.2,4619.2,4619.2,0.80,1031.6,1031.6,1031.6,2171.2,2407.6,2407.6,2407.6,2407.6,2407.6,518.8,262.4,272.4,10316,2059.2,2624,14028,2060.2,1292.0,10356,0x9151945C
547,0,55755,55.755,0,0,OK,4620.2,4619.2,4619.2,4619.2,4619.2,4619.2,4619.2,4619.2,4619.2,0.00,4619.2,4619.2,4619.2,232.76,791.2,791.2,1031.6,4105.6,4110.6,2406.6,4111.6,4110.6,2406.6,278.4,522.8,532.8,7912,1798.8,5328,14028,1809.8,1282.0,7752,0x20AE9C0E
548,0,55856,55.856,0,0,OK,4626.2,4619.2,4619.2,4619.2,4619.2,4619.2,4619.2,4619.2,4619.2,0.00,4619.2,4619.2,4619.2,231.76,791.2,1031.6,791.2,4105.6,2406.6,4111.6,4110.6,2406.6,4111.6,517.8,272.4,512.8,7812,1558.4,2724,11424,1809.8,1041.6,5348,0xF59C5B52
549,0,55958,55.958,0,0,OK,4625.2,4619.2,4619.2,4619.2,4619.2,4619.2,4619.2,4619.2,4619.2,0.00,4619.2,4619.2,4619.2,232.76,791.2,791.2,1031.6,4105.6,4110.6,2406.6,4111.6,4110.6,2406.6,528.8,532.8,272.4,5308,1558.4,5128,13828,2050.2,1031.6,240,0xE9FACBC3
550,0,56059,56.059,0,0,OK,4620.2,4619.2,4619.2,4619.2,4619.2,4619.2,4619.2,4619.2,4619.2,0.00,4619.2,4619.2,4619.2,231.76,791.2,1031.6,791.2,4105.6,2406.6,4111.6,4110.6,2406.6,4111.6,527.8,522.8,532.8,10316,1798.8,2724,19036,1799.8,1031.6,15424,0x0B19C56E
551,0,56161,56.161,0,0,OK,4623.2,4619.2,4619.2,4619.2,4619.2,4619.2,4619.2,4619.2,4619.2,0.00,4619.2,4619.2,4619.2,231.76,1031.6,1031.6,1031.6,2171.2,2407.6,2407.6,2407.6,2407.6,2407.6,268.4,262.4,262.4,10316,2059.2,5228,21540,1799.8,1282.0,12820,0x6707013B
552,0,56263,56.263,0,0,OK,4625.2,4619.2,4619.2,4619.2,4619.2,4619.2,4619.2,4619.2,4619.2,0.00,4619.2,4619.2,4619.2,0.80,1031.6,791.2,791.2,2171.2,4111.6,4110.6,2406.6,4111.6,4110.6,768.2,512.8,522.8,10316,1808.8,5128,14028,1809.8,1292.0,140,0xDBC3795A
553,0,56364,56.364,0,0,OK,4627.2,4619.2,4619.2,4619.2,4619.2,4619.2,4619.2,4619.2,4619.2,0.00,4619.2,4619.2,4619.2,232.76,791.2,791.2,1031.6,4105.6,4110.6,2406.6,4111.6,4110.6,2406.6,518.8,532.8,512.8,7712,1558.4,5328,14028,1559.4,1041.6,12860,0xEE6E5F58
554,0,56466,56.466,0,0,OK,4626.2,4619.2,4619.2,4619.2,4619.2,4619.2,4619.2,4619.2,4619.2,0.00,4619.2,4619.2,4619.2,231.76,791.2,1031.6,1031.6,4105.6,2406.6,2407.6,4111.6,2406.6,2407.6,528.8,522.8,522.8,5308,2059.2,2724,21540,1809.8,1282.0,10256,0x106E1F83
555,0,56567,56.567,0,0,OK,4622.2,4619.2,4619.2,4619.2,4619.2,4619.2,4619.2,4619.2,4619.2,0.00,4619.2,4619.2,4619.2,231.76,1031.6,1031.6,1031.6,2171.2,2407.6,2407.6,2407.6,2407.6,2407.6,518.8,262.4,272.4,7712,2049.2,5328,11424,1559.4,1292.0,18128,0x18C5DBA0
556,0,56669,56.669,0,0,OK,4623.2,4619.2,4619.2,4619.2,4619.2,4619.2,4619.2,4619.2,4619.2,0.00,4619.2,4619.2,4619.2,232.76,1031.6,1031.6,1031.6,2171.2,2407.6,2407.6,2407.6,2407.6,2407.6,518.8,272.4,532.8,7812,2049.2,5128,13828,1559.4,1282.0,7752,0x0E7F5BBB
557,0,56771,56.771,0,0,OK,4622.2,4619.2,4619.2,4619.2,4619.2,4619.2,4619.2,4619.2,4619.2,0.00,4619.2,4619.2,4619.2,0.80,791.2,1031.6,791.2,4105.6,2406.6,4111.6,4110.6,2406.6,4111.6,267.4,272.4,262.4,7912,1808.8,2624,21540,1559.4,791.2,140,0xEA7F800F
558,0,56872,56.872,0,0,OK,4622.2,4619.2,4619.2,4619.2,4619.2,4619.2,4619.2,4619.2,4619.2,0.00,4619.2,4619.2,4619.2,231.76,1031.6,1031.6,791.2,2171.2,2407.6,4111.6,2406.6,2407.6,4111.6,277.4,272.4,532.8,10316,1558.4,5128,13928,2060.2,1282.0,18028,0x7A2EE7A6
559,0,56974,56.974,0,0,OK,4626.2,4619.2,4619.2,4619.2,4619.2,4619.2,4619.2,4619.2,4619.2,0.00,4619.2,4619.2,4619.2,232.76,791.2,791.2,791.2,4105.6,4110.6,4110.6,4110.6,4110.6,4110.6,527.8,532.8,262.4,10316,1808.8,5328,21540,2050.2,791.2,140,0xC89771AB
560,0,57075,57.075,0,0,OK,4619.2,4619.2,4619.2,4619.2,4619.2,4619.2,4619.2,4619.2,4619.2,0.00,4619.2,4619.2,4619.2,232.76,1031.6,791.2,791.2,2171.2,4111.6,4110.6,2406.6,4111.6,4110.6,768.2,262.4,272.4,5308,1558.4,2724,19036,1559.4,1282.0,18028,0xAFC7E922
561,0,57177,57.177,0,0,OK,4625.2,4619.2,4619.2,4619.2,4619.2,4619.2,4619.2,4619.2,4619.2,0.00,4619.2,4619.2,4619.2,232.76,791.2,1031.6,1031.6,4105.6,2406.6,2407.6,4111.6,2406.6,2407.6,278.4,272.4,262.4,5308,1808.8,5128,14028,2060.2,1031.6,15524,0x10A492B6
562,0,57279,57.279,0,0,OK,4619.2,4619.2,4619.2,4619.2,4619.2,4619.2,4619.2,4619.2,4619.2,0.00,4619.2,4619.2,4619.2,231.76,791.2,1031.6,791.2,4105.6,2406.6,4111.6,4110.6,2406.6,4111.6,517.8,512.8,262.4,5308,2049.2,5328,11424,1799.8,791.2,5248,0x390D26F9
563,0,57380,57.380,0,0,OK,4627.2,4619.2,4619.2,4619.2,4619.2,4619.2,4619.2,4619.2,4619.2,0.00,4619.2,4619.2,4619.2,231.76,1031.6,1031.6,1031.6,2171.2,2407.6,2407.6,2407.6,2407.6,2407.6,518.8,272.4,532.8,5308,2049.2,2724,11424,1559.4,1031.6,10316,0x0F1E9FEF
564,0,57482,57.482,0,0,OK,4622.2,4619.2,4619.2,4619.2,4619.2,4619.2,4619.2,4619.2,4619.2,0.00,4619.2,4619.2,4619.2,232.76,791.2,791.2,791.2,4105.6,4110.6,4110.6,4110.6,4110.6,4110.6,277.4,522.8,532.8,7812,1558.4,2724,11424,2060.2,1282.0,13020,0xC62AA86C
565,0,57583,57.583,0,0,OK,4621.2,4619.2,4619.2,4619.2,4619.2,4619.2,4619.2,4619.2,4619.2,0.00,4619.2,4619.2,4619.2,0.80,791.2,791.2,791.2,4105.6,4110.6,4110.6,4110.6,4110.6,4110.6,517.8,512.8,532.8,7812,2059.2,2724,19036,1799.8,1041.6,7852,0x9CECDE38
566,0,57685,57.685,0,0,OK,4623.2,4619.2,4619.2,4619.2,4619.2,4619.2,4619.2,4619.2,4619.2,0.00,4619.2,4619.2,4619.2,232.76,1031.6,791.2,1031.6,2171.2,4111.6,2406.6,2407.6,4111.6,2406.6,518.8,512.8,262.4,7712,1558.4,5128,13928,1799.8,791.2,18128,0x8DCE7A30
567,0,57787,57.787,0,0,OK,4619.2,4619.2,4619.2,4619.2,4619.2,4619.2,4619.2,4619.2,4619.2,0.00,4619.2,4619.2,4619.2,231.76,791.2,1031.6,791.2,4105.6,2406.6,4111.6,4110.6,2406.6,4111.6,277.4,522.8,532.8,7712,1558.4,5128,13928,1559.4,1031.6,13020,0x054BD856
568,0,57888,57.888,0,0,OK,4622.2,4619.2,4619.2,4619.2,4619.2,4619.2,4619.2,4619.2,4619.2,0.00,4619.2,4619.2,4619.2,232.76,791.2,791.2,1031.6,4105.6,4110.6,2406.6,4111.6,4110.6,2406.6,278.4,532.8,512.8,5308,2049.2,5228,19136,1559.4,1292.0,18028,0x93E5B691
569,0,57990,57.990,0,0,OK,4624.2,4619.2,4619.2,4619.2,4619.2,4619.2,4619.2,4619.2,4619.2,0.00,4619.2,4619.2,4619.2,0.80,1031.6,1031.6,791.2,2171.2,2407.6,4111.6,2406.6,2407.6,4111.6,527.8,262.4,522.8,5308,2059.2,5128,16632,1809.8,791.2,18128,0xD54464C0
570,0,58091,58.091,0,0,OK,4620.2,4619.2,4619.2,4619.2,4619.2,4619.2,4619.2,4619.2,4619.2,0.00,4619.2,4619.2,4619.2,231.76,1031.6,791.2,1031.6,2171.2,4111.6,2406.6,2407.6,4111.6,2406.6,528.8,522.8,522.8,5308,1558.4,2724,16432,2050.2,791.2,15524,0x22F7FC20
571,0,58193,58.193,0,0,OK,4628.2,4619.2,4619.2,4619.2,4619.2,4619.2,4619.2,4619.2,4619.2,0.00,4619.2,4619.2,4619.2,232.76,791.2,1031.6,791.2,4105.6,2406.6,4111.6,4110.6,2406.6,4111.6,267.4,522.8,532.8,5308,1808.8,5328,13928,1799.8,1031.6,7852,0x3D11A11E
572,0,58294,58.294,0,0,OK,4626.2,4619.2,4619.2,4619.2,4619.2,4619.2,4619.2,4619.2,4619.2,0.00,4619.2,4619.2,4619.2,232.76,791.2,791.2,1031.6,4105.6,4110.6,2406.6,4111.6,4110.6,2406.6,518.8,272.4,522.8,7912,2049.2,5228,13828,2060.2,1041.6,2744,0x16EA1DA5
573,0,58396,58.396,0,0,OK,4625.2,4619.2,4619.2,4619.2,4619.2,4619.2,4619.2,4619.2,4619.2,0.00,4619.2,4619.2,4619.2,231.76,1031.6,1031.6,791.2,2171.2,2407.6,4111.6,2406.6,2407.6,4111.6,277.4,272.4,272.4,5308,2059.2,5228,11424,1559.4,1031.6,12920,0x978717DC
574,0,58498,58.498,0,0,OK,4624.2,4619.2,4619.2,4619.2,4619.2,4619.2,4619.2,4619.2,4619.2,0.00,4619.2,4619.2,4619.2,232.76,1031.6,1031.6,1031.6,2171.2,2407.6,2407.6,2407.6,2407.6,2407.6,518.8,512.8,532.8,5308,2059.2,2624,19036,2060.2,1031.6,12920,0xBCD0C2CA
575,0,58599,58.599,0,0,OK,4628.2,4619.2,4619.2,4619.2,4619.2,4619.2,4619.2,4619.2,4619.2,0.00,4619.2,4619.2,4619.2,231.76,1031.6,1031.6,1031.6,2171.2,2407.6,2407.6,2407.6,2407.6,2407.6,278.4,532.8,272.4,7812,1558.4,5128,13828,2060.2,1031.6,23136,0x79EFF3C0
576,0,58701,58.701,0,0,OK,4622.2,4619.2,4619.2,4619.2,4619.2,4619.2,4619.2,4619.2,4619.2,0.00,4619.2,4619.2,4619.2,232.76,791.2,1031.6,791.2,4105.6,2406.6,4111.6,4110.6,2406.6,4111.6,768.2,532.8,262.4,5308,1558.4,2724,16632,1559.4,1041.6,10456,0x83DC4BE3
577,0,58803,58.803,0,0,OK,4625.2,4619.2,4619.2,4619.2,4619.2,4619.2,4619.2,4619.2,4619.2,0.00,4619.2,4619.2,4619.2,232.76,791.2,791.2,791.2,4105.6,4110.6,4110.6,4110.6,4110.6,4110.6,527.8,522.8,262.4,7812,2049.2,5228,19136,1559.4,1041.6,20532,0x65E66CF9
578,0,58904,58.904,0,0,OK,4620.2,4619.2,4619.2,4619.2,4619.2,4619.2,4619.2,4619.2,4619.2,0.00,4619.2,4619.2,4619.2,232.76,791.2,1031.6,1031.6,4105.6,2406.6,2407.6,4111.6,2406.6,2407.6,518.8,532.8,272.4,7812,1798.8,2724,16432,2050.2,1041.6,20732,0xB0B921EE
579,0,59006,59.006,0,0,OK,4626.2,4619.2,4619.2,4619.2,4619.2,4619.2,4619.2,4619.2,4619.2,0.00,4619.2,4619.2,4619.2,232.76,1031.6,1031.6,791.2,2171.2,2407.6,4111.6,2406.6,2407.6,4111.6,267.4,522.8,272.4,7912,2049.2,5228,13828,1559.4,1292.0,18028,0x517BE7CC
580,0,59107,59.107,0,0,OK,4625.2,4619.2,4619.2,4619.2,4619.2,4619.2,4619.2,4619.2,4619.2,0.00,4619.2,4619.2,4619.2,232.76,1031.6,791.2,791.2,2171.2,4111.6,4110.6,2406.6,4111.6,4110.6,768.2,532.8,522.8,7812,2059.2,5328,13928,2050.2,1282.0,7752,0x485D8161
581,0,59209,59.209,0,0,OK,4620.2,4619.2,4619.2,4619.2,4619.2,4619.2,4619.2,4619.2,4619.2,0.00,4619.2,4619.2,4619.2,232.76,1031.6,1031.6,1031.6,2171.2,2407.6,2407.6,2407.6,2407.6,2407.6,518.8,522.8,522.8,7812,2049.2,2624,13828,1559.4,1031.6,7912,0x9C47F6EF
582,0,59310,59.310,0,0,OK,4628.2,4619.2,4619.2,4619.2,4619.2,4619.2,4619.2,4619.2,4619.2,0.00,4619.2,4619.2,4619.2,0.80,791.2,791.2,1031.6,4105.6,4110.6,2406.6,4111.6,4110.6,2406.6,528.8,532.8,512.8,7812,2059.2,5328,21540,1799.8,1292.0,12920,0x3D574385
583,0,59412,59.412,0,0,OK,4627.2,4619.2,4619.2,4619.2,4619.2,4619.2,4619.2,4619.2,4619.2,0.00,4619.2,4619.2,4619.2,232.76,1031.6,1031.6,1031.6,2171.2,2407.6,2407.6,2407.6,2407.6,2407.6,268.4,272.4,262.4,7812,2049.2,2724,19036,1799.8,1041.6,18028,0x5BE8A4AD
584,0,59514,59.514,0,0,OK,4628.2,4619.2,4619.2,4619.2,4619.2,4619.2,4619.2,4619.2,4619.2,0.00,4619.2,4619.2,4619.2,232.76,791.2,1031.6,791.2,4105.6,2406.6,4111.6,4110.6,2406.6,4111.6,267.4,272.4,262.4,7812,1558.4,5328,16632,1559.4,791.2,10256,0x07D8C2BE
585,0,59615,59.615,0,0,OK,4624.2,4619.2,4619.2,4619.2,4619.2,4619.2,4619.2,4619.2,4619.2,0.00,4619.2,4619.2,4619.2,232.76,791.2,791.2,791.2,4105.6,4110.6,4110.6,4110.6,4110.6,4110.6,517.8,532.8,262.4,5308,2049.2,5128,13928,1809.8,1031.6,5248,0x90008D0A
586,0,59717,59.717,0,0,OK,4619.2,4619.2,4619.2,4619.2,4619.2,4619.2,4619.2,4619.2,4619.2,0.00,4619.2,4619.2,4619.2,232.76,1031.6,791.2,791.2,2171.2,4111.6,4110.6,2406.6,4111.6,4110.6,517.8,262.4,522.8,5308,1558.4,5128,16432,2050.2,1282.0,18028,0xD7720699
587,0,59818,59.818,0,0,OK,4627.2,4619.2,4619.2,4619.2,4619.2,4619.2,4619.2,4619.2,4619.2,0.00,4619.2,4619.2,4619.2,231.76,1031.6,1031.6,791.2,2171.2,2407.6,4111.6,2406.6,2407.6,4111.6,768.2,272.4,522.8,7912,2059.2,2724,16532,2050.2,1292.0,17928,0xC3C285D7
588,0,59920,59.920,0,0,OK,4626.2,4619.2,4619.2,4619.2,4619.2,4619.2,4619.2,4619.2,4619.2,0.00,4619.2,4619.2,4619.2,231.76,791.2,791.2,1031.6,4105.6,4110.6,2406.6,4111.6,4110.6,2406.6,769.2,512.8,262.4,10316,1558.4,5228,11424,1799.8,1041.6,17928,0x050A969B
589,0,60021,60.021,0,0,OK,4627.2,4619.2,4619.2,4619.2,4619.2,4619.2,4619.2,4619.2,4619.2,0.00,4619.2,4619.2,4619.2,232.76,1031.6,791.2,1031.6,2171.2,4111.6,2406.6,2407.6,4111.6,2406.6,278.4,262.4,532.8,7812,2059.2,2624,16632,1809.8,791.2,7852,0xDB04D11A
590,0,60123,60.123,0,0,OK,4623.2,4619.2,4619.2,4619.2,4619.2,4619.2,4619.2,4619.2,4619.2,0.00,4619.2,4619.2,4619.2,231.76,1031.6,791.2,791.2,2171.2,4111.6,4110.6,2406.6,4111.6,4110.6,527.8,532.8,262.4,7712,1798.8,5128,19036,2060.2,1031.6,5248,0x228195E2
591,0,60225,60.225,0,0,OK,4625.2,4619.2,4619.2,4619.2,4619.2,4619.2,4619.2,4619.2,4619.2,0.00,4619.2,4619.2,4619.2,232.76,791.2,791.2,791.2,4105.6,4110.6,4110.6,4110.6,4110.6,4110.6,517.8,512.8,532.8,7712,2049.2,2724,11424,1799.8,1292.0,15424,0x5902102A
592,0,60326,60.326,0,0,OK,4625.2,4619.2,4619.2,4619.2,4619.2,4619.2,4619.2,4619.2,4619.2,0.00,4619.2,4619.2,4619.2,232.76,1031.6,791.2,1031.6,2171.2,4111.6,2406.6,2407.6,4111.6,2406.6,528.8,522.8,522.8,7912,1808.8,5328,16532,2050.2,1041.6,7852,0xAAA3668A
593,0,60428,60.428,0,0,OK,4622.2,4619.2,4619.2,4619.2,4619.2,4619.2,4619.2,4619.2,4619.2,0.00,4619.2,4619.2,4619.2,231.76,791.2,1031.6,791.2,4105.6,2406.6,4111.6,4110.6,2406.6,4111.6,277.4,272.4,512.8,7712,1798.8,5228,16432,1559.4,1292.0,2744,0x48B7B0D2
594,0,60529,60.529,0,0,OK,4625.2,4619.2,4619.2,4619.2,4619.2,4619.2,4619.2,4619.2,4619.2,0.00,4619.2,4619.2,4619.2,231.76,791.2,1031.6,1031.6,4105.6,2406.6,2407.6,4111.6,2406.6,2407.6,278.4,512.8,262.4,7812,1558.4,5128,16632,1799.8,1282.0,10456,0xDE5B1E40
595,0,60631,60.631,0,0,OK,4622.2,4619.2,4619.2,4619.2,4619.2,4619.2,4619.2,4619.2,4619.2,0.00,4619.2,4619.2,4619.2,231.76,791.2,791.2,791.2,4105.6,4110.6,4110.6,4110.6,4110.6,4110.6,277.4,532.8,272.4,7712,1808.8,2624,14028,1799.8,1282.0,2644,0x8EF26F10
596,0,60733,60.733,0,0,OK,4619.2,4619.2,4619.2,4619.2,4619.2,4619.2,4619.2,4619.2,4619.2,0.00,4619.2,4619.2,4619.2,231.76,791.2,1031.6,1031.6,4105.6,2406.6,2407.6,4111.6,2406.6,2407.6,268.4,262.4,262.4,5308,2049.2,5328,16432,1559.4,1041.6,20732,0x76D4A378
597,0,60834,60.834,0,0,OK,4627.2,4619.2,4619.2,4619.2,4619.2,4619.2,4619.2,4619.2,4619.2,0.00,4619.2,4619.2,4619.2,231.76,1031.6,1031.6,791.2,2171.2,2407.6,4111.6,2406.6,2407.6,4111.6,527.8,512.8,532.8,7912,1558.4,5228,13828,1799.8,1282.0,17928,0xB27ED578
598,0,60936,60.936,0,0,OK,4624.2,4619.2,4619.2,4619.2,4619.2,4619.2,4619.2,4619.2,4619.2,0.00,4619.2,4619.2,4619.2,231.76,791.2,1031.6,791.2,4105.6,2406.6,4111.6,4110.6,2406.6,4111.6,277.4,532.8,512.8,5308,1798.8,5228,19036,1809.8,1292.0,18128,0xDEDC9A42
599,0,61037,61.037,0,0,OK,4628.2,4619.2,4619.2,4619.2,4619.2,4619.2,4619.2,4619.2,4619.2,0.00,4619.2,4619.2,4619.2,231.76,1031.6,1031.6,1031.6,2171.2,2407.6,2407.6,2407.6,2407.6,2407.6,278.4,522.8,272.4,10316,2059.2,2624,13928,1559.4,1292.0,140,0xE0849041
600,0,61139,61.139,0,0,OK,4620.2,4619.2,4619.2,4619.2,4619.2,4619.2,4619.2,4619.2,4619.2,0.00,4619.2,4619.2,4619.2,232.76,791.2,791.2,1031.6,4105.6,4110.6,2406.6,4111.6,4110.6,2406.6,268.4,522.8,512.8,7812,2049.2,5228,13828,1559.4,1041.6,10456,0x4A69D307
601,0,61240,61.240,0,0,OK,4620.2,4619.2,4619.2,4619.2,4619.2,4619.2,4619.2,4619.2,4619.2,0.00,4619.2,4619.2,4619.2,0.80,1031.6,791.2,791.2,2171.2,4111.6,4110.6,2406.6,4111.6,4110.6,277.4,522.8,262.4,5308,1558.4,5128,19036,1559.4,1031.6,5348,0xD3270E60
602,0,61342,61.342,0,0,OK,4625.2,4619.2,4619.2,4619.2,4619.2,4619.2,4619.2,4619.2,4619.2,0.00,4619.2,4619.2,4619.2,0.80,1031.6,791.2,1031.6,2171.2,4111.6,2406.6,2407.6,4111.6,2406.6,518.8,262.4,532.8,7812,1798.8,5128,19136,1559.4,1292.0,2744,0x855D38B5
603,0,61444,61.444,0,0,OK,4622.2,4619.2,4619.2,4619.2,4619.2,4619.2,4619.2,4619.2,4619.2,0.00,4619.2,4619.2,4619.2,231.76,1031.6,791.2,1031.6,2171.2,4111.6,2406.6,2407.6,4111.6,2406.6,278.4,512.8,512.8,5308,2059.2,5328,19136,1559.4,1031.6,20632,0xAE3DC837
604,0,61545,61.545,0,0,OK,4625.2,4619.2,4619.2,4619.2,4619.2,4619.2,4619.2,4619.2,4619.2,0.00,4619.2,4619.2,4619.2,231.76,1031.6,1031.6,791.2,2171.2,2407.6,4111.6,2406.6,2407.6,4111.6,768.2,522.8,532.8,7912,2049.2,5228,21540,1809.8,791.2,7852,0x21995215
605,0,61647,61.647,0,0,OK,4628.2,4619.2,4619.2,4619.2,4619.2,4619.2,4619.2,4619.2,4619.2,0.00,4619.2,4619.2,4619.2,231.76,1031.6,791.2,791.2,2171.2,4111.6,4110.6,2406.6,4111.6,4110.6,277.4,512.8,262.4,7912,2059.2,5228,13928,1799.8,791.2,2644,0xE427686B
606,0,61749,61.749,0,0,OK,4622.2,4619.2,4619.2,4619.2,4619.2,4619.2,4619.2,4619.2,4619.2,0.00,4619.2,4619.2,4619.2,231.76,1031.6,1031.6,1031.6,2171.2,2407.6,2407.6,2407.6,2407.6,2407.6,528.8,262.4,532.8,10316,1808.8,2624,16632,1799.8,1282.0,12860,0x9B87B6C7
607,0,61850,61.850,0,0,OK,4623.2,4619.2,4619.2,4619.2,4619.2,4619.2,4619.2,4619.2,4619.2,0.00,4619.2,4619.2,4619.2,0.80,791.2,1031.6,791.2,4105.6,2406.6,4111.6,4110.6,2406.6,4111.6,277.4,522.8,512.8,7712,2049.2,5128,19036,2050.2,791.2,20732,0x4944BF6A
608,0,61952,61.952,0,0,OK,4626.2,4619.2,4619.2,4619.2,4619.2,4619.2,4619.2,4619.2,4619.2,0.00,4619.2,4619.2,4619.2,0.80,791.2,1031.6,791.2,4105.6,2406.6,4111.6,4110.6,2406.6,4111.6,768.2,522.8,272.4,7912,1808.8,2624,14028,1799.8,1041.6,12920,0x3C68B554
609,0,62053,62.053,0,0,OK,4621.2,4619.2,4619.2,4619.2,4619.2,4619.2,4619.2,4619.2,4619.2,0.00,4619.2,4619.2,4619.2,231.76,791.2,791.2,1031.6,4105.6,4110.6,2406.6,4111.6,4110.6,2406.6,268.4,532.8,522.8,7812,1808.8,2624,16632,1559.4,1292.0,10456,0x66222FFD
610,0,62155,62.155,0,0,OK,4626.2,4619.2,4619.2,4619.2,4619.2,4619.2,4619.2,4619.2,4619.2,0.00,4619.2,4619.2,4619.2,231.76,791.2,1031.6,791.2,4105.6,2406.6,4111.6,4110.6,2406.6,4111.6,768.2,262.4,512.8,7812,1798.8,2724,19036,1809.8,791.2,5248,0xA571796B
611,0,62257,62.257,0,0,OK,4624.2,4619.2,4619.2,4619.2,4619.2,4619.2,4619.2,4619.2,4619.2,0.00,4619.2,4619.2,4619.2,0.80,1031.6,791.2,1031.6,2171.2,4111.6,2406.6,2407.6,4111.6,2406.6,268.4,532.8,522.8,7712,1798.8,5128,21540,1799.8,1031.6,23136,0xEE7E3A2C
612,0,62358,62.358,0,0,OK,4624.2,4619.2,4619.2,4619.2,4619.2,4619.2,4619.2,4619.2,4619.2,0.00,4619.2,4619.2,4619.2,231.76,1031.6,1031.6,1031.6,2171.2,2407.6,2407.6,2407.6,2407.6,2407.6,518.8,272.4,532.8,5308,2059.2,2624,11424,2050.2,1292.0,10356,0x828A8D5F
613,0,62460,62.460,0,0,OK,4623.2,4619.2,4619.2,4619.2,4619.2,4619.2,4619.2,4619.2,4619.2,0.00,4619.2,4619.2,4619.2,232.76,791.2,791.2,791.2,4105.6,4110.6,4110.6,4110.6,4110.6,4110.6,517.8,262.4,512.8,7912,1558.4,2724,16432,1559.4,1031.6,5148,0x8EF66D62
614,0,62561,62.561,0,0,OK,4625.2,4619.2,4619.2,4619.2,4619.2,4619.2,4619.2,4619.2,4619.2,0.00,4619.2,4619.2,4619.2,231.76,1031.6,1031.6,1031.6,2171.2,2407.6,2407.6,2407.6,2407.6,2407.6,278.4,262.4,512.8,7712,2049.2,5328,16432,1799.8,1031.6,240,0xCBFBAD4A
615,0,62663,62.663,0,0,OK,4619.2,4619.2,4619.2,4619.2,4619.2,4619.2,4619.2,4619.2,4619.2,0.00,4619.2,4619.2,4619.2,0.80,791.2,1031.6,1031.6,4105.6,2406.6,2407.6,4111.6,2406.6,2407.6,268.4,532.8,532.8,5308,2059.2,5128,11424,1559.4,791.2,7912,0x74946C47
616,0,62765,62.765,0,0,OK,4627.2,4619.2,4619.2,4619.2,4619.2,4619.2,4619.2,4619.2,4619.2,0.00,4619.2,4619.2,4619.2,231.76,791.2,791.2,1031.6,4105.6,4110.6,2406.6,4111.6,4110.6,2406.6,769.2,512.8,262.4,5308,1808.8,2624,11424,1799.8,791.2,12820,0x1957CA3B
617,0,62866,62.866,0,0,OK,4628.2,4619.2,4619.2,4619.2,4619.2,4619.2,4619.2,4619.2,4619.2,0.00,4619.2,4619.2,4619.2,232.76,1031.6,1031.6,791.2,2171.2,2407.6,4111.6,2406.6,2407.6,4111.6,277.4,512.8,522.8,7812,2059.2,2724,16432,2050.2,1041.6,12820,0xDD5ED371
618,0,62968,62.968,0,0,OK,4625.2,4619.2,4619.2,4619.2,4619.2,4619.2,4619.2,4619.2,4619.2,0.00,4619.2,4619.2,4619.2,231.76,1031.6,1031.6,791.2,2171.2,2407.6,4111.6,2406.6,2407.6,4111.6,277.4,262.4,262.4,7712,1558.4,5228,16632,2050.2,1041.6,40,0xEDE3489E
619,0,63070,63.070,0,0,OK,4620.2,4619.2,4619.2,4619.2,4619.2,4619.2,4619.2,4619.2,4619.2,0.00,4619.2,4619.2,4619.2,231.76,791.2,1031.6,1031.6,4105.6,2406.6,2407.6,4111.6,2406.6,2407.6,278.4,512.8,272.4,10316,2049.2,2724,16532,2050.2,1292.0,15424,0x042AEC4E
620,0,63171,63.171,0,0,OK,4620.2,4619.2,4619.2,4619.2,4619.2,4619.2,4619.2,4619.2,4619.2,0.00,4619.2,4619.2,4619.2,231.76,791.2,791.2,791.2,4105.6,4110.6,4110.6,4110.6,4110.6,4110.6,277.4,522.8,262.4,10316,1558.4,2624,19036,1809.8,1031.6,18028,0x7B5E78E2
621,0,63273,63.273,0,0,OK,4628.2,4619.2,4619.2,4619.2,4619.2,4619.2,4619.2,4619.2,4619.2,0.00,4619.2,4619.2,4619.2,232.76,1031.6,1031.6,1031.6,2171.2,2407.6,2407.6,2407.6,2407.6,2407.6,268.4,532.8,262.4,7712,1808.8,5228,16632,2060.2,1031.6,240,0x6FF5E978
622,0,63374,63.374,0,0,OK,4624.2,4619.2,4619.2,4619.2,4619.2,4619.2,4619.2,4619.2,4619.2,0.00,4619.2,4619.2,4619.2,0.80,1031.6,1031.6,791.2,2171.2,2407.6,4111.6,2406.6,2407.6,4111.6,527.8,272.4,532.8,5308,1808.8,2624,13828,2050.2,1041.6,140,0x85A8E8B9
623,0,63476,63.476,0,0,OK,4628.2,4619.2,4619.2,4619.2,4619.2,4619.2,4619.2,4619.2,4619.2,0.00,4619.2,4619.2,4619.2,231.76,791.2,1031.6,791.2,4105.6,2406.6,4111.6,4110.6,2406.6,4111.6,517.8,512.8,262.4,5308,1808.8,5128,13928,1799.8,791.2,23236,0x18594CD3
624,0,63578,63.578,0,0,OK,4619.2,4619.2,4619.2,4619.2,4619.2,4619.2,4619.2,4619.2,4619.2,0.00,4619.2,4619.2,4619.2,231.76,1031.6,1031.6,791.2,2171.2,2407.6,4111.6,2406.6,2407.6,4111.6,277.4,272.4,262.4,7712,2059.2,5128,13928,2050.2,1031.6,17928,0x310781C2
625,0,63679,63.679,0,0,OK,4620.2,4619.2,4619.2,4619.2,4619.2,4619.2,4619.2,4619.2,4619.2,0.00,4619.2,4619.2,4619.2,231.76,1031.6,1031.6,1031.6,2171.2,2407.6,2407.6,2407.6,2407.6,2407.6,268.4,522.8,272.4,5308,1808.8,2724,16532,1809.8,791.2,240,0x9B4E3592
626,0,63781,63.781,0,0,OK,4624.2,4619.2,4619.2,4619.2,4619.2,4619.2,4619.2,4619.2,4619.2,0.00,4619.2,4619.2,4619.2,0.80,791.2,791.2,791.2,4105.6,4110.6,4110.6,4110.6,4110.6,4110.6,277.4,272.4,512.8,5308,1808.8,5328,16532,2060.2,1282.0,20632,0x97763CE0
627,0,63882,63.882,0,0,OK,4622.2,4619.2,4619.2,4619.2,4619.2,4619.2,4619.2,4619.2,4619.2,0.00,4619.2,4619.2,4619.2,0.80,1031.6,1031.6,1031.6,2171.2,2407.6,2407.6,2407.6,2407.6,2407.6,518.8,522.8,262.4,7712,1808.8,5328,16532,1559.4,791.2,10256,0x7BF4BC55
628,0,63984,63.984,0,0,OK,4625.2,4619.2,4619.2,4619.2,4619.2,4619.2,4619.2,4619.2,4619.2,0.00,4619.2,4619.2,4619.2,0.80,791.2,1031.6,791.2,4105.6,2406.6,4111.6,4110.6,2406.6,4111.6,517.8,272.4,262.4,5308,2049.2,5128,21540,1559.4,1292.0,7912,0x7A64B9FD
629,0,64086,64.086,0,0,OK,4621.2,4619.2,4619.2,4619.2,4619.2,4619.2,4619.2,4619.2,4619.2,0.00,4619.2,4619.2,4619.2,0.80,791.2,1031.6,791.2,4105.6,2406.6,4111.6,4110.6,2406.6,4111.6,267.4,272.4,532.8,5308,2059.2,5328,13928,1799.8,1292.0,12860,0x06EA128A
630,0,64187,64.187,0,0,OK,4624.2,4619.2,4619.2,4619.2,4619.2,4619.2,4619.2,4619.2,4619.2,0.00,4619.2,4619.2,4619.2,232.76,791.2,791.2,1031.6,4105.6,4110.6,2406.6,4111.6,4110.6,2406.6,769.2,522.8,532.8,5308,1808.8,5328,14028,2060.2,1282.0,15524,0xDB05D0AD
631,0,64289,64.289,0,0,OK,4622.2,4619.2,4619.2,4619.2,4619.2,4619.2,4619.2,4619.2,4619.2,0.00,4619.2,4619.2,4619.2,231.76,1031.6,791.2,791.2,2171.2,4111.6,4110.6,2406.6,4111.6,4110.6,267.4,522.8,522.8,7912,2059.2,5128,19036,1559.4,1041.6,5248,0xED556D3B
632,0,64391,64.391,0,0,OK,4625.2,4619.2,4619.2,4619.2,4619.2,4619.2,4619.2,4619.2,4619.2,0.00,4619.2,4619.2,4619.2,232.76,1031.6,791.2,1031.6,2171.2,4111.6,2406.6,2407.6,4111.6,2406.6,268.4,512.8,262.4,7712,2059.2,5228,13828,2060.2,1031.6,10456,0xC62CE534
633,0,64492,64.492,0,0,OK,4624.2,4619.2,4619.2,4619.2,4619.2,4619.2,4619.2,4619.2,4619.2,0.00,4619.2,4619.2,4619.2,232.76,791.2,791.2,791.2,4105.6,4110.6,4110.6,4110.6,4110.6,4110.6,768.2,272.4,512.8,10316,1808.8,2724,19036,2050.2,1292.0,10316,0x958DF67F
634,0,64594,64.594,0,0,OK,4627.2,4619.2,4619.2,4619.2,4619.2,4619.2,4619.2,4619.2,4619.2,0.00,4619.2,4619.2,4619.2,232.76,1031.6,1031.6,1031.6,2171.2,2407.6,2407.6,2407.6,2407.6,2407.6,528.8,512.8,272.4,7812,1808.8,5328,19136,2060.2,791.2,5148,0x0EAB0F5B
635,0,64695,64.695,0,0,OK,4621.2,4619.2,4619.2,4619.2,4619.2,4619.2,4619.2,4619.2,4619.2,0.00,4619.2,4619.2,4619.2,231.76,791.2,791.2,791.2,4105.6,4110.6,4110.6,4110.6,4110.6,4110.6,517.8,272.4,272.4,7812,1558.4,2624,11424,2050.2,1292.0,12920,0xEDBB03E9
636,0,64797,64.797,0,0,OK,4622.2,4619.2,4619.2,4619.2,4619.2,4619.2,4619.2,4619.2,4619.2,0.00,4619.2,4619.2,4619.2,0.80,791.2,1031.6,1031.6,4105.6,2406.6,2407.6,4111.6,2406.6,2407.6,268.4,522.8,522.8,7812,1808.8,5128,19136,1799.8,791.2,10356,0x14C3C730
637,0,64899,64.899,0,0,OK,4628.2,4619.2,4619.2,4619.2,4619.2,4619.2,4619.2,4619.2,4619.2,0.00,4619.2,4619.2,4619.2,232.76,1031.6,1031.6,1031.6,2171.2,2407.6,2407.6,2407.6,2407.6,2407.6,268.4,262.4,262.4,7912,1558.4,5128,16632,1559.4,1031.6,140,0x781BE1A9
638,0,65000,65.000,0,0,OK,4619.2,4619.2,4619.2,4619.2,4619.2,4619.2,4619.2,4619.2,4619.2,0.00,4619.2,4619.2,4619.2,232.76,1031.6,1031.6,1031.6,2171.2,2407.6,2407.6,2407.6,2407.6,2407.6,278.4,522.8,532.8,7812,1798.8,2624,13828,2050.2,1292.0,13020,0x36E6393B
639,0,65102,65.102,0,0,OK,4622.2,4619.2,4619.2,4619.2,4619.2,4619.2,4619.2,4619.2,4619.2,0.00,4619.2,4619.2,4619.2,0.80,791.2,791.2,1031.6,4105.6,4110.6,2406.6,4111.6,4110.6,2406.6,518.8,262.4,272.4,7712,2059.2,5328,14028,1799.8,1282.0,23236,0x69C349AE
640,0,65203,65.203,0,0,OK,4624.2,4619.2,4619.2,4619.2,4619.2,4619.2,4619.2,4619.2,4619.2,0.00,4619.2,4619.2,4619.2,0.80,791.2,791.2,1031.6,4105.6,4110.6,2406.6,4111.6,4110.6,2406.6,278.4,512.8,262.4,10316,2049.2,2624,16532,1809.8,1292.0,2644,0x4BE4E209
641,0,65305,65.305,0,0,OK,4621.2,4619.2,4619.2,4619.2,4619.2,4619.2,4619.2,4619.2,4619.2,0.00,4619.2,4619.2,4619.2,0.80,791.2,791.2,1031.6,4105.6,4110.6,2406.6,4111.6,4110.6,2406.6,268.4,512.8,532.8,7812,1558.4,5328,11424,2050.2,1031.6,20532,0xA0A3BFCE
642,0,65407,65.407,0,0,OK,4627.2,4619.2,4619.2,4619.2,4619.2,4619.2,4619.2,4619.2,4619.2,0.00,4619.2,4619.2,4619.2,232.76,1031.6,1031.6,1031.6,2171.2,2407.6,2407.6,2407.6,2407.6,2407.6,268.4,262.4,272.4,7912,2049.2,2724,11424,2060.2,791.2,10256,0x3973F403
643,0,65508,65.508,0,0,OK,4622.2,4619.2,4619.2,4619.2,4619.2,4619.2,4619.2,4619.2,4619.2,0.00,4619.2,4619.2,4619.2,0.80,791.2,1031.6,791.2,4105.6,2406.6,4111.6,4110.6,2406.6,4111.6,267.4,512.8,522.8,7712,2049.2,2624,16532,2050.2,1282.0,18128,0x8951A328
644,0,65610,65.610,0,0,OK,4624.2,4619.2,4619.2,4619.2,4619.2,4619.2,4619.2,4619.2,4619.2,0.00,4619.2,4619.2,4619.2,232.76,791.2,1031.6,1031.6,4105.6,2406.6,2407.6,4111.6,2406.6,2407.6,769.2,262.4,512.8,10316,2049.2,2724,16632,2060.2,1031.6,12820,0x15AB75ED
645,0,65712,65.712,0,0,OK,4627.2,4619.2,4619.2,4619.2,4619.2,4619.2,4619.2,4619.2,4619.2,0.00,4619.2,4619.2,4619.2,232.76,791.2,791.2,1031.6,4105.6,4110.6,2406.6,4111.6,4110.6,2406.6,528.8,272.4,532.8,5308,2049.2,5228,16632,1799.8,1041.6,20532,0xA8EAD620
646,0,65813,65.813,0,0,OK,4621.2,4619.2,4619.2,4619.2,4619.2,4619.2,4619.2,4619.2,4619.2,0.00,4619.2,4619.2,4619.2,0.80,791.2,791.2,1031.6,4105.6,4110.6,2406.6,4111.6,4110.6,2406.6,528.8,522.8,272.4,7712,2049.2,2724,16632,2050.2,791.2,40,0xE7F76E6B
647,0,65915,65.915,0,0,OK,4626.2,4619.2,4619.2,4619.2,4619.2,4619.2,4619.2,4619.2,4619.2,0.00,4619.2,4619.2,4619.2,0.80,791.2,1031.6,1031.6,4105.6,2406.6,2407.6,4111.6,2406.6,2407.6,769.2,262.4,262.4,7712,1798.8,2724,16432,1799.8,1292.0,10356,0xD9B83BCF
648,0,66016,66.016,0,0,OK,4626.2,4619.2,4619.2,4619.2,4619.2,4619.2,4619.2,4619.2,4619.2,0.00,4619.2,4619.2,4619.2,0.80,1031.6,791.2,791.2,2171.2,4111.6,4110.6,2406.6,4111.6,4110.6,768.2,532.8,272.4,7912,1808.8,2624,13828,1559.4,1031.6,18028,0xE66A66AC
649,0,66118,66.118,0,0,OK,4626.2,4619.2,4619.2,4619.2,4619.2,4619.2,4619.2,4619.2,4619.2,0.00,4619.2,4619.2,4619.2,232.76,791.2,1031.6,1031.6,4105.6,2406.6,2407.6,4111.6,2406.6,2407.6,268.4,532.8,512.8,7812,2059.2,5328,16532,1809.8,1041.6,7852,0xE4515BE4
650,0,66220,66.220,0,0,OK,4628.2,4619.2,4619.2,4619.2,4619.2,4619.2,4619.2,4619.2,4619.2,0.00,4619.2,4619.2,4619.2,232.76,1031.6,791.2,791.2,2171.2,4111.6,4110.6,2406.6,4111.6,4110.6,267.4,512.8,272.4,7912,2049.2,2724,16632,2050.2,791.2,20732,0x8105D269
651,0,66321,66.321,0,0,OK,4624.2,4619.2,4619.2,4619.2,4619.2,4619.2,4619.2,4619.2,4619.2,0.00,4619.2,4619.2,4619.2,232.76,791.2,791.2,1031.6,4105.6,4110.6,2406.6,4111.6,4110.6,2406.6,528.8,532.8,532.8,5308,1798.8,2624,16532,1799.8,1292.0,13020,0xB82FA8DE
652,0,66423,66.423,0,0,OK,4627.2,4619.2,4619.2,4619.2,4619.2,4619.2,4619.2,4619.2,4619.2,0.00,4619.2,4619.2,4619.2,232.76,791.2,791.2,791.2,4105.6,4110.6,4110.6,4110.6,4110.6,4110.6,768.2,262.4,512.8,7712,1798.8,5228,16432,2060.2,1031.6,2644,0x246DCABC
653,0,66525,66.525,0,0,OK,4620.2,4619.2,4619.2,4619.2,4619.2,4619.2,4619.2,4619.2,4619.2,0.00,4619.2,4619.2,4619.2,231.76,791.2,791.2,791.2,4105.6,4110.6,4110.6,4110.6,4110.6,4110.6,517.8,532.8,532.8,7712,1558.4,2724,11424,2050.2,1041.6,2744,0xFDA29B15
654,0,66626,66.626,0,0,OK,4627.2,4619.2,4619.2,4619.2,4619.2,4619.2,4619.2,4619.2,4619.2,0.00,4619.2,4619.2,4619.2,232.76,791.2,791.2,791.2,4105.6,4110.6,4110.6,4110.6,4110.6,4110.6,517.8,532.8,272.4,10316,2059.2,2624,11424,1809.8,1282.0,17928,0xCB8FC276
655,0,66728,66.728,0,0,OK,4622.2,4619.2,4619.2,4619.2,4619.2,4619.2,4619.2,4619.2,4619.2,0.00,4619.2,4619.2,4619.2,231.76,1031.6,791.2,1031.6,2171.2,4111.6,2406.6,2407.6,4111.6,2406.6,518.8,272.4,262.4,7812,2059.2,5228,13928,1559.4,1282.0,5248,0xD3E7BB44
656,0,66829,66.829,0,0,OK,4619.2,4619.2,4619.2,4619.2,4619.2,4619.2,4619.2,4619.2,4619.2,0.00,4619.2,4619.2,4619.2,231.76,791.2,791.2,1031.6,4105.6,4110.6,2406.6,4111.6,4110.6,2406.6,528.8,522.8,262.4,5308,1558.4,2624,19036,1559.4,1031.6,240,0x72F438A3
657,0,66931,66.931,0,0,OK,4627.2,4619.2,4619.2,4619.2,4619.2,4619.2,4619.2,4619.2,4619.2,0.00,4619.2,4619.2,4619.2,0.80,791.2,791.2,1031.6,4105.6,4110.6,2406.6,4111.6,4110.6,2406.6,278.4,532.8,522.8,7912,1808.8,5328,19036,1799.8,1041.6,12920,0x1EF13FDF
658,0,67033,67.033,0,0,OK,4624.2,4619.2,4619.2,4619.2,4619.2,4619.2,4619.2,4619.2,4619.2,0.00,4619.2,4619.2,4619.2,232.76,1031.6,1031.6,791.2,2171.2,2407.6,4111.6,2406.6,2407.6,4111.6,768.2,512.8,272.4,7712,2049.2,2724,11424,1809.8,791.2,7852,0x53293A38
659,0,67134,67.134,0,0,OK,4624.2,4619.2,4619.2,4619.2,4619.2,4619.2,4619.2,4619.2,4619.2,0.00,4619.2,4619.2,4619.2,232.76,791.2,1031.6,791.2,4105.6,2406.6,4111.6,4110.6,2406.6,4111.6,277.4,512.8,522.8,7912,2059.2,5328,14028,1799.8,1282.0,10456,0x2D9D6D6B
660,0,67236,67.236,0,0,OK,4625.2,4619.2,4619.2,4619.2,4619.2,4619.2,4619.2,4619.2,4619.2,0.00,4619.2,4619.2,4619.2,232.76,1031.6,1031.6,1031.6,2171.2,2407.6,2407.6,2407.6,2407.6,2407.6,528.8,512.8,272.4,5308,1798.8,5128,13928,2050.2,791.2,7752,0x26840551
661,0,67337,67.337,0,0,OK,4628.2,4619.2,4619.2,4619.2,4619.2,4619.2,4619.2,4619.2,4619.2,0.00,4619.2,4619.2,4619.2,231.76,1031.6,791.2,791.2,2171.2,4111.6,4110.6,2406.6,4111.6,4110.6,527.8,512.8,532.8,7912,1808.8,2624,11424,2050.2,1041.6,20632,0x525EB959
662,0,67439,67.439,0,0,OK,4628.2,4619.2,4619.2,4619.2,4619.2,4619.2,4619.2,4619.2,4619.2,0.00,4619.2,4619.2,4619.2,232.76,791.2,791.2,1031.6,4105.6,4110.6,2406.6,4111.6,4110.6,2406.6,268.4,522.8,522.8,7712,1798.8,5128,16432,1799.8,1282.0,12920,0xE93FFA24
663,0,67541,67.541,0,0,OK,4628.2,4619.2,4619.2,4619.2,4619.2,4619.2,4619.2,4619.2,4619.2,0.00,4619.2,4619.2,4619.2,231.76,1031.6,1031.6,1031.6,2171.2,2407.6,2407.6,2407.6,2407.6,2407.6,518.8,262.4,272.4,7712,2049.2,2624,16532,2050.2,1031.6,17928,0xD8235171
664,0,67642,67.642,0,0,OK,4621.2,4619.2,4619.2,4619.2,4619.2,4619.2,4619.2,4619.2,4619.2,0.00,4619.2,4619.2,4619.2,231.76,791.2,791.2,1031.6,4105.6,4110.6,2406.6,4111.6,4110.6,2406.6,518.8,272.4,532.8,10316,2059.2,2624,19136,1799.8,1031.6,23236,0xA741B7C7
665,0,67744,67.744,0,0,OK,4620.2,4619.2,4619.2,4619.2,4619.2,4619.2,4619.2,4619.2,4619.2,0.00,4619.2,4619.2,4619.2,231.76,791.2,791.2,1031.6,4105.6,4110.6,2406.6,4111.6,4110.6,2406.6,769.2,532.8,272.4,10316,1558.4,2624,16532,1559.4,1282.0,2644,0x3DAC2D5C
666,0,67846,67.846,0,0,OK,4621.2,4619.2,4619.2,4619.2,4619.2,4619.2,4619.2,4619.2,4619.2,0.00,4619.2,4619.2,4619.2,232.76,1031.6,1031.6,1031.6,2171.2,2407.6,2407.6,2407.6,2407.6,2407.6,528.8,272.4,532.8,7912,1798.8,2724,16632,1809.8,1282.0,15424,0x6A113D23
667,0,67947,67.947,0,0,OK,4627.2,4619.2,4619.2,4619.2,4619.2,4619.2,4619.2,4619.2,4619.2,0.00,4619.2,4619.2,4619.2,0.80,791.2,791.2,791.2,4105.6,4110.6,4110.6,4110.6,4110.6,4110.6,277.4,522.8,272.4,7812,1808.8,5228,16632,1809.8,1282.0,5348,0x0313CDB9
668,0,68049,68.049,0,0,OK,4626.2,4619.2,4619.2,4619.2,4619.2,4619.2,4619.2,4619.2,4619.2,0.00,4619.2,4619.2,4619.2,0.80,791.2,791.2,1031.6,4105.6,4110.6,2406.6,4111.6,4110.6,2406.6,278.4,512.8,532.8,7912,1798.8,5128,14028,1799.8,791.2,20532,0x815FA29D
669,0,68150,68.150,0,0,OK,4625.2,4619.2,4619.2,4619.2,4619.2,4619.2,4619.2,4619.2,4619.2,0.00,4619.2,4619.2,4619.2,0.80,1031.6,791.2,1031.6,2171.2,4111.6,2406.6,2407.6,4111.6,2406.6,518.8,262.4,532.8,7812,1798.8,2624,11424,1559.4,1031.6,10256,0x89F90133
670,0,68252,68.252,0,0,OK,4624.2,4619.2,4619.2,4619.2,4619.2,4619.2,4619.2,4619.2,4619.2,0.00,4619.2,4619.2,4619.2,232.76,791.2,791.2,1031.6,4105.6,4110.6,2406.6,4111.6,4110.6,2406.6,278.4,262.4,532.8,7712,2049.2,5328,13828,1809.8,1282.0,20532,0xE7E36B34
671,0,68354,68.354,0,0,OK,4622.2,4619.2,4619.2,4619.2,4619.2,4619.2,4619.2,4619.2,4619.2,0.00,4619.2,4619.2,4619.2,232.76,791.2,1031.6,1031.6,4105.6,2406.6,2407.6,4111.6,2406.6,2407.6,528.8,532.8,272.4,7712,1808.8,5128,21540,1799.8,1031.6,2644,0x1010012D
672,0,68455,68.455,0,0,OK,4622.2,4619.2,4619.2,4619.2,4619.2,4619.2,4619.2,4619.2,4619.2,0.00,4619.2,4619.2,4619.2,231.76,791.2,791.2,1031.6,4105.6,4110.6,2406.6,4111.6,4110.6,2406.6,528.8,522.8,262.4,7912,1798.8,2724,14028,1809.8,1282.0,15424,0xA2C565DE
673,0,68557,68.557,0,0,OK,4624.2,4619.2,4619.2,4619.2,4619.2,4619.2,4619.2,4619.2,4619.2,0.00,4619.2,4619.2,4619.2,0.80,791.2,791.2,791.2,4105.6,4110.6,4110.6,4110.6,4110.6,4110.6,517.8,512.8,522.8,7912,1558.4,5328,16532,1559.4,1282.0,2644,0x50145E88
674,0,68658,68.658,0,0,OK,4622.2,4619.2,4619.2,4619.2,4619.2,4619.2,4619.2,4619.2,4619.2,0.00,4619.2,4619.2,4619.2,231.76,1031.6,1031.6,791.2,2171.2,2407.6,4111.6,2406.6,2407.6,4111.6,277.4,272.4,262.4,10316,1808.8,2624,13828,1809.8,1031.6,15424,0xA9DE1F50
675,0,68760,68.760,0,0,OK,4626.2,4619.2,4619.2,4619.2,4619.2,4619.2,4619.2,4619.2,4619.2,0.00,4619.2,4619.2,4619.2,231.76,791.2,791.2,1031.6,4105.6,4110.6,2406.6,4111.6,4110.6,2406.6,528.8,522.8,512.8,10316,1798.8,2724,16532,2060.2,1292.0,10256,0x8074BD28
676,0,68862,68.862,0,0,OK,4620.2,4619.2,4619.2,4619.2,4619.2,4619.2,4619.2,4619.2,4619.2,0.00,4619.2,4619.2,4619.2,231.76,791.2,791.2,791.2,4105.6,4110.6,4110.6,4110.6,4110.6,4110.6,768.2,272.4,522.8,7712,2059.2,2624,13828,1799.8,1031.6,5148,0x6F3CF0B0
677,0,68963,68.963,0,0,OK,4620.2,4619.2,4619.2,4619.2,4619.2,4619.2,4619.2,4619.2,4619.2,0.00,4619.2,4619.2,4619.2,232.76,1031.6,1031.6,791.2,2171.2,2407.6,4111.6,2406.6,2407.6,4111.6,517.8,272.4,262.4,10316,1798.8,5328,19036,2060.2,791.2,18128,0xF5DFC8BF
678,0,69065,69.065,0,0,OK,4626.2,4619.2,4619.2,4619.2,4619.2,4619.2,4619.2,4619.2,4619.2,0.00,4619.2,4619.2,4619.2,232.76,791.2,791.2,791.2,4105.6,4110.6,4110.6,4110.6,4110.6,4110.6,267.4,532.8,522.8,7912,1798.8,2724,13828,1559.4,1041.6,20632,0x572862A3
679,0,69166,69.166,0,0,OK,4622.2,4619.2,4619.2,4619.2,4619.2,4619.2,4619.2,4619.2,4619.2,0.00,4619.2,4619.2,4619.2,0.80,1031.6,791.2,1031.6,2171.2,4111.6,2406.6,2407.6,4111.6,2406.6,769.2,262.4,532.8,5308,1558.4,5128,21540,2060.2,1031.6,140,0xC9B42DBD
680,0,69268,69.268,0,0,OK,4628.2,4619.2,4619.2,4619.2,4619.2,4619.2,4619.2,4619.2,4619.2,0.00,4619.2,4619.2,4619.2,232.76,1031.6,791.2,1031.6,2171.2,4111.6,2406.6,2407.6,4111.6,2406.6,278.4,272.4,532.8,7812,1558.4,2624,13928,2050.2,791.2,2644,0x15BA49D9
681,0,69370,69.370,0,0,OK,4624.2,4619.2,4619.2,4619.2,4619.2,4619.2,4619.2,4619.2,4619.2,0.00,4619.2,4619.2,4619.2,232.76,791.2,791.2,1031.6,4105.6,4110.6,2406.6,4111.6,4110.6,2406.6,518.8,262.4,512.8,7912,1558.4,5128,13928,1809.8,791.2,12860,0x0349AD14
682,0,69471,69.471,0,0,OK,4628.2,4619.2,4619.2,4619.2,4619.2,4619.2,4619.2,4619.2,4619.2,0.00,4619.2,4619.2,4619.2,232.76,1031.6,791.2,791.2,2171.2,4111.6,4110.6,2406.6,4111.6,4110.6,277.4,522.8,532.8,10316,1558.4,5228,19036,1809.8,1041.6,13020,0xE7E1E44D
683,0,69573,69.573,0,0,OK,4626.2,4619.2,4619.2,4619.2,4619.2,4619.2,4619.2,4619.2,4619.2,0.00,4619.2,4619.2,4619.2,231.76,1031.6,791.2,1031.6,2171.2,4111.6,2406.6,2407.6,4111.6,2406.6,528.8,512.8,532.8,7812,1798.8,2724,16632,2060.2,1292.0,5348,0xCDAEE58D
684,0,69674,69.674,0,0,OK,4625.2,4619.2,4619.2,4619.2,4619.2,4619.2,4619.2,4619.2,4619.2,0.00,4619.2,4619.2,4619.2,232.76,791.2,1031.6,791.2,4105.6,2406.6,4111.6,4110.6,2406.6,4111.6,527.8,262.4,532.8,10316,1558.4,2724,14028,1809.8,1282.0,2744,0x316E9B23
685,0,69776,69.776,0,0,OK,4622.2,4619.2,4619.2,4619.2,4619.2,4619.2,4619.2,4619.2,4619.2,0.00,4619.2,4619.2,4619.2,0.80,791.2,791.2,791.2,4105.6,4110.6,4110.6,4110.6,4110.6,4110.6,517.8,532.8,512.8,7912,1808.8,5128,21540,2060.2,1282.0,5248,0xB8BC785E
686,0,69878,69.878,0,0,OK,4620.2,4619.2,4619.2,4619.2,4619.2,4619.2,4619.2,4619.2,4619.2,0.00,4619.2,4619.2,4619.2,232.76,1031.6,791.2,791.2,2171.2,4111.6,4110.6,2406.6,4111.6,4110.6,277.4,262.4,262.4,10316,1798.8,5228,16532,1559.4,1041.6,12820,0x5782DC4B
687,0,69979,69.979,0,0,OK,4619.2,4619.2,4619.2,4619.2,4619.2,4619.2,4619.2,4619.2,4619.2,0.00,4619.2,4619.2,4619.2,232.76,1031.6,1031.6,1031.6,2171.2,2407.6,2407.6,2407.6,2407.6,2407.6,528.8,522.8,532.8,7812,1798.8,2624,19036,1799.8,1041.6,5348,0xDC5601DE
688,0,70081,70.081,0,0,OK,4620.2,4619.2,4619.2,4619.2,4619.2,4619.2,4619.2,4619.2,4619.2,0.00,4619.2,4619.2,4619.2,0.80,791.2,791.2,1031.6,4105.6,4110.6,2406.6,4111.6,4110.6,2406.6,528.8,262.4,512.8,5308,2059.2,5228,13828,2050.2,1292.0,20532,0x46127D52
689,0,70183,70.183,0,0,OK,4626.2,4619.2,4619.2,4619.2,4619.2,4619.2,4619.2,4619.2,4619.2,0.00,4619.2,4619.2,4619.2,232.76,1031.6,791.2,791.2,2171.2,4111.6,4110.6,2406.6,4111.6,4110.6,768.2,522.8,262.4,5308,2049.2,5128,16632,1809.8,1292.0,5148,0x29264F9D
690,0,70284,70.284,0,0,OK,4628.2,4619.2,4619.2,4619.2,4619.2,4619.2,4619.2,4619.2,4619.2,0.00,4619.2,4619.2,4619.2,232.76,791.2,791.2,791.2,4105.6,4110.6,4110.6,4110.6,4110.6,4110.6,277.4,272.4,522.8,10316,2059.2,5228,13828,1559.4,1292.0,2744,0x3360B2EC
691,0,70386,70.386,0,0,OK,4625.2,4619.2,4619.2,4619.2,4619.2,4619.2,4619.2,4619.2,4619.2,0.00,4619.2,4619.2,4619.2,232.76,1031.6,791.2,1031.6,2171.2,4111.6,2406.6,2407.6,4111.6,2406.6,278.4,272.4,262.4,7812,2049.2,2624,19136,1799.8,1282.0,18028,0xF0D0296C
692,0,70487,70.487,0,0,OK,4622.2,4619.2,4619.2,4619.2,4619.2,4619.2,4619.2,4619.2,4619.2,0.00,4619.2,4619.2,4619.2,232.76,1031.6,791.2,791.2,2171.2,4111.6,4110.6,2406.6,4111.6,4110.6,277.4,272.4,262.4,5308,2059.2,2724,13828,2060.2,791.2,10316,0x40757441
693,0,70589,70.589,0,0,OK,4627.2,4619.2,4619.2,4619.2,4619.2,4619.2,4619.2,4619.2,4619.2,0.00,4619.2,4619.2,4619.2,232.76,791.2,1031.6,791.2,4105.6,2406.6,4111.6,4110.6,2406.6,4111.6,517.8,272.4,512.8,5308,1808.8,5228,16532,1799.8,1292.0,20732,0xE7E4D6CA
694,0,70691,70.691,0,0,OK,4623.2,4619.2,4619.2,4619.2,4619.2,4619.2,4619.2,4619.2,4619.2,0.00,4619.2,4619.2,4619.2,232.76,1031.6,1031.6,1031.6,2171.2,2407.6,2407.6,2407.6,2407.6,2407.6,528.8,532.8,272.4,7812,2049.2,5328,16532,1799.8,1031.6,7752,0x6D56B840
695,0,70792,70.792,0,0,OK,4627.2,4619.2,4619.2,4619.2,4619.2,4619.2,4619.2,4619.2,4619.2,0.00,4619.2,4619.2,4619.2,232.76,1031.6,1031.6,791.2,2171.2,2407.6,4111.6,2406.6,2407.6,4111.6,517.8,532.8,272.4,7812,1808.8,2624,11424,2050.2,1041.6,20632,0x8CDC897E
696,0,70894,70.894,0,0,OK,4622.2,4619.2,4619.2,4619.2,4619.2,4619.2,4619.2,4619.2,4619.2,0.00,4619.2,4619.2,4619.2,0.80,1031.6,1031.6,1031.6,2171.2,2407.6,2407.6,2407.6,2407.6,2407.6,278.4,262.4,512.8,7912,1798.8,2724,11424,2060.2,1292.0,10316,0x911D6BC5
697,0,70996,70.996,0,0,OK,4627.2,4619.2,4619.2,4619.2,4619.2,4619.2,4619.2,4619.2,4619.2,0.00,4619.2,4619.2,4619.2,0.80,791.2,791.2,1031.6,4105.6,4110.6,2406.6,4111.6,4110.6,2406.6,769.2,532.8,262.4,7912,2059.2,5128,13828,1799.8,1031.6,23236,0x5083DAA8
698,0,71097,71.097,0,0,OK,4624.2,4619.2,4619.2,4619.2,4619.2,4619.2,4619.2,4619.2,4619.2,0.00,4619.2,4619.2,4619.2,231.76,791.2,1031.6,791.2,4105.6,2406.6,4111.6,4110.6,2406.6,4111.6,527.8,522.8,262.4,10316,2059.2,2724,14028,1799.8,1292.0,2744,0xDA44B3B8
699,0,71199,71.199,0,0,OK,4622.2,4619.2,4619.2,4619.2,4619.2,4619.2,4619.2,4619.2,4619.2,0.00,4619.2,4619.2,4619.2,231.76,1031.6,791.2,1031.6,2171.2,4111.6,2406.6,2407.6,4111.6,2406.6,268.4,522.8,512.8,5308,1798.8,5228,13928,1809.8,1282.0,15424,0xCCCB3EDA
700,0,71301,71.301,0,0,OK,4620.2,4619.2,4619.2,4619.2,4619.2,4619.2,4619.2,4619.2,4619.2,0.00,4619.2,4619.2,4619.2,231.76,1031.6,791.2,791.2,2171.2,4111.6,4110.6,2406.6,4111.6,4110.6,267.4,512.8,262.4,7712,1558.4,5228,16532,2050.2,1282.0,10456,0x0545FAAE
701,0,71402,71.402,0,0,OK,4625.2,4619.2,4619.2,4619.2,4619.2,4619.2,4619.2,4619.2,4619.2,0.00,4619.2,4619.2,4619.2,231.76,791.2,791.2,1031.6,4105.6,4110.6,2406.6,4111.6,4110.6,2406.6,518.8,512.8,532.8,7912,1798.8,5228,19036,1809.8,1282.0,140,0x91064C0D
702,0,71504,71.504,0,0,OK,4627.2,4619.2,4619.2,4619.2,4619.2,4619.2,4619.2,4619.2,4619.2,0.00,4619.2,4619.2,4619.2,0.80,791.2,791.2,791.2,4105.6,4110.6,4110.6,4110.6,4110.6,4110.6,517.8,512.8,522.8,7912,1558.4,5228,16632,2050.2,1282.0,13020,0x7378AC73
703,0,71605,71.605,0,0,OK,4619.2,4619.2,4619.2,4619.2,4619.2,4619.2,4619.2,4619.2,4619.2,0.00,4619.2,4619.2,4619.2,231.76,791.2,1031.6,791.2,4105.6,2406.6,4111.6,4110.6,2406.6,4111.6,768.2,262.4,532.8,10316,2049.2,5128,16532,1809.8,791.2,10416,0xAC6AD408
704,0,71707,71.707,0,0,OK,4619.2,4619.2,4619.2,4619.2,4619.2,4619.2,4619.2,4619.2,4619.2,0.00,4619.2,4619.2,4619.2,232.76,1031.6,1031.6,1031.6,2171.2,2407.6,2407.6,2407.6,2407.6,2407.6,268.4,522.8,512.8,7712,1798.8,5328,16532,2060.2,1041.6,23236,0xC7765390
705,0,71809,71.809,0,0,OK,4626.2,4619.2,4619.2,4619.2,4619.2,4619.2,4619.2,4619.2,4619.2,0.00,4619.2,4619.2,4619.2,231.76,791.2,1031.6,1031.6,4105.6,2406.6,2407.6,4111.6,2406.6,2407.6,518.8,532.8,272.4,5308,2049.2,2724,13928,1559.4,1282.0,5148,0x7D65EDE5
706,0,71910,71.910,0,0,OK,4627.2,4619.2,4619.2,4619.2,4619.2,4619.2,4619.2,4619.2,4619.2,0.00,4619.2,4619.2,4619.2,232.76,1031.6,1031.6,1031.6,2171.2,2407.6,2407.6,2407.6,2407.6,2407.6,769.2,522.8,532.8,7912,2059.2,5128,13928,1799.8,1282.0,20732,0x04651581
707,0,72012,72.012,0,0,OK,4625.2,4619.2,4619.2,4619.2,4619.2,4619.2,4619.2,4619.2,4619.2,0.00,4619.2,4619.2,4619.2,0.80,1031.6,1031.6,791.2,2171.2,2407.6,4111.6,2406.6,2407.6,4111.6,267.4,262.4,522.8,7812,2049.2,2624,19136,2060.2,1292.0,10356,0xEEA8E237
708,0,72114,72.114,0,0,OK,4627.2,4619.2,4619.2,4619.2,4619.2,4619.2,4619.2,4619.2,4619.2,0.00,4619.2,4619.2,4619.2,231.76,791.2,791.2,1031.6,4105.6,4110.6,2406.6,4111.6,4110.6,2406.6,518.8,272.4,532.8,7712,2059.2,5128,13928,2050.2,1031.6,5348,0x273206C9
709,0,72215,72.215,0,0,OK,4627.2,4619.2,4619.2,4619.2,4619.2,4619.2,4619.2,4619.2,4619.2,0.00,4619.2,4619.2,4619.2,231.76,1031.6,791.2,1031.6,2171.2,4111.6,2406.6,2407.6,4111.6,2406.6,518.8,262.4,272.4,7912,1798.8,2624,11424,2060.2,1041.6,7912,0xD31D27C4
710,0,72317,72.317,0,0,OK,4624.2,4619.2,4619.2,4619.2,4619.2,4619.2,4619.2,4619.2,4619.2,0.00,4619.2,4619.2,4619.2,231.76,791.2,1031.6,1031.6,4105.6,2406.6,2407.6,4111.6,2406.6,2407.6,268.4,532.8,532.8,5308,1808.8,5228,21540,2050.2,1282.0,10356,0x6A8DE13B
711,0,72419,72.419,0,0,OK,4620.2,4619.2,4619.2,4619.2,4619.2,4619.2,4619.2,4619.2,4619.2,0.00,4619.2,4619.2,4619.2,231.76,791.2,791.2,1031.6,4105.6,4110.6,2406.6,4111.6,4110.6,2406.6,268.4,262.4,522.8,7912,1808.8,2724,14028,1799.8,1041.6,10416,0x96EAAD28
712,0,72520,72.520,0,0,OK,4624.2,4619.2,4619.2,4619.2,4619.2,4619.2,4619.2,4619.2,4619.2,0.00,4619.2,4619.2,4619.2,231.76,1031.6,1031.6,791.2,2171.2,2407.6,4111.6,2406.6,2407.6,4111.6,277.4,262.4,522.8,7812,1808.8,5328,16432,1559.4,791.2,20632,0x66860B49
713,0,72622,72.622,0,0,OK,4627.2,4619.2,4619.2,4619.2,4619.2,4619.2,4619.2,4619.2,4619.2,0.00,4619.2,4619.2,4619.2,0.80,1031.6,1031.6,1031.6,2171.2,2407.6,2407.6,2407.6,2407.6,2407.6,518.8,532.8,272.4,5308,2049.2,5328,14028,1559.4,1031.6,7752,0x15C28B1E
714,0,72723,72.723,0,0,OK,4625.2,4619.2,4619.2,4619.2,4619.2,4619.2,4619.2,4619.2,4619.2,0.00,4619.2,4619.2,4619.2,231.76,791.2,1031.6,1031.6,4105.6,2406.6,2407.6,4111.6,2406.6,2407.6,518.8,262.4,272.4,7912,1808.8,5328,13928,1809.8,1292.0,15424,0xFC765547
715,0,72825,72.825,0,0,OK,4627.2,4619.2,4619.2,4619.2,4619.2,4619.2,4619.2,4619.2,4619.2,0.00,4619.2,4619.2,4619.2,231.76,791.2,791.2,1031.6,4105.6,4110.6,2406.6,4111.6,4110.6,2406.6,278.4,522.8,512.8,7812,1558.4,5228,16432,1559.4,791.2,7852,0x994D7C15
716,0,72927,72.927,0,0,OK,4621.2,4619.2,4619.2,4619.2,4619.2,4619.2,4619.2,4619.2,4619.2,0.00,4619.2,4619.2,4619.2,232.76,1031.6,1031.6,791.2,2171.2,2407.6,4111.6,2406.6,2407.6,4111.6,768.2,262.4,272.4,7812,2059.2,2724,16632,2060.2,1041.6,15524,0xD12E749E
717,0,73028,73.028,0,0,OK,4620.2,4619.2,4619.2,4619.2,4619.2,4619.2,4619.2,4619.2,4619.2,0.00,4619.2,4619.2,4619.2,0.80,791.2,1031.6,1031.6,4105.6,2406.6,2407.6,4111.6,2406.6,2407.6,268.4,512.8,262.4,7912,2049.2,2624,16532,2060.2,1041.6,10456,0x0507BE99
718,0,73130,73.130,0,0,OK,4619.2,4619.2,4619.2,4619.2,4619.2,4619.2,4619.2,4619.2,4619.2,0.00,4619.2,4619.2,4619.2,231.76,1031.6,791.2,791.2,2171.2,4111.6,4110.6,2406.6,4111.6,4110.6,277.4,512.8,262.4,7812,2059.2,2724,11424,2060.2,1031.6,15524,0x519727FA
719,0,73232,73.232,0,0,OK,4621.2,4619.2,4619.2,4619.2,4619.2,4619.2,4619.2,4619.2,4619.2,0.00,4619.2,4619.2,4619.2,0.80,791.2,1031.6,791.2,4105.6,2406.6,4111.6,4110.6,2406.6,4111.6,267.4,532.8,522.8,10316,1808.8,5228,19036,1809.8,1041.6,40,0xE8503D8E
720,0,73333,73.333,0,0,OK,4619.2,4619.2,4619.2,4619.2,4619.2,4619.2,4619.2,4619.2,4619.2,0.00,4619.2,4619.2,4619.2,231.76,1031.6,1031.6,1031.6,2171.2,2407.6,2407.6,2407.6,2407.6,2407.6,518.8,532.8,512.8,10316,1798.8,2724,16432,1559.4,791.2,10456,0xE20B6F87
721,0,73435,73.435,0,0,OK,4626.2,4619.2,4619.2,4619.2,4619.2,4619.2,4619.2,4619.2,4619.2,0.00,4619.2,4619.2,4619.2,0.80,791.2,791.2,791.2,4105.6,4110.6,4110.6,4110.6,4110.6,4110.6,768.2,272.4,512.8,5308,2049.2,2724,16532,2060.2,1292.0,10356,0x5FE3ECBE
722,0,73537,73.537,0,0,OK,4620.2,4619.2,4619.2,4619.2,4619.2,4619.2,4619.2,4619.2,4619.2,0.00,4619.2,4619.2,4619.2,231.76,1031.6,791.2,1031.6,2171.2,4111.6,2406.6,2407.6,4111.6,2406.6,518.8,532.8,532.8,5308,1558.4,2724,13928,1559.4,1282.0,10256,0x2EF99690
723,0,73638,73.638,0,0,OK,4623.2,4619.2,4619.2,4619.2,4619.2,4619.2,4619.2,4619.2,4619.2,0.00,4619.2,4619.2,4619.2,232.76,791.2,791.2,791.2,4105.6,4110.6,4110.6,4110.6,4110.6,4110.6,267.4,512.8,262.4,7712,2049.2,2724,19136,1809.8,791.2,23236,0x7A3326E1
724,0,73740,73.740,0,0,OK,4620.2,4619.2,4619.2,4619.2,4619.2,4619.2,4619.2,4619.2,4619.2,0.00,4619.2,4619.2,4619.2,231.76,1031.6,1031.6,791.2,2171.2,2407.6,4111.6,2406.6,2407.6,4111.6,277.4,262.4,522.8,7712,2049.2,5328,16432,2060.2,1282.0,23136,0x66E8121F
725,0,73842,73.842,0,0,OK,4626.2,4619.2,4619.2,4619.2,4619.2,4619.2,4619.2,4619.2,4619.2,0.00,4619.2,4619.2,4619.2,0.80,791.2,1031.6,1031.6,4105.6,2406.6,2407.6,4111.6,2406.6,2407.6,518.8,262.4,512.8,7912,1808.8,5228,11424,1799.8,1031.6,12920,0x172D4A2C
726,0,73943,73.943,0,0,OK,4627.2,4619.2,4619.2,4619.2,4619.2,4619.2,4619.2,4619.2,4619.2,0.00,4619.2,4619.2,4619.2,231.76,1031.6,791.2,1031.6,2171.2,4111.6,2406.6,2407.6,4111.6,2406.6,769.2,512.8,512.8,5308,1798.8,2624,19036,2050.2,791.2,10456,0xBDBCBFB6
727,0,74045,74.045,0,0,OK,4624.2,4619.2,4619.2,4619.2,4619.2,4619.2,4619.2,4619.2,4619.2,0.00,4619.2,4619.2,4619.2,231.76,791.2,1031.6,791.2,4105.6,2406.6,4111.6,4110.6,2406.6,4111.6,517.8,262.4,522.8,10316,2059.2,5228,11424,2060.2,1031.6,17928,0x25FEAB90
728,0,74146,74.146,0,0,OK,4622.2,4619.2,4619.2,4619.2,4619.2,4619.2,4619.2,4619.2,4619.2,0.00,4619.2,4619.2,4619.2,232.76,1031.6,1031.6,1031.6,2171.2,2407.6,2407.6,2407.6,2407.6,2407.6,278.4,272.4,532.8,7712,1798.8,5328,13928,1809.8,1031.6,12920,0xD12425CD
729,0,74248,74.248,0,0,OK,4621.2,4619.2,4619.2,4619.2,4619.2,4619.2,4619.2,4619.2,4619.2,0.00,4619.2,4619.2,4619.2,0.80,1031.6,1031.6,791.2,2171.2,2407.6,4111.6,2406.6,2407.6,4111.6,267.4,532.8,532.8,5308,1558.4,5228,14028,1799.8,1031.6,15524,0xE6A17479
730,0,74350,74.350,0,0,OK,4620.2,4619.2,4619.2,4619.2,4619.2,4619.2,4619.2,4619.2,4619.2,0.00,4619.2,4619.2,4619.2,232.76,791.2,791.2,1031.6,4105.6,4110.6,2406.6,4111.6,4110.6,2406.6,278.4,272.4,512.8,7912,2059.2,2624,16532,2060.2,1031.6,20632,0x722A36D4
731,0,74451,74.451,0,0,OK,4627.2,4619.2,4619.2,4619.2,4619.2,4619.2,4619.2,4619.2,4619.2,0.00,4619.2,4619.2,4619.2,232.76,1031.6,791.2,791.2,2171.2,4111.6,4110.6,2406.6,4111.6,4110.6,768.2,272.4,532.8,5308,1808.8,5328,13928,2050.2,791.2,15424,0x10A03B21
732,0,74553,74.553,0,0,OK,4628.2,4619.2,4619.2,4619.2,4619.2,4619.2,4619.2,4619.2,4619.2,0.00,4619.2,4619.2,4619.2,0.80,1031.6,791.2,1031.6,2171.2,4111.6,2406.6,2407.6,4111.6,2406.6,518.8,512.8,262.4,7912,2059.2,5128,14028,2050.2,791.2,5148,0x4D024F73
733,0,74655,74.655,0,0,OK,4620.2,4619.2,4619.2,4619.2,4619.2,4619.2,4619.2,4619.2,4619.2,0.00,4619.2,4619.2,4619.2,231.76,1031.6,791.2,791.2,2171.2,4111.6,4110.6,2406.6,4111.6,4110.6,277.4,272.4,262.4,7912,2049.2,5328,11424,2050.2,1041.6,10356,0x6D974083
734,0,74756,74.756,0,0,OK,4619.2,4619.2,4619.2,4619.2,4619.2,4619.2,4619.2,4619.2,4619.2,0.00,4619.2,4619.2,4619.2,232.76,1031.6,1031.6,791.2,2171.2,2407.6,4111.6,2406.6,2407.6,4111.6,768.2,532.8,522.8,7912,2059.2,5328,13828,2060.2,1282.0,12920,0x138E252B
735,0,74858,74.858,0,0,OK,4621.2,4619.2,4619.2,4619.2,4619.2,4619.2,4619.2,4619.2,4619.2,0.00,4619.2,4619.2,4619.2,231.76,1031.6,1031.6,1031.6,2171.2,2407.6,2407.6,2407.6,2407.6,2407.6,268.4,262.4,262.4,7712,1558.4,5128,21540,1559.4,1282.0,10456,0xB8D9D1FA
736,0,74959,74.959,0,0,OK,4624.2,4619.2,4619.2,4619.2,4619.2,4619.2,4619.2,4619.2,4619.2,0.00,4619.2,4619.2,4619.2,232.76,791.2,1031.6,1031.6,4105.6,2406.6,2407.6,4111.6,2406.6,2407.6,278.4,522.8,532.8,7912,2049.2,2624,19036,1559.4,1041.6,20632,0x75F81712
737,0,75061,75.061,0,0,OK,4621.2,4619.2,4619.2,4619.2,4619.2,4619.2,4619.2,4619.2,4619.2,0.00,4619.2,4619.2,4619.2,231.76,791.2,1031.6,1031.6,4105.6,2406.6,2407.6,4111.6,2406.6,2407.6,278.4,262.4,272.4,10316,1808.8,5228,13928,1799.8,791.2,7752,0x7A1D64B8
738,0,75163,75.163,0,0,OK,4620.2,4619.2,4619.2,4619.2,4619.2,4619.2,4619.2,4619.2,4619.2,0.00,4619.2,4619.2,4619.2,0.80,1031.6,1031.6,1031.6,2171.2,2407.6,2407.6,2407.6,2407.6,2407.6,528.8,532.8,512.8,7812,2059.2,2624,14028,1809.8,1031.6,23136,0xA127215F
739,0,75264,75.264,0,0,OK,4628.2,4619.2,4619.2,4619.2,4619.2,4619.2,4619.2,4619.2,4619.2,0.00,4619.2,4619.2,4619.2,231.76,791.2,1031.6,1031.6,4105.6,2406.6,2407.6,4111.6,2406.6,2407.6,268.4,532.8,532.8,5308,2059.2,5228,19036,1559.4,1031.6,5348,0x25BB8801
740,0,75366,75.366,0,0,OK,4619.2,4619.2,4619.2,4619.2,4619.2,4619.2,4619.2,4619.2,4619.2,0.00,4619.2,4619.2,4619.2,0.80,1031.6,1031.6,791.2,2171.2,2407.6,4111.6,2406.6,2407.6,4111.6,768.2,272.4,272.4,10316,2049.2,2624,16632,2050.2,1282.0,20532,0x23BD4D11
741,0,75468,75.468,0,0,OK,4627.2,4619.2,4619.2,4619.2,4619.2,4619.2,4619.2,4619.2,4619.2,0.00,4619.2,4619.2,4619.2,231.76,791.2,1031.6,791.2,4105.6,2406.6,4111.6,4110.6,2406.6,4111.6,527.8,522.8,262.4,5308,2059.2,5128,16632,1809.8,1031.6,10316,0x0BF240C5
742,0,75569,75.569,0,0,OK,4621.2,4619.2,4619.2,4619.2,4619.2,4619.2,4619.2,4619.2,4619.2,0.00,4619.2,4619.2,4619.2,232.76,1031.6,1031.6,791.2,2171.2,2407.6,4111.6,2406.6,2407.6,4111.6,277.4,512.8,272.4,7912,1798.8,5228,13928,2050.2,1282.0,10356,0x4FF5B0A1
743,0,75671,75.671,0,0,OK,4623.2,4619.2,4619.2,4619.2,4619.2,4619.2,4619.2,4619.2,4619.2,0.00,4619.2,4619.2,4619.2,0.80,791.2,791.2,791.2,4105.6,4110.6,4110.6,4110.6,4110.6,4110.6,768.2,262.4,272.4,7912,1558.4,2624,21540,2050.2,1041.6,18028,0x031185E9
744,0,75773,75.773,0,0,OK,4625.2,4619.2,4619.2,4619.2,4619.2,4619.2,4619.2,4619.2,4619.2,0.00,4619.2,4619.2,4619.2,0.80,791.2,1031.6,1031.6,4105.6,2406.6,2407.6,4111.6,2406.6,2407.6,518.8,512.8,272.4,7912,1808.8,5128,14028,1559.4,1292.0,18028,0xE7F3996B
745,0,75874,75.874,0,0,OK,4625.2,4619.2,4619.2,4619.2,4619.2,4619.2,4619.2,4619.2,4619.2,0.00,4619.2,4619.2,4619.2,232.76,1031.6,791.2,1031.6,2171.2,4111.6,2406.6,2407.6,4111.6,2406.6,769.2,272.4,272.4,5308,2059.2,5128,16432,2050.2,1282.0,5248,0x6583BF48
746,0,75976,75.976,0,0,OK,4628.2,4619.2,4619.2,4619.2,4619.2,4619.2,4619.2,4619.2,4619.2,0.00,4619.2,4619.2,4619.2,232.76,791.2,791.2,791.2,4105.6,4110.6,4110.6,4110.6,4110.6,4110.6,267.4,512.8,532.8,7712,1798.8,2724,21540,1559.4,1282.0,18028,0xEEC5F62F
747,0,76077,76.077,0,0,OK,4628.2,4619.2,4619.2,4619.2,4619.2,4619.2,4619.2,4619.2,4619.2,0.00,4619.2,4619.2,4619.2,232.76,791.2,791.2,1031.6,4105.6,4110.6,2406.6,4111.6,4110.6,2406.6,268.4,512.8,532.8,7812,1798.8,2624,21540,2050.2,1282.0,10356,0x848581F9
748,0,76179,76.179,0,0,OK,4626.2,4619.2,4619.2,4619.2,4619.2,4619.2,4619.2,4619.2,4619.2,0.00,4619.2,4619.2,4619.2,232.76,1031.6,791.2,791.2,2171.2,4111.6,4110.6,2406.6,4111.6,4110.6,527.8,272.4,522.8,7712,1798.8,2624,19036,1799.8,1292.0,20732,0xEB3CD809
749,0,76281,76.281,0,0,OK,4619.2,4619.2,4619.2,4619.2,4619.2,4619.2,4619.2,4619.2,4619.2,0.00,4619.2,4619.2,4619.2,0.80,1031.6,1031.6,791.2,2171.2,2407.6,4111.6,2406.6,2407.6,4111.6,768.2,532.8,272.4,10316,1808.8,2724,19036,2050.2,1041.6,2644,0x033E8ED1
750,0,76382,76.382,0,0,OK,4619.2,4619.2,4619.2,4619.2,4619.2,4619.2,4619.2,4619.2,4619.2,0.00,4619.2,4619.2,4619.2,231.76,1031.6,791.2,791.2,2171.2,4111.6,4110.6,2406.6,4111.6,4110.6,517.8,522.8,532.8,7912,2049.2,5228,16532,2060.2,1041.6,2744,0x9E2DD3B0
751,0,76484,76.484,0,0,OK,4619.2,4619.2,4619.2,4619.2,4619.2,4619.2,4619.2,4619.2,4619.2,0.00,4619.2,4619.2,4619.2,232.76,791.2,1031.6,1031.6,4105.6,2406.6,2407.6,4111.6,2406.6,2407.6,278.4,272.4,262.4,7812,1558.4,5228,11424,1559.4,1041.6,10256,0x0555075E
752,0,76586,76.586,0,0,OK,4625.2,4619.2,4619.2,4619.2,4619.2,4619.2,4619.2,4619.2,4619.2,0.00,4619.2,4619.2,4619.2,232.76,791.2,1031.6,1031.6,4105.6,2406.6,2407.6,4111.6,2406.6,2407.6,268.4,262.4,522.8,7812,1558.4,5228,11424,2060.2,1031.6,23136,0x0C326188
753,0,76687,76.687,0,0,OK,4624.2,4619.2,4619.2,4619.2,4619.2,4619.2,4619.2,4619.2,4619.2,0.00,4619.2,4619.2,4619.2,0.80,1031.6,1031.6,791.2,2171.2,2407.6,4111.6,2406.6,2407.6,4111.6,277.4,512.8,532.8,5308,1798.8,5228,14028,1559.4,1041.6,12820,0x89778F3B
754,0,76789,76.789,0,0,OK,4626.2,4619.2,4619.2,4619.2,4619.2,4619.2,4619.2,4619.2,4619.2,0.00,4619.2,4619.2,4619.2,0.80,1031.6,1031.6,1031.6,2171.2,2407.6,2407.6,2407.6,2407.6,2407.6,769.2,532.8,272.4,7812,2049.2,5128,13928,2050.2,1282.0,18128,0x9114D4B0
755,0,76891,76.891,0,0,OK,4619.2,4619.2,4619.2,4619.2,4619.2,4619.2,4619.2,4619.2,4619.2,0.00,4619.2,4619.2,4619.2,231.76,1031.6,1031.6,791.2,2171.2,2407.6,4111.6,2406.6,2407.6,4111.6,267.4,522.8,262.4,7812,2049.2,5228,16632,1809.8,1031.6,12820,0x89D8DBA6
756,0,76992,76.992,0,0,OK,4627.2,4619.2,4619.2,4619.2,4619.2,4619.2,4619.2,4619.2,4619.2,0.00,4619.2,4619.2,4619.2,0.80,1031.6,791.2,1031.6,2171.2,4111.6,2406.6,2407.6,4111.6,2406.6,278.4,512.8,262.4,7912,1808.8,5128,13828,1809.8,1292.0,13020,0x09AD8DC5
757,0,77094,77.094,0,0,OK,4625.2,4619.2,4619.2,4619.2,4619.2,4619.2,4619.2,4619.2,4619.2,0.00,4619.2,4619.2,4619.2,232.76,1031.6,791.2,791.2,2171.2,4111.6,4110.6,2406.6,4111.6,4110.6,768.2,262.4,522.8,10316,2059.2,5228,19136,1559.4,1282.0,5148,0x0ED57175
758,0,77196,77.196,0,0,OK,4623.2,4619.2,4619.2,4619.2,4619.2,4619.2,4619.2,4619.2,4619.2,0.00,4619.2,4619.2,4619.2,231.76,791.2,1031.6,1031.6,4105.6,2406.6,2407.6,4111.6,2406.6,2407.6,268.4,512.8,272.4,10316,1558.4,5228,16432,1809.8,791.2,12860,0x7A42D6C5
759,0,77297,77.297,0,0,OK,4621.2,4619.2,4619.2,4619.2,4619.2,4619.2,4619.2,4619.2,4619.2,0.00,4619.2,4619.2,4619.2,231.76,1031.6,1031.6,791.2,2171.2,2407.6,4111.6,2406.6,2407.6,4111.6,768.2,532.8,262.4,7812,1808.8,2724,13928,1559.4,791.2,10356,0x798CFD78
760,0,77399,77.399,0,0,OK,4620.2,4619.2,4619.2,4619.2,4619.2,4619.2,4619.2,4619.2,4619.2,0.00,4619.2,4619.2,4619.2,0.80,791.2,1031.6,791.2,4105.6,2406.6,4111.6,4110.6,2406.6,4111.6,768.2,522.8,532.8,10316,1808.8,5128,13828,2050.2,1282.0,2644,0xB02D1886
761,0,77500,77.500,0,0,OK,4624.2,4619.2,4619.2,4619.2,4619.2,4619.2,4619.2,4619.2,4619.2,0.00,4619.2,4619.2,4619.2,0.80,791.2,1031.6,791.2,4105.6,2406.6,4111.6,4110.6,2406.6,4111.6,267.4,272.4,512.8,5308,2049.2,2624,13828,1559.4,1282.0,15524,0x18B26E09
762,0,77602,77.602,0,0,OK,4619.2,4619.2,4619.2,4619.2,4619.2,4619.2,4619.2,4619.2,4619.2,0.00,4619.2,4619.2,4619.2,231.76,791.2,1031.6,791.2,4105.6,2406.6,4111.6,4110.6,2406.6,4111.6,768.2,532.8,522.8,7912,1558.4,2724,21540,1809.8,791.2,20532,0x0456AD67
763,0,77704,77.704,0,0,OK,4622.2,4619.2,4619.2,4619.2,4619.2,4619.2,4619.2,4619.2,4619.2,0.00,4619.2,4619.2,4619.2,0.80,1031.6,791.2,791.2,2171.2,4111.6,4110.6,2406.6,4111.6,4110.6,267.4,522.8,532.8,7712,1808.8,5128,21540,2050.2,1282.0,5148,0x2ACBCA39
764,0,77805,77.805,0,0,OK,4622.2,4619.2,4619.2,4619.2,4619.2,4619.2,4619.2,4619.2,4619.2,0.00,4619.2,4619.2,4619.2,0.80,791.2,791.2,791.2,4105.6,4110.6,4110.6,4110.6,4110.6,4110.6,277.4,532.8,532.8,7712,1808.8,5128,11424,1809.8,1041.6,5148,0xAAC5E297
765,0,77907,77.907,0,0,OK,4622.2,4619.2,4619.2,4619.2,4619.2,4619.2,4619.2,4619.2,4619.2,0.00,4619.2,4619.2,4619.2,0.80,791.2,791.2,791.2,4105.6,4110.6,4110.6,4110.6,4110.6,4110.6,267.4,532.8,272.4,7712,2059.2,5228,16532,2050.2,1292.0,7752,0x4F6A5310
766,0,78009,78.009,0,0,OK,4628.2,4619.2,4619.2,4619.2,4619.2,4619.2,4619.2,4619.2,4619.2,0.00,4619.2,4619.2,4619.2,232.76,791.2,791.2,1031.6,4105.6,4110.6,2406.6,4111.6,4110.6,2406.6,528.8,522.8,532.8,5308,2059.2,2724,21540,2060.2,1292.0,10356,0xDC8806B3
767,0,78110,78.110,0,0,OK,4624.2,4619.2,4619.2,4619.2,4619.2,4619.2,4619.2,4619.2,4619.2,0.00,4619.2,4619.2,4619.2,231.76,1031.6,1031.6,791.2,2171.2,2407.6,4111.6,2406.6,2407.6,4111.6,527.8,522.8,532.8,5308,2049.2,5128,14028,1799.8,1292.0,13020,0x2A1F625E
768,0,78212,78.212,0,0,OK,4624.2,4619.2,4619.2,4619.2,4619.2,4619.2,4619.2,4619.2,4619.2,0.00,4619.2,4619.2,4619.2,232.76,1031.6,791.2,1031.6,2171.2,4111.6,2406.6,2407.6,4111.6,2406.6,528.8,272.4,522.8,7812,1798.8,2624,11424,2050.2,791.2,5348,0x471E1DB9
769,0,78313,78.313,0,0,OK,4621.2,4619.2,4619.2,4619.2,4619.2,4619.2,4619.2,4619.2,4619.2,0.00,4619.2,4619.2,4619.2,0.80,791.2,791.2,791.2,4105.6,4110.6,4110.6,4110.6,4110.6,4110.6,267.4,272.4,532.8,7812,1558.4,5128,16632,2050.2,1041.6,40,0xCBCC08A3
770,0,78415,78.415,0,0,OK,4627.2,4619.2,4619.2,4619.2,4619.2,4619.2,4619.2,4619.2,4619.2,0.00,4619.2,4619.2,4619.2,231.76,1031.6,791.2,791.2,2171.2,4111.6,4110.6,2406.6,4111.6,4110.6,527.8,532.8,262.4,5308,1798.8,5128,11424,2050.2,1041.6,5348,0x8FBFB0F4
771,0,78517,78.517,0,0,OK,4622.2,4619.2,4619.2,4619.2,4619.2,4619.2,4619.2,4619.2,4619.2,0.00,4619.2,4619.2,4619.2,0.80,791.2,1031.6,791.2,4105.6,2406.6,4111.6,4110.6,2406.6,4111.6,267.4,522.8,272.4,10316,1558.4,2724,14028,2050.2,1292.0,5148,0x7FFE992D
772,0,78618,78.618,0,0,OK,4622.2,4619.2,4619.2,4619.2,4619.2,4619.2,4619.2,4619.2,4619.2,0.00,4619.2,4619.2,4619.2,0.80,1031.6,1031.6,791.2,2171.2,2407.6,4111.6,2406.6,2407.6,4111.6,517.8,272.4,532.8,7812,1558.4,5128,16632,2060.2,1292.0,12820,0x0528F8AF
773,0,78720,78.720,0,0,OK,4626.2,4619.2,4619.2,4619.2,4619.2,4619.2,4619.2,4619.2,4619.2,0.00,4619.2,4619.2,4619.2,232.76,791.2,791.2,791.2,4105.6,4110.6,4110.6,4110.6,4110.6,4110.6,517.8,272.4,272.4,10316,1558.4,5128,16532,1799.8,1292.0,5148,0x19FD06C5
774,0,78821,78.821,0,0,OK,4627.2,4619.2,4619.2,4619.2,4619.2,4619.2,4619.2,4619.2,4619.2,0.00,4619.2,4619.2,4619.2,231.76,791.2,791.2,791.2,4105.6,4110.6,4110.6,4110.6,4110.6,4110.6,277.4,272.4,512.8,7912,2059.2,2624,14028,1809.8,1031.6,5248,0x508DBC21
775,0,78923,78.923,0,0,OK,4621.2,4619.2,4619.2,4619.2,4619.2,4619.2,4619.2,4619.2,4619.2,0.00,4619.2,4619.2,4619.2,231.76,791.2,1031.6,791.2,4105.6,2406.6,4111.6,4110.6,2406.6,4111.6,527.8,522.8,532.8,10316,1798.8,5228,16432,1809.8,1041.6,5248,0x79000FE3
776,0,79025,79.025,0,0,OK,4622.2,4619.2,4619.2,4619.2,4619.2,4619.2,4619.2,4619.2,4619.2,0.00,4619.2,4619.2,4619.2,0.80,1031.6,791.2,1031.6,2171.2,4111.6,2406.6,2407.6,4111.6,2406.6,268.4,512.8,532.8,7912,1798.8,5128,16632,1809.8,791.2,2644,0xFF93CC56
777,0,79126,79.126,0,0,OK,4619.2,4619.2,4619.2,4619.2,4619.2,4619.2,4619.2,4619.2,4619.2,0.00,4619.2,4619.2,4619.2,232.76,1031.6,1031.6,791.2,2171.2,2407.6,4111.6,2406.6,2407.6,4111.6,527.8,532.8,532.8,7912,2059.2,5128,13928,1799.8,791.2,23236,0x716AD0F7
778,0,79228,79.228,0,0,OK,4628.2,4619.2,4619.2,4619.2,4619.2,4619.2,4619.2,4619.2,4619.2,0.00,4619.2,4619.2,4619.2,0.80,791.2,791.2,1031.6,4105.6,4110.6,2406.6,4111.6,4110.6,2406.6,769.2,262.4,522.8,10316,1798.8,2724,21540,1809.8,1031.6,18128,0xE5B2212E
779,0,79329,79.329,0,0,OK,4623.2,4619.2,4619.2,4619.2,4619.2,4619.2,4619.2,4619.2,4619.2,0.00,4619.2,4619.2,4619.2,0.80,1031.6,791.2,1031.6,2171.2,4111.6,2406.6,2407.6,4111.6,2406.6,278.4,522.8,532.8,7912,1798.8,5128,13928,2050.2,1031.6,7852,0x880CE115
780,0,79431,79.431,0,0,OK,4622.2,4619.2,4619.2,4619.2,4619.2,4619.2,4619.2,4619.2,4619.2,0.00,4619.2,4619.2,4619.2,232.76,791.2,791.2,1031.6,4105.6,4110.6,2406.6,4111.6,4110.6,2406.6,528.8,522.8,272.4,7812,2059.2,5328,14028,1799.8,1031.6,23236,0x7E8AE86F
781,0,79533,79.533,0,0,OK,4625.2,4619.2,4619.2,4619.2,4619.2,4619.2,4619.2,4619.2,4619.2,0.00,4619.2,4619.2,4619.2,232.76,1031.6,1031.6,1031.6,2171.2,2407.6,2407.6,2407.6,2407.6,2407.6,268.4,262.4,262.4,7912,1558.4,5128,14028,1799.8,1282.0,7912,0x0AA217F4
782,0,79634,79.634,0,0,OK,4626.2,4619.2,4619.2,4619.2,4619.2,4619.2,4619.2,4619.2,4619.2,0.00,4619.2,4619.2,4619.2,0.80,791.2,1031.6,791.2,4105.6,2406.6,4111.6,4110.6,2406.6,4111.6,277.4,532.8,272.4,7912,2059.2,5128,19136,1799.8,1041.6,7852,0xA960089C
783,0,79736,79.736,0,0,OK,4625.2,4619.2,4619.2,4619.2,4619.2,4619.2,4619.2,4619.2,4619.2,0.00,4619.2,4619.2,4619.2,0.80,791.2,1031.6,791.2,4105.6,2406.6,4111.6,4110.6,2406.6,4111.6,517.8,522.8,272.4,10316,1558.4,5328,13828,2050.2,1292.0,23236,0xA22ED3C4
784,0,79837,79.837,0,0,OK,4626.2,4619.2,4619.2,4619.2,4619.2,4619.2,4619.2,4619.2,4619.2,0.00,4619.2,4619.2,4619.2,232.76,1031.6,1031.6,791.2,2171.2,2407.6,4111.6,2406.6,2407.6,4111.6,277.4,522.8,272.4,10316,2049.2,5328,16432,1809.8,791.2,7852,0xF5ABC71C
785,0,79939,79.939,0,0,OK,4625.2,4619.2,4619.2,4619.2,4619.2,4619.2,4619.2,4619.2,4619.2,0.00,4619.2,4619.2,4619.2,0.80,1031.6,1031.6,1031.6,2171.2,2407.6,2407.6,2407.6,2407.6,2407.6,769.2,262.4,522.8,10316,2059.2,2724,14028,1559.4,1031.6,13020,0x4FF02A4E
786,0,80041,80.041,0,0,OK,4628.2,4619.2,4619.2,4619.2,4619.2,4619.2,4619.2,4619.2,4619.2,0.00,4619.2,4619.2,4619.2,232.76,791.2,1031.6,791.2,4105.6,2406.6,4111.6,4110.6,2406.6,4111.6,277.4,532.8,522.8,7712,2059.2,5128,16432,2060.2,1292.0,18128,0x9DED7029
787,0,80142,80.142,0,0,OK,4627.2,4619.2,4619.2,4619.2,4619.2,4619.2,4619.2,4619.2,4619.2,0.00,4619.2,4619.2,4619.2,231.76,791.2,1031.6,791.2,4105.6,2406.6,4111.6,4110.6,2406.6,4111.6,517.8,262.4,522.8,7912,1798.8,5228,13828,1559.4,1031.6,10416,0x7B8689ED
788,0,80244,80.244,0,0,OK,4627.2,4619.2,4619.2,4619.2,4619.2,4619.2,4619.2,4619.2,4619.2,0.00,4619.2,4619.2,4619.2,232.76,1031.6,791.2,1031.6,2171.2,4111.6,2406.6,2407.6,4111.6,2406.6,769.2,522.8,262.4,5308,1808.8,2724,21540,2060.2,1031.6,12820,0x1ED538CA
789,0,80346,80.346,0,0,OK,4622.2,4619.2,4619.2,4619.2,4619.2,4619.2,4619.2,4619.2,4619.2,0.00,4619.2,4619.2,4619.2,232.76,1031.6,1031.6,1031.6,2171.2,2407.6,2407.6,2407.6,2407.6,2407.6,769.2,532.8,522.8,10316,1808.8,5228,16432,1559.4,791.2,12820,0x8B3D82E0
790,0,80447,80.447,0,0,OK,4625.2,4619.2,4619.2,4619.2,4619.2,4619.2,4619.2,4619.2,4619.2,0.00,4619.2,4619.2,4619.2,231.76,791.2,1031.6,1031.6,4105.6,2406.6,2407.6,4111.6,2406.6,2407.6,278.4,532.8,262.4,7812,2049.2,5328,14028,1799.8,1282.0,18128,0x4434815F
791,0,80549,80.549,0,0,OK,4626.2,4619.2,4619.2,4619.2,4619.2,4619.2,4619.2,4619.2,4619.2,0.00,4619.2,4619.2,4619.2,0.80,1031.6,791.2,791.2,2171.2,4111.6,4110.6,2406.6,4111.6,4110.6,517.8,522.8,512.8,5308,1798.8,5328,13828,1799.8,1031.6,10456,0x8F9A182A
792,0,80650,80.650,0,0,OK,4621.2,4619.2,4619.2,4619.2,4619.2,4619.2,4619.2,4619.2,4619.2,0.00,4619.2,4619.2,4619.2,0.80,791.2,1031.6,791.2,4105.6,2406.6,4111.6,4110.6,2406.6,4111.6,277.4,262.4,262.4,7712,2049.2,2724,13928,2050.2,1041.6,15424,0xEE450388
793,0,80752,80.752,0,0,OK,4626.2,4619.2,4619.2,4619.2,4619.2,4619.2,4619.2,4619.2,4619.2,0.00,4619.2,4619.2,4619.2,232.76,1031.6,1031.6,791.2,2171.2,2407.6,4111.6,2406.6,2407.6,4111.6,527.8,522.8,522.8,10316,1558.4,5228,19136,1809.8,1292.0,23136,0x305FB691
794,0,80854,80.854,0,0,OK,4627.2,4619.2,4619.2,4619.2,4619.2,4619.2,4619.2,4619.2,4619.2,0.00,4619.2,4619.2,4619.2,232.76,1031.6,1031.6,791.2,2171.2,2407.6,4111.6,2406.6,2407.6,4111.6,267.4,272.4,512.8,10316,1808.8,5128,21540,1559.4,1292.0,7912,0xE7937B94
795,0,80955,80.955,0,0,OK,4626.2,4619.2,4619.2,4619.2,4619.2,4619.2,4619.2,4619.2,4619.2,0.00,4619.2,4619.2,4619.2,231.76,1031.6,1031.6,791.2,2171.2,2407.6,4111.6,2406.6,2407.6,4111.6,527.8,532.8,272.4,7812,1558.4,5228,16632,2050.2,1282.0,12920,0xA711A452
796,0,81057,81.057,0,0,OK,4620.2,4619.2,4619.2,4619.2,4619.2,4619.2,4619.2,4619.2,4619.2,0.00,4619.2,4619.2,4619.2,0.80,791.2,791.2,791.2,4105.6,4110.6,4110.6,4110.6,4110.6,4110.6,267.4,522.8,262.4,7912,2049.2,2724,19136,1559.4,791.2,5248,0x7BA3D2C8
797,0,81159,81.159,0,0,OK,4628.2,4619.2,4619.2,4619.2,4619.2,4619.2,4619.2,4619.2,4619.2,0.00,4619.2,4619.2,4619.2,231.76,791.2,791.2,791.2,4105.6,4110.6,4110.6,4110.6,4110.6,4110.6,267.4,272.4,522.8,7712,1808.8,5328,16532,2050.2,1292.0,12860,0xEB0AF54E
798,0,81260,81.260,0,0,OK,4624.2,4619.2,4619.2,4619.2,4619.2,4619.2,4619.2,4619.2,4619.2,0.00,4619.2,4619.2,4619.2,232.76,1031.6,791.2,1031.6,2171.2,4111.6,2406.6,2407.6,4111.6,2406.6,268.4,532.8,512.8,7812,1798.8,5328,19136,2060.2,791.2,40,0xD64138B6
799,0,81362,81.362,0,0,OK,4620.2,4619.2,4619.2,4619.2,4619.2,4619.2,4619.2,4619.2,4619.2,0.00,4619.2,4619.2,4619.2,0.80,1031.6,1031.6,791.2,2171.2,2407.6,4111.6,2406.6,2407.6,4111.6,267.4,272.4,522.8,7712,1558.4,5328,13828,1559.4,791.2,20632,0x5A2E2E91
800,0,81464,81.464,0,0,OK,4622.2,4619.2,4619.2,4619.2,4619.2,4619.2,4619.2,4619.2,4619.2,0.00,4619.2,4619.2,4619.2,0.80,791.2,1031.6,1031.6,4105.6,2406.6,2407.6,4111.6,2406.6,2407.6,518.8,262.4,262.4,7712,1798.8,2724,19036,2060.2,1031.6,7912,0xCF5CAC42
801,0,81565,81.565,0,0,OK,4627.2,4619.2,4619.2,4619.2,4619.2,4619.2,4619.2,4619.2,4619.2,0.00,4619.2,4619.2,4619.2,231.76,1031.6,791.2,1031.6,2171.2,4111.6,2406.6,2407.6,4111.6,2406.6,278.4,262.4,522.8,7912,1558.4,5128,11424,1809.8,1282.0,2744,0x2C9376DC
802,0,81667,81.667,0,0,OK,4623.2,4619.2,4619.2,4619.2,4619.2,4619.2,4619.2,4619.2,4619.2,0.00,4619.2,4619.2,4619.2,232.76,1031.6,791.2,791.2,2171.2,4111.6,4110.6,2406.6,4111.6,4110.6,267.4,262.4,262.4,7912,1558.4,5328,16432,2050.2,791.2,20532,0xF65D3F98
803,0,81768,81.768,0,0,OK,4622.2,4619.2,4619.2,4619.2,4619.2,4619.2,4619.2,4619.2,4619.2,0.00,4619.2,4619.2,4619.2,232.76,1031.6,791.2,1031.6,2171.2,4111.6,2406.6,2407.6,4111.6,2406.6,769.2,522.8,532.8,5308,2059.2,2624,13928,1809.8,791.2,5148,0x27877DBA
804,0,81870,81.870,0,0,OK,4626.2,4619.2,4619.2,4619.2,4619.2,4619.2,4619.2,4619.2,4619.2,0.00,4619.2,4619.2,4619.2,231.76,791.2,1031.6,791.2,4105.6,2406.6,4111.6,4110.6,2406.6,4111.6,517.8,272.4,262.4,5308,1798.8,5128,13928,1559.4,1031.6,5248,0xE758959F
805,0,81972,81.972,0,0,OK,4625.2,4619.2,4619.2,4619.2,4619.2,4619.2,4619.2,4619.2,4619.2,0.00,4619.2,4619.2,4619.2,231.76,1031.6,791.2,791.2,2171.2,4111.6,4110.6,2406.6,4111.6,4110.6,277.4,532.8,272.4,10316,2049.2,2624,16432,1559.4,1282.0,18028,0x1CC3CA28
806,0,82073,82.073,0,0,OK,4619.2,4619.2,4619.2,4619.2,4619.2,4619.2,4619.2,4619.2,4619.2,0.00,4619.2,4619.2,4619.2,0.80,1031.6,791.2,1031.6,2171.2,4111.6,2406.6,2407.6,4111.6,2406.6,769.2,512.8,272.4,7912,1798.8,2724,16532,1559.4,1041.6,7852,0x8DA89471
807,0,82175,82.175,0,0,OK,4627.2,4619.2,4619.2,4619.2,4619.2,4619.2,4619.2,4619.2,4619.2,0.00,4619.2,4619.2,4619.2,231.76,791.2,791.2,1031.6,4105.6,4110.6,2406.6,4111.6,4110.6,2406.6,278.4,512.8,512.8,10316,1808.8,5228,14028,1809.8,1031.6,20632,0xB5A1821D
808,0,82277,82.277,0,0,OK,4622.2,4619.2,4619.2,4619.2,4619.2,4619.2,4619.2,4619.2,4619.2,0.00,4619.2,4619.2,4619.2,0.80,791.2,791.2,1031.6,4105.6,4110.6,2406.6,4111.6,4110.6,2406.6,518.8,522.8,262.4,5308,1808.8,2724,13828,1799.8,791.2,5148,0x319D790C
809,0,82378,82.378,0,0,OK,4620.2,4619.2,4619.2,4619.2,4619.2,4619.2,4619.2,4619.2,4619.2,0.00,4619.2,4619.2,4619.2,0.80,791.2,791.2,791.2,4105.6,4110.6,4110.6,4110.6,4110.6,4110.6,527.8,522.8,522.8,7712,2059.2,5228,16432,1559.4,1292.0,17928,0x0CD97758
810,0,82480,82.480,0,0,OK,4626.2,4619.2,4619.2,4619.2,4619.2,4619.2,4619.2,4619.2,4619.2,0.00,4619.2,4619.2,4619.2,231.76,1031.6,1031.6,1031.6,2171.2,2407.6,2407.6,2407.6,2407.6,2407.6,518.8,512.8,272.4,10316,2059.2,5128,14028,1559.4,1041.6,10316,0xF2197ACA
811,0,82582,82.582,0,0,OK,4623.2,4619.2,4619.2,4619.2,4619.2,4619.2,4619.2,4619.2,4619.2,0.00,4619.2,4619.2,4619.2,0.80,791.2,1031.6,1031.6,4105.6,2406.6,2407.6,4111.6,2406.6,2407.6,528.8,262.4,512.8,7712,2059.2,5328,14028,1799.8,1282.0,240,0x5F88D176
812,0,82683,82.683,0,0,OK,4619.2,4619.2,4619.2,4619.2,4619.2,4619.2,4619.2,4619.2,4619.2,0.00,4619.2,4619.2,4619.2,232.76,791.2,1031.6,1031.6,4105.6,2406.6,2407.6,4111.6,2406.6,2407.6,268.4,272.4,512.8,5308,1808.8,2624,13928,1809.8,1031.6,140,0x0DDA9B56
813,0,82785,82.785,0,0,OK,4624.2,4619.2,4619.2,4619.2,4619.2,4619.2,4619.2,4619.2,4619.2,0.00,4619.2,4619.2,4619.2,232.76,1031.6,791.2,791.2,2171.2,4111.6,4110.6,2406.6,4111.6,4110.6,768.2,272.4,272.4,7912,1808.8,2724,19136,1809.8,1282.0,2744,0x29E38764
814,0,82887,82.887,0,0,OK,4619.2,4619.2,4619.2,4619.2,4619.2,4619.2,4619.2,4619.2,4619.2,0.00,4619.2,4619.2,4619.2,231.76,791.2,1031.6,1031.6,4105.6,2406.6,2407.6,4111.6,2406.6,2407.6,268.4,512.8,522.8,5308,1798.8,5128,16632,2060.2,1041.6,15424,0x4C082F01
815,0,82988,82.988,0,0,OK,4625.2,4619.2,4619.2,4619.2,4619.2,4619.2,4619.2,4619.2,4619.2,0.00,4619.2,4619.2,4619.2,231.76,1031.6,1031.6,1031.6,2171.2,2407.6,2407.6,2407.6,2407.6,2407.6,528.8,262.4,532.8,7912,2049.2,5228,21540,1799.8,1041.6,7852,0x2DD82017
816,0,83090,83.090,0,0,OK,4619.2,4619.2,4619.2,4619.2,4619.2,4619.2,4619.2,4619.2,4619.2,0.00,4619.2,4619.2,4619.2,231.76,791.2,791.2,1031.6,4105.6,4110.6,2406.6,4111.6,4110.6,2406.6,769.2,532.8,512.8,5308,2049.2,5128,11424,1809.8,1031.6,5248,0xDDCC7E01
817,0,83192,83.192,0,0,OK,4623.2,4619.2,4619.2,4619.2,4619.2,4619.2,4619.2,4619.2,4619.2,0.00,4619.2,4619.2,4619.2,0.80,1031.6,791.2,1031.6,2171.2,4111.6,2406.6,2407.6,4111.6,2406.6,268.4,262.4,262.4,5308,1558.4,5328,21540,2050.2,1031.6,12920,0x4ED84DED
818,0,83293,83.293,0,0,OK,4628.2,4619.2,4619.2,4619.2,4619.2,4619.2,4619.2,4619.2,4619.2,0.00,4619.2,4619.2,4619.2,232.76,1031.6,791.2,791.2,2171.2,4111.6,4110.6,2406.6,4111.6,4110.6,768.2,512.8,522.8,10316,1808.8,5228,19136,1559.4,1031.6,17928,0x74B31278
819,0,83395,83.395,0,0,OK,4622.2,4619.2,4619.2,4619.2,4619.2,4619.2,4619.2,4619.2,4619.2,0.00,4619.2,4619.2,4619.2,0.80,1031.6,791.2,791.2,2171.2,4111.6,4110.6,2406.6,4111.6,4110.6,267.4,262.4,522.8,5308,1558.4,2724,21540,1809.8,1282.0,12820,0x48D0B358
820,0,83496,83.496,0,0,OK,4622.2,4619.2,4619.2,4619.2,4619.2,4619.2,4619.2,4619.2,4619.2,0.00,4619.2,4619.2,4619.2,232.76,1031.6,1031.6,1031.6,2171.2,2407.6,2407.6,2407.6,2407.6,2407.6,528.8,262.4,532.8,7812,1558.4,5128,11424,1809.8,1041.6,7752,0x8BF3B9A3
821,0,83598,83.598,0,0,OK,4619.2,4619.2,4619.2,4619.2,4619.2,4619.2,4619.2,4619.2,4619.2,0.00,4619.2,4619.2,4619.2,231.76,791.2,1031.6,791.2,4105.6,2406.6,4111.6,4110.6,2406.6,4111.6,527.8,262.4,272.4,7712,2059.2,2724,16632,2060.2,1041.6,10456,0xCA8EE6CA
822,0,83700,83.700,0,0,OK,4622.2,4619.2,4619.2,4619.2,4619.2,4619.2,4619.2,4619.2,4619.2,0.00,4619.2,4619.2,4619.2,231.76,791.2,1031.6,1031.6,4105.6,2406.6,2407.6,4111.6,2406.6,2407.6,518.8,512.8,262.4,7812,1808.8,5228,19036,1559.4,791.2,20532,0x66AA3BD8
823,0,83801,83.801,0,0,OK,4628.2,4619.2,4619.2,4619.2,4619.2,4619.2,4619.2,4619.2,4619.2,0.00,4619.2,4619.2,4619.2,0.80,1031.6,1031.6,1031.6,2171.2,2407.6,2407.6,2407.6,2407.6,2407.6,278.4,262.4,512.8,5308,1808.8,5128,14028,2060.2,1041.6,18028,0xE7652FD2
824,0,83903,83.903,0,0,OK,4623.2,4619.2,4619.2,4619.2,4619.2,4619.2,4619.2,4619.2,4619.2,0.00,4619.2,4619.2,4619.2,231.76,1031.6,1031.6,1031.6,2171.2,2407.6,2407.6,2407.6,2407.6,2407.6,278.4,512.8,272.4,7712,2059.2,5328,11424,1559.4,1292.0,17928,0x19AA1DD2
825,0,84005,84.005,0,0,OK,4624.2,4619.2,4619.2,4619.2,4619.2,4619.2,4619.2,4619.2,4619.2,0.00,4619.2,4619.2,4619.2,0.80,1031.6,1031.6,1031.6,2171.2,2407.6,2407.6,2407.6,2407.6,2407.6,769.2,512.8,262.4,7712,2049.2,5328,13928,1799.8,1031.6,2644,0x9F6B84C1
826,0,84106,84.106,0,0,OK,4619.2,4619.2,4619.2,4619.2,4619.2,4619.2,4619.2,4619.2,4619.2,0.00,4619.2,4619.2,4619.2,232.76,791.2,791.2,791.2,4105.6,4110.6,4110.6,4110.6,4110.6,4110.6,277.4,262.4,532.8,7712,1558.4,5328,19136,1559.4,1292.0,18028,0xA8675298
827,0,84208,84.208,0,0,OK,4620.2,4619.2,4619.2,4619.2,4619.2,4619.2,4619.2,4619.2,4619.2,0.00,4619.2,4619.2,4619.2,232.76,791.2,791.2,1031.6,4105.6,4110.6,2406.6,4111.6,4110.6,2406.6,278.4,262.4,522.8,10316,1558.4,2724,11424,2060.2,791.2,2744,0x9429FF16
828,0,84309,84.309,0,0,OK,4625.2,4619.2,4619.2,4619.2,4619.2,4619.2,4619.2,4619.2,4619.2,0.00,4619.2,4619.2,4619.2,232.76,791.2,1031.6,791.2,4105.6,2406.6,4111.6,4110.6,2406.6,4111.6,527.8,512.8,262.4,5308,1798.8,2724,19136,2060.2,1282.0,7912,0x84B32555
829,0,84411,84.411,0,0,OK,4626.2,4619.2,4619.2,4619.2,4619.2,4619.2,4619.2,4619.2,4619.2,0.00,4619.2,4619.2,4619.2,232.76,1031.6,791.2,1031.6,2171.2,4111.6,2406.6,2407.6,4111.6,2406.6,769.2,512.8,522.8,7812,2049.2,2724,11424,2050.2,791.2,10356,0x152A59B8
830,0,84513,84.513,0,0,OK,4626.2,4619.2,4619.2,4619.2,4619.2,4619.2,4619.2,4619.2,4619.2,0.00,4619.2,4619.2,4619.2,0.80,1031.6,1031.6,1031.6,2171.2,2407.6,2407.6,2407.6,2407.6,2407.6,769.2,532.8,272.4,10316,1798.8,2624,11424,1799.8,1031.6,10456,0x46134150
831,0,84614,84.614,0,0,OK,4621.2,4619.2,4619.2,4619.2,4619.2,4619.2,4619.2,4619.2,4619.2,0.00,4619.2,4619.2,4619.2,232.76,1031.6,791.2,1031.6,2171.2,4111.6,2406.6,2407.6,4111.6,2406.6,518.8,262.4,272.4,7812,1808.8,5228,16532,2060.2,1041.6,5248,0xBFBC9A0F
832,0,84716,84.716,0,0,OK,4621.2,4619.2,4619.2,4619.2,4619.2,4619.2,4619.2,4619.2,4619.2,0.00,4619.2,4619.2,4619.2,0.80,1031.6,791.2,791.2,2171.2,4111.6,4110.6,2406.6,4111.6,4110.6,768.2,512.8,512.8,5308,2059.2,5328,14028,2060.2,1282.0,18028,0x99D479D0
833,0,84818,84.818,0,0,OK,4621.2,4619.2,4619.2,4619.2,4619.2,4619.2,4619.2,4619.2,4619.2,0.00,4619.2,4619.2,4619.2,0.80,1031.6,791.2,791.2,2171.2,4111.6,4110.6,2406.6,4111.6,4110.6,267.4,522.8,512.8,5308,1558.4,5328,19036,2060.2,1282.0,7752,0xE65EBB7B
834,0,84919,84.919,0,0,OK,4628.2,4619.2,4619.2,4619.2,4619.2,4619.2,4619.2,4619.2,4619.2,0.00,4619.2,4619.2,4619.2,231.76,791.2,791.2,791.2,4105.6,4110.6,4110.6,4110.6,4110.6,4110.6,527.8,522.8,272.4,10316,1798.8,5328,19136,2060.2,791.2,23236,0x53AFDC46
835,0,85021,85.021,0,0,OK,4619.2,4619.2,4619.2,4619.2,4619.2,4619.2,4619.2,4619.2,4619.2,0.00,4619.2,4619.2,4619.2,231.76,1031.6,1031.6,1031.6,2171.2,2407.6,2407.6,2407.6,2407.6,2407.6,518.8,512.8,522.8,7712,1808.8,5328,19136,1799.8,1041.6,20732,0x1E7952B9
836,0,85122,85.122,0,0,OK,4626.2,4619.2,4619.2,4619.2,4619.2,4619.2,4619.2,4619.2,4619.2,0.00,4619.2,4619.2,4619.2,232.76,791.2,791.2,791.2,4105.6,4110.6,4110.6,4110.6,4110.6,4110.6,277.4,512.8,532.8,5308,2049.2,5228,13928,1799.8,791.2,5348,0x5E6AAF19
837,0,85224,85.224,0,0,OK,4620.2,4619.2,4619.2,4619.2,4619.2,4619.2,4619.2,4619.2,4619.2,0.00,4619.2,4619.2,4619.2,232.76,791.2,791.2,791.2,4105.6,4110.6,4110.6,4110.6,4110.6,4110.6,277.4,512.8,262.4,7712,1798.8,2624,21540,1809.8,1041.6,10256,0xDBD03146
838,0,85326,85.326,0,0,OK,4626.2,4619.2,4619.2,4619.2,4619.2,4619.2,4619.2,4619.2,4619.2,0.00,4619.2,4619.2,4619.2,0.80,1031.6,1031.6,1031.6,2171.2,2407.6,2407.6,2407.6,2407.6,2407.6,278.4,262.4,512.8,10316,2059.2,5328,16432,1559.4,1292.0,18028,0x5A51A6D7
839,0,85427,85.427,0,0,OK,4619.2,4619.2,4619.2,4619.2,4619.2,4619.2,4619.2,4619.2,4619.2,0.00,4619.2,4619.2,4619.2,231.76,791.2,1031.6,791.2,4105.6,2406.6,4111.6,4110.6,2406.6,4111.6,517.8,532.8,272.4,7712,1798.8,5128,16532,2060.2,1031.6,20532,0x4238EF8C
840,0,85529,85.529,0,0,OK,4620.2,4619.2,4619.2,4619.2,4619.2,4619.2,4619.2,4619.2,4619.2,0.00,4619.2,4619.2,4619.2,231.76,1031.6,1031.6,1031.6,2171.2,2407.6,2407.6,2407.6,2407.6,2407.6,268.4,532.8,512.8,5308,2049.2,5328,19136,2060.2,1031.6,12860,0x93AB339F
841,0,85630,85.630,0,0,OK,4620.2,4619.2,4619.2,4619.2,4619.2,4619.2,4619.2,4619.2,4619.2,0.00,4619.2,4619.2,4619.2,231.76,1031.6,1031.6,791.2,2171.2,2407.6,4111.6,2406.6,2407.6,4111.6,267.4,532.8,262.4,10316,1798.8,5228,11424,2060.2,1292.0,13020,0x6A94475E
842,0,85732,85.732,0,0,OK,4624.2,4619.2,4619.2,4619.2,4619.2,4619.2,4619.2,4619.2,4619.2,0.00,4619.2,4619.2,4619.2,0.80,1031.6,1031.6,791.2,2171.2,2407.6,4111.6,2406.6,2407.6,4111.6,768.2,262.4,272.4,7812,2049.2,2724,21540,1799.8,791.2,12860,0x09F72269
843,0,85834,85.834,0,0,OK,4621.2,4619.2,4619.2,4619.2,4619.2,4619.2,4619.2,4619.2,4619.2,0.00,4619.2,4619.2,4619.2,231.76,1031.6,1031.6,1031.6,2171.2,2407.6,2407.6,2407.6,2407.6,2407.6,769.2,512.8,512.8,7712,1798.8,2624,19036,2050.2,791.2,240,0xEF3F88D6
844,0,85935,85.935,0,0,OK,4626.2,4619.2,4619.2,4619.2,4619.2,4619.2,4619.2,4619.2,4619.2,0.00,4619.2,4619.2,4619.2,0.80,1031.6,1031.6,791.2,2171.2,2407.6,4111.6,2406.6,2407.6,4111.6,267.4,532.8,262.4,5308,2049.2,5328,13928,1799.8,1282.0,15524,0x1AE8FF31
845,0,86037,86.037,0,0,OK,4622.2,4619.2,4619.2,4619.2,4619.2,4619.2,4619.2,4619.2,4619.2,0.00,4619.2,4619.2,4619.2,0.80,791.2,1031.6,791.2,4105.6,2406.6,4111.6,4110.6,2406.6,4111.6,768.2,522.8,532.8,5308,1808.8,5328,16532,2050.2,1031.6,12860,0x8DC7163F
846,0,86139,86.139,0,0,OK,4621.2,4619.2,4619.2,4619.2,4619.2,4619.2,4619.2,4619.2,4619.2,0.00,4619.2,4619.2,4619.2,231.76,1031.6,791.2,1031.6,2171.2,4111.6,2406.6,2407.6,4111.6,2406.6,268.4,532.8,522.8,10316,1808.8,5228,19036,1809.8,1282.0,10316,0x74A186CF
847,0,86240,86.240,0,0,OK,4621.2,4619.2,4619.2,4619.2,4619.2,4619.2,4619.2,4619.2,4619.2,0.00,4619.2,4619.2,4619.2,231.76,1031.6,791.2,791.2,2171.2,4111.6,4110.6,2406.6,4111.6,4110.6,517.8,522.8,262.4,7712,2059.2,5328,16432,1809.8,1031.6,7852,0xB2C25BF0
848,0,86342,86.342,0,0,OK,4621.2,4619.2,4619.2,4619.2,4619.2,4619.2,4619.2,4619.2,4619.2,0.00,4619.2,4619.2,4619.2,231.76,791.2,1031.6,791.2,4105.6,2406.6,4111.6,4110.6,2406.6,4111.6,267.4,512.8,512.8,7812,1558.4,2724,13928,1559.4,1041.6,23136,0xC9EE8CB0
849,0,86443,86.443,0,0,OK,4623.2,4619.2,4619.2,4619.2,4619.2,4619.2,4619.2,4619.2,4619.2,0.00,4619.2,4619.2,4619.2,232.76,1031.6,791.2,791.2,2171.2,4111.6,4110.6,2406.6,4111.6,4110.6,527.8,532.8,262.4,10316,2049.2,5128,13828,1559.4,1292.0,13020,0x920D375C
850,0,86545,86.545,0,0,OK,4621.2,4619.2,4619.2,4619.2,4619.2,4619.2,4619.2,4619.2,4619.2,0.00,4619.2,4619.2,4619.2,0.80,791.2,791.2,1031.6,4105.6,4110.6,2406.6,4111.6,4110.6,2406.6,278.4,272.4,522.8,7812,2049.2,5328,16632,1799.8,791.2,10256,0xD4E437B7
851,0,86647,86.647,0,0,OK,4624.2,4619.2,4619.2,4619.2,4619.2,4619.2,4619.2,4619.2,4619.2,0.00,4619.2,4619.2,4619.2,232.76,1031.6,791.2,791.2,2171.2,4111.6,4110.6,2406.6,4111.6,4110.6,267.4,522.8,532.8,7712,1798.8,5228,19036,2060.2,1282.0,7912,0x92BC8280
852,0,86748,86.748,0,0,OK,4628.2,4619.2,4619.2,4619.2,4619.2,4619.2,4619.2,4619.2,4619.2,0.00,4619.2,4619.2,4619.2,232.76,791.2,1031.6,1031.6,4105.6,2406.6,2407.6,4111.6,2406.6,2407.6,528.8,532.8,512.8,7912,1798.8,2724,13928,2060.2,791.2,140,0x5655418C
853,0,86850,86.850,0,0,OK,4619.2,4619.2,4619.2,4619.2,4619.2,4619.2,4619.2,4619.2,4619.2,0.00,4619.2,4619.2,4619.2,232.76,791.2,1031.6,791.2,4105.6,2406.6,4111.6,4110.6,2406.6,4111.6,517.8,512.8,532.8,10316,1798.8,5328,13928,1809.8,1282.0,18028,0xAB812887
854,0,86952,86.952,0,0,OK,4627.2,4619.2,4619.2,4619.2,4619.2,4619.2,4619.2,4619.2,4619.2,0.00,4619.2,4619.2,4619.2,232.76,791.2,1031.6,791.2,4105.6,2406.6,4111.6,4110.6,2406.6,4111.6,768.2,512.8,522.8,10316,2059.2,2624,19136,1799.8,1031.6,7752,0x7AA7B42F
855,0,87053,87.053,0,0,OK,4619.2,4619.2,4619.2,4619.2,4619.2,4619.2,4619.2,4619.2,4619.2,0.00,4619.2,4619.2,4619.2,232.76,791.2,791.2,791.2,4105.6,4110.6,4110.6,4110.6,4110.6,4110.6,527.8,262.4,272.4,7812,1558.4,2624,21540,2050.2,791.2,15424,0xDC305AA5
856,0,87155,87.155,0,0,OK,4622.2,4619.2,4619.2,4619.2,4619.2,4619.2,4619.2,4619.2,4619.2,0.00,4619.2,4619.2,4619.2,232.76,791.2,791.2,1031.6,4105.6,4110.6,2406.6,4111.6,4110.6,2406.6,769.2,512.8,522.8,7912,2059.2,2724,14028,1799.8,1031.6,23136,0x8F7ECFA0
857,0,87257,87.257,0,0,OK,4628.2,4619.2,4619.2,4619.2,4619.2,4619.2,4619.2,4619.2,4619.2,0.00,4619.2,4619.2,4619.2,231.76,791.2,791.2,1031.6,4105.6,4110.6,2406.6,4111.6,4110.6,2406.6,518.8,522.8,532.8,7912,1798.8,2624,13928,2060.2,1282.0,20532,0x1ADA32F7
858,0,87358,87.358,0,0,OK,4627.2,4619.2,4619.2,4619.2,4619.2,4619.2,4619.2,4619.2,4619.2,0.00,4619.2,4619.2,4619.2,232.76,791.2,1031.6,1031.6,4105.6,2406.6,2407.6,4111.6,2406.6,2407.6,528.8,532.8,262.4,7912,1558.4,2624,16632,1809.8,791.2,7752,0xADEA3F2F
859,0,87460,87.460,0,0,OK,4623.2,4619.2,4619.2,4619.2,4619.2,4619.2,4619.2,4619.2,4619.2,0.00,4619.2,4619.2,4619.2,231.76,1031.6,1031.6,791.2,2171.2,2407.6,4111.6,2406.6,2407.6,4111.6,768.2,532.8,272.4,7712,1798.8,2624,13828,1559.4,1282.0,20532,0xA39D2BDB
860,0,87561,87.561,0,0,OK,4628.2,4619.2,4619.2,4619.2,4619.2,4619.2,4619.2,4619.2,4619.2,0.00,4619.2,4619.2,4619.2,0.80,1031.6,1031.6,1031.6,2171.2,2407.6,2407.6,2407.6,2407.6,2407.6,268.4,512.8,262.4,7712,1798.8,5328,21540,1799.8,791.2,12820,0xE605B15C
861,0,87663,87.663,0,0,OK,4628.2,4619.2,4619.2,4619.2,4619.2,4619.2,4619.2,4619.2,4619.2,0.00,4619.2,4619.2,4619.2,0.80,791.2,1031.6,791.2,4105.6,2406.6,4111.6,4110.6,2406.6,4111.6,267.4,522.8,532.8,7712,1558.4,2624,16432,1809.8,1282.0,13020,0xF1060A16
862,0,87765,87.765,0,0,OK,4627.2,4619.2,4619.2,4619.2,4619.2,4619.2,4619.2,4619.2,4619.2,0.00,4619.2,4619.2,4619.2,232.76,791.2,791.2,791.2,4105.6,4110.6,4110.6,4110.6,4110.6,4110.6,267.4,512.8,512.8,5308,1558.4,2624,13928,2060.2,1031.6,20532,0xAE611DEC
863,0,87866,87.866,0,0,OK,4628.2,4619.2,4619.2,4619.2,4619.2,4619.2,4619.2,4619.2,4619.2,0.00,4619.2,4619.2,4619.2,231.76,791.2,1031.6,1031.6,4105.6,2406.6,2407.6,4111.6,2406.6,2407.6,278.4,512.8,262.4,10316,1558.4,2624,16432,1559.4,1041.6,23136,0x91C7E816
864,0,87968,87.968,0,0,OK,4628.2,4619.2,4619.2,4619.2,4619.2,4619.2,4619.2,4619.2,4619.2,0.00,4619.2,4619.2,4619.2,0.80,791.2,1031.6,791.2,4105.6,2406.6,4111.6,4110.6,2406.6,4111.6,267.4,512.8,522.8,7812,1558.4,2624,21540,1799.8,1282.0,15424,0x7365C0C1
865,0,88070,88.070,0,0,OK,4621.2,4619.2,4619.2,4619.2,4619.2,4619.2,4619.2,4619.2,4619.2,0.00,4619.2,4619.2,4619.2,232.76,791.2,1031.6,791.2,4105.6,2406.6,4111.6,4110.6,2406.6,4111.6,267.4,262.4,532.8,7712,1798.8,2724,11424,1799.8,1041.6,23236,0xF31F18B8
866,0,88171,88.171,0,0,OK,4627.2,4619.2,4619.2,4619.2,4619.2,4619.2,4619.2,4619.2,4619.2,0.00,4619.2,4619.2,4619.2,231.76,791.2,791.2,1031.6,4105.6,4110.6,2406.6,4111.6,4110.6,2406.6,518.8,512.8,532.8,7712,2049.2,2624,21540,1799.8,1031.6,7752,0xD9BD2A76
867,0,88273,88.273,0,0,OK,4628.2,4619.2,4619.2,4619.2,4619.2,4619.2,4619.2,4619.2,4619.2,0.00,4619.2,4619.2,4619.2,0.80,1031.6,791.2,791.2,2171.2,4111.6,4110.6,2406.6,4111.6,4110.6,517.8,532.8,512.8,7712,1798.8,2724,14028,1559.4,1041.6,5248,0xF47985D8
868,0,88375,88.375,0,0,OK,4624.2,4619.2,4619.2,4619.2,4619.2,4619.2,4619.2,4619.2,4619.2,0.00,4619.2,4619.2,4619.2,232.76,791.2,1031.6,1031.6,4105.6,2406.6,2407.6,4111.6,2406.6,2407.6,769.2,532.8,522.8,7712,1558.4,2724,16532,1559.4,1031.6,15424,0xC70C8553
869,0,88476,88.476,0,0,OK,4622.2,4619.2,4619.2,4619.2,4619.2,4619.2,4619.2,4619.2,4619.2,0.00,4619.2,4619.2,4619.2,231.76,1031.6,791.2,1031.6,2171.2,4111.6,2406.6,2407.6,4111.6,2406.6,268.4,262.4,262.4,10316,2059.2,5228,13928,1799.8,791.2,15424,0x1579B4FD
870,0,88578,88.578,0,0,OK,4626.2,4619.2,4619.2,4619.2,4619.2,4619.2,4619.2,4619.2,4619.2,0.00,4619.2,4619.2,4619.2,231.76,1031.6,1031.6,1031.6,2171.2,2407.6,2407.6,2407.6,2407.6,2407.6,268.4,262.4,512.8,10316,2049.2,5328,11424,2060.2,791.2,15524,0x6675ED73
871,0,88679,88.679,0,0,OK,4628.2,4619.2,4619.2,4619.2,4619.2,4619.2,4619.2,4619.2,4619.2,0.00,4619.2,4619.2,4619.2,232.76,1031.6,791.2,1031.6,2171.2,4111.6,2406.6,2407.6,4111.6,2406.6,528.8,532.8,512.8,7912,1808.8,2724,21540,1809.8,1282.0,7912,0x5B1C6A0B
872,0,88781,88.781,0,0,OK,4627.2,4619.2,4619.2,4619.2,4619.2,4619.2,4619.2,4619.2,4619.2,0.00,4619.2,4619.2,4619.2,232.76,791.2,791.2,1031.6,4105.6,4110.6,2406.6,4111.6,4110.6,2406.6,268.4,262.4,522.8,10316,2049.2,5228,14028,1559.4,791.2,23136,0xCC6A0DA0
873,0,88883,88.883,0,0,OK,4622.2,4619.2,4619.2,4619.2,4619.2,4619.2,4619.2,4619.2,4619.2,0.00,4619.2,4619.2,4619.2,231.76,791.2,791.2,1031.6,4105.6,4110.6,2406.6,4111.6,4110.6,2406.6,518.8,512.8,512.8,7812,1558.4,2624,19136,1799.8,1031.6,17928,0x5B0A0574
874,0,88984,88.984,0,0,OK,4621.2,4619.2,4619.2,4619.2,4619.2,4619.2,4619.2,4619.2,4619.2,0.00,4619.2,4619.2,4619.2,232.76,791.2,791.2,791.2,4105.6,4110.6,4110.6,4110.6,4110.6,4110.6,768.2,272.4,272.4,5308,1808.8,2624,19136,2060.2,1292.0,20632,0x42446619
875,0,89086,89.086,0,0,OK,4622.2,4619.2,4619.2,4619.2,4619.2,4619.2,4619.2,4619.2,4619.2,0.00,4619.2,4619.2,4619.2,232.76,791.2,791.2,791.2,4105.6,4110.6,4110.6,4110.6,4110.6,4110.6,267.4,262.4,272.4,7912,1798.8,5228,13928,1559.4,791.2,18028,0xE77AD9CE
876,0,89188,89.188,0,0,OK,4622.2,4619.2,4619.2,4619.2,4619.2,4619.2,4619.2,4619.2,4619.2,0.00,4619.2,4619.2,4619.2,0.80,791.2,791.2,791.2,4105.6,4110.6,4110.6,4110.6,4110.6,4110.6,768.2,512.8,272.4,7912,1798.8,5228,13828,1559.4,791.2,10356,0x599DFF6B
877,0,89289,89.289,0,0,OK,4627.2,4619.2,4619.2,4619.2,4619.2,4619.2,4619.2,4619.2,4619.2,0.00,4619.2,4619.2,4619.2,0.80,791.2,1031.6,791.2,4105.6,2406.6,4111.6,4110.6,2406.6,4111.6,527.8,532.8,522.8,7712,1808.8,5328,19136,2050.2,1031.6,20632,0x0A9BB91A
878,0,89391,89.391,0,0,OK,4624.2,4619.2,4619.2,4619.2,4619.2,4619.2,4619.2,4619.2,4619.2,0.00,4619.2,4619.2,4619.2,0.80,791.2,791.2,791.2,4105.6,4110.6,4110.6,4110.6,4110.6,4110.6,277.4,512.8,272.4,10316,1558.4,5228,16632,1799.8,1041.6,12820,0x31ECFDDC
879,0,89493,89.493,0,0,OK,4622.2,4619.2,4619.2,4619.2,4619.2,4619.2,4619.2,4619.2,4619.2,0.00,4619.2,4619.2,4619.2,0.80,1031.6,1031.6,791.2,2171.2,2407.6,4111.6,2406.6,2407.6,4111.6,527.8,532.8,522.8,7812,2049.2,5328,19036,1559.4,1282.0,12920,0x8C4689A7
880,0,89594,89.594,0,0,OK,4622.2,4619.2,4619.2,4619.2,4619.2,4619.2,4619.2,4619.2,4619.2,0.00,4619.2,4619.2,4619.2,0.80,791.2,1031.6,1031.6,4105.6,2406.6,2407.6,4111.6,2406.6,2407.6,769.2,262.4,262.4,7912,1798.8,2624,13928,1809.8,791.2,2644,0x5DE15126
881,0,89696,89.696,0,0,OK,4624.2,4619.2,4619.2,4619.2,4619.2,4619.2,4619.2,4619.2,4619.2,0.00,4619.2,4619.2,4619.2,231.76,1031.6,1031.6,791.2,2171.2,2407.6,4111.6,2406.6,2407.6,4111.6,277.4,532.8,262.4,10316,1798.8,5128,11424,2050.2,1282.0,5248,0xAD2890B2
882,0,89797,89.797,0,0,OK,4623.2,4619.2,4619.2,4619.2,4619.2,4619.2,4619.2,4619.2,4619.2,0.00,4619.2,4619.2,4619.2,232.76,791.2,1031.6,1031.6,4105.6,2406.6,2407.6,4111.6,2406.6,2407.6,268.4,522.8,532.8,10316,2049.2,2624,13828,1559.4,1031.6,7912,0x7DF671EE
883,0,89899,89.899,0,0,OK,4619.2,4619.2,4619.2,4619.2,4619.2,4619.2,4619.2,4619.2,4619.2,0.00,4619.2,4619.2,4619.2,0.80,1031.6,791.2,791.2,2171.2,4111.6,4110.6,2406.6,4111.6,4110.6,267.4,512.8,272.4,7812,1808.8,2624,11424,1559.4,1282.0,20732,0xCD79B332
884,0,90001,90.001,0,0,OK,4620.2,4619.2,4619.2,4619.2,4619.2,4619.2,4619.2,4619.2,4619.2,0.00,4619.2,4619.2,4619.2,232.76,1031.6,1031.6,791.2,2171.2,2407.6,4111.6,2406.6,2407.6,4111.6,277.4,272.4,522.8,7912,1798.8,5328,14028,1809.8,1292.0,18128,0x964CC3D0
885,0,90102,90.102,0,0,OK,4628.2,4619.2,4619.2,4619.2,4619.2,4619.2,4619.2,4619.2,4619.2,0.00,4619.2,4619.2,4619.2,231.76,1031.6,1031.6,791.2,2171.2,2407.6,4111.6,2406.6,2407.6,4111.6,517.8,512.8,512.8,7712,1808.8,5128,11424,2060.2,1031.6,240,0x1969461E
886,0,90204,90.204,0,0,OK,4622.2,4619.2,4619.2,4619.2,4619.2,4619.2,4619.2,4619.2,4619.2,0.00,4619.2,4619.2,4619.2,232.76,1031.6,1031.6,1031.6,2171.2,2407.6,2407.6,2407.6,2407.6,2407.6,769.2,512.8,262.4,7812,1558.4,5228,16632,2050.2,1292.0,2644,0x00758023
887,0,90306,90.306,0,0,OK,4627.2,4619.2,4619.2,4619.2,4619.2,4619.2,4619.2,4619.2,4619.2,0.00,4619.2,4619.2,4619.2,232.76,1031.6,791.2,791.2,2171.2,4111.6,4110.6,2406.6,4111.6,4110.6,517.8,272.4,522.8,5308,2049.2,2724,19036,1799.8,1041.6,40,0x2FA667DF
888,0,90407,90.407,0,0,OK,4623.2,4619.2,4619.2,4619.2,4619.2,4619.2,4619.2,4619.2,4619.2,0.00,4619.2,4619.2,4619.2,232.76,791.2,1031.6,791.2,4105.6,2406.6,4111.6,4110.6,2406.6,4111.6,277.4,512.8,522.8,7912,1558.4,5228,16632,2050.2,1031.6,15524,0xF79447E2
889,0,90509,90.509,0,0,OK,4624.2,4619.2,4619.2,4619.2,4619.2,4619.2,4619.2,4619.2,4619.2,0.00,4619.2,4619.2,4619.2,231.76,1031.6,1031.6,791.2,2171.2,2407.6,4111.6,2406.6,2407.6,4111.6,768.2,522.8,262.4,10316,1808.8,5328,19136,1559.4,791.2,10456,0xC1FBDB61
890,0,90610,90.610,0,0,OK,4622.2,4619.2,4619.2,4619.2,4619.2,4619.2,4619.2,4619.2,4619.2,0.00,4619.2,4619.2,4619.2,232.76,791.2,791.2,1031.6,4105.6,4110.6,2406.6,4111.6,4110.6,2406.6,518.8,512.8,262.4,7912,2059.2,5128,13828,1559.4,791.2,18128,0x1EA5ECD0
891,0,90712,90.712,0,0,OK,4620.2,4619.2,4619.2,4619.2,4619.2,4619.2,4619.2,4619.2,4619.2,0.00,4619.2,4619.2,4619.2,231.76,1031.6,791.2,1031.6,2171.2,4111.6,2406.6,2407.6,4111.6,2406.6,769.2,262.4,262.4,7912,1558.4,2724,16532,2050.2,791.2,10456,0xDD6BBA25
892,0,90814,90.814,0,0,OK,4623.2,4619.2,4619.2,4619.2,4619.2,4619.2,4619.2,4619.2,4619.2,0.00,4619.2,4619.2,4619.2,231.76,791.2,1031.6,1031.6,4105.6,2406.6,2407.6,4111.6,2406.6,2407.6,769.2,262.4,272.4,7812,1558.4,2624,19136,1559.4,1282.0,12860,0x262C6593
893,0,90915,90.915,0,0,OK,4626.2,4619.2,4619.2,4619.2,4619.2,4619.2,4619.2,4619.2,4619.2,0.00,4619.2,4619.2,4619.2,0.80,1031.6,1031.6,791.2,2171.2,2407.6,4111.6,2406.6,2407.6,4111.6,267.4,262.4,532.8,5308,1798.8,5328,19036,2060.2,1282.0,20732,0xC3D085FB
894,0,91017,91.017,0,0,OK,4624.2,4619.2,4619.2,4619.2,4619.2,4619.2,4619.2,4619.2,4619.2,0.00,4619.2,4619.2,4619.2,232.76,1031.6,1031.6,791.2,2171.2,2407.6,4111.6,2406.6,2407.6,4111.6,517.8,262.4,272.4,5308,2049.2,5328,13828,1559.4,1282.0,18128,0x79748A76
895,0,91119,91.119,0,0,OK,4619.2,4619.2,4619.2,4619.2,4619.2,4619.2,4619.2,4619.2,4619.2,0.00,4619.2,4619.2,4619.2,232.76,791.2,1031.6,1031.6,4105.6,2406.6,2407.6,4111.6,2406.6,2407.6,769.2,532.8,272.4,5308,2059.2,5128,16532,2050.2,1031.6,12920,0xEEBC2582
896,0,91220,91.220,0,0,OK,4628.2,4619.2,4619.2,4619.2,4619.2,4619.2,4619.2,4619.2,4619.2,0.00,4619.2,4619.2,4619.2,232.76,1031.6,1031.6,791.2,2171.2,2407.6,4111.6,2406.6,2407.6,4111.6,768.2,262.4,512.8,7912,1798.8,5228,19136,1559.4,1031.6,7852,0x8E5C187F
897,0,91322,91.322,0,0,OK,4625.2,4619.2,4619.2,4619.2,4619.2,4619.2,4619.2,4619.2,4619.2,0.00,4619.2,4619.2,4619.2,232.76,791.2,791.2,1031.6,4105.6,4110.6,2406.6,4111.6,4110.6,2406.6,528.8,272.4,262.4,10316,1798.8,5228,14028,1799.8,1292.0,10356,0x25F0E424
898,0,91423,91.423,0,0,OK,4627.2,4619.2,4619.2,4619.2,4619.2,4619.2,4619.2,4619.2,4619.2,0.00,4619.2,4619.2,4619.2,232.76,791.2,791.2,1031.6,4105.6,4110.6,2406.6,4111.6,4110.6,2406.6,268.4,532.8,512.8,7912,2049.2,5228,11424,2050.2,1292.0,12920,0x309D2748
899,0,91525,91.525,0,0,OK,4625.2,4619.2,4619.2,4619.2,4619.2,4619.2,4619.2,4619.2,4619.2,0.00,4619.2,4619.2,4619.2,0.80,791.2,1031.6,1031.6,4105.6,2406.6,2407.6,4111.6,2406.6,2407.6,528.8,272.4,522.8,5308,1798.8,2624,13928,1799.8,1292.0,10316,0xE17EC9F9
900,0,91627,91.627,0,0,OK,4620.2,4619.2,4619.2,4619.2,4619.2,4619.2,4619.2,4619.2,4619.2,0.00,4619.2,4619.2,4619.2,0.80,791.2,1031.6,1031.6,4105.6,2406.6,2407.6,4111.6,2406.6,2407.6,528.8,512.8,512.8,7712,1808.8,5328,11424,2060.2,1041.6,10416,0x0F5AD1B5
901,0,91728,91.728,0,0,OK,4621.2,4619.2,4619.2,4619.2,4619.2,4619.2,4619.2,4619.2,4619.2,0.00,4619.2,4619.2,4619.2,231.76,791.2,1031.6,791.2,4105.6,2406.6,4111.6,4110.6,2406.6,4111.6,768.2,522.8,512.8,7812,1798.8,2624,19036,2060.2,1282.0,5148,0xE3AC4F63
902,0,91830,91.830,0,0,OK,4619.2,4619.2,4619.2,4619.2,4619.2,4619.2,4619.2,4619.2,4619.2,0.00,4619.2,4619.2,4619.2,231.76,1031.6,791.2,791.2,2171.2,4111.6,4110.6,2406.6,4111.6,4110.6,527.8,522.8,512.8,10316,1558.4,5328,13828,2050.2,1282.0,12920,0xDA88C006
903,0,91932,91.932,0,0,OK,4621.2,4619.2,4619.2,4619.2,4619.2,4619.2,4619.2,4619.2,4619.2,0.00,4619.2,4619.2,4619.2,232.76,1031.6,791.2,791.2,2171.2,4111.6,4110.6,2406.6,4111.6,4110.6,267.4,512.8,522.8,10316,1558.4,5328,19136,2060.2,1031.6,15424,0xB6FF93E7
904,0,92033,92.033,0,0,OK,4622.2,4619.2,4619.2,4619.2,4619.2,4619.2,4619.2,4619.2,4619.2,0.00,4619.2,4619.2,4619.2,231.76,1031.6,791.2,791.2,2171.2,4111.6,4110.6,2406.6,4111.6,4110.6,527.8,522.8,262.4,7912,1798.8,2624,16632,1799.8,1041.6,7912,0xAACF2AA9
905,0,92135,92.135,0,0,OK,4620.2,4619.2,4619.2,4619.2,4619.2,4619.2,4619.2,4619.2,4619.2,0.00,4619.2,4619.2,4619.2,0.80,791.2,791.2,1031.6,4105.6,4110.6,2406.6,4111.6,4110.6,2406.6,268.4,272.4,272.4,7812,1798.8,5228,13828,1799.8,1041.6,5348,0x98F6BC12
906,0,92236,92.236,0,0,OK,4628.2,4619.2,4619.2,4619.2,4619.2,4619.2,4619.2,4619.2,4619.2,0.00,4619.2,4619.2,4619.2,231.76,791.2,1031.6,1031.6,4105.6,2406.6,2407.6,4111.6,2406.6,2407.6,278.4,532.8,262.4,7712,1558.4,5228,14028,2050.2,1041.6,12860,0xC08D86A0
907,0,92338,92.338,0,0,OK,4626.2,4619.2,4619.2,4619.2,4619.2,4619.2,4619.2,4619.2,4619.2,0.00,4619.2,4619.2,4619.2,232.76,1031.6,791.2,791.2,2171.2,4111.6,4110.6,2406.6,4111.6,4110.6,267.4,272.4,522.8,7912,1808.8,5228,16532,2050.2,791.2,12920,0x04A5A2D1
908,0,92439,92.439,0,0,OK,4626.2,4619.2,4619.2,4619.2,4619.2,4619.2,4619.2,4619.2,4619.2,0.00,4619.2,4619.2,4619.2,231.76,791.2,1031.6,1031.6,4105.6,2406.6,2407.6,4111.6,2406.6,2407.6,769.2,522.8,512.8,7712,2049.2,5328,16432,1799.8,1041.6,10416,0x84EF200B
909,0,92541,92.541,0,0,OK,4620.2,4619.2,4619.2,4619.2,4619.2,4619.2,4619.2,4619.2,4619.2,0.00,4619.2,4619.2,4619.2,231.76,791.2,1031.6,1031.6,4105.6,2406.6,2407.6,4111.6,2406.6,2407.6,278.4,512.8,522.8,7812,1558.4,5328,13828,2060.2,1041.6,12920,0xFB34C207
910,0,92643,92.643,0,0,OK,4622.2,4619.2,4619.2,4619.2,4619.2,4619.2,4619.2,4619.2,4619.2,0.00,4619.2,4619.2,4619.2,231.76,791.2,1031.6,1031.6,4105.6,2406.6,2407.6,4111.6,2406.6,2407.6,528.8,512.8,512.8,7912,2059.2,2724,11424,2050.2,1282.0,7752,0x219DABA7
911,0,92744,92.744,0,0,OK,4621.2,4619.2,4619.2,4619.2,4619.2,4619.2,4619.2,4619.2,4619.2,0.00,4619.2,4619.2,4619.2,231.76,1031.6,1031.6,791.2,2171.2,2407.6,4111.6,2406.6,2407.6,4111.6,517.8,522.8,272.4,7712,1808.8,5228,13828,1809.8,1031.6,7752,0xC10E6F46
912,0,92846,92.846,0,0,OK,4624.2,4619.2,4619.2,4619.2,4619.2,4619.2,4619.2,4619.2,4619.2,0.00,4619.2,4619.2,4619.2,232.76,791.2,791.2,791.2,4105.6,4110.6,4110.6,4110.6,4110.6,4110.6,267.4,522.8,532.8,10316,2049.2,5228,16632,1799.8,791.2,5348,0x606564E9
913,0,92948,92.948,0,0,OK,4620.2,4619.2,4619.2,4619.2,4619.2,4619.2,4619.2,4619.2,4619.2,0.00,4619.2,4619.2,4619.2,0.80,1031.6,791.2,791.2,2171.2,4111.6,4110.6,2406.6,4111.6,4110.6,517.8,272.4,512.8,10316,2049.2,2724,21540,1799.8,1041.6,10316,0xAA370DAF
914,0,93049,93.049,0,0,OK,4628.2,4619.2,4619.2,4619.2,4619.2,4619.2,4619.2,4619.2,4619.2,0.00,4619.2,4619.2,4619.2,232.76,791.2,1031.6,1031.6,4105.6,2406.6,2407.6,4111.6,2406.6,2407.6,268.4,532.8,522.8,7712,2049.2,2624,14028,1799.8,1292.0,13020,0xD3B9F5E5
915,0,93151,93.151,0,0,OK,4621.2,4619.2,4619.2,4619.2,4619.2,4619.2,4619.2,4619.2,4619.2,0.00,4619.2,4619.2,4619.2,232.76,1031.6,791.2,791.2,2171.2,4111.6,4110.6,2406.6,4111.6,4110.6,527.8,272.4,262.4,10316,2049.2,2724,14028,2060.2,1031.6,23236,0x0D069ADB
916,0,93253,93.253,0,0,OK,4626.2,4619.2,4619.2,4619.2,4619.2,4619.2,4619.2,4619.2,4619.2,0.00,4619.2,4619.2,4619.2,0.80,791.2,1031.6,791.2,4105.6,2406.6,4111.6,4110.6,2406.6,4111.6,527.8,532.8,522.8,7812,1558.4,5328,11424,1559.4,1041.6,23236,0x27F51151
917,0,93354,93.354,0,0,OK,4620.2,4619.2,4619.2,4619.2,4619.2,4619.2,4619.2,4619.2,4619.2,0.00,4619.2,4619.2,4619.2,231.76,1031.6,1031.6,791.2,2171.2,2407.6,4111.6,2406.6,2407.6,4111.6,267.4,522.8,532.8,7712,2049.2,5228,11424,1809.8,1292.0,10456,0x42A54958
918,0,93456,93.456,0,0,OK,4625.2,4619.2,4619.2,4619.2,4619.2,4619.2,4619.2,4619.2,4619.2,0.00,4619.2,4619.2,4619.2,232.76,1031.6,791.2,791.2,2171.2,4111.6,4110.6,2406.6,4111.6,4110.6,517.8,262.4,512.8,7712,1808.8,2624,19036,1809.8,1031.6,18028,0x4BB706C3
919,0,93558,93.558,0,0,OK,4623.2,4619.2,4619.2,4619.2,4619.2,4619.2,4619.2,4619.2,4619.2,0.00,4619.2,4619.2,4619.2,0.80,791.2,1031.6,1031.6,4105.6,2406.6,2407.6,4111.6,2406.6,2407.6,528.8,512.8,522.8,7912,2059.2,2624,16432,2050.2,791.2,18128,0xC2B662EE
920,0,93659,93.659,0,0,OK,4624.2,4619.2,4619.2,4619.2,4619.2,4619.2,4619.2,4619.2,4619.2,0.00,4619.2,4619.2,4619.2,231.76,1031.6,791.2,791.2,2171.2,4111.6,4110.6,2406.6,4111.6,4110.6,277.4,262.4,512.8,10316,2049.2,5228,16432,2060.2,1292.0,13020,0x70CFFC8D
921,0,93761,93.761,0,0,OK,4619.2,4619.2,4619.2,4619.2,4619.2,4619.2,4619.2,4619.2,4619.2,0.00,4619.2,4619.2,4619.2,0.80,1031.6,791.2,1031.6,2171.2,4111.6,2406.6,2407.6,4111.6,2406.6,528.8,522.8,522.8,10316,1558.4,2724,11424,1799.8,791.2,7852,0x4EC4A97A
922,0,93863,93.863,0,0,OK,4622.2,4619.2,4619.2,4619.2,4619.2,4619.2,4619.2,4619.2,4619.2,0.00,4619.2,4619.2,4619.2,232.76,791.2,1031.6,1031.6,4105.6,2406.6,2407.6,4111.6,2406.6,2407.6,528.8,262.4,532.8,10316,1558.4,2624,19036,2050.2,1041.6,140,0x847F11DB
923,0,93964,93.964,0,0,OK,4619.2,4619.2,4619.2,4619.2,4619.2,4619.2,4619.2,4619.2,4619.2,0.00,4619.2,4619.2,4619.2,232.76,791.2,791.2,791.2,4105.6,4110.6,4110.6,4110.6,4110.6,4110.6,517.8,532.8,522.8,7912,1558.4,5228,19036,1809.8,1282.0,2744,0xC1E6A9B0
924,0,94066,94.066,0,0,OK,4625.2,4619.2,4619.2,4619.2,4619.2,4619.2,4619.2,4619.2,4619.2,0.00,4619.2,4619.2,4619.2,231.76,1031.6,1031.6,791.2,2171.2,2407.6,4111.6,2406.6,2407.6,4111.6,277.4,262.4,262.4,7812,1558.4,5128,16632,2050.2,1292.0,13020,0x781B61C3
925,0,94167,94.167,0,0,OK,4625.2,4619.2,4619.2,4619.2,4619.2,4619.2,4619.2,4619.2,4619.2,0.00,4619.2,4619.2,4619.2,231.76,1031.6,791.2,791.2,2171.2,4111.6,4110.6,2406.6,4111.6,4110.6,277.4,512.8,522.8,5308,1798.8,5128,13928,2050.2,1282.0,18128,0x8B531B1C
926,0,94269,94.269,0,0,OK,4622.2,4619.2,4619.2,4619.2,4619.2,4619.2,4619.2,4619.2,4619.2,0.00,4619.2,4619.2,4619.2,0.80,1031.6,1031.6,1031.6,2171.2,2407.6,2407.6,2407.6,2407.6,2407.6,278.4,262.4,522.8,7712,1558.4,2624,19036,1799.8,791.2,7752,0xC3A2D505
927,0,94371,94.371,0,0,OK,4622.2,4619.2,4619.2,4619.2,4619.2,4619.2,4619.2,4619.2,4619.2,0.00,4619.2,4619.2,4619.2,231.76,1031.6,1031.6,791.2,2171.2,2407.6,4111.6,2406.6,2407.6,4111.6,277.4,532.8,522.8,10316,1558.4,5328,13828,2060.2,1292.0,23236,0x2CF1E680
928,0,94472,94.472,0,0,OK,4625.2,4619.2,4619.2,4619.2,4619.2,4619.2,4619.2,4619.2,4619.2,0.00,4619.2,4619.2,4619.2,231.76,791.2,1031.6,1031.6,4105.6,2406.6,2407.6,4111.6,2406.6,2407.6,769.2,272.4,532.8,10316,1808.8,5328,13828,2050.2,1041.6,40,0xF3436A7E
929,0,94574,94.574,0,0,OK,4627.2,4619.2,4619.2,4619.2,4619.2,4619.2,4619.2,4619.2,4619.2,0.00,4619.2,4619.2,4619.2,231.76,1031.6,791.2,1031.6,2171.2,4111.6,2406.6,2407.6,4111.6,2406.6,528.8,522.8,272.4,7912,2049.2,5228,16632,1799.8,1031.6,5348,0x28155982
930,0,94676,94.676,0,0,OK,4624.2,4619.2,4619.2,4619.2,4619.2,4619.2,4619.2,4619.2,4619.2,0.00,4619.2,4619.2,4619.2,232.76,1031.6,791.2,791.2,2171.2,4111.6,4110.6,2406.6,4111.6,4110.6,517.8,272.4,512.8,10316,1798.8,5128,13928,1809.8,1282.0,23236,0xA6B94599
931,0,94777,94.777,0,0,OK,4624.2,4619.2,4619.2,4619.2,4619.2,4619.2,4619.2,4619.2,4619.2,0.00,4619.2,4619.2,4619.2,0.80,1031.6,1031.6,791.2,2171.2,2407.6,4111.6,2406.6,2407.6,4111.6,267.4,262.4,532.8,10316,2059.2,5128,13928,1809.8,791.2,7852,0x7DA209F6
932,0,94879,94.879,0,0,OK,4626.2,4619.2,4619.2,4619.2,4619.2,4619.2,4619.2,4619.2,4619.2,0.00,4619.2,4619.2,4619.2,232.76,1031.6,1031.6,791.2,2171.2,2407.6,4111.6,2406.6,2407.6,4111.6,517.8,262.4,272.4,5308,1558.4,2624,16532,2060.2,1282.0,240,0x9940BA49
933,0,94981,94.981,0,0,OK,4620.2,4619.2,4619.2,4619.2,4619.2,4619.2,4619.2,4619.2,4619.2,0.00,4619.2,4619.2,4619.2,231.76,1031.6,791.2,791.2,2171.2,4111.6,4110.6,2406.6,4111.6,4110.6,517.8,262.4,262.4,7712,2049.2,5328,16632,2050.2,1282.0,20732,0x7A19926C
934,0,95082,95.082,0,0,OK,4622.2,4619.2,4619.2,4619.2,4619.2,4619.2,4619.2,4619.2,4619.2,0.00,4619.2,4619.2,4619.2,0.80,1031.6,1031.6,1031.6,2171.2,2407.6,2407.6,2407.6,2407.6,2407.6,528.8,512.8,512.8,5308,1798.8,5228,16632,1559.4,1031.6,12860,0x79EEF15D
935,0,95184,95.184,0,0,OK,4624.2,4619.2,4619.2,4619.2,4619.2,4619.2,4619.2,4619.2,4619.2,0.00,4619.2,4619.2,4619.2,231.76,1031.6,791.2,791.2,2171.2,4111.6,4110.6,2406.6,4111.6,4110.6,768.2,512.8,522.8,7912,1798.8,2724,16432,2060.2,1031.6,10356,0x163BA08C
936,0,95285,95.285,0,0,OK,4619.2,4619.2,4619.2,4619.2,4619.2,4619.2,4619.2,4619.2,4619.2,0.00,4619.2,4619.2,4619.2,0.80,1031.6,791.2,1031.6,2171.2,4111.6,2406.6,2407.6,4111.6,2406.6,278.4,512.8,272.4,7812,2049.2,2624,21540,1809.8,1041.6,10356,0x98CF95CA
937,0,95387,95.387,0,0,OK,4621.2,4619.2,4619.2,4619.2,4619.2,4619.2,4619.2,4619.2,4619.2,0.00,4619.2,4619.2,4619.2,0.80,1031.6,1031.6,791.2,2171.2,2407.6,4111.6,2406.6,2407.6,4111.6,527.8,262.4,262.4,7912,1798.8,2624,14028,1799.8,791.2,7852,0x9E9B5A8C
938,0,95489,95.489,0,0,OK,4620.2,4619.2,4619.2,4619.2,4619.2,4619.2,4619.2,4619.2,4619.2,0.00,4619.2,4619.2,4619.2,231.76,1031.6,1031.6,1031.6,2171.2,2407.6,2407.6,2407.6,2407.6,2407.6,769.2,262.4,512.8,5308,1558.4,5128,16632,1799.8,1031.6,40,0x4F03B6DC
939,0,95590,95.590,0,0,OK,4620.2,4619.2,4619.2,4619.2,4619.2,4619.2,4619.2,4619.2,4619.2,0.00,4619.2,4619.2,4619.2,0.80,1031.6,1031.6,1031.6,2171.2,2407.6,2407.6,2407.6,2407.6,2407.6,268.4,512.8,522.8,5308,1558.4,5328,16532,2050.2,1282.0,18028,0xE4DC8C2D
940,0,95692,95.692,0,0,OK,4628.2,4619.2,4619.2,4619.2,4619.2,4619.2,4619.2,4619.2,4619.2,0.00,4619.2,4619.2,4619.2,232.76,1031.6,1031.6,791.2,2171.2,2407.6,4111.6,2406.6,2407.6,4111.6,277.4,262.4,522.8,7812,2059.2,5228,21540,1559.4,1031.6,40,0x0BFBFE02
941,0,95794,95.794,0,0,OK,4626.2,4619.2,4619.2,4619.2,4619.2,4619.2,4619.2,4619.2,4619.2,0.00,4619.2,4619.2,4619.2,0.80,1031.6,1031.6,791.2,2171.2,2407.6,4111.6,2406.6,2407.6,4111.6,277.4,532.8,262.4,5308,1808.8,5228,14028,1809.8,1282.0,15524,0xC026DE03
942,0,95895,95.895,0,0,OK,4627.2,4619.2,4619.2,4619.2,4619.2,4619.2,4619.2,4619.2,4619.2,0.00,4619.2,4619.2,4619.2,231.76,791.2,1031.6,791.2,4105.6,2406.6,4111.6,4110.6,2406.6,4111.6,517.8,512.8,522.8,7912,1808.8,5128,16432,2060.2,1282.0,13020,0xF10534AA
943,0,95997,95.997,0,0,OK,4627.2,4619.2,4619.2,4619.2,4619.2,4619.2,4619.2,4619.2,4619.2,0.00,4619.2,4619.2,4619.2,232.76,791.2,1031.6,791.2,4105.6,2406.6,4111.6,4110.6,2406.6,4111.6,527.8,262.4,512.8,10316,2059.2,5328,16632,1799.8,1292.0,20732,0x61AE4FC9
944,0,96099,96.099,0,0,OK,4625.2,4619.2,4619.2,4619.2,4619.2,4619.2,4619.2,4619.2,4619.2,0.00,4619.2,4619.2,4619.2,232.76,791.2,791.2,791.2,4105.6,4110.6,4110.6,4110.6,4110.6,4110.6,277.4,262.4,532.8,5308,2059.2,2624,16632,1809.8,1282.0,15524,0xBB1223C3
945,0,96200,96.200,0,0,OK,4622.2,4619.2,4619.2,4619.2,4619.2,4619.2,4619.2,4619.2,4619.2,0.00,4619.2,4619.2,4619.2,231.76,791.2,791.2,1031.6,4105.6,4110.6,2406.6,4111.6,4110.6,2406.6,528.8,532.8,512.8,10316,1558.4,5228,19136,1809.8,1292.0,10316,0xB406F45D
946,0,96302,96.302,0,0,OK,4622.2,4619.2,4619.2,4619.2,4619.2,4619.2,4619.2,4619.2,4619.2,0.00,4619.2,4619.2,4619.2,231.76,791.2,791.2,791.2,4105.6,4110.6,4110.6,4110.6,4110.6,4110.6,527.8,262.4,272.4,7812,1558.4,5228,13828,1559.4,1041.6,20532,0x9E3ECA12
947,0,96403,96.403,0,0,OK,4621.2,4619.2,4619.2,4619.2,4619.2,4619.2,4619.2,4619.2,4619.2,0.00,4619.2,4619.2,4619.2,0.80,791.2,791.2,791.2,4105.6,4110.6,4110.6,4110.6,4110.6,4110.6,768.2,272.4,272.4,7812,2049.2,2724,16632,1799.8,1041.6,15524,0x2B716785
948,0,96505,96.505,0,0,OK,4620.2,4619.2,4619.2,4619.2,4619.2,4619.2,4619.2,4619.2,4619.2,0.00,4619.2,4619.2,4619.2,232.76,1031.6,791.2,791.2,2171.2,4111.6,4110.6,2406.6,4111.6,4110.6,768.2,262.4,272.4,10316,1808.8,5228,19136,2060.2,1282.0,10256,0xDF96928F
949,0,96607,96.607,0,0,OK,4622.2,4619.2,4619.2,4619.2,4619.2,4619.2,4619.2,4619.2,4619.2,0.00,4619.2,4619.2,4619.2,231.76,791.2,1031.6,791.2,4105.6,2406.6,4111.6,4110.6,2406.6,4111.6,517.8,262.4,262.4,7912,1808.8,2624,13928,1559.4,1031.6,240,0xDCA65D1C
950,0,96708,96.708,0,0,OK,4625.2,4619.2,4619.2,4619.2,4619.2,4619.2,4619.2,4619.2,4619.2,0.00,4619.2,4619.2,4619.2,232.76,791.2,1031.6,1031.6,4105.6,2406.6,2407.6,4111.6,2406.6,2407.6,278.4,522.8,262.4,5308,1798.8,2724,16532,2050.2,1292.0,18028,0x74D9B812
951,0,96810,96.810,0,0,OK,4625.2,4619.2,4619.2,4619.2,4619.2,4619.2,4619.2,4619.2,4619.2,0.00,4619.2,4619.2,4619.2,232.76,1031.6,1031.6,1031.6,2171.2,2407.6,2407.6,2407.6,2407.6,2407.6,528.8,512.8,522.8,10316,1808.8,5228,16432,1559.4,1292.0,12920,0xB929AE46
952,0,96912,96.912,0,0,OK,4623.2,4619.2,4619.2,4619.2,4619.2,4619.2,4619.2,4619.2,4619.2,0.00,4619.2,4619.2,4619.2,0.80,791.2,791.2,791.2,4105.6,4110.6,4110.6,4110.6,4110.6,4110.6,768.2,512.8,522.8,10316,1558.4,5128,21540,1809.8,1292.0,15424,0x0FF5EF68
953,0,97013,97.013,0,0,OK,4621.2,4619.2,4619.2,4619.2,4619.2,4619.2,4619.2,4619.2,4619.2,0.00,4619.2,4619.2,4619.2,231.76,791.2,1031.6,1031.6,4105.6,2406.6,2407.6,4111.6,2406.6,2407.6,518.8,512.8,512.8,10316,1798.8,5328,19136,1799.8,1031.6,2644,0xE9ED324E
954,0,97115,97.115,0,0,OK,4621.2,4619.2,4619.2,4619.2,4619.2,4619.2,4619.2,4619.2,4619.2,0.00,4619.2,4619.2,4619.2,231.76,1031.6,791.2,1031.6,2171.2,4111.6,2406.6,2407.6,4111.6,2406.6,268.4,532.8,272.4,7812,1798.8,5228,11424,1559.4,1041.6,17928,0x390A9B8E
955,0,97216,97.216,0,0,OK,4619.2,4619.2,4619.2,4619.2,4619.2,4619.2,4619.2,4619.2,4619.2,0.00,4619.2,4619.2,4619.2,231.76,791.2,1031.6,791.2,4105.6,2406.6,4111.6,4110.6,2406.6,4111.6,527.8,522.8,522.8,10316,1558.4,5228,11424,1559.4,1031.6,20632,0xA46C653A
956,0,97318,97.318,0,0,OK,4620.2,4619.2,4619.2,4619.2,4619.2,4619.2,4619.2,4619.2,4619.2,0.00,4619.2,4619.2,4619.2,232.76,1031.6,791.2,791.2,2171.2,4111.6,4110.6,2406.6,4111.6,4110.6,517.8,532.8,272.4,7712,1798.8,5328,13828,2060.2,1292.0,7852,0xE820B939
957,0,97420,97.420,0,0,OK,4626.2,4619.2,4619.2,4619.2,4619.2,4619.2,4619.2,4619.2,4619.2,0.00,4619.2,4619.2,4619.2,0.80,791.2,1031.6,1031.6,4105.6,2406.6,2407.6,4111.6,2406.6,2407.6,278.4,262.4,262.4,5308,1558.4,2624,16632,2050.2,1041.6,23136,0x8C9D1F53
958,0,97521,97.521,0,0,OK,4625.2,4619.2,4619.2,4619.2,4619.2,4619.2,4619.2,4619.2,4619.2,0.00,4619.2,4619.2,4619.2,0.80,1031.6,791.2,791.2,2171.2,4111.6,4110.6,2406.6,4111.6,4110.6,267.4,512.8,262.4,7712,1798.8,2724,21540,2060.2,1292.0,15524,0x405F65E8
959,0,97623,97.623,0,0,OK,4627.2,4619.2,4619.2,4619.2,4619.2,4619.2,4619.2,4619.2,4619.2,0.00,4619.2,4619.2,4619.2,0.80,791.2,1031.6,791.2,4105.6,2406.6,4111.6,4110.6,2406.6,4111.6,277.4,272.4,522.8,7812,1798.8,2624,21540,1799.8,1041.6,7752,0xED55A3E2
960,0,97724,97.724,0,0,OK,4619.2,4619.2,4619.2,4619.2,4619.2,4619.2,4619.2,4619.2,4619.2,0.00,4619.2,4619.2,4619.2,0.80,791.2,1031.6,791.2,4105.6,2406.6,4111.6,4110.6,2406.6,4111.6,277.4,512.8,512.8,10316,2059.2,5128,16532,2050.2,1282.0,18028,0xD4C2BE9E
961,0,97826,97.826,0,0,OK,4627.2,4619.2,4619.2,4619.2,4619.2,4619.2,4619.2,4619.2,4619.2,0.00,4619.2,4619.2,4619.2,232.76,791.2,1031.6,1031.6,4105.6,2406.6,2407.6,4111.6,2406.6,2407.6,769.2,262.4,532.8,5308,1808.8,5328,16632,2060.2,1282.0,10356,0xF26FACD2
962,0,97928,97.928,0,0,OK,4626.2,4619.2,4619.2,4619.2,4619.2,4619.2,4619.2,4619.2,4619.2,0.00,4619.2,4619.2,4619.2,231.76,1031.6,791.2,791.2,2171.2,4111.6,4110.6,2406.6,4111.6,4110.6,768.2,512.8,532.8,10316,1798.8,5128,16432,1809.8,1031.6,12920,0xC11ABCFA
963,0,98029,98.029,0,0,OK,4621.2,4619.2,4619.2,4619.2,4619.2,4619.2,4619.2,4619.2,4619.2,0.00,4619.2,4619.2,4619.2,231.76,791.2,1031.6,1031.6,4105.6,2406.6,2407.6,4111.6,2406.6,2407.6,518.8,262.4,522.8,10316,1808.8,5328,19036,1799.8,1282.0,12920,0xC4BF71C5
964,0,98131,98.131,0,0,OK,4622.2,4619.2,4619.2,4619.2,4619.2,4619.2,4619.2,4619.2,4619.2,0.00,4619.2,4619.2,4619.2,0.80,1031.6,791.2,791.2,2171.2,4111.6,4110.6,2406.6,4111.6,4110.6,277.4,522.8,262.4,10316,2049.2,5128,16432,1799.8,1292.0,10316,0xBADECED2
965,0,98233,98.233,0,0,OK,4627.2,4619.2,4619.2,4619.2,4619.2,4619.2,4619.2,4619.2,4619.2,0.00,4619.2,4619.2,4619.2,232.76,1031.6,1031.6,1031.6,2171.2,2407.6,2407.6,2407.6,2407.6,2407.6,268.4,262.4,512.8,7712,1558.4,5128,11424,2060.2,791.2,40,0x6F0C1D76
966,0,98334,98.334,0,0,OK,4628.2,4619.2,4619.2,4619.2,4619.2,4619.2,4619.2,4619.2,4619.2,0.00,4619.2,4619.2,4619.2,232.76,1031.6,1031.6,791.2,2171.2,2407.6,4111.6,2406.6,2407.6,4111.6,527.8,512.8,512.8,5308,1558.4,5128,11424,2050.2,1041.6,12820,0x3F0312D2
967,0,98436,98.436,0,0,OK,4627.2,4619.2,4619.2,4619.2,4619.2,4619.2,4619.2,4619.2,4619.2,0.00,4619.2,4619.2,4619.2,231.76,1031.6,1031.6,1031.6,2171.2,2407.6,2407.6,2407.6,2407.6,2407.6,528.8,532.8,272.4,5308,2049.2,2724,16632,1809.8,1292.0,10416,0xE1B513C3
968,0,98537,98.537,0,0,OK,4619.2,4619.2,4619.2,4619.2,4619.2,4619.2,4619.2,4619.2,4619.2,0.00,4619.2,4619.2,4619.2,0.80,1031.6,791.2,1031.6,2171.2,4111.6,2406.6,2407.6,4111.6,2406.6,278.4,532.8,522.8,7812,1558.4,2624,13928,1559.4,1282.0,240,0x824D1D09
969,0,98639,98.639,0,0,OK,4628.2,4619.2,4619.2,4619.2,4619.2,4619.2,4619.2,4619.2,4619.2,0.00,4619.2,4619.2,4619.2,0.80,1031.6,791.2,1031.6,2171.2,4111.6,2406.6,2407.6,4111.6,2406.6,518.8,522.8,532.8,7812,2049.2,5328,16532,2050.2,1292.0,17928,0x57A3AD76
970,0,98741,98.741,0,0,OK,4621.2,4619.2,4619.2,4619.2,4619.2,4619.2,4619.2,4619.2,4619.2,0.00,4619.2,4619.2,4619.2,232.76,1031.6,1031.6,791.2,2171.2,2407.6,4111.6,2406.6,2407.6,4111.6,768.2,272.4,272.4,5308,1808.8,5128,16532,1559.4,1041.6,12920,0xF6B61124
971,0,98842,98.842,0,0,OK,4624.2,4619.2,4619.2,4619.2,4619.2,4619.2,4619.2,4619.2,4619.2,0.00,4619.2,4619.2,4619.2,231.76,1031.6,791.2,1031.6,2171.2,4111.6,2406.6,2407.6,4111.6,2406.6,268.4,272.4,522.8,7912,2049.2,2724,21540,2050.2,791.2,23136,0x99338946
972,0,98944,98.944,0,0,OK,4624.2,4619.2,4619.2,4619.2,4619.2,4619.2,4619.2,4619.2,4619.2,0.00,4619.2,4619.2,4619.2,232.76,1031.6,791.2,1031.6,2171.2,4111.6,2406.6,2407.6,4111.6,2406.6,278.4,522.8,512.8,5308,1798.8,5228,19136,2060.2,791.2,12820,0xC209EA9B
973,0,99045,99.045,0,0,OK,4627.2,4619.2,4619.2,4619.2,4619.2,4619.2,4619.2,4619.2,4619.2,0.00,4619.2,4619.2,4619.2,232.76,791.2,1031.6,1031.6,4105.6,2406.6,2407.6,4111.6,2406.6,2407.6,518.8,512.8,522.8,7712,2049.2,5128,21540,2060.2,1292.0,7752,0x5DB310DE
974,0,99147,99.147,0,0,OK,4626.2,4619.2,4619.2,4619.2,4619.2,4619.2,4619.2,4619.2,4619.2,0.00,4619.2,4619.2,4619.2,232.76,1031.6,791.2,791.2,2171.2,4111.6,4110.6,2406.6,4111.6,4110.6,277.4,522.8,512.8,5308,1808.8,5128,13928,2050.2,1282.0,23236,0x8E81BD52
975,0,99249,99.249,0,0,OK,4625.2,4619.2,4619.2,4619.2,4619.2,4619.2,4619.2,4619.2,4619.2,0.00,4619.2,4619.2,4619.2,231.76,791.2,791.2,1031.6,4105.6,4110.6,2406.6,4111.6,4110.6,2406.6,278.4,272.4,262.4,7712,2049.2,2624,16632,2060.2,791.2,23236,0xE5FA184E
976,0,99350,99.350,0,0,OK,4628.2,4619.2,4619.2,4619.2,4619.2,4619.2,4619.2,4619.2,4619.2,0.00,4619.2,4619.2,4619.2,232.76,1031.6,1031.6,1031.6,2171.2,2407.6,2407.6,2407.6,2407.6,2407.6,518.8,272.4,512.8,7912,1808.8,2724,13828,1559.4,1031.6,10456,0x1F2B9A8A
977,0,99452,99.452,0,0,OK,4627.2,4619.2,4619.2,4619.2,4619.2,4619.2,4619.2,4619.2,4619.2,0.00,4619.2,4619.2,4619.2,231.76,1031.6,1031.6,1031.6,2171.2,2407.6,2407.6,2407.6,2407.6,2407.6,268.4,522.8,262.4,7712,1558.4,2624,14028,1799.8,1282.0,2744,0xBA47E8F5
978,0,99554,99.554,0,0,OK,4627.2,4619.2,4619.2,4619.2,4619.2,4619.2,4619.2,4619.2,4619.2,0.00,4619.2,4619.2,4619.2,232.76,1031.6,791.2,1031.6,2171.2,4111.6,2406.6,2407.6,4111.6,2406.6,268.4,522.8,262.4,7912,1798.8,2624,19036,1809.8,1282.0,240,0xEBD16116
979,0,99655,99.655,0,0,OK,4623.2,4619.2,4619.2,4619.2,4619.2,4619.2,4619.2,4619.2,4619.2,0.00,4619.2,4619.2,4619.2,231.76,1031.6,1031.6,791.2,2171.2,2407.6,4111.6,2406.6,2407.6,4111.6,277.4,262.4,532.8,10316,2049.2,5228,11424,2060.2,791.2,17928,0x4B58FBA2
980,0,99757,99.757,0,0,OK,4622.2,4619.2,4619.2,4619.2,4619.2,4619.2,4619.2,4619.2,4619.2,0.00,4619.2,4619.2,4619.2,0.80,1031.6,1031.6,1031.6,2171.2,2407.6,2407.6,2407.6,2407.6,2407.6,268.4,532.8,262.4,7812,1798.8,5328,16632,1809.8,1031.6,5248,0x2843B753
981,0,99858,99.858,0,0,OK,4620.2,4619.2,4619.2,4619.2,4619.2,4619.2,4619.2,4619.2,4619.2,0.00,4619.2,4619.2,4619.2,0.80,1031.6,791.2,791.2,2171.2,4111.6,4110.6,2406.6,4111.6,4110.6,277.4,272.4,272.4,10316,1798.8,2724,16632,1559.4,791.2,10416,0xEA8CC0D2
982,0,99960,99.960,0,0,OK,4628.2,4619.2,4619.2,4619.2,4619.2,4619.2,4619.2,4619.2,4619.2,0.00,4619.2,4619.2,4619.2,0.80,1031.6,1031.6,791.2,2171.2,2407.6,4111.6,2406.6,2407.6,4111.6,267.4,512.8,272.4,10316,1558.4,5228,19136,1559.4,1282.0,15524,0x4FF4F897
983,0,100062,100.062,0,0,OK,4628.2,4619.2,4619.2,4619.2,4619.2,4619.2,4619.2,4619.2,4619.2,0.00,4619.2,4619.2,4619.2,0.80,1031.6,791.2,1031.6,2171.2,4111.6,2406.6,2407.6,4111.6,2406.6,518.8,262.4,272.4,5308,1798.8,2624,11424,1799.8,1031.6,23236,0xCA2089D8
984,0,100163,100.163,0,0,OK,4620.2,4619.2,4619.2,4619.2,4619.2,4619.2,4619.2,4619.2,4619.2,0.00,4619.2,4619.2,4619.2,231.76,791.2,1031.6,1031.6,4105.6,2406.6,2407.6,4111.6,2406.6,2407.6,278.4,512.8,512.8,7912,1808.8,5328,16632,1809.8,1041.6,5148,0x7C75E7CB
985,0,100265,100.265,0,0,OK,4628.2,4619.2,4619.2,4619.2,4619.2,4619.2,4619.2,4619.2,4619.2,0.00,4619.2,4619.2,4619.2,0.80,1031.6,1031.6,791.2,2171.2,2407.6,4111.6,2406.6,2407.6,4111.6,768.2,522.8,532.8,7712,2059.2,5328,19136,2050.2,1282.0,10356,0x3226615B
986,0,100367,100.367,0,0,OK,4624.2,4619.2,4619.2,4619.2,4619.2,4619.2,4619.2,4619.2,4619.2,0.00,4619.2,4619.2,4619.2,231.76,1031.6,791.2,1031.6,2171.2,4111.6,2406.6,2407.6,4111.6,2406.6,518.8,272.4,522.8,7712,1798.8,5128,14028,1799.8,1282.0,20632,0xAD022CC9
987,0,100468,100.468,0,0,OK,4624.2,4619.2,4619.2,4619.2,4619.2,4619.2,4619.2,4619.2,4619.2,0.00,4619.2,4619.2,4619.2,231.76,1031.6,791.2,1031.6,2171.2,4111.6,2406.6,2407.6,4111.6,2406.6,528.8,532.8,272.4,7812,1798.8,2624,19136,2050.2,1282.0,5148,0xE565D935
988,0,100570,100.570,0,0,OK,4622.2,4619.2,4619.2,4619.2,4619.2,4619.2,4619.2,4619.2,4619.2,0.00,4619.2,4619.2,4619.2,231.76,1031.6,791.2,1031.6,2171.2,4111.6,2406.6,2407.6,4111.6,2406.6,769.2,272.4,512.8,7812,1558.4,5328,13828,1799.8,791.2,140,0xAD5546C7
989,0,100671,100.671,0,0,OK,4628.2,4619.2,4619.2,4619.2,4619.2,4619.2,4619.2,4619.2,4619.2,0.00,4619.2,4619.2,4619.2,0.80,1031.6,791.2,791.2,2171.2,4111.6,4110.6,2406.6,4111.6,4110.6,277.4,262.4,262.4,5308,1798.8,5228,16632,1799.8,1041.6,18128,0xBC4B9DDC
990,0,100773,100.773,0,0,OK,4622.2,4619.2,4619.2,4619.2,4619.2,4619.2,4619.2,4619.2,4619.2,0.00,4619.2,4619.2,4619.2,232.76,791.2,1031.6,791.2,4105.6,2406.6,4111.6,4110.6,2406.6,4111.6,267.4,262.4,262.4,7912,1808.8,5128,19136,1809.8,791.2,7752,0xA8B6A3BA
991,0,100875,100.875,0,0,OK,4628.2,4619.2,4619.2,4619.2,4619.2,4619.2,4619.2,4619.2,4619.2,0.00,4619.2,4619.2,4619.2,232.76,791.2,791.2,1031.6,4105.6,4110.6,2406.6,4111.6,4110.6,2406.6,528.8,272.4,532.8,7912,2059.2,2724,13928,1559.4,791.2,18128,0x427B10E6
992,0,100976,100.976,0,0,OK,4624.2,4619.2,4619.2,4619.2,4619.2,4619.2,4619.2,4619.2,4619.2,0.00,4619.2,4619.2,4619.2,0.80,791.2,791.2,791.2,4105.6,4110.6,4110.6,4110.6,4110.6,4110.6,267.4,272.4,522.8,5308,2059.2,5328,13828,2060.2,791.2,7752,0x1496A5F7
993,0,101078,101.078,0,0,OK,4627.2,4619.2,4619.2,4619.2,4619.2,4619.2,4619.2,4619.2,4619.2,0.00,4619.2,4619.2,4619.2,0.80,1031.6,1031.6,791.2,2171.2,2407.6,4111.6,2406.6,2407.6,4111.6,277.4,532.8,522.8,7812,2049.2,5328,21540,1559.4,791.2,5348,0x994874F8
994,0,101180,101.180,0,0,OK,4625.2,4619.2,4619.2,4619.2,4619.2,4619.2,4619.2,4619.2,4619.2,0.00,4619.2,4619.2,4619.2,231.76,791.2,1031.6,791.2,4105.6,2406.6,4111.6,4110.6,2406.6,4111.6,277.4,262.4,512.8,10316,2049.2,2624,16532,1559.4,791.2,12860,0x8713509D
995,0,101281,101.281,0,0,OK,4626.2,4619.2,4619.2,4619.2,4619.2,4619.2,4619.2,4619.2,4619.2,0.00,4619.2,4619.2,4619.2,232.76,1031.6,791.2,1031.6,2171.2,4111.6,2406.6,2407.6,4111.6,2406.6,518.8,262.4,522.8,10316,1808.8,2724,16532,2060.2,1041.6,23136,0xDC54F3CA
996,0,101383,101.383,0,0,OK,4623.2,4619.2,4619.2,4619.2,4619.2,4619.2,4619.2,4619.2,4619.2,0.00,4619.2,4619.2,4619.2,231.76,1031.6,1031.6,791.2,2171.2,2407.6,4111.6,2406.6,2407.6,4111.6,517.8,262.4,512.8,10316,2059.2,5228,13828,1799.8,1031.6,23236,0x9110F35C
997,0,101484,101.484,0,0,OK,4621.2,4619.2,4619.2,4619.2,4619.2,4619.2,4619.2,4619.2,4619.2,0.00,4619.2,4619.2,4619.2,0.80,791.2,791.2,1031.6,4105.6,4110.6,2406.6,4111.6,4110.6,2406.6,528.8,512.8,272.4,7812,1558.4,2624,16432,2060.2,1282.0,40,0x5EE50BB9
998,0,101586,101.586,0,0,OK,4627.2,4619.2,4619.2,4619.2,4619.2,4619.2,4619.2,4619.2,4619.2,0.00,4619.2,4619.2,4619.2,231.76,791.2,1031.6,791.2,4105.6,2406.6,4111.6,4110.6,2406.6,4111.6,527.8,522.8,262.4,7812,2059.2,5228,16432,2060.2,1292.0,5248,0xECAED787
999,0,101687,101.687,0,0,OK,4628.2,4619.2,4619.2,4619.2,4619.2,4619.2,4619.2,4619.2,4619.2,0.00,4619.2,4619.2,4619.2,232.76,1031.6,791.2,791.2,2171.2,4111.6,4110.6,2406.6,4111.6,4110.6,277.4,522.8,272.4,10316,1808.8,5228,19036,2050.2,1292.0,18028,0x138D9D98
1000,0,101789,101.789,0,0,OK,4620.2,4619.2,4619.2,4619.2,4619.2,4619.2,4619.2,4619.2,4619.2,0.00,4619.2,4619.2,4619.2,232.76,1031.6,1031.6,791.2,2171.2,2407.6,4111.6,2406.6,2407.6,4111.6,527.8,272.4,522.8,7912,2059.2,5228,16532,1799.8,791.2,140,0x127B8C71
1001,0,101891,101.891,0,0,OK,4623.2,4619.2,4619.2,4619.2,4619.2,4619.2,4619.2,4619.2,4619.2,0.00,4619.2,4619.2,4619.2,231.76,1031.6,791.2,791.2,2171.2,4111.6,4110.6,2406.6,4111.6,4110.6,517.8,532.8,272.4,7812,1558.4,2724,14028,2050.2,1041.6,7752,0x1F74702D
1002,0,101992,101.992,0,0,OK,4620.2,4619.2,4619.2,4619.2,4619.2,4619.2,4619.2,4619.2,4619.2,0.00,4619.2,4619.2,4619.2,231.76,1031.6,1031.6,791.2,2171.2,2407.6,4111.6,2406.6,2407.6,4111.6,517.8,522.8,522.8,7812,1808.8,5128,13828,2060.2,1282.0,140,0xB05AF867
1003,0,102094,102.094,0,0,OK,4627.2,4619.2,4619.2,4619.2,4619.2,4619.2,4619.2,4619.2,4619.2,0.00,4619.2,4619.2,4619.2,232.76,1031.6,791.2,1031.6,2171.2,4111.6,2406.6,2407.6,4111.6,2406.6,518.8,272.4,262.4,7812,1558.4,2724,16532,2050.2,1282.0,18128,0xCBB4FC1E
1004,0,102196,102.196,0,0,OK,4624.2,4619.2,4619.2,4619.2,4619.2,4619.2,4619.2,4619.2,4619.2,0.00,4619.2,4619.2,4619.2,0.80,791.2,1031.6,791.2,4105.6,2406.6,4111.6,4110.6,2406.6,4111.6,517.8,522.8,522.8,7912,2059.2,2724,13828,1559.4,1041.6,10256,0xDD66F9DC
1005,0,102297,102.297,0,0,OK,4619.2,4619.2,4619.2,4619.2,4619.2,4619.2,4619.2,4619.2,4619.2,0.00,4619.2,4619.2,4619.2,0.80,791.2,1031.6,791.2,4105.6,2406.6,4111.6,4110.6,2406.6,4111.6,267.4,272.4,522.8,10316,1558.4,5128,19036,1799.8,1292.0,10416,0x7DDB21D0
1006,0,102399,102.399,0,0,OK,4620.2,4619.2,4619.2,4619.2,4619.2,4619.2,4619.2,4619.2,4619.2,0.00,4619.2,4619.2,4619.2,0.80,791.2,791.2,1031.6,4105.6,4110.6,2406.6,4111.6,4110.6,2406.6,518.8,532.8,272.4,5308,2059.2,2724,11424,2060.2,1292.0,13020,0xEA73A270
1007,0,102500,102.500,0,0,OK,4620.2,4619.2,4619.2,4619.2,4619.2,4619.2,4619.2,4619.2,4619.2,0.00,4619.2,4619.2,4619.2,0.80,791.2,791.2,1031.6,4105.6,4110.6,2406.6,4111.6,4110.6,2406.6,769.2,522.8,522.8,7812,2059.2,5228,14028,2060.2,1292.0,5148,0xA61478AD
1008,0,102602,102.602,0,0,OK,4627.2,4619.2,4619.2,4619.2,4619.2,4619.2,4619.2,4619.2,4619.2,0.00,4619.2,4619.2,4619.2,232.76,1031.6,1031.6,1031.6,2171.2,2407.6,2407.6,2407.6,2407.6,2407.6,278.4,272.4,522.8,7712,2049.2,5328,19136,1799.8,1031.6,18128,0x2A1110F5
1009,0,102704,102.704,0,0,OK,4626.2,4619.2,4619.2,4619.2,4619.2,4619.2,4619.2,4619.2,4619.2,0.00,4619.2,4619.2,4619.2,0.80,791.2,1031.6,1031.6,4105.6,2406.6,2407.6,4111.6,2406.6,2407.6,518.8,532.8,272.4,5308,2059.2,5128,19136,2060.2,1041.6,20632,0x3DD23C6F
1010,0,102805,102.805,0,0,OK,4620.2,4619.2,4619.2,4619.2,4619.2,4619.2,4619.2,4619.2,4619.2,0.00,4619.2,4619.2,4619.2,232.76,791.2,1031.6,1031.6,4105.6,2406.6,2407.6,4111.6,2406.6,2407.6,528.8,272.4,512.8,7812,1808.8,2724,16632,2050.2,1041.6,18028,0x9777614A
1011,0,102907,102.907,0,0,OK,4622.2,4619.2,4619.2,4619.2,4619.2,4619.2,4619.2,4619.2,4619.2,0.00,4619.2,4619.2,4619.2,232.76,791.2,791.2,791.2,4105.6,4110.6,4110.6,4110.6,4110.6,4110.6,277.4,262.4,272.4,5308,1808.8,5128,21540,1809.8,791.2,40,0x73FF7C4D
1012,0,103008,103.008,0,0,OK,4623.2,4619.2,4619.2,4619.2,4619.2,4619.2,4619.2,4619.2,4619.2,0.00,4619.2,4619.2,4619.2,232.76,1031.6,1031.6,791.2,2171.2,2407.6,4111.6,2406.6,2407.6,4111.6,517.8,512.8,522.8,10316,2049.2,2724,16632,2060.2,1292.0,13020,0xD61E2CEE
1013,0,103110,103.110,0,0,OK,4624.2,4619.2,4619.2,4619.2,4619.2,4619.2,4619.2,4619.2,4619.2,0.00,4619.2,4619.2,4619.2,231.76,791.2,791.2,791.2,4105.6,4110.6,4110.6,4110.6,4110.6,4110.6,267.4,512.8,262.4,5308,2059.2,5328,16632,1559.4,1282.0,10256,0xCA6F2475
1014,0,103211,103.211,0,0,OK,4622.2,4619.2,4619.2,4619.2,4619.2,4619.2,4619.2,4619.2,4619.2,0.00,4619.2,4619.2,4619.2,0.80,791.2,791.2,791.2,4105.6,4110.6,4110.6,4110.6,4110.6,4110.6,527.8,262.4,512.8,7812,1808.8,2724,19136,2060.2,1292.0,23236,0x645557CF
1015,0,103313,103.313,0,0,OK,4619.2,4619.2,4619.2,4619.2,4619.2,4619.2,4619.2,4619.2,4619.2,0.00,4619.2,4619.2,4619.2,231.76,791.2,791.2,1031.6,4105.6,4110.6,2406.6,4111.6,4110.6,2406.6,769.2,532.8,272.4,10316,2049.2,2624,19036,2060.2,1282.0,7912,0x85CDE5C5
1016,0,103415,103.415,0,0,OK,4624.2,4619.2,4619.2,4619.2,4619.2,4619.2,4619.2,4619.2,4619.2,0.00,4619.2,4619.2,4619.2,232.76,1031.6,1031.6,791.2,2171.2,2407.6,4111.6,2406.6,2407.6,4111.6,527.8,262.4,272.4,7812,2059.2,2624,13928,2050.2,1031.6,240,0xCC48A7E5
1017,0,103516,103.516,0,0,OK,4625.2,4619.2,4619.2,4619.2,4619.2,4619.2,4619.2,4619.2,4619.2,0.00,4619.2,4619.2,4619.2,0.80,791.2,1031.6,791.2,4105.6,2406.6,4111.6,4110.6,2406.6,4111.6,267.4,262.4,532.8,5308,1558.4,2624,19136,1799.8,1282.0,15424,0x395F8343
1018,0,103618,103.618,0,0,OK,4626.2,4619.2,4619.2,4619.2,4619.2,4619.2,4619.2,4619.2,4619.2,0.00,4619.2,4619.2,4619.2,232.76,1031.6,1031.6,1031.6,2171.2,2407.6,2407.6,2407.6,2407.6,2407.6,518.8,532.8,522.8,7912,1558.4,5228,16532,1559.4,1031.6,5248,0x631D14DE
1019,0,103719,103.719,0,0,OK,4621.2,4619.2,4619.2,4619.2,4619.2,4619.2,4619.2,4619.2,4619.2,0.00,4619.2,4619.2,4619.2,231.76,1031.6,791.2,791.2,2171.2,4111.6,4110.6,2406.6,4111.6,4110.6,517.8,512.8,272.4,10316,1798.8,5228,14028,1799.8,1292.0,18028,0xAEA0564E
1020,0,103821,103.821,0,0,OK,4621.2,4619.2,4619.2,4619.2,4619.2,4619.2,4619.2,4619.2,4619.2,0.00,4619.2,4619.2,4619.2,0.80,791.2,791.2,791.2,4105.6,4110.6,4110.6,4110.6,4110.6,4110.6,267.4,272.4,262.4,5308,2049.2,2724,19036,1559.4,791.2,12820,0x9B7E3A7B
1021,0,103922,103.922,0,0,OK,4620.2,4619.2,4619.2,4619.2,4619.2,4619.2,4619.2,4619.2,4619.2,0.00,4619.2,4619.2,4619.2,232.76,791.2,1031.6,791.2,4105.6,2406.6,4111.6,4110.6,2406.6,4111.6,277.4,522.8,272.4,5308,2059.2,5328,14028,1559.4,791.2,15524,0xD24A94CB
1022,0,104024,104.024,0,0,OK,4622.2,4619.2,4619.2,4619.2,4619.2,4619.2,4619.2,4619.2,4619.2,0.00,4619.2,4619.2,4619.2,0.80,791.2,1031.6,791.2,4105.6,2406.6,4111.6,4110.6,2406.6,4111.6,277.4,512.8,262.4,10316,1808.8,2724,19036,1559.4,1292.0,5248,0xD03C121E
1023,0,104126,104.126,0,0,OK,4624.2,4619.2,4619.2,4619.2,4619.2,4619.2,4619.2,4619.2,4619.2,0.00,4619.2,4619.2,4619.2,0.80,791.2,791.2,791.2,4105.6,4110.6,4110.6,4110.6,4110.6,4110.6,277.4,272.4,262.4,5308,1798.8,5128,11424,1799.8,1031.6,12860,0x29567746
1024,0,104227,104.227,0,0,OK,4624.2,4619.2,4619.2,4619.2,4619.2,4619.2,4619.2,4619.2,4619.2,0.00,4619.2,4619.2,4619.2,231.76,791.2,1031.6,1031.6,4105.6,2406.6,2407.6,4111.6,2406.6,2407.6,278.4,532.8,522.8,7912,1558.4,2724,19036,2050.2,1292.0,5148,0xA2D4CA4C
1025,0,104329,104.329,0,0,OK,4619.2,4619.2,4619.2,4619.2,4619.2,4619.2,4619.2,4619.2,4619.2,0.00,4619.2,4619.2,4619.2,0.80,1031.6,791.2,791.2,2171.2,4111.6,4110.6,2406.6,4111.6,4110.6,527.8,522.8,272.4,10316,1558.4,5128,13828,1559.4,1041.6,7752,0x8BB8A812
1026,0,104430,104.430,0,0,OK,4627.2,4619.2,4619.2,4619.2,4619.2,4619.2,4619.2,4619.2,4619.2,0.00,4619.2,4619.2,4619.2,231.76,1031.6,1031.6,791.2,2171.2,2407.6,4111.6,2406.6,2407.6,4111.6,267.4,532.8,512.8,7712,2059.2,2724,14028,2050.2,1292.0,23136,0xCE22BD05
1027,0,104532,104.532,0,0,OK,4625.2,4619.2,4619.2,4619.2,4619.2,4619.2,4619.2,4619.2,4619.2,0.00,4619.2,4619.2,4619.2,0.80,1031.6,791.2,791.2,2171.2,4111.6,4110.6,2406.6,4111.6,4110.6,768.2,272.4,272.4,10316,1798.8,2624,21540,2060.2,1282.0,13020,0x33887523
1028,0,104634,104.634,0,0,OK,4627.2,4619.2,4619.2,4619.2,4619.2,4619.2,4619.2,4619.2,4619.2,0.00,4619.2,4619.2,4619.2,232.76,791.2,1031.6,1031.6,4105.6,2406.6,2407.6,4111.6,2406.6,2407.6,278.4,272.4,522.8,5308,1808.8,2724,13928,2060.2,1031.6,2644,0xB33D1CA4
1029,0,104735,104.735,0,0,OK,4622.2,4619.2,4619.2,4619.2,4619.2,4619.2,4619.2,4619.2,4619.2,0.00,4619.2,4619.2,4619.2,232.76,1031.6,791.2,791.2,2171.2,4111.6,4110.6,2406.6,4111.6,4110.6,277.4,262.4,532.8,7712,2059.2,5228,19036,1799.8,1031.6,13020,0x583B3B50
1030,0,104837,104.837,17040,60560,INFO:pwr_via_inverter|INFO:load_from_inverter|INFO:bat_discharge|ERR:inv_fault|ERR:fan_fault|ERR:inv_overheat,4628.2,4619.2,4619.2,4619.2,4619.2,4619.2,4619.2,4619.2,4619.2,0.00,4619.2,4619.2,4619.2,0.80,1031.6,1031.6,1031.6,2171.2,2407.6,2407.6,2407.6,2407.6,2407.6,528.8,522.8,522.8,5308,1558.4,5128,16632,2060.2,1282.0,10316,0xA0067E2A
1031,0,104994,104.994,58024,52954,INFO:inverter_on|INFO:pwr_via_bypass|INFO:load_from_inverter|INFO:bat_discharge|ERR:high_dc_bus|ERR:bat_not_conn|ERR:inv_fault|ERR:high_out_vol|ERR:fan_fault|ERR:rect_overheat|ERR:inv_overheat,4623.2,4619.2,4619.2,4619.2,4619.2,4619.2,4619.2,4619.2,4619.2,0.00,4619.2,4619.2,4619.2,231.76,1031.6,791.2,791.2,2171.2,4111.6,4110.6,2406.6,4111.6,4110.6,527.8,532.8,272.4,10316,2049.2,2624,19036,1559.4,1282.0,20732,0xECC9B19D
