frame_idx,pkt_counter,system_time_ms,system_time_s,status_raw,alarms_raw,flags,v_in_AB_V,v_in_BC_V,v_in_CA_V,v_bypass_A_V,v_bypass_B_V,v_bypass_C_V,i_in_A_A,i_in_B_A,i_in_C_A,freq_in_Hz,v_out_A_V,v_out_B_V,v_out_C_V,freq_out_Hz,i_out_A_A,i_out_B_A,i_out_C_A,p_active_A_kW,p_active_B_kW,p_active_C_kW,p_apparent_A_kVA,p_apparent_B_kVA,p_apparent_C_kVA,load_pct_A,load_pct_B,load_pct_C,event_count,bat_voltage_V,bat_capacity_Ah,bat_groups_count,dc_bus_voltage_V,bat_current_A,backup_time_min,crc32
1,0,160327,160.327,0,0,OK,4627.2,4619.2,4619.2,4619.2,4619.2,4619.2,4619.2,4619.2,4619.2,0.00,4619.2,4619.2,4619.2,0.80,1031.6,791.2,1031.6,2171.2,4111.6,2406.6,2407.6,4111.6,2406.6,278.4,512.8,522.8,7912,1808.8,2724,19036,1799.8,1292.0,20532,0x3D872328
2,0,161325,161.325,0,0,OK,4622.2,4619.2,4619.2,4619.2,4619.2,4619.2,4619.2,4619.2,4619.2,0.00,4619.2,4619.2,4619.2,232.76,1031.6,1031.6,791.2,2171.2,2407.6,4111.6,2406.6,2407.6,4111.6,277.4,512.8,512.8,7712,2049.2,5128,13828,2060.2,1292.0,10316,0x7CA7A9E3
3,0,162323,162.323,0,0,OK,4627.2,4619.2,4619.2,4619.2,4619.2,4619.2,4619.2,4619.2,4619.2,0.00,4619.2,4619.2,4619.2,231.76,1031.6,791.2,791.2,2171.2,4111.6,4110.6,2406.6,4111.6,4110.6,517.8,512.8,272.4,7712,2049.2,5328,19036,2050.2,1031.6,2644,0x779F652B
4,0,163321,163.321,0,0,OK,4619.2,4619.2,4619.2,4619.2,4619.2,4619.2,4619.2,4619.2,4619.2,0.00,4619.2,4619.2,4619.2,232.76,791.2,1031.6,1031.6,4105.6,2406.6,2407.6,4111.6,2406.6,2407.6,518.8,532.8,522.8,7912,1558.4,5228,21540,1559.4,1031.6,10256,0x525D7EE1
5,0,164319,164.319,0,0,OK,4625.2,4619.2,4619.2,4619.2,4619.2,4619.2,4619.2,4619.2,4619.2,0.00,4619.2,4619.2,4619.2,232.76,1031.6,791.2,1031.6,2171.2,4111.6,2406.6,2407.6,4111.6,2406.6,268.4,272.4,272.4,7912,1808.8,2624,19136,1559.4,1041.6,5148,0xCACA06DD
6,0,165318,165.318,0,0,OK,4628.2,4619.2,4619.2,4619.2,4619.2,4619.2,4619.2,4619.2,4619.2,0.00,4619.2,4619.2,4619.2,232.76,791.2,791.2,791.2,4105.6,4110.6,4110.6,4110.6,4110.6,4110.6,277.4,532.8,532.8,5308,1808.8,5128,16432,2060.2,1292.0,40,0xC33D5DE8
7,0,166316,166.316,0,0,OK,4626.2,4619.2,4619.2,4619.2,4619.2,4619.2,4619.2,4619.2,4619.2,0.00,4619.2,4619.2,4619.2,231.76,1031.6,791.2,791.2,2171.2,4111.6,4110.6,2406.6,4111.6,4110.6,768.2,272.4,512.8,7812,1558.4,2624,16532,1799.8,1282.0,5148,0xC7D235A4
8,0,167314,167.314,0,0,OK,4628.2,4619.2,4619.2,4619.2,4619.2,4619.2,4619.2,4619.2,4619.2,0.00,4619.2,4619.2,4619.2,231.76,791.2,791.2,1031.6,4105.6,4110.6,2406.6,4111.6,4110.6,2406.6,518.8,262.4,262.4,10316,1558.4,2724,16532,1559.4,1292.0,10416,0xA191405F
9,0,168313,168.313,0,0,OK,4626.2,4619.2,4619.2,4619.2,4619.2,4619.2,4619.2,4619.2,4619.2,0.00,4619.2,4619.2,4619.2,0.80,791.2,1031.6,791.2,4105.6,2406.6,4111.6,4110.6,2406.6,4111.6,267.4,262.4,522.8,5308,1798.8,2724,16632,2060.2,1031.6,10356,0xA2B63A8A
10,0,169311,169.311,0,0,OK,4628.2,4619.2,4619.2,4619.2,4619.2,4619.2,4619.2,4619.2,4619.2,0.00,4619.2,4619.2,4619.2,0.80,791.2,1031.6,1031.6,4105.6,2406.6,2407.6,4111.6,2406.6,2407.6,769.2,272.4,262.4,5308,2059.2,5128,13928,2060.2,791.2,10256,0xC129C7AF
11,0,170309,170.309,0,0,OK,4624.2,4619.2,4619.2,4619.2,4619.2,4619.2,4619.2,4619.2,4619.2,0.00,4619.2,4619.2,4619.2,0.80,791.2,791.2,1031.6,4105.6,4110.6,2406.6,4111.6,4110.6,2406.6,268.4,532.8,262.4,7912,1798.8,5328,16432,1809.8,791.2,40,0xDA1CCCF3
12,0,171308,171.308,0,0,OK,4619.2,4619.2,4619.2,4619.2,4619.2,4619.2,4619.2,4619.2,4619.2,0.00,4619.2,4619.2,4619.2,232.76,1031.6,791.2,791.2,2171.2,4111.6,4110.6,2406.6,4111.6,4110.6,267.4,532.8,532.8,7812,1808.8,2624,13828,1799.8,1041.6,240,0x55F80D0F
13,0,172306,172.306,0,0,OK,4622.2,4619.2,4619.2,4619.2,4619.2,4619.2,4619.2,4619.2,4619.2,0.00,4619.2,4619.2,4619.2,232.76,1031.6,1031.6,791.2,2171.2,2407.6,4111.6,2406.6,2407.6,4111.6,277.4,532.8,532.8,7912,1558.4,2724,13828,1559.4,1031.6,10316,0xA8FC8D99
14,0,173304,173.304,0,0,OK,4624.2,4619.2,4619.2,4619.2,4619.2,4619.2,4619.2,4619.2,4619.2,0.00,4619.2,4619.2,4619.2,0.80,791.2,1031.6,791.2,4105.6,2406.6,4111.6,4110.6,2406.6,4111.6,527.8,262.4,272.4,7812,2049.2,2624,11424,2050.2,1282.0,13020,0x7E027E66
15,0,174302,174.302,0,0,OK,4622.2,4619.2,4619.2,4619.2,4619.2,4619.2,4619.2,4619.2,4619.2,0.00,4619.2,4619.2,4619.2,231.76,791.2,791.2,1031.6,4105.6,4110.6,2406.6,4111.6,4110.6,2406.6,518.8,272.4,272.4,10316,2059.2,2624,16432,2050.2,1041.6,10356,0x7612436D
16,0,175301,175.301,0,0,OK,4619.2,4619.2,4619.2,4619.2,4619.2,4619.2,4619.2,4619.2,4619.2,0.00,4619.2,4619.2,4619.2,0.80,1031.6,1031.6,1031.6,2171.2,2407.6,2407.6,2407.6,2407.6,2407.6,528.8,512.8,532.8,7812,1558.4,5328,13828,2050.2,1041.6,18028,0xF95B879D
17,0,176300,176.300,0,0,OK,4627.2,4619.2,4619.2,4619.2,4619.2,4619.2,4619.2,4619.2,4619.2,0.00,4619.2,4619.2,4619.2,231.76,1031.6,791.2,1031.6,2171.2,4111.6,2406.6,2407.6,4111.6,2406.6,278.4,532.8,522.8,7712,1798.8,5228,21540,1809.8,1031.6,7912,0x0353173F
18,0,177298,177.298,0,0,OK,4625.2,4619.2,4619.2,4619.2,4619.2,4619.2,4619.2,4619.2,4619.2,0.00,4619.2,4619.2,4619.2,231.76,791.2,1031.6,1031.6,4105.6,2406.6,2407.6,4111.6,2406.6,2407.6,268.4,532.8,262.4,7812,2049.2,5328,16432,2060.2,1031.6,5348,0x6A4556F4
19,0,178296,178.296,0,0,OK,4620.2,4619.2,4619.2,4619.2,4619.2,4619.2,4619.2,4619.2,4619.2,0.00,4619.2,4619.2,4619.2,232.76,791.2,791.2,791.2,4105.6,4110.6,4110.6,4110.6,4110.6,4110.6,277.4,262.4,512.8,7812,1798.8,2724,19036,2060.2,1031.6,12860,0xEF1B7DE2
20,0,179295,179.295,0,0,OK,4626.2,4619.2,4619.2,4619.2,4619.2,4619.2,4619.2,4619.2,4619.2,0.00,4619.2,4619.2,4619.2,231.76,791.2,791.2,791.2,4105.6,4110.6,4110.6,4110.6,4110.6,4110.6,527.8,512.8,532.8,7812,1558.4,2624,13828,1809.8,791.2,2744,0x7BC1FA1B
21,0,180293,180.293,0,0,OK,4621.2,4619.2,4619.2,4619.2,4619.2,4619.2,4619.2,4619.2,4619.2,0.00,4619.2,4619.2,4619.2,232.76,1031.6,791.2,1031.6,2171.2,4111.6,2406.6,2407.6,4111.6,2406.6,518.8,532.8,532.8,7912,1808.8,2724,16632,2060.2,1041.6,10456,0xB84CEE44
22,0,181292,181.292,0,0,OK,4620.2,4619.2,4619.2,4619.2,4619.2,4619.2,4619.2,4619.2,4619.2,0.00,4619.2,4619.2,4619.2,0.80,1031.6,1031.6,791.2,2171.2,2407.6,4111.6,2406.6,2407.6,4111.6,768.2,532.8,522.8,10316,1558.4,5328,16532,2050.2,1292.0,12920,0x15B8F264
23,0,182290,182.290,0,0,OK,4624.2,4619.2,4619.2,4619.2,4619.2,4619.2,4619.2,4619.2,4619.2,0.00,4619.2,4619.2,4619.2,231.76,791.2,791.2,791.2,4105.6,4110.6,4110.6,4110.6,4110.6,4110.6,517.8,522.8,532.8,7712,2049.2,5128,14028,2050.2,1041.6,10356,0xE0B2EEE9
24,0,183289,183.289,0,0,OK,4621.2,4619.2,4619.2,4619.2,4619.2,4619.2,4619.2,4619.2,4619.2,0.00,4619.2,4619.2,4619.2,232.76,791.2,791.2,1031.6,4105.6,4110.6,2406.6,4111.6,4110.6,2406.6,278.4,522.8,512.8,7712,2059.2,5128,13928,1799.8,1041.6,13020,0x9DD2AFEF
25,0,184287,184.287,0,0,OK,4620.2,4619.2,4619.2,4619.2,4619.2,4619.2,4619.2,4619.2,4619.2,0.00,4619.2,4619.2,4619.2,231.76,791.2,1031.6,791.2,4105.6,2406.6,4111.6,4110.6,2406.6,4111.6,277.4,532.8,532.8,7712,1798.8,2624,19036,2060.2,1292.0,12860,0xA04E113C
26,0,185285,185.285,0,0,OK,4626.2,4619.2,4619.2,4619.2,4619.2,4619.2,4619.2,4619.2,4619.2,0.00,4619.2,4619.2,4619.2,231.76,791.2,1031.6,1031.6,4105.6,2406.6,2407.6,4111.6,2406.6,2407.6,268.4,532.8,522.8,7812,1798.8,5128,14028,1809.8,791.2,5148,0xB0FFE319
27,0,186283,186.283,0,0,OK,4623.2,4619.2,4619.2,4619.2,4619.2,4619.2,4619.2,4619.2,4619.2,0.00,4619.2,4619.2,4619.2,231.76,791.2,791.2,791.2,4105.6,4110.6,4110.6,4110.6,4110.6,4110.6,517.8,272.4,532.8,5308,1808.8,2624,14028,2060.2,1282.0,18028,0x6F900B7E
28,0,187281,187.281,0,0,OK,4627.2,4619.2,4619.2,4619.2,4619.2,4619.2,4619.2,4619.2,4619.2,0.00,4619.2,4619.2,4619.2,232.76,1031.6,1031.6,1031.6,2171.2,2407.6,2407.6,2407.6,2407.6,2407.6,268.4,512.8,522.8,7812,1808.8,2624,16632,1559.4,1282.0,17928,0x914EFA6F
29,0,188279,188.279,0,0,OK,4628.2,4619.2,4619.2,4619.2,4619.2,4619.2,4619.2,4619.2,4619.2,0.00,4619.2,4619.2,4619.2,232.76,1031.6,791.2,791.2,2171.2,4111.6,4110.6,2406.6,4111.6,4110.6,768.2,522.8,262.4,5308,2059.2,5128,16632,1799.8,1031.6,7852,0xDD90DF79
30,0,189278,189.278,0,0,OK,4624.2,4619.2,4619.2,4619.2,4619.2,4619.2,4619.2,4619.2,4619.2,0.00,4619.2,4619.2,4619.2,0.80,791.2,791.2,1031.6,4105.6,4110.6,2406.6,4111.6,4110.6,2406.6,518.8,522.8,532.8,7912,1558.4,5328,13928,2050.2,1041.6,7852,0x60EA84EB
31,0,190276,190.276,0,0,OK,4619.2,4619.2,4619.2,4619.2,4619.2,4619.2,4619.2,4619.2,4619.2,0.00,4619.2,4619.2,4619.2,232.76,1031.6,791.2,1031.6,2171.2,4111.6,2406.6,2407.6,4111.6,2406.6,268.4,512.8,522.8,7712,2049.2,5228,11424,1809.8,1041.6,20532,0x773514A8
32,0,191274,191.274,0,0,OK,4626.2,4619.2,4619.2,4619.2,4619.2,4619.2,4619.2,4619.2,4619.2,0.00,4619.2,4619.2,4619.2,232.76,791.2,791.2,791.2,4105.6,4110.6,4110.6,4110.6,4110.6,4110.6,277.4,522.8,262.4,7812,1798.8,5128,14028,1559.4,1292.0,2744,0xD4CC80CC
33,0,192273,192.273,0,0,OK,4622.2,4619.2,4619.2,4619.2,4619.2,4619.2,4619.2,4619.2,4619.2,0.00,4619.2,4619.2,4619.2,231.76,1031.6,791.2,791.2,2171.2,4111.6,4110.6,2406.6,4111.6,4110.6,267.4,522.8,262.4,7712,2049.2,2624,21540,2050.2,791.2,7912,0xD88DCE15
34,0,193271,193.271,0,0,OK,4621.2,4619.2,4619.2,4619.2,4619.2,4619.2,4619.2,4619.2,4619.2,0.00,4619.2,4619.2,4619.2,0.80,791.2,1031.6,1031.6,4105.6,2406.6,2407.6,4111.6,2406.6,2407.6,518.8,272.4,522.8,7912,2059.2,2724,13828,2050.2,1031.6,12860,0x801BB63C
35,0,194270,194.270,0,0,OK,4622.2,4619.2,4619.2,4619.2,4619.2,4619.2,4619.2,4619.2,4619.2,0.00,4619.2,4619.2,4619.2,232.76,791.2,791.2,791.2,4105.6,4110.6,4110.6,4110.6,4110.6,4110.6,527.8,522.8,262.4,10316,1808.8,2624,14028,2060.2,791.2,10256,0x9B39F476
36,0,195268,195.268,0,0,OK,4620.2,4619.2,4619.2,4619.2,4619.2,4619.2,4619.2,4619.2,4619.2,0.00,4619.2,4619.2,4619.2,232.76,1031.6,791.2,791.2,2171.2,4111.6,4110.6,2406.6,4111.6,4110.6,267.4,512.8,532.8,7712,1558.4,2624,21540,2060.2,1282.0,10356,0x984EC7E5
37,0,196267,196.267,0,0,OK,4619.2,4619.2,4619.2,4619.2,4619.2,4619.2,4619.2,4619.2,4619.2,0.00,4619.2,4619.2,4619.2,231.76,791.2,1031.6,791.2,4105.6,2406.6,4111.6,4110.6,2406.6,4111.6,517.8,272.4,262.4,5308,1808.8,5128,16532,2060.2,791.2,10316,0x842396B1
38,0,197265,197.265,0,0,OK,4625.2,4619.2,4619.2,4619.2,4619.2,4619.2,4619.2,4619.2,4619.2,0.00,4619.2,4619.2,4619.2,231.76,1031.6,1031.6,791.2,2171.2,2407.6,4111.6,2406.6,2407.6,4111.6,517.8,532.8,512.8,7712,2049.2,2724,19036,1799.8,1292.0,20732,0x6E98AF25
39,0,198264,198.264,0,0,OK,4628.2,4619.2,4619.2,4619.2,4619.2,4619.2,4619.2,4619.2,4619.2,0.00,4619.2,4619.2,4619.2,231.76,1031.6,791.2,791.2,2171.2,4111.6,4110.6,2406.6,4111.6,4110.6,277.4,522.8,262.4,10316,2049.2,5128,13928,1809.8,1282.0,10416,0x71EA8D64
40,0,199262,199.262,0,0,OK,4619.2,4619.2,4619.2,4619.2,4619.2,4619.2,4619.2,4619.2,4619.2,0.00,4619.2,4619.2,4619.2,232.76,1031.6,1031.6,1031.6,2171.2,2407.6,2407.6,2407.6,2407.6,2407.6,769.2,522.8,262.4,5308,1808.8,5328,16632,2050.2,1292.0,20532,0x1045281A
41,0,200260,200.260,0,0,OK,4626.2,4619.2,4619.2,4619.2,4619.2,4619.2,4619.2,4619.2,4619.2,0.00,4619.2,4619.2,4619.2,0.80,791.2,791.2,791.2,4105.6,4110.6,4110.6,4110.6,4110.6,4110.6,277.4,262.4,522.8,7712,1808.8,5228,16432,2050.2,1041.6,18028,0xE6492205
42,0,201259,201.259,0,0,OK,4627.2,4619.2,4619.2,4619.2,4619.2,4619.2,4619.2,4619.2,4619.2,0.00,4619.2,4619.2,4619.2,231.76,1031.6,791.2,1031.6,2171.2,4111.6,2406.6,2407.6,4111.6,2406.6,278.4,262.4,272.4,5308,2049.2,5228,19036,1799.8,1031.6,2644,0x8086A528
43,0,202257,202.257,0,0,OK,4627.2,4619.2,4619.2,4619.2,4619.2,4619.2,4619.2,4619.2,4619.2,0.00,4619.2,4619.2,4619.2,0.80,1031.6,791.2,791.2,2171.2,4111.6,4110.6,2406.6,4111.6,4110.6,277.4,532.8,532.8,5308,1798.8,5328,16432,2050.2,1292.0,23236,0x62239E23
44,0,203255,203.255,0,0,OK,4627.2,4619.2,4619.2,4619.2,4619.2,4619.2,4619.2,4619.2,4619.2,0.00,4619.2,4619.2,4619.2,231.76,1031.6,1031.6,791.2,2171.2,2407.6,4111.6,2406.6,2407.6,4111.6,527.8,532.8,262.4,7712,1808.8,2724,14028,1799.8,1292.0,140,0x405952E4
45,0,204254,204.254,0,0,OK,4620.2,4619.2,4619.2,4619.2,4619.2,4619.2,4619.2,4619.2,4619.2,0.00,4619.2,4619.2,4619.2,231.76,1031.6,1031.6,1031.6,2171.2,2407.6,2407.6,2407.6,2407.6,2407.6,518.8,262.4,512.8,7912,1798.8,5128,14028,1809.8,1031.6,40,0x15DF1D48
46,0,205252,205.252,0,0,OK,4624.2,4619.2,4619.2,4619.2,4619.2,4619.2,4619.2,4619.2,4619.2,0.00,4619.2,4619.2,4619.2,231.76,1031.6,1031.6,791.2,2171.2,2407.6,4111.6,2406.6,2407.6,4111.6,768.2,262.4,512.8,7712,2049.2,5328,11424,1809.8,1292.0,20532,0x557A8878
47,0,206250,206.250,0,0,OK,4627.2,4619.2,4619.2,4619.2,4619.2,4619.2,4619.2,4619.2,4619.2,0.00,4619.2,4619.2,4619.2,0.80,1031.6,1031.6,1031.6,2171.2,2407.6,2407.6,2407.6,2407.6,2407.6,278.4,272.4,272.4,10316,2049.2,2724,19036,1799.8,791.2,23136,0xAD735240
48,0,207248,207.248,0,0,OK,4622.2,4619.2,4619.2,4619.2,4619.2,4619.2,4619.2,4619.2,4619.2,0.00,4619.2,4619.2,4619.2,231.76,1031.6,791.2,791.2,2171.2,4111.6,4110.6,2406.6,4111.6,4110.6,277.4,272.4,262.4,5308,2059.2,5328,14028,2050.2,791.2,15524,0x069DB762
49,0,208247,208.247,0,0,OK,4626.2,4619.2,4619.2,4619.2,4619.2,4619.2,4619.2,4619.2,4619.2,0.00,4619.2,4619.2,4619.2,232.76,791.2,1031.6,1031.6,4105.6,2406.6,2407.6,4111.6,2406.6,2407.6,528.8,262.4,522.8,10316,1798.8,5228,13928,1799.8,1041.6,15424,0x59AF50AD
50,0,209245,209.245,0,0,OK,4621.2,4619.2,4619.2,4619.2,4619.2,4619.2,4619.2,4619.2,4619.2,0.00,4619.2,4619.2,4619.2,232.76,791.2,791.2,1031.6,4105.6,4110.6,2406.6,4111.6,4110.6,2406.6,278.4,272.4,272.4,7812,2059.2,5128,16632,1809.8,1031.6,12860,0x8AFCFEC2
51,0,210243,210.243,0,0,OK,4620.2,4619.2,4619.2,4619.2,4619.2,4619.2,4619.2,4619.2,4619.2,0.00,4619.2,4619.2,4619.2,0.80,791.2,1031.6,1031.6,4105.6,2406.6,2407.6,4111.6,2406.6,2407.6,518.8,512.8,512.8,7712,1798.8,5128,16632,1809.8,1031.6,10416,0x8DBE44BD
52,0,211241,211.241,0,0,OK,4619.2,4619.2,4619.2,4619.2,4619.2,4619.2,4619.2,4619.2,4619.2,0.00,4619.2,4619.2,4619.2,232.76,791.2,1031.6,1031.6,4105.6,2406.6,2407.6,4111.6,2406.6,2407.6,528.8,532.8,522.8,7812,1798.8,5228,13928,2050.2,1041.6,15424,0x34938159
53,0,212239,212.239,0,0,OK,4623.2,4619.2,4619.2,4619.2,4619.2,4619.2,4619.2,4619.2,4619.2,0.00,4619.2,4619.2,4619.2,0.80,791.2,791.2,791.2,4105.6,4110.6,4110.6,4110.6,4110.6,4110.6,277.4,532.8,532.8,7812,2049.2,5228,16532,1809.8,791.2,5148,0x51B7365F
54,0,213237,213.237,0,0,OK,4625.2,4619.2,4619.2,4619.2,4619.2,4619.2,4619.2,4619.2,4619.2,0.00,4619.2,4619.2,4619.2,0.80,791.2,1031.6,791.2,4105.6,2406.6,4111.6,4110.6,2406.6,4111.6,277.4,272.4,532.8,7712,1798.8,5328,19036,1559.4,791.2,2644,0x263B6F0A
55,0,214235,214.235,0,0,OK,4624.2,4619.2,4619.2,4619.2,4619.2,4619.2,4619.2,4619.2,4619.2,0.00,4619.2,4619.2,4619.2,232.76,1031.6,1031.6,1031.6,2171.2,2407.6,2407.6,2407.6,2407.6,2407.6,268.4,522.8,262.4,7712,1558.4,5328,11424,2060.2,1282.0,5148,0x494368CF
56,0,215233,215.233,0,0,OK,4621.2,4619.2,4619.2,4619.2,4619.2,4619.2,4619.2,4619.2,4619.2,0.00,4619.2,4619.2,4619.2,232.76,791.2,1031.6,791.2,4105.6,2406.6,4111.6,4110.6,2406.6,4111.6,527.8,272.4,262.4,10316,1798.8,5328,11424,1559.4,1282.0,10356,0x90AD3844
57,0,216231,216.231,0,0,OK,4628.2,4619.2,4619.2,4619.2,4619.2,4619.2,4619.2,4619.2,4619.2,0.00,4619.2,4619.2,4619.2,0.80,791.2,791.2,791.2,4105.6,4110.6,4110.6,4110.6,4110.6,4110.6,517.8,272.4,272.4,7912,2049.2,5328,16632,2060.2,1031.6,15424,0x0ABCD6A7
58,0,217229,217.229,0,0,OK,4619.2,4619.2,4619.2,4619.2,4619.2,4619.2,4619.2,4619.2,4619.2,0.00,4619.2,4619.2,4619.2,0.80,791.2,791.2,791.2,4105.6,4110.6,4110.6,4110.6,4110.6,4110.6,768.2,512.8,512.8,10316,1798.8,5228,16632,2060.2,1282.0,13020,0xE2205E90
59,0,218227,218.227,0,0,OK,4627.2,4619.2,4619.2,4619.2,4619.2,4619.2,4619.2,4619.2,4619.2,0.00,4619.2,4619.2,4619.2,231.76,791.2,791.2,791.2,4105.6,4110.6,4110.6,4110.6,4110.6,4110.6,768.2,262.4,262.4,7712,1808.8,5128,16532,1799.8,1282.0,2744,0x714DFCAC
60,0,219225,219.225,0,0,OK,4620.2,4619.2,4619.2,4619.2,4619.2,4619.2,4619.2,4619.2,4619.2,0.00,4619.2,4619.2,4619.2,0.80,791.2,791.2,1031.6,4105.6,4110.6,2406.6,4111.6,4110.6,2406.6,769.2,512.8,532.8,7812,1808.8,5128,19036,1799.8,1031.6,2744,0xAED0D15D
61,0,220223,220.223,0,0,OK,4624.2,4619.2,4619.2,4619.2,4619.2,4619.2,4619.2,4619.2,4619.2,0.00,4619.2,4619.2,4619.2,231.76,791.2,791.2,791.2,4105.6,4110.6,4110.6,4110.6,4110.6,4110.6,527.8,262.4,532.8,7812,1798.8,5128,14028,2060.2,1041.6,18028,0xB82879C6
62,0,221221,221.221,0,0,OK,4620.2,4619.2,4619.2,4619.2,4619.2,4619.2,4619.2,4619.2,4619.2,0.00,4619.2,4619.2,4619.2,0.80,1031.6,1031.6,791.2,2171.2,2407.6,4111.6,2406.6,2407.6,4111.6,267.4,522.8,272.4,10316,2049.2,5328,16532,2060.2,1292.0,20532,0xDEB162A6
63,0,222219,222.219,0,0,OK,4620.2,4619.2,4619.2,4619.2,4619.2,4619.2,4619.2,4619.2,4619.2,0.00,4619.2,4619.2,4619.2,0.80,791.2,791.2,791.2,4105.6,4110.6,4110.6,4110.6,4110.6,4110.6,517.8,262.4,272.4,10316,1808.8,5328,13828,1809.8,791.2,13020,0xE654042B
64,0,223217,223.217,0,0,OK,4624.2,4619.2,4619.2,4619.2,4619.2,4619.2,4619.2,4619.2,4619.2,0.00,4619.2,4619.2,4619.2,231.76,791.2,1031.6,1031.6,4105.6,2406.6,2407.6,4111.6,2406.6,2407.6,268.4,532.8,532.8,7912,1558.4,5128,11424,1799.8,1031.6,10316,0x9387EC2C
65,0,224215,224.215,0,0,OK,4626.2,4619.2,4619.2,4619.2,4619.2,4619.2,4619.2,4619.2,4619.2,0.00,4619.2,4619.2,4619.2,232.76,791.2,791.2,791.2,4105.6,4110.6,4110.6,4110.6,4110.6,4110.6,277.4,522.8,512.8,7712,2059.2,5128,14028,2050.2,1292.0,23236,0xF01451B1
66,0,225213,225.213,0,0,OK,4624.2,4619.2,4619.2,4619.2,4619.2,4619.2,4619.2,4619.2,4619.2,0.00,4619.2,4619.2,4619.2,0.80,1031.6,1031.6,1031.6,2171.2,2407.6,2407.6,2407.6,2407.6,2407.6,769.2,512.8,262.4,7712,2059.2,5228,21540,2060.2,1031.6,18028,0x50443FB4
67,0,226212,226.212,0,0,OK,4623.2,4619.2,4619.2,4619.2,4619.2,4619.2,4619.2,4619.2,4619.2,0.00,4619.2,4619.2,4619.2,232.76,1031.6,1031.6,1031.6,2171.2,2407.6,2407.6,2407.6,2407.6,2407.6,278.4,262.4,262.4,7812,2059.2,2624,16532,2060.2,1282.0,10416,0xDD0F11DF
68,0,227211,227.211,0,0,OK,4622.2,4619.2,4619.2,4619.2,4619.2,4619.2,4619.2,4619.2,4619.2,0.00,4619.2,4619.2,4619.2,231.76,1031.6,791.2,1031.6,2171.2,4111.6,2406.6,2407.6,4111.6,2406.6,518.8,522.8,512.8,10316,1798.8,5328,21540,1799.8,1292.0,5248,0xC3F4391D
69,0,228209,228.209,0,0,OK,4622.2,4619.2,4619.2,4619.2,4619.2,4619.2,4619.2,4619.2,4619.2,0.00,4619.2,4619.2,4619.2,231.76,791.2,791.2,791.2,4105.6,4110.6,4110.6,4110.6,4110.6,4110.6,517.8,532.8,512.8,7812,2049.2,5128,16632,1559.4,1031.6,15424,0x19541A73
70,0,229207,229.207,0,0,OK,4622.2,4619.2,4619.2,4619.2,4619.2,4619.2,4619.2,4619.2,4619.2,0.00,4619.2,4619.2,4619.2,231.76,1031.6,791.2,791.2,2171.2,4111.6,4110.6,2406.6,4111.6,4110.6,277.4,262.4,512.8,5308,1558.4,5228,13828,1799.8,1041.6,23236,0x5B7FE8F1
71,0,230205,230.205,0,0,OK,4623.2,4619.2,4619.2,4619.2,4619.2,4619.2,4619.2,4619.2,4619.2,0.00,4619.2,4619.2,4619.2,232.76,791.2,791.2,1031.6,4105.6,4110.6,2406.6,4111.6,4110.6,2406.6,278.4,522.8,512.8,5308,2049.2,5328,16532,1559.4,1041.6,10456,0x1117EF2E
72,0,231203,231.203,0,0,OK,4620.2,4619.2,4619.2,4619.2,4619.2,4619.2,4619.2,4619.2,4619.2,0.00,4619.2,4619.2,4619.2,0.80,791.2,1031.6,791.2,4105.6,2406.6,4111.6,4110.6,2406.6,4111.6,768.2,522.8,532.8,5308,1808.8,2624,14028,2060.2,1041.6,10416,0x47228219
73,0,232201,232.201,0,0,OK,4624.2,4619.2,4619.2,4619.2,4619.2,4619.2,4619.2,4619.2,4619.2,0.00,4619.2,4619.2,4619.2,232.76,791.2,791.2,791.2,4105.6,4110.6,4110.6,4110.6,4110.6,4110.6,277.4,532.8,272.4,7912,2049.2,5128,11424,1799.8,1041.6,7752,0x1272783F
74,0,233199,233.199,0,0,OK,4628.2,4619.2,4619.2,4619.2,4619.2,4619.2,4619.2,4619.2,4619.2,0.00,4619.2,4619.2,4619.2,0.80,1031.6,791.2,1031.6,2171.2,4111.6,2406.6,2407.6,4111.6,2406.6,518.8,262.4,512.8,5308,2059.2,2724,19136,1559.4,1292.0,5348,0x83CE96CC
75,0,234197,234.197,0,0,OK,4620.2,4619.2,4619.2,4619.2,4619.2,4619.2,4619.2,4619.2,4619.2,0.00,4619.2,4619.2,4619.2,0.80,1031.6,791.2,1031.6,2171.2,4111.6,2406.6,2407.6,4111.6,2406.6,278.4,262.4,522.8,5308,2049.2,5328,14028,1559.4,1041.6,140,0x8BE0EE3E
76,0,235196,235.196,0,0,OK,4624.2,4619.2,4619.2,4619.2,4619.2,4619.2,4619.2,4619.2,4619.2,0.00,4619.2,4619.2,4619.2,232.76,791.2,1031.6,791.2,4105.6,2406.6,4111.6,4110.6,2406.6,4111.6,277.4,262.4,522.8,7812,1808.8,5328,13828,2050.2,1041.6,7912,0x09953ED6
77,0,236193,236.193,0,0,OK,4627.2,4619.2,4619.2,4619.2,4619.2,4619.2,4619.2,4619.2,4619.2,0.00,4619.2,4619.2,4619.2,231.76,791.2,1031.6,791.2,4105.6,2406.6,4111.6,4110.6,2406.6,4111.6,527.8,512.8,262.4,7712,1798.8,2624,16532,2060.2,1282.0,5348,0x691FA6D0
78,0,237192,237.192,0,0,OK,4620.2,4619.2,4619.2,4619.2,4619.2,4619.2,4619.2,4619.2,4619.2,0.00,4619.2,4619.2,4619.2,231.76,1031.6,791.2,791.2,2171.2,4111.6,4110.6,2406.6,4111.6,4110.6,277.4,522.8,272.4,7912,2049.2,2624,14028,1799.8,1031.6,15424,0x0AA63422
79,0,238190,238.190,0,0,OK,4621.2,4619.2,4619.2,4619.2,4619.2,4619.2,4619.2,4619.2,4619.2,0.00,4619.2,4619.2,4619.2,0.80,791.2,791.2,1031.6,4105.6,4110.6,2406.6,4111.6,4110.6,2406.6,528.8,512.8,272.4,7812,1558.4,5128,11424,1559.4,1031.6,7852,0x2F50AAA6
80,0,239188,239.188,0,0,OK,4622.2,4619.2,4619.2,4619.2,4619.2,4619.2,4619.2,4619.2,4619.2,0.00,4619.2,4619.2,4619.2,0.80,791.2,791.2,791.2,4105.6,4110.6,4110.6,4110.6,4110.6,4110.6,517.8,262.4,262.4,5308,2049.2,2724,21540,1799.8,1031.6,10316,0x53335FE7
81,0,240186,240.186,0,0,OK,4627.2,4619.2,4619.2,4619.2,4619.2,4619.2,4619.2,4619.2,4619.2,0.00,4619.2,4619.2,4619.2,232.76,791.2,1031.6,1031.6,4105.6,2406.6,2407.6,4111.6,2406.6,2407.6,528.8,532.8,532.8,7812,1808.8,2724,14028,2050.2,1292.0,20732,0x722AC34E
82,0,241184,241.184,0,0,OK,4627.2,4619.2,4619.2,4619.2,4619.2,4619.2,4619.2,4619.2,4619.2,0.00,4619.2,4619.2,4619.2,0.80,791.2,791.2,791.2,4105.6,4110.6,4110.6,4110.6,4110.6,4110.6,277.4,262.4,522.8,7712,1558.4,5328,13928,2060.2,791.2,12860,0x81E3A596
83,0,242183,242.183,0,0,OK,4621.2,4619.2,4619.2,4619.2,4619.2,4619.2,4619.2,4619.2,4619.2,0.00,4619.2,4619.2,4619.2,232.76,791.2,1031.6,1031.6,4105.6,2406.6,2407.6,4111.6,2406.6,2407.6,278.4,272.4,262.4,7812,1558.4,5328,11424,2050.2,791.2,10456,0x3D940CA3
84,0,243181,243.181,0,0,OK,4623.2,4619.2,4619.2,4619.2,4619.2,4619.2,4619.2,4619.2,4619.2,0.00,4619.2,4619.2,4619.2,232.76,791.2,791.2,791.2,4105.6,4110.6,4110.6,4110.6,4110.6,4110.6,277.4,522.8,522.8,5308,2059.2,2624,21540,2050.2,1282.0,15524,0x3B03EC3E
85,0,244179,244.179,0,0,OK,4627.2,4619.2,4619.2,4619.2,4619.2,4619.2,4619.2,4619.2,4619.2,0.00,4619.2,4619.2,4619.2,232.76,791.2,791.2,791.2,4105.6,4110.6,4110.6,4110.6,4110.6,4110.6,517.8,272.4,512.8,7812,2049.2,2724,11424,1809.8,1041.6,10456,0xAB0756B5
86,0,245177,245.177,0,0,OK,4621.2,4619.2,4619.2,4619.2,4619.2,4619.2,4619.2,4619.2,4619.2,0.00,4619.2,4619.2,4619.2,0.80,791.2,1031.6,791.2,4105.6,2406.6,4111.6,4110.6,2406.6,4111.6,267.4,262.4,272.4,7812,1808.8,5328,19136,1809.8,1292.0,20532,0x03D2F7BF
87,0,246176,246.176,0,0,OK,4625.2,4619.2,4619.2,4619.2,4619.2,4619.2,4619.2,4619.2,4619.2,0.00,4619.2,4619.2,4619.2,0.80,791.2,791.2,1031.6,4105.6,4110.6,2406.6,4111.6,4110.6,2406.6,278.4,532.8,522.8,7812,1558.4,2724,13828,2050.2,1292.0,10256,0xC1115BDE
88,0,247174,247.174,0,0,OK,4619.2,4619.2,4619.2,4619.2,4619.2,4619.2,4619.2,4619.2,4619.2,0.00,4619.2,4619.2,4619.2,231.76,1031.6,1031.6,791.2,2171.2,2407.6,4111.6,2406.6,2407.6,4111.6,277.4,262.4,262.4,10316,2049.2,5128,16432,1559.4,791.2,10456,0xADCF48EA
89,0,248173,248.173,0,0,OK,4627.2,4619.2,4619.2,4619.2,4619.2,4619.2,4619.2,4619.2,4619.2,0.00,4619.2,4619.2,4619.2,232.76,791.2,1031.6,1031.6,4105.6,2406.6,2407.6,4111.6,2406.6,2407.6,278.4,512.8,262.4,7912,2049.2,2724,16632,1809.8,1282.0,20532,0x69B3AB89
90,0,249171,249.171,0,0,OK,4621.2,4619.2,4619.2,4619.2,4619.2,4619.2,4619.2,4619.2,4619.2,0.00,4619.2,4619.2,4619.2,231.76,1031.6,791.2,791.2,2171.2,4111.6,4110.6,2406.6,4111.6,4110.6,267.4,522.8,272.4,7812,1808.8,5128,16632,2050.2,1282.0,5248,0x295F5839
91,0,250169,250.169,0,0,OK,4627.2,4619.2,4619.2,4619.2,4619.2,4619.2,4619.2,4619.2,4619.2,0.00,4619.2,4619.2,4619.2,0.80,791.2,791.2,791.2,4105.6,4110.6,4110.6,4110.6,4110.6,4110.6,267.4,272.4,532.8,7812,2049.2,5228,19136,1799.8,1282.0,40,0x1B591451
92,0,251168,251.168,0,0,OK,4619.2,4619.2,4619.2,4619.2,4619.2,4619.2,4619.2,4619.2,4619.2,0.00,4619.2,4619.2,4619.2,0.80,1031.6,791.2,791.2,2171.2,4111.6,4110.6,2406.6,4111.6,4110.6,527.8,512.8,272.4,7812,2049.2,2624,16432,2060.2,1031.6,12860,0xB54A5A25
93,0,252166,252.166,0,0,OK,4627.2,4619.2,4619.2,4619.2,4619.2,4619.2,4619.2,4619.2,4619.2,0.00,4619.2,4619.2,4619.2,231.76,1031.6,791.2,1031.6,2171.2,4111.6,2406.6,2407.6,4111.6,2406.6,518.8,512.8,532.8,7812,1808.8,2624,19136,1799.8,1282.0,10316,0xFFEA0AF7
94,0,253165,253.165,0,0,OK,4624.2,4619.2,4619.2,4619.2,4619.2,4619.2,4619.2,4619.2,4619.2,0.00,4619.2,4619.2,4619.2,232.76,1031.6,1031.6,791.2,2171.2,2407.6,4111.6,2406.6,2407.6,4111.6,517.8,512.8,512.8,7712,1808.8,5328,16532,1799.8,1031.6,10316,0xF6D52034
95,0,254163,254.163,0,0,OK,4627.2,4619.2,4619.2,4619.2,4619.2,4619.2,4619.2,4619.2,4619.2,0.00,4619.2,4619.2,4619.2,231.76,791.2,1031.6,791.2,4105.6,2406.6,4111.6,4110.6,2406.6,4111.6,277.4,262.4,522.8,5308,2059.2,5328,14028,1799.8,1292.0,20632,0x5FF38AAF
96,0,255161,255.161,0,0,OK,4622.2,4619.2,4619.2,4619.2,4619.2,4619.2,4619.2,4619.2,4619.2,0.00,4619.2,4619.2,4619.2,232.76,791.2,791.2,1031.6,4105.6,4110.6,2406.6,4111.6,4110.6,2406.6,518.8,522.8,532.8,7912,1808.8,5328,19036,2050.2,1292.0,12920,0x9F00E917
97,0,256160,256.160,0,0,OK,4622.2,4619.2,4619.2,4619.2,4619.2,4619.2,4619.2,4619.2,4619.2,0.00,4619.2,4619.2,4619.2,232.76,1031.6,1031.6,791.2,2171.2,2407.6,4111.6,2406.6,2407.6,4111.6,517.8,532.8,532.8,7912,1808.8,5228,16632,1809.8,1292.0,23136,0x0089951E
98,0,257158,257.158,0,0,OK,4623.2,4619.2,4619.2,4619.2,4619.2,4619.2,4619.2,4619.2,4619.2,0.00,4619.2,4619.2,4619.2,232.76,791.2,1031.6,1031.6,4105.6,2406.6,2407.6,4111.6,2406.6,2407.6,769.2,512.8,522.8,7812,2059.2,5228,16532,2060.2,791.2,40,0xDA10DA1A
99,0,258157,258.157,0,0,OK,4628.2,4619.2,4619.2,4619.2,4619.2,4619.2,4619.2,4619.2,4619.2,0.00,4619.2,4619.2,4619.2,0.80,1031.6,1031.6,791.2,2171.2,2407.6,4111.6,2406.6,2407.6,4111.6,277.4,522.8,272.4,10316,1558.4,2724,16632,1809.8,1292.0,240,0xB2B20217
100,0,259155,259.155,0,0,OK,4622.2,4619.2,4619.2,4619.2,4619.2,4619.2,4619.2,4619.2,4619.2,0.00,4619.2,4619.2,4619.2,231.76,791.2,791.2,1031.6,4105.6,4110.6,2406.6,4111.6,4110.6,2406.6,278.4,262.4,512.8,5308,2059.2,5328,13828,2050.2,791.2,240,0x52784416
101,0,260153,260.153,0,0,OK,4627.2,4619.2,4619.2,4619.2,4619.2,4619.2,4619.2,4619.2,4619.2,0.00,4619.2,4619.2,4619.2,232.76,791.2,791.2,1031.6,4105.6,4110.6,2406.6,4111.6,4110.6,2406.6,769.2,272.4,522.8,7712,2049.2,2624,16432,1559.4,1041.6,10356,0x12DB52D2
102,0,261152,261.152,0,0,OK,4623.2,4619.2,4619.2,4619.2,4619.2,4619.2,4619.2,4619.2,4619.2,0.00,4619.2,4619.2,4619.2,0.80,1031.6,791.2,1031.6,2171.2,4111.6,2406.6,2407.6,4111.6,2406.6,268.4,512.8,512.8,7912,2049.2,2724,19136,2050.2,1041.6,20532,0xCABFADB8
103,0,262150,262.150,0,0,OK,4627.2,4619.2,4619.2,4619.2,4619.2,4619.2,4619.2,4619.2,4619.2,0.00,4619.2,4619.2,4619.2,0.80,1031.6,1031.6,1031.6,2171.2,2407.6,2407.6,2407.6,2407.6,2407.6,769.2,522.8,512.8,7812,2049.2,2624,19036,1809.8,1292.0,40,0xE5F61176
104,0,263148,263.148,0,0,OK,4624.2,4619.2,4619.2,4619.2,4619.2,4619.2,4619.2,4619.2,4619.2,0.00,4619.2,4619.2,4619.2,231.76,1031.6,1031.6,791.2,2171.2,2407.6,4111.6,2406.6,2407.6,4111.6,768.2,522.8,522.8,7912,2049.2,5128,14028,1559.4,1041.6,7752,0xB5669E93
105,0,264146,264.146,0,0,OK,4625.2,4619.2,4619.2,4619.2,4619.2,4619.2,4619.2,4619.2,4619.2,0.00,4619.2,4619.2,4619.2,231.76,1031.6,1031.6,1031.6,2171.2,2407.6,2407.6,2407.6,2407.6,2407.6,268.4,262.4,272.4,7812,1798.8,5228,14028,1799.8,1041.6,23236,0xBE0E03D5
106,0,265145,265.145,0,0,OK,4624.2,4619.2,4619.2,4619.2,4619.2,4619.2,4619.2,4619.2,4619.2,0.00,4619.2,4619.2,4619.2,0.80,791.2,1031.6,1031.6,4105.6,2406.6,2407.6,4111.6,2406.6,2407.6,518.8,262.4,512.8,5308,1808.8,5128,16632,1799.8,1041.6,18128,0x45615EF4
107,0,266143,266.143,0,0,OK,4626.2,4619.2,4619.2,4619.2,4619.2,4619.2,4619.2,4619.2,4619.2,0.00,4619.2,4619.2,4619.2,0.80,791.2,791.2,791.2,4105.6,4110.6,4110.6,4110.6,4110.6,4110.6,527.8,522.8,532.8,7912,1798.8,5228,13828,1799.8,791.2,23136,0x7FFD177D
108,0,267141,267.141,0,0,OK,4619.2,4619.2,4619.2,4619.2,4619.2,4619.2,4619.2,4619.2,4619.2,0.00,4619.2,4619.2,4619.2,231.76,791.2,791.2,1031.6,4105.6,4110.6,2406.6,4111.6,4110.6,2406.6,278.4,262.4,272.4,7812,1558.4,2724,14028,2060.2,1292.0,5148,0xA473DD7D
109,0,268140,268.140,0,0,OK,4625.2,4619.2,4619.2,4619.2,4619.2,4619.2,4619.2,4619.2,4619.2,0.00,4619.2,4619.2,4619.2,0.80,1031.6,791.2,1031.6,2171.2,4111.6,2406.6,2407.6,4111.6,2406.6,268.4,532.8,272.4,5308,1798.8,5228,13828,2060.2,791.2,10356,0xC11CFBD6
110,0,269138,269.138,0,0,OK,4627.2,4619.2,4619.2,4619.2,4619.2,4619.2,4619.2,4619.2,4619.2,0.00,4619.2,4619.2,4619.2,232.76,1031.6,1031.6,791.2,2171.2,2407.6,4111.6,2406.6,2407.6,4111.6,527.8,262.4,262.4,7912,1808.8,2724,16532,2060.2,1292.0,13020,0xEB6BE884
111,0,270136,270.136,0,0,OK,4625.2,4619.2,4619.2,4619.2,4619.2,4619.2,4619.2,4619.2,4619.2,0.00,4619.2,4619.2,4619.2,232.76,1031.6,1031.6,1031.6,2171.2,2407.6,2407.6,2407.6,2407.6,2407.6,528.8,272.4,262.4,7712,1808.8,5128,21540,1809.8,1031.6,12860,0x020E79CC
112,0,271135,271.135,0,0,OK,4626.2,4619.2,4619.2,4619.2,4619.2,4619.2,4619.2,4619.2,4619.2,0.00,4619.2,4619.2,4619.2,0.80,1031.6,1031.6,1031.6,2171.2,2407.6,2407.6,2407.6,2407.6,2407.6,769.2,512.8,522.8,10316,2059.2,5328,21540,2050.2,791.2,7752,0x6CDCC100
113,0,272133,272.133,0,0,OK,4625.2,4619.2,4619.2,4619.2,4619.2,4619.2,4619.2,4619.2,4619.2,0.00,4619.2,4619.2,4619.2,231.76,791.2,791.2,791.2,4105.6,4110.6,4110.6,4110.6,4110.6,4110.6,267.4,272.4,532.8,7912,1558.4,2724,19036,1809.8,1292.0,20732,0x80BB6D96
114,0,273131,273.131,0,0,OK,4622.2,4619.2,4619.2,4619.2,4619.2,4619.2,4619.2,4619.2,4619.2,0.00,4619.2,4619.2,4619.2,0.80,1031.6,791.2,791.2,2171.2,4111.6,4110.6,2406.6,4111.6,4110.6,267.4,262.4,272.4,10316,2059.2,5128,19036,1809.8,791.2,20532,0x767212F4
115,0,274130,274.130,0,0,OK,4628.2,4619.2,4619.2,4619.2,4619.2,4619.2,4619.2,4619.2,4619.2,0.00,4619.2,4619.2,4619.2,232.76,1031.6,1031.6,1031.6,2171.2,2407.6,2407.6,2407.6,2407.6,2407.6,528.8,272.4,522.8,5308,1808.8,5128,21540,1809.8,1031.6,20632,0xAE417C29
116,0,275128,275.128,0,0,OK,4619.2,4619.2,4619.2,4619.2,4619.2,4619.2,4619.2,4619.2,4619.2,0.00,4619.2,4619.2,4619.2,232.76,1031.6,1031.6,1031.6,2171.2,2407.6,2407.6,2407.6,2407.6,2407.6,769.2,532.8,262.4,7912,1798.8,2624,16432,1809.8,791.2,10316,0xCCBD17F2
117,0,276126,276.126,0,0,OK,4624.2,4619.2,4619.2,4619.2,4619.2,4619.2,4619.2,4619.2,4619.2,0.00,4619.2,4619.2,4619.2,232.76,1031.6,791.2,1031.6,2171.2,4111.6,2406.6,2407.6,4111.6,2406.6,518.8,272.4,512.8,7912,2049.2,2624,14028,2060.2,1031.6,7852,0xEAEF02D7
118,0,277124,277.124,0,0,OK,4621.2,4619.2,4619.2,4619.2,4619.2,4619.2,4619.2,4619.2,4619.2,0.00,4619.2,4619.2,4619.2,232.76,791.2,791.2,1031.6,4105.6,4110.6,2406.6,4111.6,4110.6,2406.6,518.8,272.4,522.8,10316,2049.2,5128,11424,1559.4,1292.0,18028,0xF7ACCECE
119,0,278122,278.122,0,0,OK,4627.2,4619.2,4619.2,4619.2,4619.2,4619.2,4619.2,4619.2,4619.2,0.00,4619.2,4619.2,4619.2,0.80,1031.6,1031.6,791.2,2171.2,2407.6,4111.6,2406.6,2407.6,4111.6,277.4,272.4,262.4,7912,1798.8,5128,14028,1559.4,1031.6,12860,0xBB2CD96F
120,0,279120,279.120,0,0,OK,4619.2,4619.2,4619.2,4619.2,4619.2,4619.2,4619.2,4619.2,4619.2,0.00,4619.2,4619.2,4619.2,0.80,791.2,791.2,791.2,4105.6,4110.6,4110.6,4110.6,4110.6,4110.6,768.2,512.8,532.8,7912,1808.8,2724,19136,2060.2,1292.0,23236,0xF59F794D
121,0,280118,280.118,0,0,OK,4621.2,4619.2,4619.2,4619.2,4619.2,4619.2,4619.2,4619.2,4619.2,0.00,4619.2,4619.2,4619.2,231.76,791.2,1031.6,1031.6,4105.6,2406.6,2407.6,4111.6,2406.6,2407.6,278.4,272.4,532.8,7912,1798.8,2724,14028,1809.8,791.2,5148,0x5AD4179D
122,0,281117,281.117,0,0,OK,4628.2,4619.2,4619.2,4619.2,4619.2,4619.2,4619.2,4619.2,4619.2,0.00,4619.2,4619.2,4619.2,231.76,1031.6,791.2,1031.6,2171.2,4111.6,2406.6,2407.6,4111.6,2406.6,268.4,532.8,272.4,10316,1808.8,5328,16532,1809.8,1282.0,12860,0x17DCF0E2
123,0,282115,282.115,0,0,OK,4624.2,4619.2,4619.2,4619.2,4619.2,4619.2,4619.2,4619.2,4619.2,0.00,4619.2,4619.2,4619.2,231.76,791.2,791.2,1031.6,4105.6,4110.6,2406.6,4111.6,4110.6,2406.6,769.2,532.8,272.4,10316,2059.2,2724,16632,2060.2,1282.0,2644,0x19C1A7E8
124,0,283114,283.114,0,0,OK,4623.2,4619.2,4619.2,4619.2,4619.2,4619.2,4619.2,4619.2,4619.2,0.00,4619.2,4619.2,4619.2,232.76,791.2,791.2,791.2,4105.6,4110.6,4110.6,4110.6,4110.6,4110.6,277.4,512.8,512.8,7912,2049.2,2724,16432,1799.8,1282.0,7912,0xCC105FEF
125,0,284112,284.112,0,0,OK,4627.2,4619.2,4619.2,4619.2,4619.2,4619.2,4619.2,4619.2,4619.2,0.00,4619.2,4619.2,4619.2,0.80,791.2,1031.6,791.2,4105.6,2406.6,4111.6,4110.6,2406.6,4111.6,267.4,532.8,522.8,7812,1798.8,2724,19136,2050.2,791.2,20732,0x789D4AC6
126,0,285111,285.111,0,0,OK,4619.2,4619.2,4619.2,4619.2,4619.2,4619.2,4619.2,4619.2,4619.2,0.00,4619.2,4619.2,4619.2,231.76,1031.6,1031.6,791.2,2171.2,2407.6,4111.6,2406.6,2407.6,4111.6,267.4,532.8,512.8,5308,2049.2,2624,16632,1799.8,1041.6,240,0x73451F86
127,0,286110,286.110,0,0,OK,4627.2,4619.2,4619.2,4619.2,4619.2,4619.2,4619.2,4619.2,4619.2,0.00,4619.2,4619.2,4619.2,232.76,791.2,791.2,791.2,4105.6,4110.6,4110.6,4110.6,4110.6,4110.6,527.8,272.4,512.8,7912,1808.8,5128,13828,2050.2,1292.0,10416,0x57F25B50
128,0,287108,287.108,0,0,OK,4620.2,4619.2,4619.2,4619.2,4619.2,4619.2,4619.2,4619.2,4619.2,0.00,4619.2,4619.2,4619.2,0.80,1031.6,791.2,791.2,2171.2,4111.6,4110.6,2406.6,4111.6,4110.6,277.4,262.4,512.8,7712,1798.8,5128,16532,2050.2,1031.6,240,0xA552A261
129,0,288107,288.107,0,0,OK,4622.2,4619.2,4619.2,4619.2,4619.2,4619.2,4619.2,4619.2,4619.2,0.00,4619.2,4619.2,4619.2,0.80,791.2,1031.6,791.2,4105.6,2406.6,4111.6,4110.6,2406.6,4111.6,267.4,262.4,522.8,10316,2059.2,2724,16432,2050.2,1041.6,10356,0xF1DB2517
130,0,289105,289.105,0,0,OK,4620.2,4619.2,4619.2,4619.2,4619.2,4619.2,4619.2,4619.2,4619.2,0.00,4619.2,4619.2,4619.2,232.76,1031.6,1031.6,1031.6,2171.2,2407.6,2407.6,2407.6,2407.6,2407.6,528.8,532.8,522.8,10316,1798.8,2724,19036,1809.8,1041.6,7912,0xE0DDDF0B
131,0,290104,290.104,0,0,OK,4621.2,4619.2,4619.2,4619.2,4619.2,4619.2,4619.2,4619.2,4619.2,0.00,4619.2,4619.2,4619.2,231.76,791.2,1031.6,791.2,4105.6,2406.6,4111.6,4110.6,2406.6,4111.6,517.8,262.4,262.4,7812,1798.8,5128,11424,2060.2,1282.0,7852,0xB733D61E
132,0,291102,291.102,0,0,OK,4621.2,4619.2,4619.2,4619.2,4619.2,4619.2,4619.2,4619.2,4619.2,0.00,4619.2,4619.2,4619.2,232.76,1031.6,791.2,791.2,2171.2,4111.6,4110.6,2406.6,4111.6,4110.6,277.4,522.8,262.4,5308,1558.4,2724,13828,1799.8,1031.6,7852,0x91CBC53D
133,0,292100,292.100,0,0,OK,4625.2,4619.2,4619.2,4619.2,4619.2,4619.2,4619.2,4619.2,4619.2,0.00,4619.2,4619.2,4619.2,231.76,791.2,1031.6,791.2,4105.6,2406.6,4111.6,4110.6,2406.6,4111.6,768.2,272.4,262.4,7812,1558.4,5328,13928,2060.2,1041.6,17928,0x7B5D2E86
134,0,293099,293.099,0,0,OK,4620.2,4619.2,4619.2,4619.2,4619.2,4619.2,4619.2,4619.2,4619.2,0.00,4619.2,4619.2,4619.2,232.76,791.2,1031.6,1031.6,4105.6,2406.6,2407.6,4111.6,2406.6,2407.6,518.8,262.4,262.4,5308,1558.4,2724,21540,2050.2,791.2,12920,0xAB480B84
135,0,294097,294.097,0,0,OK,4621.2,4619.2,4619.2,4619.2,4619.2,4619.2,4619.2,4619.2,4619.2,0.00,4619.2,4619.2,4619.2,231.76,1031.6,1031.6,791.2,2171.2,2407.6,4111.6,2406.6,2407.6,4111.6,768.2,272.4,532.8,7912,1798.8,2624,16432,1559.4,1041.6,7752,0xB0212980
136,0,295096,295.096,0,0,OK,4628.2,4619.2,4619.2,4619.2,4619.2,4619.2,4619.2,4619.2,4619.2,0.00,4619.2,4619.2,4619.2,231.76,791.2,791.2,791.2,4105.6,4110.6,4110.6,4110.6,4110.6,4110.6,277.4,262.4,262.4,7912,1798.8,5228,16432,2050.2,1031.6,13020,0xB9A9A859
137,0,296094,296.094,0,0,OK,4619.2,4619.2,4619.2,4619.2,4619.2,4619.2,4619.2,4619.2,4619.2,0.00,4619.2,4619.2,4619.2,0.80,1031.6,1031.6,791.2,2171.2,2407.6,4111.6,2406.6,2407.6,4111.6,277.4,522.8,512.8,10316,2049.2,5228,16532,2050.2,1282.0,7852,0xA75DE30E
138,0,297093,297.093,0,0,OK,4626.2,4619.2,4619.2,4619.2,4619.2,4619.2,4619.2,4619.2,4619.2,0.00,4619.2,4619.2,4619.2,231.76,1031.6,791.2,1031.6,2171.2,4111.6,2406.6,2407.6,4111.6,2406.6,518.8,262.4,522.8,7912,1798.8,5128,19136,1559.4,1031.6,20532,0xF7C053F8
139,0,298091,298.091,0,0,OK,4623.2,4619.2,4619.2,4619.2,4619.2,4619.2,4619.2,4619.2,4619.2,0.00,4619.2,4619.2,4619.2,232.76,791.2,791.2,791.2,4105.6,4110.6,4110.6,4110.6,4110.6,4110.6,277.4,532.8,272.4,10316,1798.8,2624,21540,2060.2,1292.0,10316,0x75FDB565
140,0,299090,299.090,0,0,OK,4620.2,4619.2,4619.2,4619.2,4619.2,4619.2,4619.2,4619.2,4619.2,0.00,4619.2,4619.2,4619.2,231.76,791.2,1031.6,791.2,4105.6,2406.6,4111.6,4110.6,2406.6,4111.6,517.8,272.4,272.4,7912,1808.8,2724,16632,1809.8,791.2,18028,0xFDECF0AE
141,0,300088,300.088,0,0,OK,4622.2,4619.2,4619.2,4619.2,4619.2,4619.2,4619.2,4619.2,4619.2,0.00,4619.2,4619.2,4619.2,231.76,791.2,1031.6,1031.6,4105.6,2406.6,2407.6,4111.6,2406.6,2407.6,518.8,272.4,532.8,5308,1798.8,2724,11424,2050.2,791.2,7752,0x403BED3A
142,0,301086,301.086,0,0,OK,4623.2,4619.2,4619.2,4619.2,4619.2,4619.2,4619.2,4619.2,4619.2,0.00,4619.2,4619.2,4619.2,232.76,791.2,1031.6,791.2,4105.6,2406.6,4111.6,4110.6,2406.6,4111.6,277.4,262.4,512.8,10316,2049.2,2624,16432,2060.2,1031.6,10456,0x787D52B9
143,0,302084,302.084,0,0,OK,4624.2,4619.2,4619.2,4619.2,4619.2,4619.2,4619.2,4619.2,4619.2,0.00,4619.2,4619.2,4619.2,231.76,1031.6,1031.6,1031.6,2171.2,2407.6,2407.6,2407.6,2407.6,2407.6,769.2,532.8,532.8,10316,1798.8,2624,16532,1799.8,1292.0,7912,0x36180A8B
144,0,303083,303.083,0,0,OK,4625.2,4619.2,4619.2,4619.2,4619.2,4619.2,4619.2,4619.2,4619.2,0.00,4619.2,4619.2,4619.2,232.76,791.2,1031.6,1031.6,4105.6,2406.6,2407.6,4111.6,2406.6,2407.6,769.2,272.4,512.8,7712,2049.2,5328,16632,1799.8,791.2,15524,0x11B425A3
145,0,304081,304.081,0,0,OK,4623.2,4619.2,4619.2,4619.2,4619.2,4619.2,4619.2,4619.2,4619.2,0.00,4619.2,4619.2,4619.2,232.76,791.2,1031.6,791.2,4105.6,2406.6,4111.6,4110.6,2406.6,4111.6,768.2,522.8,512.8,7912,2049.2,5228,13928,2050.2,1031.6,20632,0x7C1140E0
146,0,305079,305.079,0,0,OK,4623.2,4619.2,4619.2,4619.2,4619.2,4619.2,4619.2,4619.2,4619.2,0.00,4619.2,4619.2,4619.2,232.76,791.2,1031.6,791.2,4105.6,2406.6,4111.6,4110.6,2406.6,4111.6,267.4,262.4,272.4,7712,2049.2,2624,19036,1799.8,791.2,2744,0x02D5B75A
147,0,306077,306.077,0,0,OK,4627.2,4619.2,4619.2,4619.2,4619.2,4619.2,4619.2,4619.2,4619.2,0.00,4619.2,4619.2,4619.2,231.76,791.2,1031.6,791.2,4105.6,2406.6,4111.6,4110.6,2406.6,4111.6,267.4,272.4,262.4,10316,2049.2,5328,19036,2050.2,1292.0,240,0x23F235C2
148,0,307075,307.075,0,0,OK,4621.2,4619.2,4619.2,4619.2,4619.2,4619.2,4619.2,4619.2,4619.2,0.00,4619.2,4619.2,4619.2,231.76,791.2,791.2,1031.6,4105.6,4110.6,2406.6,4111.6,4110.6,2406.6,769.2,272.4,262.4,7912,2049.2,2724,16532,1809.8,1031.6,5248,0x9CEF586C
149,0,308073,308.073,0,0,OK,4622.2,4619.2,4619.2,4619.2,4619.2,4619.2,4619.2,4619.2,4619.2,0.00,4619.2,4619.2,4619.2,0.80,791.2,1031.6,1031.6,4105.6,2406.6,2407.6,4111.6,2406.6,2407.6,278.4,272.4,272.4,10316,1558.4,5128,16432,1799.8,1031.6,10316,0x6307548E
150,0,309071,309.071,0,0,OK,4625.2,4619.2,4619.2,4619.2,4619.2,4619.2,4619.2,4619.2,4619.2,0.00,4619.2,4619.2,4619.2,232.76,791.2,1031.6,1031.6,4105.6,2406.6,2407.6,4111.6,2406.6,2407.6,769.2,272.4,512.8,5308,2059.2,5128,19036,2060.2,1292.0,20732,0xC9143740
151,0,310070,310.070,0,0,OK,4620.2,4619.2,4619.2,4619.2,4619.2,4619.2,4619.2,4619.2,4619.2,0.00,4619.2,4619.2,4619.2,0.80,791.2,791.2,791.2,4105.6,4110.6,4110.6,4110.6,4110.6,4110.6,527.8,532.8,272.4,10316,2059.2,2724,13828,1559.4,1041.6,7852,0xE85D0C32
152,0,311068,311.068,0,0,OK,4622.2,4619.2,4619.2,4619.2,4619.2,4619.2,4619.2,4619.2,4619.2,0.00,4619.2,4619.2,4619.2,231.76,791.2,791.2,1031.6,4105.6,4110.6,2406.6,4111.6,4110.6,2406.6,268.4,532.8,522.8,7712,1558.4,5228,16632,1809.8,1031.6,10456,0xA65285B9
153,0,312066,312.066,0,0,OK,4625.2,4619.2,4619.2,4619.2,4619.2,4619.2,4619.2,4619.2,4619.2,0.00,4619.2,4619.2,4619.2,231.76,791.2,791.2,1031.6,4105.6,4110.6,2406.6,4111.6,4110.6,2406.6,528.8,512.8,272.4,5308,2049.2,5328,16632,2060.2,1041.6,10416,0x490F0ED0
154,0,313064,313.064,0,0,OK,4619.2,4619.2,4619.2,4619.2,4619.2,4619.2,4619.2,4619.2,4619.2,0.00,4619.2,4619.2,4619.2,232.76,1031.6,791.2,791.2,2171.2,4111.6,4110.6,2406.6,4111.6,4110.6,277.4,272.4,272.4,7912,2059.2,5228,13828,2060.2,1031.6,10416,0xAE64EC2A
155,0,314062,314.062,0,0,OK,4625.2,4619.2,4619.2,4619.2,4619.2,4619.2,4619.2,4619.2,4619.2,0.00,4619.2,4619.2,4619.2,0.80,1031.6,1031.6,1031.6,2171.2,2407.6,2407.6,2407.6,2407.6,2407.6,268.4,522.8,522.8,7712,2049.2,2724,13928,1809.8,1031.6,7912,0xB96C035A
156,0,315060,315.060,0,0,OK,4626.2,4619.2,4619.2,4619.2,4619.2,4619.2,4619.2,4619.2,4619.2,0.00,4619.2,4619.2,4619.2,0.80,1031.6,791.2,791.2,2171.2,4111.6,4110.6,2406.6,4111.6,4110.6,517.8,512.8,272.4,10316,2049.2,2624,16632,1799.8,791.2,2644,0x8097763F
157,0,316058,316.058,0,0,OK,4627.2,4619.2,4619.2,4619.2,4619.2,4619.2,4619.2,4619.2,4619.2,0.00,4619.2,4619.2,4619.2,232.76,1031.6,1031.6,791.2,2171.2,2407.6,4111.6,2406.6,2407.6,4111.6,277.4,262.4,522.8,7712,2059.2,5228,11424,1809.8,1292.0,20632,0x57520FA2
158,0,317055,317.055,0,0,OK,4623.2,4619.2,4619.2,4619.2,4619.2,4619.2,4619.2,4619.2,4619.2,0.00,4619.2,4619.2,4619.2,232.76,791.2,1031.6,1031.6,4105.6,2406.6,2407.6,4111.6,2406.6,2407.6,278.4,512.8,522.8,7712,1558.4,2624,11424,2050.2,1031.6,10356,0x14C39CB2
159,0,318053,318.053,0,0,OK,4623.2,4619.2,4619.2,4619.2,4619.2,4619.2,4619.2,4619.2,4619.2,0.00,4619.2,4619.2,4619.2,232.76,791.2,791.2,1031.6,4105.6,4110.6,2406.6,4111.6,4110.6,2406.6,518.8,512.8,522.8,10316,2059.2,2624,16432,2060.2,1041.6,10256,0xB46D0AA9
160,0,319051,319.051,0,0,OK,4626.2,4619.2,4619.2,4619.2,4619.2,4619.2,4619.2,4619.2,4619.2,0.00,4619.2,4619.2,4619.2,0.80,791.2,1031.6,1031.6,4105.6,2406.6,2407.6,4111.6,2406.6,2407.6,518.8,522.8,522.8,7912,2059.2,5328,13828,1809.8,1282.0,7752,0x18C1A5BF
161,0,320050,320.050,0,0,OK,4620.2,4619.2,4619.2,4619.2,4619.2,4619.2,4619.2,4619.2,4619.2,0.00,4619.2,4619.2,4619.2,232.76,1031.6,1031.6,791.2,2171.2,2407.6,4111.6,2406.6,2407.6,4111.6,277.4,272.4,272.4,7912,2059.2,5328,21540,2050.2,1282.0,5348,0x012F1A0E
162,0,321048,321.048,0,0,OK,4620.2,4619.2,4619.2,4619.2,4619.2,4619.2,4619.2,4619.2,4619.2,0.00,4619.2,4619.2,4619.2,231.76,1031.6,1031.6,791.2,2171.2,2407.6,4111.6,2406.6,2407.6,4111.6,267.4,522.8,272.4,7812,1808.8,5328,19036,1799.8,1031.6,5348,0x0EB72E15
163,0,322046,322.046,0,0,OK,4627.2,4619.2,4619.2,4619.2,4619.2,4619.2,4619.2,4619.2,4619.2,0.00,4619.2,4619.2,4619.2,231.76,1031.6,791.2,1031.6,2171.2,4111.6,2406.6,2407.6,4111.6,2406.6,769.2,512.8,532.8,10316,1558.4,2724,19136,1559.4,1282.0,2744,0xFC67FB49
164,0,323045,323.045,0,0,OK,4624.2,4619.2,4619.2,4619.2,4619.2,4619.2,4619.2,4619.2,4619.2,0.00,4619.2,4619.2,4619.2,231.76,1031.6,1031.6,791.2,2171.2,2407.6,4111.6,2406.6,2407.6,4111.6,277.4,272.4,512.8,10316,1808.8,5228,14028,2050.2,1282.0,12920,0x12F02EC7
165,0,324043,324.043,0,0,OK,4619.2,4619.2,4619.2,4619.2,4619.2,4619.2,4619.2,4619.2,4619.2,0.00,4619.2,4619.2,4619.2,232.76,1031.6,1031.6,1031.6,2171.2,2407.6,2407.6,2407.6,2407.6,2407.6,268.4,532.8,512.8,5308,2059.2,2724,13928,1799.8,1041.6,10256,0x35CE60C2
166,0,325041,325.041,0,0,OK,4625.2,4619.2,4619.2,4619.2,4619.2,4619.2,4619.2,4619.2,4619.2,0.00,4619.2,4619.2,4619.2,231.76,1031.6,791.2,1031.6,2171.2,4111.6,2406.6,2407.6,4111.6,2406.6,278.4,262.4,532.8,7712,1798.8,5228,16432,1559.4,1041.6,2644,0xE11E91CF
167,0,326040,326.040,0,0,OK,4619.2,4619.2,4619.2,4619.2,4619.2,4619.2,4619.2,4619.2,4619.2,0.00,4619.2,4619.2,4619.2,232.76,1031.6,1031.6,791.2,2171.2,2407.6,4111.6,2406.6,2407.6,4111.6,517.8,272.4,272.4,7912,1808.8,2624,13928,1799.8,1031.6,5248,0x6A7B1343
168,0,327038,327.038,0,0,OK,4621.2,4619.2,4619.2,4619.2,4619.2,4619.2,4619.2,4619.2,4619.2,0.00,4619.2,4619.2,4619.2,0.80,1031.6,791.2,1031.6,2171.2,4111.6,2406.6,2407.6,4111.6,2406.6,518.8,272.4,532.8,7812,2049.2,2724,14028,2050.2,1041.6,13020,0x00968DC3
169,0,328036,328.036,0,0,OK,4624.2,4619.2,4619.2,4619.2,4619.2,4619.2,4619.2,4619.2,4619.2,0.00,4619.2,4619.2,4619.2,231.76,1031.6,791.2,791.2,2171.2,4111.6,4110.6,2406.6,4111.6,4110.6,527.8,512.8,512.8,10316,1798.8,5328,13928,1559.4,791.2,20632,0xB3FDE93B
170,0,329034,329.034,0,0,OK,4628.2,4619.2,4619.2,4619.2,4619.2,4619.2,4619.2,4619.2,4619.2,0.00,4619.2,4619.2,4619.2,231.76,791.2,1031.6,1031.6,4105.6,2406.6,2407.6,4111.6,2406.6,2407.6,528.8,532.8,512.8,5308,2049.2,5228,21540,1809.8,1041.6,15424,0xBCD4143B
171,0,330033,330.033,0,0,OK,4626.2,4619.2,4619.2,4619.2,4619.2,4619.2,4619.2,4619.2,4619.2,0.00,4619.2,4619.2,4619.2,232.76,1031.6,791.2,1031.6,2171.2,4111.6,2406.6,2407.6,4111.6,2406.6,268.4,522.8,532.8,7912,2059.2,5328,11424,2060.2,1031.6,10416,0xE8E1F48A
172,0,331031,331.031,0,0,OK,4619.2,4619.2,4619.2,4619.2,4619.2,4619.2,4619.2,4619.2,4619.2,0.00,4619.2,4619.2,4619.2,0.80,791.2,791.2,791.2,4105.6,4110.6,4110.6,4110.6,4110.6,4110.6,768.2,262.4,262.4,7812,2059.2,2724,14028,2050.2,1031.6,10256,0x91D0F86E
173,0,332030,332.030,0,0,OK,4619.2,4619.2,4619.2,4619.2,4619.2,4619.2,4619.2,4619.2,4619.2,0.00,4619.2,4619.2,4619.2,0.80,1031.6,791.2,791.2,2171.2,4111.6,4110.6,2406.6,4111.6,4110.6,277.4,522.8,532.8,7812,2049.2,5128,16532,2060.2,1041.6,140,0xF3B90709
174,0,333028,333.028,0,0,OK,4620.2,4619.2,4619.2,4619.2,4619.2,4619.2,4619.2,4619.2,4619.2,0.00,4619.2,4619.2,4619.2,231.76,791.2,1031.6,1031.6,4105.6,2406.6,2407.6,4111.6,2406.6,2407.6,518.8,262.4,532.8,5308,1808.8,2724,16632,1809.8,1292.0,12860,0xA22DEBC0
175,0,334027,334.027,0,0,OK,4621.2,4619.2,4619.2,4619.2,4619.2,4619.2,4619.2,4619.2,4619.2,0.00,4619.2,4619.2,4619.2,231.76,1031.6,1031.6,1031.6,2171.2,2407.6,2407.6,2407.6,2407.6,2407.6,518.8,262.4,522.8,10316,2059.2,2724,13928,1559.4,1282.0,17928,0xE8E124F2
176,0,335025,335.025,0,0,OK,4628.2,4619.2,4619.2,4619.2,4619.2,4619.2,4619.2,4619.2,4619.2,0.00,4619.2,4619.2,4619.2,0.80,1031.6,791.2,791.2,2171.2,4111.6,4110.6,2406.6,4111.6,4110.6,527.8,532.8,522.8,5308,1808.8,5328,21540,1559.4,1041.6,15424,0xB7EE75E7
177,0,336024,336.024,0,0,OK,4622.2,4619.2,4619.2,4619.2,4619.2,4619.2,4619.2,4619.2,4619.2,0.00,4619.2,4619.2,4619.2,232.76,791.2,791.2,1031.6,4105.6,4110.6,2406.6,4111.6,4110.6,2406.6,268.4,272.4,272.4,10316,2049.2,5328,16632,1809.8,1041.6,2744,0xE3246BF4
178,0,337022,337.022,0,0,OK,4620.2,4619.2,4619.2,4619.2,4619.2,4619.2,4619.2,4619.2,4619.2,0.00,4619.2,4619.2,4619.2,0.80,791.2,791.2,791.2,4105.6,4110.6,4110.6,4110.6,4110.6,4110.6,517.8,522.8,532.8,7712,1558.4,5328,16432,2060.2,1031.6,10356,0x9DF9A557
179,0,338021,338.021,0,0,OK,4628.2,4619.2,4619.2,4619.2,4619.2,4619.2,4619.2,4619.2,4619.2,0.00,4619.2,4619.2,4619.2,232.76,1031.6,791.2,791.2,2171.2,4111.6,4110.6,2406.6,4111.6,4110.6,527.8,522.8,512.8,10316,1808.8,5128,16532,1809.8,1282.0,20632,0x34864B94
180,0,339019,339.019,0,0,OK,4620.2,4619.2,4619.2,4619.2,4619.2,4619.2,4619.2,4619.2,4619.2,0.00,4619.2,4619.2,4619.2,231.76,1031.6,791.2,791.2,2171.2,4111.6,4110.6,2406.6,4111.6,4110.6,277.4,522.8,522.8,10316,1798.8,2624,16632,2050.2,1292.0,12920,0x3DB15A8E
181,0,340017,340.017,0,0,OK,4625.2,4619.2,4619.2,4619.2,4619.2,4619.2,4619.2,4619.2,4619.2,0.00,4619.2,4619.2,4619.2,231.76,1031.6,1031.6,791.2,2171.2,2407.6,4111.6,2406.6,2407.6,4111.6,527.8,272.4,512.8,7812,2049.2,2624,16532,2060.2,1031.6,18128,0x721A702E
182,0,341015,341.015,0,0,OK,4620.2,4619.2,4619.2,4619.2,4619.2,4619.2,4619.2,4619.2,4619.2,0.00,4619.2,4619.2,4619.2,231.76,791.2,1031.6,1031.6,4105.6,2406.6,2407.6,4111.6,2406.6,2407.6,268.4,522.8,522.8,7812,2059.2,2624,11424,1559.4,1292.0,18028,0xAB6DB89C
183,0,342014,342.014,0,0,OK,4619.2,4619.2,4619.2,4619.2,4619.2,4619.2,4619.2,4619.2,4619.2,0.00,4619.2,4619.2,4619.2,232.76,791.2,791.2,1031.6,4105.6,4110.6,2406.6,4111.6,4110.6,2406.6,268.4,522.8,532.8,10316,1808.8,2624,11424,1809.8,1282.0,23236,0x73DE23E3
184,0,343012,343.012,0,0,OK,4628.2,4619.2,4619.2,4619.2,4619.2,4619.2,4619.2,4619.2,4619.2,0.00,4619.2,4619.2,4619.2,232.76,1031.6,1031.6,1031.6,2171.2,2407.6,2407.6,2407.6,2407.6,2407.6,769.2,522.8,522.8,5308,1798.8,2624,13828,1799.8,1292.0,18028,0x70756BBB
185,0,344010,344.010,0,0,OK,4624.2,4619.2,4619.2,4619.2,4619.2,4619.2,4619.2,4619.2,4619.2,0.00,4619.2,4619.2,4619.2,232.76,1031.6,791.2,1031.6,2171.2,4111.6,2406.6,2407.6,4111.6,2406.6,518.8,272.4,532.8,7712,1808.8,5128,16532,2050.2,1041.6,140,0xFD6193E8
186,0,345008,345.008,0,0,OK,4627.2,4619.2,4619.2,4619.2,4619.2,4619.2,4619.2,4619.2,4619.2,0.00,4619.2,4619.2,4619.2,232.76,1031.6,791.2,791.2,2171.2,4111.6,4110.6,2406.6,4111.6,4110.6,517.8,262.4,532.8,5308,2049.2,2624,13928,2060.2,1041.6,7752,0x9C96DE59
187,0,346006,346.006,0,0,OK,4622.2,4619.2,4619.2,4619.2,4619.2,4619.2,4619.2,4619.2,4619.2,0.00,4619.2,4619.2,4619.2,232.76,791.2,1031.6,791.2,4105.6,2406.6,4111.6,4110.6,2406.6,4111.6,527.8,262.4,532.8,7712,1808.8,5328,11424,2060.2,1041.6,15424,0x0FA4CC28
188,0,347004,347.004,0,0,OK,4627.2,4619.2,4619.2,4619.2,4619.2,4619.2,4619.2,4619.2,4619.2,0.00,4619.2,4619.2,4619.2,232.76,791.2,791.2,1031.6,4105.6,4110.6,2406.6,4111.6,4110.6,2406.6,769.2,512.8,262.4,7912,2049.2,5128,14028,2060.2,1031.6,10416,0xAF7430D1
189,0,348002,348.002,0,0,OK,4620.2,4619.2,4619.2,4619.2,4619.2,4619.2,4619.2,4619.2,4619.2,0.00,4619.2,4619.2,4619.2,232.76,791.2,791.2,791.2,4105.6,4110.6,4110.6,4110.6,4110.6,4110.6,267.4,522.8,262.4,10316,2049.2,2624,13928,1799.8,791.2,12920,0x0799C3A8
190,0,349000,349.000,0,0,OK,4624.2,4619.2,4619.2,4619.2,4619.2,4619.2,4619.2,4619.2,4619.2,0.00,4619.2,4619.2,4619.2,0.80,1031.6,791.2,1031.6,2171.2,4111.6,2406.6,2407.6,4111.6,2406.6,268.4,522.8,522.8,7712,1808.8,5128,19036,1799.8,1041.6,5148,0xF49C9122
191,0,349998,349.998,0,0,OK,4626.2,4619.2,4619.2,4619.2,4619.2,4619.2,4619.2,4619.2,4619.2,0.00,4619.2,4619.2,4619.2,231.76,1031.6,791.2,1031.6,2171.2,4111.6,2406.6,2407.6,4111.6,2406.6,268.4,522.8,512.8,5308,1558.4,5328,16632,2060.2,1292.0,12920,0xE0938880
192,0,350997,350.997,0,0,OK,4626.2,4619.2,4619.2,4619.2,4619.2,4619.2,4619.2,4619.2,4619.2,0.00,4619.2,4619.2,4619.2,0.80,791.2,1031.6,791.2,4105.6,2406.6,4111.6,4110.6,2406.6,4111.6,267.4,522.8,262.4,10316,1558.4,2624,16532,1559.4,791.2,240,0x4F8E4E82
193,0,351995,351.995,0,0,OK,4625.2,4619.2,4619.2,4619.2,4619.2,4619.2,4619.2,4619.2,4619.2,0.00,4619.2,4619.2,4619.2,231.76,1031.6,791.2,791.2,2171.2,4111.6,4110.6,2406.6,4111.6,4110.6,517.8,262.4,532.8,7812,2049.2,2624,16532,2050.2,1041.6,20732,0x6873C088
194,0,352993,352.993,0,0,OK,4628.2,4619.2,4619.2,4619.2,4619.2,4619.2,4619.2,4619.2,4619.2,0.00,4619.2,4619.2,4619.2,0.80,1031.6,1031.6,1031.6,2171.2,2407.6,2407.6,2407.6,2407.6,2407.6,278.4,512.8,522.8,10316,2049.2,5228,19136,1799.8,1031.6,2744,0xBA7E50F5
195,0,353991,353.991,0,0,OK,4625.2,4619.2,4619.2,4619.2,4619.2,4619.2,4619.2,4619.2,4619.2,0.00,4619.2,4619.2,4619.2,232.76,791.2,791.2,791.2,4105.6,4110.6,4110.6,4110.6,4110.6,4110.6,267.4,512.8,532.8,7812,1808.8,5228,19136,2050.2,791.2,10256,0x08FAE3BF
196,0,354990,354.990,0,0,OK,4621.2,4619.2,4619.2,4619.2,4619.2,4619.2,4619.2,4619.2,4619.2,0.00,4619.2,4619.2,4619.2,0.80,791.2,1031.6,1031.6,4105.6,2406.6,2407.6,4111.6,2406.6,2407.6,268.4,512.8,272.4,10316,1808.8,5228,19036,2060.2,1031.6,18128,0xE5C5D720
197,0,355988,355.988,0,0,OK,4623.2,4619.2,4619.2,4619.2,4619.2,4619.2,4619.2,4619.2,4619.2,0.00,4619.2,4619.2,4619.2,232.76,791.2,791.2,1031.6,4105.6,4110.6,2406.6,4111.6,4110.6,2406.6,268.4,512.8,522.8,7712,2059.2,2624,13828,2060.2,1282.0,12820,0x918E0A43
198,0,356987,356.987,0,0,OK,4620.2,4619.2,4619.2,4619.2,4619.2,4619.2,4619.2,4619.2,4619.2,0.00,4619.2,4619.2,4619.2,232.76,1031.6,791.2,791.2,2171.2,4111.6,4110.6,2406.6,4111.6,4110.6,267.4,522.8,272.4,5308,2049.2,5228,19136,2050.2,791.2,20732,0x1A1C4A46
199,0,357985,357.985,0,0,OK,4621.2,4619.2,4619.2,4619.2,4619.2,4619.2,4619.2,4619.2,4619.2,0.00,4619.2,4619.2,4619.2,231.76,791.2,1031.6,1031.6,4105.6,2406.6,2407.6,4111.6,2406.6,2407.6,268.4,522.8,272.4,7912,2059.2,5328,14028,1559.4,1031.6,40,0x2F3D1D21
200,0,358983,358.983,0,0,OK,4626.2,4619.2,4619.2,4619.2,4619.2,4619.2,4619.2,4619.2,4619.2,0.00,4619.2,4619.2,4619.2,231.76,791.2,791.2,791.2,4105.6,4110.6,4110.6,4110.6,4110.6,4110.6,768.2,262.4,522.8,7712,1808.8,5128,11424,1799.8,791.2,7912,0x14158487
201,0,359982,359.982,0,0,OK,4619.2,4619.2,4619.2,4619.2,4619.2,4619.2,4619.2,4619.2,4619.2,0.00,4619.2,4619.2,4619.2,231.76,1031.6,1031.6,1031.6,2171.2,2407.6,2407.6,2407.6,2407.6,2407.6,528.8,512.8,512.8,7812,2049.2,5328,16532,2050.2,1282.0,23236,0x50513076
202,0,360980,360.980,0,0,OK,4620.2,4619.2,4619.2,4619.2,4619.2,4619.2,4619.2,4619.2,4619.2,0.00,4619.2,4619.2,4619.2,232.76,791.2,1031.6,1031.6,4105.6,2406.6,2407.6,4111.6,2406.6,2407.6,278.4,272.4,272.4,7812,2049.2,5128,13928,1809.8,1282.0,12860,0xE4312AE5
203,0,361978,361.978,0,0,OK,4626.2,4619.2,4619.2,4619.2,4619.2,4619.2,4619.2,4619.2,4619.2,0.00,4619.2,4619.2,4619.2,231.76,1031.6,1031.6,791.2,2171.2,2407.6,4111.6,2406.6,2407.6,4111.6,267.4,262.4,272.4,7912,2059.2,5228,11424,2060.2,1292.0,5348,0x3A834E12
204,0,362977,362.977,0,0,OK,4623.2,4619.2,4619.2,4619.2,4619.2,4619.2,4619.2,4619.2,4619.2,0.00,4619.2,4619.2,4619.2,0.80,791.2,791.2,791.2,4105.6,4110.6,4110.6,4110.6,4110.6,4110.6,277.4,512.8,522.8,7712,1798.8,5228,21540,2060.2,1292.0,7852,0x8E8877D5
205,0,363975,363.975,0,0,OK,4620.2,4619.2,4619.2,4619.2,4619.2,4619.2,4619.2,4619.2,4619.2,0.00,4619.2,4619.2,4619.2,232.76,791.2,791.2,1031.6,4105.6,4110.6,2406.6,4111.6,4110.6,2406.6,769.2,512.8,522.8,7912,2059.2,2624,16532,2060.2,1292.0,17928,0xA07F7CAD
206,0,364973,364.973,0,0,OK,4622.2,4619.2,4619.2,4619.2,4619.2,4619.2,4619.2,4619.2,4619.2,0.00,4619.2,4619.2,4619.2,231.76,1031.6,1031.6,791.2,2171.2,2407.6,4111.6,2406.6,2407.6,4111.6,768.2,522.8,512.8,5308,2059.2,5128,13828,2060.2,1031.6,2744,0x02EFA5FE
207,0,365971,365.971,0,0,OK,4621.2,4619.2,4619.2,4619.2,4619.2,4619.2,4619.2,4619.2,4619.2,0.00,4619.2,4619.2,4619.2,0.80,791.2,791.2,1031.6,4105.6,4110.6,2406.6,4111.6,4110.6,2406.6,268.4,512.8,512.8,7912,1558.4,2724,16432,1799.8,1292.0,10416,0x79BE30DD
208,0,366970,366.970,0,0,OK,4622.2,4619.2,4619.2,4619.2,4619.2,4619.2,4619.2,4619.2,4619.2,0.00,4619.2,4619.2,4619.2,232.76,1031.6,791.2,791.2,2171.2,4111.6,4110.6,2406.6,4111.6,4110.6,517.8,262.4,532.8,7712,2059.2,5228,13828,1559.4,1031.6,2644,0x0F7BC871
209,0,367968,367.968,0,0,OK,4628.2,4619.2,4619.2,4619.2,4619.2,4619.2,4619.2,4619.2,4619.2,0.00,4619.2,4619.2,4619.2,231.76,791.2,1031.6,1031.6,4105.6,2406.6,2407.6,4111.6,2406.6,2407.6,278.4,532.8,522.8,7712,2049.2,5328,19136,1809.8,1041.6,12820,0x160DB86E
210,0,368967,368.967,0,0,OK,4627.2,4619.2,4619.2,4619.2,4619.2,4619.2,4619.2,4619.2,4619.2,0.00,4619.2,4619.2,4619.2,231.76,791.2,1031.6,1031.6,4105.6,2406.6,2407.6,4111.6,2406.6,2407.6,518.8,532.8,272.4,10316,1808.8,5128,16432,1559.4,1282.0,240,0xEE46C13A
211,0,369965,369.965,0,0,OK,4620.2,4619.2,4619.2,4619.2,4619.2,4619.2,4619.2,4619.2,4619.2,0.00,4619.2,4619.2,4619.2,231.76,791.2,1031.6,1031.6,4105.6,2406.6,2407.6,4111.6,2406.6,2407.6,518.8,262.4,512.8,7912,2059.2,5228,16632,1559.4,1282.0,10456,0xB7C41C4E
212,0,370964,370.964,0,0,OK,4619.2,4619.2,4619.2,4619.2,4619.2,4619.2,4619.2,4619.2,4619.2,0.00,4619.2,4619.2,4619.2,232.76,791.2,1031.6,1031.6,4105.6,2406.6,2407.6,4111.6,2406.6,2407.6,268.4,272.4,532.8,7712,2059.2,5228,21540,2050.2,1031.6,10356,0xD4704AD0
213,0,371962,371.962,0,0,OK,4623.2,4619.2,4619.2,4619.2,4619.2,4619.2,4619.2,4619.2,4619.2,0.00,4619.2,4619.2,4619.2,0.80,791.2,791.2,791.2,4105.6,4110.6,4110.6,4110.6,4110.6,4110.6,768.2,532.8,532.8,5308,2059.2,2624,19136,1799.8,1282.0,5348,0xDF822CA3
214,0,372961,372.961,0,0,OK,4621.2,4619.2,4619.2,4619.2,4619.2,4619.2,4619.2,4619.2,4619.2,0.00,4619.2,4619.2,4619.2,231.76,791.2,791.2,791.2,4105.6,4110.6,4110.6,4110.6,4110.6,4110.6,267.4,512.8,532.8,10316,1798.8,2624,16532,1559.4,1282.0,7912,0xA9584198
215,0,373959,373.959,0,0,OK,4623.2,4619.2,4619.2,4619.2,4619.2,4619.2,4619.2,4619.2,4619.2,0.00,4619.2,4619.2,4619.2,0.80,791.2,1031.6,1031.6,4105.6,2406.6,2407.6,4111.6,2406.6,2407.6,769.2,532.8,272.4,7712,1558.4,5228,16432,1799.8,1282.0,10356,0x61CCD480
216,0,374957,374.957,0,0,OK,4625.2,4619.2,4619.2,4619.2,4619.2,4619.2,4619.2,4619.2,4619.2,0.00,4619.2,4619.2,4619.2,231.76,1031.6,1031.6,1031.6,2171.2,2407.6,2407.6,2407.6,2407.6,2407.6,769.2,262.4,262.4,7912,1808.8,2724,19136,1559.4,1041.6,5248,0x964F273A
217,0,375956,375.956,0,0,OK,4621.2,4619.2,4619.2,4619.2,4619.2,4619.2,4619.2,4619.2,4619.2,0.00,4619.2,4619.2,4619.2,232.76,791.2,1031.6,1031.6,4105.6,2406.6,2407.6,4111.6,2406.6,2407.6,278.4,262.4,272.4,7912,1798.8,5128,13828,2060.2,791.2,23236,0x896125B3
218,0,376954,376.954,0,0,OK,4620.2,4619.2,4619.2,4619.2,4619.2,4619.2,4619.2,4619.2,4619.2,0.00,4619.2,4619.2,4619.2,231.76,1031.6,1031.6,1031.6,2171.2,2407.6,2407.6,2407.6,2407.6,2407.6,278.4,272.4,532.8,7712,1558.4,5228,16632,2050.2,1031.6,10456,0x84466F96
219,0,377952,377.952,0,0,OK,4621.2,4619.2,4619.2,4619.2,4619.2,4619.2,4619.2,4619.2,4619.2,0.00,4619.2,4619.2,4619.2,231.76,1031.6,1031.6,791.2,2171.2,2407.6,4111.6,2406.6,2407.6,4111.6,768.2,272.4,262.4,7812,1558.4,5328,19036,1799.8,1292.0,2644,0x8B28DF8D
220,0,378950,378.950,0,0,OK,4620.2,4619.2,4619.2,4619.2,4619.2,4619.2,4619.2,4619.2,4619.2,0.00,4619.2,4619.2,4619.2,231.76,791.2,791.2,1031.6,4105.6,4110.6,2406.6,4111.6,4110.6,2406.6,268.4,522.8,532.8,7712,1808.8,5228,13928,1799.8,1031.6,2744,0x8A102C30
221,0,379949,379.949,0,0,OK,4623.2,4619.2,4619.2,4619.2,4619.2,4619.2,4619.2,4619.2,4619.2,0.00,4619.2,4619.2,4619.2,231.76,1031.6,791.2,1031.6,2171.2,4111.6,2406.6,2407.6,4111.6,2406.6,268.4,262.4,272.4,10316,1798.8,5228,21540,1809.8,791.2,2644,0x3E7FA64F
222,0,380947,380.947,0,0,OK,4628.2,4619.2,4619.2,4619.2,4619.2,4619.2,4619.2,4619.2,4619.2,0.00,4619.2,4619.2,4619.2,232.76,1031.6,791.2,1031.6,2171.2,4111.6,2406.6,2407.6,4111.6,2406.6,769.2,532.8,272.4,7912,1798.8,5128,16432,1799.8,1282.0,240,0xB7C58EFB
223,0,381946,381.946,0,0,OK,4622.2,4619.2,4619.2,4619.2,4619.2,4619.2,4619.2,4619.2,4619.2,0.00,4619.2,4619.2,4619.2,0.80,1031.6,791.2,1031.6,2171.2,4111.6,2406.6,2407.6,4111.6,2406.6,528.8,532.8,522.8,10316,2059.2,2724,16532,1559.4,1282.0,7752,0x0CC15C81
224,0,382944,382.944,0,0,OK,4620.2,4619.2,4619.2,4619.2,4619.2,4619.2,4619.2,4619.2,4619.2,0.00,4619.2,4619.2,4619.2,232.76,1031.6,791.2,1031.6,2171.2,4111.6,2406.6,2407.6,4111.6,2406.6,769.2,532.8,272.4,7912,1798.8,2624,11424,2050.2,1041.6,15424,0xA4E335B6
225,0,383942,383.942,0,0,OK,4621.2,4619.2,4619.2,4619.2,4619.2,4619.2,4619.2,4619.2,4619.2,0.00,4619.2,4619.2,4619.2,0.80,791.2,791.2,1031.6,4105.6,4110.6,2406.6,4111.6,4110.6,2406.6,268.4,262.4,262.4,7912,1808.8,5328,21540,2060.2,1031.6,10416,0xB2FAFF68
226,0,384940,384.940,0,0,OK,4627.2,4619.2,4619.2,4619.2,4619.2,4619.2,4619.2,4619.2,4619.2,0.00,4619.2,4619.2,4619.2,0.80,791.2,1031.6,1031.6,4105.6,2406.6,2407.6,4111.6,2406.6,2407.6,769.2,262.4,522.8,10316,2049.2,5128,16432,1559.4,1041.6,10316,0x8E31C0AE
227,0,385938,385.938,0,0,OK,4619.2,4619.2,4619.2,4619.2,4619.2,4619.2,4619.2,4619.2,4619.2,0.00,4619.2,4619.2,4619.2,231.76,1031.6,791.2,1031.6,2171.2,4111.6,2406.6,2407.6,4111.6,2406.6,268.4,272.4,512.8,5308,1558.4,5328,16432,2060.2,1282.0,5348,0x80E853BD
228,0,386937,386.937,0,0,OK,4624.2,4619.2,4619.2,4619.2,4619.2,4619.2,4619.2,4619.2,4619.2,0.00,4619.2,4619.2,4619.2,231.76,1031.6,791.2,1031.6,2171.2,4111.6,2406.6,2407.6,4111.6,2406.6,278.4,512.8,272.4,10316,2049.2,2624,16632,1809.8,1031.6,2644,0x839CC270
229,0,387935,387.935,0,0,OK,4626.2,4619.2,4619.2,4619.2,4619.2,4619.2,4619.2,4619.2,4619.2,0.00,4619.2,4619.2,4619.2,231.76,1031.6,791.2,791.2,2171.2,4111.6,4110.6,2406.6,4111.6,4110.6,267.4,522.8,512.8,10316,2059.2,2724,19036,2050.2,1031.6,20632,0xCAF72C14
230,0,388934,388.934,0,0,OK,4624.2,4619.2,4619.2,4619.2,4619.2,4619.2,4619.2,4619.2,4619.2,0.00,4619.2,4619.2,4619.2,0.80,791.2,1031.6,1031.6,4105.6,2406.6,2407.6,4111.6,2406.6,2407.6,528.8,532.8,522.8,5308,2059.2,5228,16532,1809.8,1031.6,23236,0x3E9B6E5F
231,0,389932,389.932,0,0,OK,4621.2,4619.2,4619.2,4619.2,4619.2,4619.2,4619.2,4619.2,4619.2,0.00,4619.2,4619.2,4619.2,231.76,791.2,791.2,791.2,4105.6,4110.6,4110.6,4110.6,4110.6,4110.6,527.8,512.8,262.4,5308,1798.8,5228,21540,1809.8,791.2,5348,0xC88C6B47
232,0,390930,390.930,0,0,OK,4627.2,4619.2,4619.2,4619.2,4619.2,4619.2,4619.2,4619.2,4619.2,0.00,4619.2,4619.2,4619.2,232.76,1031.6,1031.6,1031.6,2171.2,2407.6,2407.6,2407.6,2407.6,2407.6,528.8,532.8,272.4,5308,2059.2,5128,19036,1809.8,1031.6,7852,0x5D91DABE
233,0,391928,391.928,0,0,OK,4627.2,4619.2,4619.2,4619.2,4619.2,4619.2,4619.2,4619.2,4619.2,0.00,4619.2,4619.2,4619.2,0.80,791.2,1031.6,791.2,4105.6,2406.6,4111.6,4110.6,2406.6,4111.6,267.4,532.8,512.8,7812,1808.8,2624,16432,2050.2,1031.6,18128,0x926AEA2F
234,0,392926,392.926,0,0,OK,4619.2,4619.2,4619.2,4619.2,4619.2,4619.2,4619.2,4619.2,4619.2,0.00,4619.2,4619.2,4619.2,232.76,1031.6,1031.6,1031.6,2171.2,2407.6,2407.6,2407.6,2407.6,2407.6,769.2,262.4,522.8,7812,1558.4,5128,16432,1809.8,1282.0,17928,0xE8CE7669
235,0,393924,393.924,0,0,OK,4619.2,4619.2,4619.2,4619.2,4619.2,4619.2,4619.2,4619.2,4619.2,0.00,4619.2,4619.2,4619.2,231.76,1031.6,1031.6,1031.6,2171.2,2407.6,2407.6,2407.6,2407.6,2407.6,769.2,512.8,512.8,7912,1558.4,5128,19036,1799.8,791.2,5148,0xC837953C
236,0,394922,394.922,0,0,OK,4623.2,4619.2,4619.2,4619.2,4619.2,4619.2,4619.2,4619.2,4619.2,0.00,4619.2,4619.2,4619.2,0.80,791.2,1031.6,791.2,4105.6,2406.6,4111.6,4110.6,2406.6,4111.6,517.8,512.8,522.8,7812,2049.2,5328,16632,1799.8,1031.6,2744,0x3B986DFD
237,0,395920,395.920,0,0,OK,4620.2,4619.2,4619.2,4619.2,4619.2,4619.2,4619.2,4619.2,4619.2,0.00,4619.2,4619.2,4619.2,232.76,791.2,1031.6,1031.6,4105.6,2406.6,2407.6,4111.6,2406.6,2407.6,278.4,262.4,512.8,7812,1798.8,5328,13828,2050.2,1041.6,12860,0xE6F33DA8
238,0,396919,396.919,0,0,OK,4623.2,4619.2,4619.2,4619.2,4619.2,4619.2,4619.2,4619.2,4619.2,0.00,4619.2,4619.2,4619.2,231.76,791.2,791.2,791.2,4105.6,4110.6,4110.6,4110.6,4110.6,4110.6,277.4,532.8,262.4,7912,2049.2,2724,11424,1809.8,1031.6,20532,0x301F38E0
239,0,397917,397.917,0,0,OK,4625.2,4619.2,4619.2,4619.2,4619.2,4619.2,4619.2,4619.2,4619.2,0.00,4619.2,4619.2,4619.2,0.80,791.2,1031.6,791.2,4105.6,2406.6,4111.6,4110.6,2406.6,4111.6,517.8,272.4,272.4,7912,1808.8,5228,19036,2060.2,1282.0,12820,0xD87FF91C
240,0,398914,398.914,0,0,OK,4626.2,4619.2,4619.2,4619.2,4619.2,4619.2,4619.2,4619.2,4619.2,0.00,4619.2,4619.2,4619.2,0.80,791.2,791.2,1031.6,4105.6,4110.6,2406.6,4111.6,4110.6,2406.6,268.4,522.8,532.8,7812,1798.8,5328,14028,1809.8,1292.0,20532,0x31943DD2
241,0,399912,399.912,0,0,OK,4624.2,4619.2,4619.2,4619.2,4619.2,4619.2,4619.2,4619.2,4619.2,0.00,4619.2,4619.2,4619.2,231.76,791.2,791.2,1031.6,4105.6,4110.6,2406.6,4111.6,4110.6,2406.6,769.2,272.4,522.8,10316,1798.8,5128,16432,1559.4,791.2,10456,0xF4A9A6CC
242,0,400910,400.910,0,0,OK,4622.2,4619.2,4619.2,4619.2,4619.2,4619.2,4619.2,4619.2,4619.2,0.00,4619.2,4619.2,4619.2,231.76,1031.6,1031.6,1031.6,2171.2,2407.6,2407.6,2407.6,2407.6,2407.6,278.4,272.4,262.4,10316,1558.4,5228,19036,1799.8,1041.6,13020,0xF9681C9C
243,0,401908,401.908,0,0,OK,4623.2,4619.2,4619.2,4619.2,4619.2,4619.2,4619.2,4619.2,4619.2,0.00,4619.2,4619.2,4619.2,0.80,1031.6,791.2,1031.6,2171.2,4111.6,2406.6,2407.6,4111.6,2406.6,278.4,532.8,532.8,10316,1558.4,2724,13928,1809.8,1282.0,10456,0xFF8B5F93
244,0,402906,402.906,0,0,OK,4621.2,4619.2,4619.2,4619.2,4619.2,4619.2,4619.2,4619.2,4619.2,0.00,4619.2,4619.2,4619.2,231.76,791.2,791.2,1031.6,4105.6,4110.6,2406.6,4111.6,4110.6,2406.6,268.4,512.8,532.8,7912,1808.8,5128,13928,2050.2,1031.6,10356,0xFC56581F
245,0,403903,403.903,0,0,OK,4626.2,4619.2,4619.2,4619.2,4619.2,4619.2,4619.2,4619.2,4619.2,0.00,4619.2,4619.2,4619.2,232.76,1031.6,1031.6,791.2,2171.2,2407.6,4111.6,2406.6,2407.6,4111.6,527.8,512.8,512.8,5308,1558.4,5128,16432,1799.8,1041.6,7912,0x0477215D
246,0,404901,404.901,0,0,OK,4624.2,4619.2,4619.2,4619.2,4619.2,4619.2,4619.2,4619.2,4619.2,0.00,4619.2,4619.2,4619.2,232.76,791.2,1031.6,791.2,4105.6,2406.6,4111.6,4110.6,2406.6,4111.6,517.8,532.8,512.8,5308,2059.2,2624,19036,2050.2,1031.6,15524,0xD1395E08
247,0,405899,405.899,0,0,OK,4620.2,4619.2,4619.2,4619.2,4619.2,4619.2,4619.2,4619.2,4619.2,0.00,4619.2,4619.2,4619.2,232.76,1031.6,791.2,1031.6,2171.2,4111.6,2406.6,2407.6,4111.6,2406.6,518.8,522.8,512.8,7912,1808.8,2624,21540,2060.2,1282.0,23136,0x2DE13DA1
248,0,406897,406.897,0,0,OK,4626.2,4619.2,4619.2,4619.2,4619.2,4619.2,4619.2,4619.2,4619.2,0.00,4619.2,4619.2,4619.2,0.80,1031.6,791.2,1031.6,2171.2,4111.6,2406.6,2407.6,4111.6,2406.6,518.8,512.8,532.8,10316,1798.8,2724,14028,1559.4,1041.6,240,0x0D765F66
249,0,407895,407.895,0,0,OK,4621.2,4619.2,4619.2,4619.2,4619.2,4619.2,4619.2,4619.2,4619.2,0.00,4619.2,4619.2,4619.2,231.76,1031.6,1031.6,1031.6,2171.2,2407.6,2407.6,2407.6,2407.6,2407.6,278.4,522.8,262.4,7712,2049.2,2724,13828,2050.2,1041.6,12820,0xA57D2B9B
250,0,408893,408.893,0,0,OK,4624.2,4619.2,4619.2,4619.2,4619.2,4619.2,4619.2,4619.2,4619.2,0.00,4619.2,4619.2,4619.2,232.76,1031.6,791.2,1031.6,2171.2,4111.6,2406.6,2407.6,4111.6,2406.6,769.2,262.4,532.8,7912,1808.8,2624,19136,2050.2,1292.0,5148,0xCE6CC327
251,0,409891,409.891,0,0,OK,4625.2,4619.2,4619.2,4619.2,4619.2,4619.2,4619.2,4619.2,4619.2,0.00,4619.2,4619.2,4619.2,0.80,1031.6,1031.6,1031.6,2171.2,2407.6,2407.6,2407.6,2407.6,2407.6,528.8,532.8,272.4,5308,1798.8,5328,13928,2050.2,1292.0,7752,0x14B26539
252,0,410889,410.889,0,0,OK,4620.2,4619.2,4619.2,4619.2,4619.2,4619.2,4619.2,4619.2,4619.2,0.00,4619.2,4619.2,4619.2,231.76,791.2,1031.6,791.2,4105.6,2406.6,4111.6,4110.6,2406.6,4111.6,267.4,262.4,532.8,7712,1798.8,5128,16432,1559.4,1041.6,12860,0x60A4697D
253,0,411887,411.887,0,0,OK,4619.2,4619.2,4619.2,4619.2,4619.2,4619.2,4619.2,4619.2,4619.2,0.00,4619.2,4619.2,4619.2,231.76,791.2,791.2,791.2,4105.6,4110.6,4110.6,4110.6,4110.6,4110.6,267.4,512.8,522.8,10316,1558.4,5128,14028,2050.2,1041.6,15424,0xC5873010
254,0,412885,412.885,0,0,OK,4619.2,4619.2,4619.2,4619.2,4619.2,4619.2,4619.2,4619.2,4619.2,0.00,4619.2,4619.2,4619.2,231.76,791.2,791.2,791.2,4105.6,4110.6,4110.6,4110.6,4110.6,4110.6,768.2,262.4,262.4,5308,1808.8,5228,19136,1559.4,1282.0,17928,0x0DC6B32D
255,0,413883,413.883,0,0,OK,4622.2,4619.2,4619.2,4619.2,4619.2,4619.2,4619.2,4619.2,4619.2,0.00,4619.2,4619.2,4619.2,232.76,1031.6,1031.6,1031.6,2171.2,2407.6,2407.6,2407.6,2407.6,2407.6,268.4,532.8,532.8,7812,2049.2,5328,16532,1809.8,1292.0,18128,0x423528AD
256,0,414882,414.882,0,0,OK,4626.2,4619.2,4619.2,4619.2,4619.2,4619.2,4619.2,4619.2,4619.2,0.00,4619.2,4619.2,4619.2,231.76,791.2,1031.6,1031.6,4105.6,2406.6,2407.6,4111.6,2406.6,2407.6,278.4,522.8,512.8,10316,1808.8,5228,21540,2060.2,791.2,5248,0x84960919
257,0,415880,415.880,0,0,OK,4619.2,4619.2,4619.2,4619.2,4619.2,4619.2,4619.2,4619.2,4619.2,0.00,4619.2,4619.2,4619.2,231.76,791.2,791.2,1031.6,4105.6,4110.6,2406.6,4111.6,4110.6,2406.6,518.8,272.4,262.4,7912,1808.8,2724,16432,1799.8,1031.6,12820,0x40F88EE9
258,0,416878,416.878,0,0,OK,4626.2,4619.2,4619.2,4619.2,4619.2,4619.2,4619.2,4619.2,4619.2,0.00,4619.2,4619.2,4619.2,232.76,1031.6,1031.6,1031.6,2171.2,2407.6,2407.6,2407.6,2407.6,2407.6,268.4,512.8,272.4,7712,1558.4,2724,19036,2060.2,1292.0,15424,0x248F1BE4
259,0,417876,417.876,0,0,OK,4625.2,4619.2,4619.2,4619.2,4619.2,4619.2,4619.2,4619.2,4619.2,0.00,4619.2,4619.2,4619.2,0.80,1031.6,1031.6,791.2,2171.2,2407.6,4111.6,2406.6,2407.6,4111.6,517.8,272.4,522.8,7812,1558.4,5128,16432,2060.2,1031.6,12920,0x19B660DB
260,0,418874,418.874,0,0,OK,4622.2,4619.2,4619.2,4619.2,4619.2,4619.2,4619.2,4619.2,4619.2,0.00,4619.2,4619.2,4619.2,0.80,791.2,1031.6,1031.6,4105.6,2406.6,2407.6,4111.6,2406.6,2407.6,268.4,272.4,262.4,7912,2049.2,2624,21540,1559.4,1031.6,10416,0x66149241
261,0,419872,419.872,0,0,OK,4628.2,4619.2,4619.2,4619.2,4619.2,4619.2,4619.2,4619.2,4619.2,0.00,4619.2,4619.2,4619.2,232.76,791.2,791.2,791.2,4105.6,4110.6,4110.6,4110.6,4110.6,4110.6,277.4,512.8,522.8,5308,1798.8,2724,16632,1809.8,791.2,10356,0x6AE339EC
262,0,420870,420.870,0,0,OK,4627.2,4619.2,4619.2,4619.2,4619.2,4619.2,4619.2,4619.2,4619.2,0.00,4619.2,4619.2,4619.2,0.80,1031.6,1031.6,791.2,2171.2,2407.6,4111.6,2406.6,2407.6,4111.6,277.4,522.8,522.8,5308,1558.4,5228,16632,1809.8,1041.6,13020,0x03253CCD
263,0,421868,421.868,0,0,OK,4620.2,4619.2,4619.2,4619.2,4619.2,4619.2,4619.2,4619.2,4619.2,0.00,4619.2,4619.2,4619.2,0.80,791.2,1031.6,791.2,4105.6,2406.6,4111.6,4110.6,2406.6,4111.6,517.8,512.8,532.8,5308,2049.2,5228,13828,1559.4,1031.6,23136,0xA601FC68
264,0,422866,422.866,0,0,OK,4622.2,4619.2,4619.2,4619.2,4619.2,4619.2,4619.2,4619.2,4619.2,0.00,4619.2,4619.2,4619.2,231.76,1031.6,791.2,1031.6,2171.2,4111.6,2406.6,2407.6,4111.6,2406.6,528.8,512.8,272.4,10316,2049.2,5328,13828,1809.8,1292.0,10316,0x42A6A451
265,0,423864,423.864,0,0,OK,4619.2,4619.2,4619.2,4619.2,4619.2,4619.2,4619.2,4619.2,4619.2,0.00,4619.2,4619.2,4619.2,232.76,791.2,791.2,791.2,4105.6,4110.6,4110.6,4110.6,4110.6,4110.6,277.4,532.8,272.4,7912,1558.4,2724,11424,1809.8,1041.6,17928,0x7E44AE16
266,0,424863,424.863,0,0,OK,4619.2,4619.2,4619.2,4619.2,4619.2,4619.2,4619.2,4619.2,4619.2,0.00,4619.2,4619.2,4619.2,232.76,1031.6,1031.6,791.2,2171.2,2407.6,4111.6,2406.6,2407.6,4111.6,527.8,512.8,512.8,10316,1798.8,5228,16632,1799.8,1292.0,5348,0xEA41C402
267,0,425861,425.861,0,0,OK,4625.2,4619.2,4619.2,4619.2,4619.2,4619.2,4619.2,4619.2,4619.2,0.00,4619.2,4619.2,4619.2,0.80,791.2,1031.6,791.2,4105.6,2406.6,4111.6,4110.6,2406.6,4111.6,768.2,512.8,522.8,7912,1798.8,5228,13928,2050.2,1041.6,7752,0x3C233A00
268,0,426859,426.859,0,0,OK,4623.2,4619.2,4619.2,4619.2,4619.2,4619.2,4619.2,4619.2,4619.2,0.00,4619.2,4619.2,4619.2,232.76,1031.6,1031.6,1031.6,2171.2,2407.6,2407.6,2407.6,2407.6,2407.6,268.4,512.8,532.8,10316,2059.2,5128,21540,1799.8,1041.6,10316,0x8C91892C
269,0,427857,427.857,0,0,OK,4626.2,4619.2,4619.2,4619.2,4619.2,4619.2,4619.2,4619.2,4619.2,0.00,4619.2,4619.2,4619.2,232.76,1031.6,1031.6,791.2,2171.2,2407.6,4111.6,2406.6,2407.6,4111.6,768.2,522.8,272.4,7912,2059.2,5128,16532,2050.2,1041.6,23236,0xD3E27A4C
270,0,428856,428.856,0,0,OK,4626.2,4619.2,4619.2,4619.2,4619.2,4619.2,4619.2,4619.2,4619.2,0.00,4619.2,4619.2,4619.2,232.76,791.2,791.2,791.2,4105.6,4110.6,4110.6,4110.6,4110.6,4110.6,517.8,262.4,532.8,7712,2049.2,5128,16432,2050.2,1031.6,240,0x48C5C1D5
271,0,429854,429.854,0,0,OK,4623.2,4619.2,4619.2,4619.2,4619.2,4619.2,4619.2,4619.2,4619.2,0.00,4619.2,4619.2,4619.2,232.76,791.2,1031.6,791.2,4105.6,2406.6,4111.6,4110.6,2406.6,4111.6,527.8,532.8,532.8,7812,2059.2,5128,19136,1799.8,1282.0,7852,0x48FA0A24
272,0,430852,430.852,0,0,OK,4627.2,4619.2,4619.2,4619.2,4619.2,4619.2,4619.2,4619.2,4619.2,0.00,4619.2,4619.2,4619.2,0.80,791.2,1031.6,791.2,4105.6,2406.6,4111.6,4110.6,2406.6,4111.6,527.8,272.4,272.4,7912,1798.8,5228,14028,1799.8,1031.6,40,0xE2DD03DB
273,0,431850,431.850,0,0,OK,4625.2,4619.2,4619.2,4619.2,4619.2,4619.2,4619.2,4619.2,4619.2,0.00,4619.2,4619.2,4619.2,0.80,1031.6,791.2,1031.6,2171.2,4111.6,2406.6,2407.6,4111.6,2406.6,528.8,262.4,272.4,5308,1808.8,5228,16432,2060.2,1282.0,20732,0xF37FA657
274,0,432848,432.848,0,0,OK,4620.2,4619.2,4619.2,4619.2,4619.2,4619.2,4619.2,4619.2,4619.2,0.00,4619.2,4619.2,4619.2,232.76,791.2,1031.6,791.2,4105.6,2406.6,4111.6,4110.6,2406.6,4111.6,768.2,522.8,522.8,10316,1798.8,5128,16432,2060.2,1282.0,40,0xBAD01063
275,0,433845,433.845,0,0,OK,4626.2,4619.2,4619.2,4619.2,4619.2,4619.2,4619.2,4619.2,4619.2,0.00,4619.2,4619.2,4619.2,231.76,791.2,1031.6,1031.6,4105.6,2406.6,2407.6,4111.6,2406.6,2407.6,518.8,262.4,272.4,7812,1558.4,2724,14028,1559.4,791.2,5248,0x104D7A5E
276,0,434844,434.844,0,0,OK,4619.2,4619.2,4619.2,4619.2,4619.2,4619.2,4619.2,4619.2,4619.2,0.00,4619.2,4619.2,4619.2,0.80,791.2,1031.6,1031.6,4105.6,2406.6,2407.6,4111.6,2406.6,2407.6,528.8,262.4,262.4,7812,2059.2,2624,14028,2050.2,1292.0,7912,0x7B2FE7D6
277,0,435842,435.842,0,0,OK,4622.2,4619.2,4619.2,4619.2,4619.2,4619.2,4619.2,4619.2,4619.2,0.00,4619.2,4619.2,4619.2,232.76,791.2,1031.6,1031.6,4105.6,2406.6,2407.6,4111.6,2406.6,2407.6,528.8,262.4,272.4,10316,1798.8,5128,14028,2050.2,1041.6,7752,0xF9FA135F
278,0,436839,436.839,0,0,OK,4628.2,4619.2,4619.2,4619.2,4619.2,4619.2,4619.2,4619.2,4619.2,0.00,4619.2,4619.2,4619.2,231.76,791.2,791.2,1031.6,4105.6,4110.6,2406.6,4111.6,4110.6,2406.6,528.8,532.8,532.8,7912,2059.2,5328,19136,1809.8,1292.0,17928,0x0E07EAFF
279,0,437837,437.837,0,0,OK,4619.2,4619.2,4619.2,4619.2,4619.2,4619.2,4619.2,4619.2,4619.2,0.00,4619.2,4619.2,4619.2,0.80,791.2,791.2,1031.6,4105.6,4110.6,2406.6,4111.6,4110.6,2406.6,528.8,272.4,532.8,7712,1798.8,2724,13928,1809.8,1041.6,18128,0x7F2A1147
280,0,438835,438.835,0,0,OK,4622.2,4619.2,4619.2,4619.2,4619.2,4619.2,4619.2,4619.2,4619.2,0.00,4619.2,4619.2,4619.2,0.80,1031.6,1031.6,791.2,2171.2,2407.6,4111.6,2406.6,2407.6,4111.6,527.8,272.4,532.8,10316,2059.2,5228,11424,1799.8,1282.0,240,0xBB71D347
281,0,439833,439.833,0,0,OK,4623.2,4619.2,4619.2,4619.2,4619.2,4619.2,4619.2,4619.2,4619.2,0.00,4619.2,4619.2,4619.2,232.76,791.2,791.2,791.2,4105.6,4110.6,4110.6,4110.6,4110.6,4110.6,517.8,522.8,272.4,7712,2059.2,2724,13928,2050.2,791.2,18028,0x64139F1C
282,0,440832,440.832,0,0,OK,4625.2,4619.2,4619.2,4619.2,4619.2,4619.2,4619.2,4619.2,4619.2,0.00,4619.2,4619.2,4619.2,0.80,791.2,1031.6,791.2,4105.6,2406.6,4111.6,4110.6,2406.6,4111.6,768.2,522.8,272.4,7812,1808.8,2724,14028,1809.8,1292.0,10256,0xC0A6DBD0
283,0,441830,441.830,0,0,OK,4627.2,4619.2,4619.2,4619.2,4619.2,4619.2,4619.2,4619.2,4619.2,0.00,4619.2,4619.2,4619.2,232.76,791.2,791.2,1031.6,4105.6,4110.6,2406.6,4111.6,4110.6,2406.6,268.4,522.8,512.8,10316,2049.2,5328,21540,1799.8,1041.6,7852,0xE7486CEC
284,0,442828,442.828,0,0,OK,4620.2,4619.2,4619.2,4619.2,4619.2,4619.2,4619.2,4619.2,4619.2,0.00,4619.2,4619.2,4619.2,232.76,1031.6,791.2,1031.6,2171.2,4111.6,2406.6,2407.6,4111.6,2406.6,528.8,262.4,512.8,7712,1798.8,2624,19036,1559.4,1031.6,2744,0x2596A657
285,0,443826,443.826,0,0,OK,4628.2,4619.2,4619.2,4619.2,4619.2,4619.2,4619.2,4619.2,4619.2,0.00,4619.2,4619.2,4619.2,231.76,791.2,791.2,791.2,4105.6,4110.6,4110.6,4110.6,4110.6,4110.6,517.8,262.4,532.8,7912,1808.8,5128,14028,2050.2,1282.0,17928,0xA545E6ED
286,0,444824,444.824,0,0,OK,4622.2,4619.2,4619.2,4619.2,4619.2,4619.2,4619.2,4619.2,4619.2,0.00,4619.2,4619.2,4619.2,232.76,1031.6,791.2,1031.6,2171.2,4111.6,2406.6,2407.6,4111.6,2406.6,769.2,272.4,262.4,10316,2049.2,5228,16632,1799.8,1282.0,5348,0x66983BFB
287,0,445823,445.823,0,0,OK,4623.2,4619.2,4619.2,4619.2,4619.2,4619.2,4619.2,4619.2,4619.2,0.00,4619.2,4619.2,4619.2,231.76,791.2,1031.6,791.2,4105.6,2406.6,4111.6,4110.6,2406.6,4111.6,277.4,532.8,512.8,7712,2059.2,2724,21540,2060.2,1031.6,10256,0x5F3E5F11
288,0,446821,446.821,0,0,OK,4626.2,4619.2,4619.2,4619.2,4619.2,4619.2,4619.2,4619.2,4619.2,0.00,4619.2,4619.2,4619.2,231.76,791.2,791.2,1031.6,4105.6,4110.6,2406.6,4111.6,4110.6,2406.6,769.2,512.8,262.4,7712,1808.8,5328,13828,1799.8,1041.6,20732,0xD33BA1BD
289,0,447819,447.819,0,0,OK,4621.2,4619.2,4619.2,4619.2,4619.2,4619.2,4619.2,4619.2,4619.2,0.00,4619.2,4619.2,4619.2,231.76,1031.6,791.2,791.2,2171.2,4111.6,4110.6,2406.6,4111.6,4110.6,527.8,532.8,272.4,7912,1558.4,5128,11424,2060.2,791.2,10416,0xCC330B8D
290,0,448817,448.817,0,0,OK,4620.2,4619.2,4619.2,4619.2,4619.2,4619.2,4619.2,4619.2,4619.2,0.00,4619.2,4619.2,4619.2,231.76,791.2,791.2,791.2,4105.6,4110.6,4110.6,4110.6,4110.6,4110.6,517.8,272.4,512.8,5308,2049.2,5128,13828,2060.2,1292.0,12860,0xFCC6FE89
291,0,449815,449.815,0,0,OK,4623.2,4619.2,4619.2,4619.2,4619.2,4619.2,4619.2,4619.2,4619.2,0.00,4619.2,4619.2,4619.2,0.80,791.2,791.2,791.2,4105.6,4110.6,4110.6,4110.6,4110.6,4110.6,277.4,512.8,522.8,7812,2059.2,5328,13928,2060.2,791.2,7752,0xC88BE516
292,0,450813,450.813,0,0,OK,4624.2,4619.2,4619.2,4619.2,4619.2,4619.2,4619.2,4619.2,4619.2,0.00,4619.2,4619.2,4619.2,232.76,791.2,791.2,791.2,4105.6,4110.6,4110.6,4110.6,4110.6,4110.6,768.2,532.8,272.4,7712,2049.2,5328,19136,2050.2,1031.6,20732,0x4FA2B8E1
293,0,451811,451.811,0,0,OK,4627.2,4619.2,4619.2,4619.2,4619.2,4619.2,4619.2,4619.2,4619.2,0.00,4619.2,4619.2,4619.2,232.76,1031.6,1031.6,791.2,2171.2,2407.6,4111.6,2406.6,2407.6,4111.6,267.4,262.4,262.4,7912,1558.4,2624,19036,1799.8,1041.6,10456,0xA942D6D4
294,0,452809,452.809,0,0,OK,4626.2,4619.2,4619.2,4619.2,4619.2,4619.2,4619.2,4619.2,4619.2,0.00,4619.2,4619.2,4619.2,231.76,791.2,791.2,791.2,4105.6,4110.6,4110.6,4110.6,4110.6,4110.6,277.4,272.4,522.8,5308,1798.8,5228,16532,2050.2,1282.0,2744,0x23872904
295,0,453808,453.808,0,0,OK,4622.2,4619.2,4619.2,4619.2,4619.2,4619.2,4619.2,4619.2,4619.2,0.00,4619.2,4619.2,4619.2,231.76,1031.6,791.2,1031.6,2171.2,4111.6,2406.6,2407.6,4111.6,2406.6,769.2,532.8,262.4,7812,2049.2,5128,14028,1809.8,1282.0,20732,0xE4ABB4BF
296,0,454806,454.806,0,0,OK,4619.2,4619.2,4619.2,4619.2,4619.2,4619.2,4619.2,4619.2,4619.2,0.00,4619.2,4619.2,4619.2,231.76,1031.6,1031.6,791.2,2171.2,2407.6,4111.6,2406.6,2407.6,4111.6,517.8,272.4,262.4,7912,1808.8,2624,16432,1809.8,791.2,5248,0xD572BDDF
297,0,455804,455.804,0,0,OK,4623.2,4619.2,4619.2,4619.2,4619.2,4619.2,4619.2,4619.2,4619.2,0.00,4619.2,4619.2,4619.2,0.80,791.2,791.2,1031.6,4105.6,4110.6,2406.6,4111.6,4110.6,2406.6,268.4,262.4,532.8,7712,2059.2,5328,16532,1799.8,1292.0,20532,0x8D015005
298,0,456802,456.802,0,0,OK,4627.2,4619.2,4619.2,4619.2,4619.2,4619.2,4619.2,4619.2,4619.2,0.00,4619.2,4619.2,4619.2,232.76,791.2,1031.6,1031.6,4105.6,2406.6,2407.6,4111.6,2406.6,2407.6,268.4,512.8,262.4,7812,2059.2,5328,13828,2060.2,1041.6,18028,0x4D13C30D
299,0,457800,457.800,0,0,OK,4624.2,4619.2,4619.2,4619.2,4619.2,4619.2,4619.2,4619.2,4619.2,0.00,4619.2,4619.2,4619.2,232.76,791.2,1031.6,1031.6,4105.6,2406.6,2407.6,4111.6,2406.6,2407.6,518.8,532.8,522.8,7912,1798.8,5328,13828,2050.2,1031.6,23136,0xB08B25B6
300,0,458798,458.798,0,0,OK,4628.2,4619.2,4619.2,4619.2,4619.2,4619.2,4619.2,4619.2,4619.2,0.00,4619.2,4619.2,4619.2,0.80,791.2,1031.6,791.2,4105.6,2406.6,4111.6,4110.6,2406.6,4111.6,517.8,262.4,262.4,7712,1808.8,5228,21540,2050.2,1282.0,40,0x7FD0D784
301,0,459797,459.797,0,0,OK,4622.2,4619.2,4619.2,4619.2,4619.2,4619.2,4619.2,4619.2,4619.2,0.00,4619.2,4619.2,4619.2,232.76,1031.6,1031.6,1031.6,2171.2,2407.6,2407.6,2407.6,2407.6,2407.6,278.4,262.4,512.8,7912,2049.2,2624,13828,1809.8,791.2,140,0x8D2169D1
302,0,460795,460.795,0,0,OK,4622.2,4619.2,4619.2,4619.2,4619.2,4619.2,4619.2,4619.2,4619.2,0.00,4619.2,4619.2,4619.2,232.76,1031.6,791.2,791.2,2171.2,4111.6,4110.6,2406.6,4111.6,4110.6,277.4,522.8,532.8,7912,1558.4,2624,16432,1799.8,1282.0,10456,0x1C22B6D5
303,0,461793,461.793,0,0,OK,4626.2,4619.2,4619.2,4619.2,4619.2,4619.2,4619.2,4619.2,4619.2,0.00,4619.2,4619.2,4619.2,0.80,1031.6,1031.6,791.2,2171.2,2407.6,4111.6,2406.6,2407.6,4111.6,267.4,532.8,512.8,5308,1558.4,2724,13828,2060.2,1031.6,23136,0x8125A288
304,0,462791,462.791,0,0,OK,4625.2,4619.2,4619.2,4619.2,4619.2,4619.2,4619.2,4619.2,4619.2,0.00,4619.2,4619.2,4619.2,0.80,791.2,791.2,1031.6,4105.6,4110.6,2406.6,4111.6,4110.6,2406.6,769.2,262.4,532.8,10316,1808.8,5228,13828,2050.2,1041.6,10356,0xA0DC26B5
305,0,463790,463.790,0,0,OK,4626.2,4619.2,4619.2,4619.2,4619.2,4619.2,4619.2,4619.2,4619.2,0.00,4619.2,4619.2,4619.2,231.76,791.2,791.2,1031.6,4105.6,4110.6,2406.6,4111.6,4110.6,2406.6,528.8,272.4,522.8,5308,1558.4,5328,16432,1809.8,1041.6,2644,0xEFE5286B
306,0,464788,464.788,0,0,OK,4626.2,4619.2,4619.2,4619.2,4619.2,4619.2,4619.2,4619.2,4619.2,0.00,4619.2,4619.2,4619.2,0.80,1031.6,1031.6,791.2,2171.2,2407.6,4111.6,2406.6,2407.6,4111.6,267.4,522.8,532.8,7912,1808.8,2724,11424,1809.8,1031.6,20632,0x4AFDDC8B
307,0,465786,465.786,0,0,OK,4621.2,4619.2,4619.2,4619.2,4619.2,4619.2,4619.2,4619.2,4619.2,0.00,4619.2,4619.2,4619.2,231.76,791.2,791.2,791.2,4105.6,4110.6,4110.6,4110.6,4110.6,4110.6,267.4,262.4,262.4,7912,2049.2,2724,16532,1559.4,1282.0,10356,0xED76B29E
308,0,466785,466.785,0,0,OK,4628.2,4619.2,4619.2,4619.2,4619.2,4619.2,4619.2,4619.2,4619.2,0.00,4619.2,4619.2,4619.2,232.76,1031.6,791.2,791.2,2171.2,4111.6,4110.6,2406.6,4111.6,4110.6,768.2,262.4,512.8,7712,1808.8,5228,19036,1809.8,791.2,18028,0xAB302A90
309,0,467783,467.783,0,0,OK,4624.2,4619.2,4619.2,4619.2,4619.2,4619.2,4619.2,4619.2,4619.2,0.00,4619.2,4619.2,4619.2,231.76,1031.6,1031.6,1031.6,2171.2,2407.6,2407.6,2407.6,2407.6,2407.6,278.4,532.8,512.8,7912,2049.2,5328,16432,1559.4,791.2,12860,0xDD978F01
310,0,468781,468.781,0,0,OK,4628.2,4619.2,4619.2,4619.2,4619.2,4619.2,4619.2,4619.2,4619.2,0.00,4619.2,4619.2,4619.2,232.76,1031.6,791.2,791.2,2171.2,4111.6,4110.6,2406.6,4111.6,4110.6,267.4,532.8,512.8,5308,2059.2,2724,19136,1799.8,1292.0,20632,0xBCFB958F
311,0,469780,469.780,0,0,OK,4626.2,4619.2,4619.2,4619.2,4619.2,4619.2,4619.2,4619.2,4619.2,0.00,4619.2,4619.2,4619.2,232.76,1031.6,1031.6,1031.6,2171.2,2407.6,2407.6,2407.6,2407.6,2407.6,528.8,532.8,532.8,7812,1808.8,5328,21540,1809.8,791.2,15424,0xEC61285B
312,0,470778,470.778,0,0,OK,4625.2,4619.2,4619.2,4619.2,4619.2,4619.2,4619.2,4619.2,4619.2,0.00,4619.2,4619.2,4619.2,231.76,1031.6,1031.6,791.2,2171.2,2407.6,4111.6,2406.6,2407.6,4111.6,267.4,272.4,512.8,10316,2059.2,5128,13828,2060.2,791.2,15524,0x4592943D
313,0,471776,471.776,0,0,OK,4625.2,4619.2,4619.2,4619.2,4619.2,4619.2,4619.2,4619.2,4619.2,0.00,4619.2,4619.2,4619.2,231.76,791.2,1031.6,791.2,4105.6,2406.6,4111.6,4110.6,2406.6,4111.6,267.4,262.4,262.4,7812,2059.2,5228,19136,2060.2,1031.6,12920,0x48E1747F
314,0,472775,472.775,0,0,OK,4626.2,4619.2,4619.2,4619.2,4619.2,4619.2,4619.2,4619.2,4619.2,0.00,4619.2,4619.2,4619.2,231.76,1031.6,791.2,791.2,2171.2,4111.6,4110.6,2406.6,4111.6,4110.6,527.8,262.4,512.8,7812,1798.8,2724,16532,1799.8,1282.0,20532,0xD55602DD
315,0,473773,473.773,0,0,OK,4622.2,4619.2,4619.2,4619.2,4619.2,4619.2,4619.2,4619.2,4619.2,0.00,4619.2,4619.2,4619.2,0.80,791.2,791.2,1031.6,4105.6,4110.6,2406.6,4111.6,4110.6,2406.6,268.4,272.4,522.8,5308,1558.4,5228,16432,1809.8,791.2,13020,0x4D9D200D
316,0,474772,474.772,0,0,OK,4624.2,4619.2,4619.2,4619.2,4619.2,4619.2,4619.2,4619.2,4619.2,0.00,4619.2,4619.2,4619.2,231.76,791.2,1031.6,1031.6,4105.6,2406.6,2407.6,4111.6,2406.6,2407.6,278.4,512.8,512.8,7812,1808.8,5228,19136,1559.4,791.2,23236,0xF33FF242
317,0,475770,475.770,0,0,OK,4620.2,4619.2,4619.2,4619.2,4619.2,4619.2,4619.2,4619.2,4619.2,0.00,4619.2,4619.2,4619.2,231.76,791.2,1031.6,791.2,4105.6,2406.6,4111.6,4110.6,2406.6,4111.6,527.8,512.8,512.8,7712,2059.2,5228,21540,1559.4,1292.0,23236,0xB3028E06
318,0,476769,476.769,0,0,OK,4625.2,4619.2,4619.2,4619.2,4619.2,4619.2,4619.2,4619.2,4619.2,0.00,4619.2,4619.2,4619.2,0.80,1031.6,791.2,1031.6,2171.2,4111.6,2406.6,2407.6,4111.6,2406.6,268.4,512.8,272.4,7812,1808.8,5328,19036,1809.8,1292.0,5248,0xFB352C90
319,0,477767,477.767,0,0,OK,4628.2,4619.2,4619.2,4619.2,4619.2,4619.2,4619.2,4619.2,4619.2,0.00,4619.2,4619.2,4619.2,232.76,791.2,791.2,1031.6,4105.6,4110.6,2406.6,4111.6,4110.6,2406.6,769.2,512.8,272.4,5308,1798.8,5228,13928,2060.2,1041.6,18028,0x661CEB29
320,0,478765,478.765,0,0,OK,4625.2,4619.2,4619.2,4619.2,4619.2,4619.2,4619.2,4619.2,4619.2,0.00,4619.2,4619.2,4619.2,231.76,1031.6,791.2,791.2,2171.2,4111.6,4110.6,2406.6,4111.6,4110.6,768.2,512.8,272.4,7812,1808.8,2724,16432,1799.8,1041.6,240,0xCE760291
321,0,479763,479.763,0,0,OK,4627.2,4619.2,4619.2,4619.2,4619.2,4619.2,4619.2,4619.2,4619.2,0.00,4619.2,4619.2,4619.2,231.76,791.2,1031.6,791.2,4105.6,2406.6,4111.6,4110.6,2406.6,4111.6,267.4,532.8,512.8,5308,2059.2,5228,19136,1559.4,1292.0,10416,0x811F5336
322,0,480761,480.761,0,0,OK,4625.2,4619.2,4619.2,4619.2,4619.2,4619.2,4619.2,4619.2,4619.2,0.00,4619.2,4619.2,4619.2,0.80,1031.6,1031.6,1031.6,2171.2,2407.6,2407.6,2407.6,2407.6,2407.6,769.2,512.8,522.8,7812,2049.2,5128,16432,1559.4,1041.6,12820,0xFC9F0E9A
323,0,481760,481.760,0,0,OK,4620.2,4619.2,4619.2,4619.2,4619.2,4619.2,4619.2,4619.2,4619.2,0.00,4619.2,4619.2,4619.2,0.80,1031.6,1031.6,1031.6,2171.2,2407.6,2407.6,2407.6,2407.6,2407.6,769.2,522.8,272.4,5308,1798.8,5328,19036,2050.2,1282.0,10356,0xD789AF0A
324,0,482758,482.758,0,0,OK,4621.2,4619.2,4619.2,4619.2,4619.2,4619.2,4619.2,4619.2,4619.2,0.00,4619.2,4619.2,4619.2,0.80,1031.6,791.2,791.2,2171.2,4111.6,4110.6,2406.6,4111.6,4110.6,527.8,532.8,522.8,5308,1798.8,2624,13828,1799.8,1282.0,17928,0x50F8D6F2
325,0,483757,483.757,0,0,OK,4622.2,4619.2,4619.2,4619.2,4619.2,4619.2,4619.2,4619.2,4619.2,0.00,4619.2,4619.2,4619.2,231.76,1031.6,1031.6,791.2,2171.2,2407.6,4111.6,2406.6,2407.6,4111.6,768.2,522.8,532.8,7912,1808.8,5328,21540,1809.8,1031.6,20532,0x5A59116A
326,0,484755,484.755,0,0,OK,4620.2,4619.2,4619.2,4619.2,4619.2,4619.2,4619.2,4619.2,4619.2,0.00,4619.2,4619.2,4619.2,0.80,791.2,791.2,1031.6,4105.6,4110.6,2406.6,4111.6,4110.6,2406.6,518.8,262.4,272.4,7712,1558.4,5128,14028,2060.2,1282.0,7752,0x3A3DB5EA
327,0,485754,485.754,0,0,OK,4620.2,4619.2,4619.2,4619.2,4619.2,4619.2,4619.2,4619.2,4619.2,0.00,4619.2,4619.2,4619.2,232.76,791.2,791.2,1031.6,4105.6,4110.6,2406.6,4111.6,4110.6,2406.6,518.8,532.8,532.8,7712,2059.2,2724,16432,1799.8,1282.0,20632,0x37291C66
328,0,486752,486.752,0,0,OK,4624.2,4619.2,4619.2,4619.2,4619.2,4619.2,4619.2,4619.2,4619.2,0.00,4619.2,4619.2,4619.2,231.76,791.2,791.2,791.2,4105.6,4110.6,4110.6,4110.6,4110.6,4110.6,267.4,532.8,522.8,7712,1798.8,2724,16532,1559.4,1292.0,18128,0x56949226
329,0,487750,487.750,0,0,OK,4628.2,4619.2,4619.2,4619.2,4619.2,4619.2,4619.2,4619.2,4619.2,0.00,4619.2,4619.2,4619.2,231.76,791.2,791.2,791.2,4105.6,4110.6,4110.6,4110.6,4110.6,4110.6,527.8,522.8,522.8,10316,1558.4,5328,14028,2060.2,1031.6,10416,0xF7834EAF
330,0,488748,488.748,0,0,OK,4628.2,4619.2,4619.2,4619.2,4619.2,4619.2,4619.2,4619.2,4619.2,0.00,4619.2,4619.2,4619.2,231.76,791.2,1031.6,791.2,4105.6,2406.6,4111.6,4110.6,2406.6,4111.6,517.8,522.8,272.4,7912,1808.8,5128,13828,1799.8,1292.0,20632,0xBCC74D43
331,0,489746,489.746,0,0,OK,4624.2,4619.2,4619.2,4619.2,4619.2,4619.2,4619.2,4619.2,4619.2,0.00,4619.2,4619.2,4619.2,231.76,1031.6,1031.6,1031.6,2171.2,2407.6,2407.6,2407.6,2407.6,2407.6,278.4,532.8,272.4,7912,2059.2,5228,21540,1559.4,791.2,10456,0x81FCA226
332,0,490745,490.745,0,0,OK,4624.2,4619.2,4619.2,4619.2,4619.2,4619.2,4619.2,4619.2,4619.2,0.00,4619.2,4619.2,4619.2,231.76,791.2,791.2,1031.6,4105.6,4110.6,2406.6,4111.6,4110.6,2406.6,518.8,522.8,272.4,7912,2059.2,5328,21540,1809.8,791.2,18028,0x232DA5E7
333,0,491743,491.743,0,0,OK,4628.2,4619.2,4619.2,4619.2,4619.2,4619.2,4619.2,4619.2,4619.2,0.00,4619.2,4619.2,4619.2,232.76,791.2,791.2,791.2,4105.6,4110.6,4110.6,4110.6,4110.6,4110.6,527.8,512.8,512.8,5308,1558.4,2624,16632,2050.2,1282.0,15524,0xFAD3BDEC
334,0,492741,492.741,0,0,OK,4619.2,4619.2,4619.2,4619.2,4619.2,4619.2,4619.2,4619.2,4619.2,0.00,4619.2,4619.2,4619.2,0.80,791.2,791.2,1031.6,4105.6,4110.6,2406.6,4111.6,4110.6,2406.6,528.8,272.4,522.8,7912,1798.8,2724,16432,1559.4,1282.0,10356,0x6D638E6D
335,0,493739,493.739,0,0,OK,4619.2,4619.2,4619.2,4619.2,4619.2,4619.2,4619.2,4619.2,4619.2,0.00,4619.2,4619.2,4619.2,0.80,791.2,791.2,791.2,4105.6,4110.6,4110.6,4110.6,4110.6,4110.6,527.8,512.8,512.8,7812,1808.8,5328,19036,2050.2,1282.0,5248,0x792C6CB3
336,0,494737,494.737,0,0,OK,4624.2,4619.2,4619.2,4619.2,4619.2,4619.2,4619.2,4619.2,4619.2,0.00,4619.2,4619.2,4619.2,0.80,791.2,791.2,1031.6,4105.6,4110.6,2406.6,4111.6,4110.6,2406.6,278.4,512.8,522.8,7712,1808.8,5128,19036,1799.8,1282.0,20532,0x7750FF70
337,0,495735,495.735,0,0,OK,4626.2,4619.2,4619.2,4619.2,4619.2,4619.2,4619.2,4619.2,4619.2,0.00,4619.2,4619.2,4619.2,232.76,1031.6,791.2,791.2,2171.2,4111.6,4110.6,2406.6,4111.6,4110.6,277.4,512.8,262.4,5308,1808.8,2624,13928,2050.2,791.2,10256,0xD94994AC
338,0,496733,496.733,0,0,OK,4619.2,4619.2,4619.2,4619.2,4619.2,4619.2,4619.2,4619.2,4619.2,0.00,4619.2,4619.2,4619.2,231.76,1031.6,791.2,1031.6,2171.2,4111.6,2406.6,2407.6,4111.6,2406.6,268.4,522.8,522.8,10316,2059.2,2624,16632,1799.8,1292.0,5248,0xF654C922
339,0,497732,497.732,0,0,OK,4627.2,4619.2,4619.2,4619.2,4619.2,4619.2,4619.2,4619.2,4619.2,0.00,4619.2,4619.2,4619.2,231.76,1031.6,791.2,791.2,2171.2,4111.6,4110.6,2406.6,4111.6,4110.6,277.4,272.4,512.8,10316,2059.2,5228,16532,2060.2,1282.0,7752,0xBEAD8E54
340,0,498730,498.730,0,0,OK,4621.2,4619.2,4619.2,4619.2,4619.2,4619.2,4619.2,4619.2,4619.2,0.00,4619.2,4619.2,4619.2,0.80,1031.6,791.2,1031.6,2171.2,4111.6,2406.6,2407.6,4111.6,2406.6,769.2,512.8,522.8,7812,2049.2,5328,19136,1559.4,1292.0,13020,0x1DDB6DEC
341,0,499728,499.728,0,0,OK,4625.2,4619.2,4619.2,4619.2,4619.2,4619.2,4619.2,4619.2,4619.2,0.00,4619.2,4619.2,4619.2,0.80,791.2,1031.6,791.2,4105.6,2406.6,4111.6,4110.6,2406.6,4111.6,527.8,262.4,262.4,5308,1798.8,5228,19036,2050.2,1292.0,15424,0x6AD48945
342,0,500726,500.726,0,0,OK,4625.2,4619.2,4619.2,4619.2,4619.2,4619.2,4619.2,4619.2,4619.2,0.00,4619.2,4619.2,4619.2,232.76,1031.6,791.2,791.2,2171.2,4111.6,4110.6,2406.6,4111.6,4110.6,527.8,262.4,262.4,5308,2059.2,5228,16632,2050.2,1282.0,40,0xAB28E83D
343,0,501724,501.724,0,0,OK,4624.2,4619.2,4619.2,4619.2,4619.2,4619.2,4619.2,4619.2,4619.2,0.00,4619.2,4619.2,4619.2,0.80,1031.6,791.2,1031.6,2171.2,4111.6,2406.6,2407.6,4111.6,2406.6,769.2,512.8,262.4,5308,2059.2,5228,19136,1809.8,1031.6,140,0xB8DB8E9A
344,0,502722,502.722,0,0,OK,4625.2,4619.2,4619.2,4619.2,4619.2,4619.2,4619.2,4619.2,4619.2,0.00,4619.2,4619.2,4619.2,231.76,1031.6,791.2,1031.6,2171.2,4111.6,2406.6,2407.6,4111.6,2406.6,278.4,512.8,512.8,5308,1808.8,2624,14028,2060.2,1031.6,240,0xF441D531
345,0,503720,503.720,0,0,OK,4620.2,4619.2,4619.2,4619.2,4619.2,4619.2,4619.2,4619.2,4619.2,0.00,4619.2,4619.2,4619.2,232.76,791.2,791.2,791.2,4105.6,4110.6,4110.6,4110.6,4110.6,4110.6,527.8,522.8,272.4,7812,1798.8,2624,14028,2060.2,791.2,23236,0xD59E727A
346,0,504718,504.718,0,0,OK,4619.2,4619.2,4619.2,4619.2,4619.2,4619.2,4619.2,4619.2,4619.2,0.00,4619.2,4619.2,4619.2,232.76,791.2,791.2,791.2,4105.6,4110.6,4110.6,4110.6,4110.6,4110.6,517.8,262.4,272.4,5308,2049.2,5328,16632,2060.2,1041.6,5348,0x9F6CBD34
347,0,505716,505.716,0,0,OK,4620.2,4619.2,4619.2,4619.2,4619.2,4619.2,4619.2,4619.2,4619.2,0.00,4619.2,4619.2,4619.2,231.76,1031.6,1031.6,791.2,2171.2,2407.6,4111.6,2406.6,2407.6,4111.6,267.4,512.8,512.8,7712,1798.8,2724,16532,2050.2,1031.6,10256,0x7B50AA3B
348,0,506714,506.714,0,0,OK,4625.2,4619.2,4619.2,4619.2,4619.2,4619.2,4619.2,4619.2,4619.2,0.00,4619.2,4619.2,4619.2,231.76,1031.6,1031.6,1031.6,2171.2,2407.6,2407.6,2407.6,2407.6,2407.6,769.2,532.8,272.4,10316,1798.8,5128,19136,1559.4,1282.0,20532,0xB901817B
349,0,507712,507.712,0,0,OK,4620.2,4619.2,4619.2,4619.2,4619.2,4619.2,4619.2,4619.2,4619.2,0.00,4619.2,4619.2,4619.2,232.76,1031.6,1031.6,791.2,2171.2,2407.6,4111.6,2406.6,2407.6,4111.6,267.4,532.8,512.8,10316,1558.4,5328,16532,1809.8,1041.6,7912,0x9E2FFCD8
350,0,508711,508.711,0,0,OK,4621.2,4619.2,4619.2,4619.2,4619.2,4619.2,4619.2,4619.2,4619.2,0.00,4619.2,4619.2,4619.2,0.80,791.2,791.2,1031.6,4105.6,4110.6,2406.6,4111.6,4110.6,2406.6,528.8,532.8,262.4,5308,2059.2,5128,16532,1809.8,791.2,17928,0x7412E659
351,0,509709,509.709,0,0,OK,4623.2,4619.2,4619.2,4619.2,4619.2,4619.2,4619.2,4619.2,4619.2,0.00,4619.2,4619.2,4619.2,232.76,791.2,791.2,1031.6,4105.6,4110.6,2406.6,4111.6,4110.6,2406.6,769.2,512.8,522.8,7912,2049.2,5228,13928,1809.8,1041.6,10316,0x8C311AA3
352,0,510707,510.707,0,0,OK,4624.2,4619.2,4619.2,4619.2,4619.2,4619.2,4619.2,4619.2,4619.2,0.00,4619.2,4619.2,4619.2,232.76,791.2,791.2,791.2,4105.6,4110.6,4110.6,4110.6,4110.6,4110.6,768.2,272.4,272.4,10316,2049.2,5128,13828,2050.2,1041.6,10356,0x2275C8CF
353,0,511705,511.705,0,0,OK,4623.2,4619.2,4619.2,4619.2,4619.2,4619.2,4619.2,4619.2,4619.2,0.00,4619.2,4619.2,4619.2,0.80,1031.6,791.2,791.2,2171.2,4111.6,4110.6,2406.6,4111.6,4110.6,768.2,522.8,532.8,7812,1798.8,5328,19136,1799.8,1292.0,13020,0x34782CD1
354,0,512704,512.704,0,0,OK,4623.2,4619.2,4619.2,4619.2,4619.2,4619.2,4619.2,4619.2,4619.2,0.00,4619.2,4619.2,4619.2,232.76,791.2,791.2,1031.6,4105.6,4110.6,2406.6,4111.6,4110.6,2406.6,268.4,512.8,532.8,5308,1558.4,2624,11424,1799.8,791.2,5348,0xFE87AC4E
355,0,513702,513.702,0,0,OK,4625.2,4619.2,4619.2,4619.2,4619.2,4619.2,4619.2,4619.2,4619.2,0.00,4619.2,4619.2,4619.2,0.80,791.2,791.2,1031.6,4105.6,4110.6,2406.6,4111.6,4110.6,2406.6,278.4,272.4,272.4,7712,1558.4,5128,21540,1559.4,1041.6,2744,0xB7C3FA63
356,0,514700,514.700,0,0,OK,4624.2,4619.2,4619.2,4619.2,4619.2,4619.2,4619.2,4619.2,4619.2,0.00,4619.2,4619.2,4619.2,231.76,791.2,1031.6,1031.6,4105.6,2406.6,2407.6,4111.6,2406.6,2407.6,268.4,522.8,522.8,7712,2049.2,5228,13828,1559.4,1041.6,15524,0xFA72810F
357,0,515698,515.698,0,0,OK,4623.2,4619.2,4619.2,4619.2,4619.2,4619.2,4619.2,4619.2,4619.2,0.00,4619.2,4619.2,4619.2,231.76,791.2,791.2,791.2,4105.6,4110.6,4110.6,4110.6,4110.6,4110.6,277.4,262.4,512.8,5308,2059.2,2724,19036,2050.2,791.2,10356,0x56A10BB3
358,0,516696,516.696,0,0,OK,4622.2,4619.2,4619.2,4619.2,4619.2,4619.2,4619.2,4619.2,4619.2,0.00,4619.2,4619.2,4619.2,231.76,791.2,791.2,1031.6,4105.6,4110.6,2406.6,4111.6,4110.6,2406.6,278.4,522.8,512.8,7912,2049.2,5328,16632,2060.2,1292.0,10316,0xC9923649
359,0,517694,517.694,0,0,OK,4627.2,4619.2,4619.2,4619.2,4619.2,4619.2,4619.2,4619.2,4619.2,0.00,4619.2,4619.2,4619.2,232.76,1031.6,1031.6,791.2,2171.2,2407.6,4111.6,2406.6,2407.6,4111.6,277.4,532.8,512.8,7712,1558.4,5228,19036,2050.2,1031.6,13020,0x2E501916
360,0,518692,518.692,0,0,OK,4626.2,4619.2,4619.2,4619.2,4619.2,4619.2,4619.2,4619.2,4619.2,0.00,4619.2,4619.2,4619.2,232.76,1031.6,791.2,1031.6,2171.2,4111.6,2406.6,2407.6,4111.6,2406.6,528.8,512.8,512.8,7812,1798.8,2624,16432,2060.2,1031.6,12920,0x5B12E678
361,0,519690,519.690,0,0,OK,4626.2,4619.2,4619.2,4619.2,4619.2,4619.2,4619.2,4619.2,4619.2,0.00,4619.2,4619.2,4619.2,232.76,791.2,791.2,1031.6,4105.6,4110.6,2406.6,4111.6,4110.6,2406.6,528.8,262.4,272.4,7712,1798.8,5228,21540,1809.8,1292.0,7752,0xB175B79E
362,0,520688,520.688,0,0,OK,4625.2,4619.2,4619.2,4619.2,4619.2,4619.2,4619.2,4619.2,4619.2,0.00,4619.2,4619.2,4619.2,0.80,1031.6,791.2,791.2,2171.2,4111.6,4110.6,2406.6,4111.6,4110.6,768.2,532.8,512.8,7812,2059.2,2624,14028,1799.8,791.2,20632,0x13B67AB6
363,0,521686,521.686,0,0,OK,4625.2,4619.2,4619.2,4619.2,4619.2,4619.2,4619.2,4619.2,4619.2,0.00,4619.2,4619.2,4619.2,231.76,791.2,791.2,791.2,4105.6,4110.6,4110.6,4110.6,4110.6,4110.6,267.4,522.8,522.8,7812,1558.4,2624,14028,2060.2,791.2,12820,0xE8C02BA5
364,0,522684,522.684,0,0,OK,4628.2,4619.2,4619.2,4619.2,4619.2,4619.2,4619.2,4619.2,4619.2,0.00,4619.2,4619.2,4619.2,232.76,1031.6,1031.6,791.2,2171.2,2407.6,4111.6,2406.6,2407.6,4111.6,517.8,532.8,262.4,7812,1798.8,2724,19036,1799.8,1031.6,23236,0x8A7EBCD6
365,0,523682,523.682,0,0,OK,4626.2,4619.2,4619.2,4619.2,4619.2,4619.2,4619.2,4619.2,4619.2,0.00,4619.2,4619.2,4619.2,0.80,1031.6,1031.6,791.2,2171.2,2407.6,4111.6,2406.6,2407.6,4111.6,768.2,532.8,532.8,7912,2059.2,5228,13928,1559.4,1282.0,10316,0x302B45DC
366,0,524680,524.680,0,0,OK,4620.2,4619.2,4619.2,4619.2,4619.2,4619.2,4619.2,4619.2,4619.2,0.00,4619.2,4619.2,4619.2,0.80,1031.6,1031.6,791.2,2171.2,2407.6,4111.6,2406.6,2407.6,4111.6,768.2,512.8,512.8,10316,1808.8,5228,13828,2060.2,1031.6,5148,0x099E0B90
367,0,525679,525.679,0,0,OK,4621.2,4619.2,4619.2,4619.2,4619.2,4619.2,4619.2,4619.2,4619.2,0.00,4619.2,4619.2,4619.2,232.76,1031.6,791.2,791.2,2171.2,4111.6,4110.6,2406.6,4111.6,4110.6,267.4,512.8,532.8,10316,1798.8,2624,14028,1799.8,1282.0,7752,0x70713EAC
368,0,526677,526.677,0,0,OK,4626.2,4619.2,4619.2,4619.2,4619.2,4619.2,4619.2,4619.2,4619.2,0.00,4619.2,4619.2,4619.2,231.76,791.2,1031.6,791.2,4105.6,2406.6,4111.6,4110.6,2406.6,4111.6,768.2,532.8,512.8,7712,1808.8,5128,16632,2050.2,1292.0,20532,0x24DBB01A
369,0,527675,527.675,0,0,OK,4626.2,4619.2,4619.2,4619.2,4619.2,4619.2,4619.2,4619.2,4619.2,0.00,4619.2,4619.2,4619.2,232.76,1031.6,1031.6,1031.6,2171.2,2407.6,2407.6,2407.6,2407.6,2407.6,268.4,272.4,532.8,7812,1558.4,5228,11424,1809.8,1031.6,18028,0xD219D67A
370,0,528673,528.673,0,0,OK,4626.2,4619.2,4619.2,4619.2,4619.2,4619.2,4619.2,4619.2,4619.2,0.00,4619.2,4619.2,4619.2,0.80,1031.6,1031.6,791.2,2171.2,2407.6,4111.6,2406.6,2407.6,4111.6,527.8,272.4,532.8,7812,1808.8,2724,16432,2050.2,791.2,23136,0x790F0DAE
371,0,529671,529.671,0,0,OK,4624.2,4619.2,4619.2,4619.2,4619.2,4619.2,4619.2,4619.2,4619.2,0.00,4619.2,4619.2,4619.2,231.76,1031.6,1031.6,791.2,2171.2,2407.6,4111.6,2406.6,2407.6,4111.6,267.4,532.8,512.8,5308,1808.8,2724,13928,1559.4,1031.6,2644,0x5CBE505A
372,0,530669,530.669,0,0,OK,4625.2,4619.2,4619.2,4619.2,4619.2,4619.2,4619.2,4619.2,4619.2,0.00,4619.2,4619.2,4619.2,231.76,791.2,791.2,791.2,4105.6,4110.6,4110.6,4110.6,4110.6,4110.6,768.2,522.8,512.8,7912,2049.2,5228,14028,2060.2,1292.0,20532,0x0A6DD3AC
373,0,531667,531.667,0,0,OK,4622.2,4619.2,4619.2,4619.2,4619.2,4619.2,4619.2,4619.2,4619.2,0.00,4619.2,4619.2,4619.2,231.76,1031.6,791.2,791.2,2171.2,4111.6,4110.6,2406.6,4111.6,4110.6,527.8,532.8,532.8,10316,2049.2,5328,19136,2060.2,1031.6,10256,0x00AD9629
374,0,532665,532.665,0,0,OK,4625.2,4619.2,4619.2,4619.2,4619.2,4619.2,4619.2,4619.2,4619.2,0.00,4619.2,4619.2,4619.2,0.80,791.2,1031.6,1031.6,4105.6,2406.6,2407.6,4111.6,2406.6,2407.6,769.2,522.8,512.8,10316,1798.8,5228,16632,2060.2,1031.6,10416,0xD80752A3
375,0,533663,533.663,0,0,OK,4621.2,4619.2,4619.2,4619.2,4619.2,4619.2,4619.2,4619.2,4619.2,0.00,4619.2,4619.2,4619.2,232.76,1031.6,791.2,791.2,2171.2,4111.6,4110.6,2406.6,4111.6,4110.6,277.4,262.4,272.4,5308,2049.2,2624,11424,1799.8,791.2,20732,0x3A4DA2C0
376,0,534661,534.661,0,0,OK,4619.2,4619.2,4619.2,4619.2,4619.2,4619.2,4619.2,4619.2,4619.2,0.00,4619.2,4619.2,4619.2,232.76,791.2,1031.6,791.2,4105.6,2406.6,4111.6,4110.6,2406.6,4111.6,277.4,522.8,522.8,5308,1558.4,5328,13928,1809.8,1292.0,10456,0x95280E73
377,0,535660,535.660,0,0,OK,4624.2,4619.2,4619.2,4619.2,4619.2,4619.2,4619.2,4619.2,4619.2,0.00,4619.2,4619.2,4619.2,232.76,1031.6,791.2,1031.6,2171.2,4111.6,2406.6,2407.6,4111.6,2406.6,278.4,272.4,262.4,5308,1808.8,2624,16632,1559.4,1282.0,10316,0xDE50CAF2
378,0,536658,536.658,0,0,OK,4623.2,4619.2,4619.2,4619.2,4619.2,4619.2,4619.2,4619.2,4619.2,0.00,4619.2,4619.2,4619.2,232.76,791.2,1031.6,791.2,4105.6,2406.6,4111.6,4110.6,2406.6,4111.6,267.4,262.4,512.8,7912,1558.4,5328,13928,1799.8,1031.6,23236,0x240EBF3E
379,0,537656,537.656,0,0,OK,4626.2,4619.2,4619.2,4619.2,4619.2,4619.2,4619.2,4619.2,4619.2,0.00,4619.2,4619.2,4619.2,232.76,791.2,1031.6,1031.6,4105.6,2406.6,2407.6,4111.6,2406.6,2407.6,769.2,272.4,262.4,10316,2049.2,2724,13828,1559.4,791.2,5148,0x84576460
380,0,538654,538.654,0,0,OK,4628.2,4619.2,4619.2,4619.2,4619.2,4619.2,4619.2,4619.2,4619.2,0.00,4619.2,4619.2,4619.2,232.76,1031.6,791.2,791.2,2171.2,4111.6,4110.6,2406.6,4111.6,4110.6,267.4,532.8,512.8,7712,1798.8,5128,13828,1809.8,1031.6,15424,0x1BF3C081
381,0,539653,539.653,0,0,OK,4625.2,4619.2,4619.2,4619.2,4619.2,4619.2,4619.2,4619.2,4619.2,0.00,4619.2,4619.2,4619.2,0.80,791.2,1031.6,1031.6,4105.6,2406.6,2407.6,4111.6,2406.6,2407.6,518.8,262.4,532.8,7712,2049.2,5228,16532,2060.2,791.2,12860,0x832B4AB4
382,0,540651,540.651,0,0,OK,4626.2,4619.2,4619.2,4619.2,4619.2,4619.2,4619.2,4619.2,4619.2,0.00,4619.2,4619.2,4619.2,231.76,791.2,1031.6,1031.6,4105.6,2406.6,2407.6,4111.6,2406.6,2407.6,518.8,262.4,272.4,7712,1558.4,2724,13928,1799.8,791.2,40,0x241AC203
383,0,541649,541.649,0,0,OK,4627.2,4619.2,4619.2,4619.2,4619.2,4619.2,4619.2,4619.2,4619.2,0.00,4619.2,4619.2,4619.2,232.76,791.2,791.2,1031.6,4105.6,4110.6,2406.6,4111.6,4110.6,2406.6,528.8,522.8,272.4,7712,1558.4,5128,13928,1559.4,1041.6,23236,0x00E6CF4E
384,0,542647,542.647,0,0,OK,4625.2,4619.2,4619.2,4619.2,4619.2,4619.2,4619.2,4619.2,4619.2,0.00,4619.2,4619.2,4619.2,231.76,1031.6,1031.6,791.2,2171.2,2407.6,4111.6,2406.6,2407.6,4111.6,527.8,532.8,522.8,5308,1798.8,5128,13828,1809.8,1041.6,7752,0x92F761CE
385,0,543646,543.646,0,0,OK,4624.2,4619.2,4619.2,4619.2,4619.2,4619.2,4619.2,4619.2,4619.2,0.00,4619.2,4619.2,4619.2,231.76,1031.6,1031.6,1031.6,2171.2,2407.6,2407.6,2407.6,2407.6,2407.6,769.2,272.4,522.8,7812,2059.2,5228,14028,2050.2,791.2,140,0xEFE53652
386,0,544644,544.644,0,0,OK,4625.2,4619.2,4619.2,4619.2,4619.2,4619.2,4619.2,4619.2,4619.2,0.00,4619.2,4619.2,4619.2,232.76,791.2,1031.6,791.2,4105.6,2406.6,4111.6,4110.6,2406.6,4111.6,267.4,262.4,522.8,7712,1798.8,5128,21540,2060.2,1282.0,140,0x9F021DEA
387,0,545643,545.643,0,0,OK,4625.2,4619.2,4619.2,4619.2,4619.2,4619.2,4619.2,4619.2,4619.2,0.00,4619.2,4619.2,4619.2,232.76,1031.6,791.2,1031.6,2171.2,4111.6,2406.6,2407.6,4111.6,2406.6,769.2,272.4,272.4,7812,2049.2,5128,16532,1799.8,791.2,23136,0xF594C7B7
388,0,546641,546.641,0,0,OK,4620.2,4619.2,4619.2,4619.2,4619.2,4619.2,4619.2,4619.2,4619.2,0.00,4619.2,4619.2,4619.2,0.80,1031.6,791.2,791.2,2171.2,4111.6,4110.6,2406.6,4111.6,4110.6,267.4,272.4,272.4,10316,2059.2,5228,13828,2060.2,1282.0,18028,0x97D25725
389,0,547640,547.640,0,0,OK,4628.2,4619.2,4619.2,4619.2,4619.2,4619.2,4619.2,4619.2,4619.2,0.00,4619.2,4619.2,4619.2,232.76,1031.6,1031.6,1031.6,2171.2,2407.6,2407.6,2407.6,2407.6,2407.6,769.2,522.8,262.4,7912,1808.8,5228,16632,1559.4,791.2,2644,0xE30CF2A2
390,0,548638,548.638,0,0,OK,4625.2,4619.2,4619.2,4619.2,4619.2,4619.2,4619.2,4619.2,4619.2,0.00,4619.2,4619.2,4619.2,232.76,791.2,1031.6,1031.6,4105.6,2406.6,2407.6,4111.6,2406.6,2407.6,518.8,272.4,272.4,7912,2059.2,2624,14028,1559.4,1041.6,12860,0x3BA6D128
391,0,549637,549.637,0,0,OK,4626.2,4619.2,4619.2,4619.2,4619.2,4619.2,4619.2,4619.2,4619.2,0.00,4619.2,4619.2,4619.2,231.76,791.2,791.2,1031.6,4105.6,4110.6,2406.6,4111.6,4110.6,2406.6,528.8,272.4,512.8,5308,2059.2,2624,13928,1799.8,1292.0,240,0x72F0DA3E
392,0,550635,550.635,0,0,OK,4626.2,4619.2,4619.2,4619.2,4619.2,4619.2,4619.2,4619.2,4619.2,0.00,4619.2,4619.2,4619.2,232.76,1031.6,791.2,1031.6,2171.2,4111.6,2406.6,2407.6,4111.6,2406.6,278.4,512.8,262.4,7912,2049.2,2724,16632,1559.4,791.2,7852,0xB5FB8443
393,0,551633,551.633,0,0,OK,4620.2,4619.2,4619.2,4619.2,4619.2,4619.2,4619.2,4619.2,4619.2,0.00,4619.2,4619.2,4619.2,0.80,1031.6,791.2,791.2,2171.2,4111.6,4110.6,2406.6,4111.6,4110.6,277.4,262.4,512.8,7912,1808.8,5128,13928,2050.2,791.2,240,0xDCCD1949
394,0,552631,552.631,0,0,OK,4626.2,4619.2,4619.2,4619.2,4619.2,4619.2,4619.2,4619.2,4619.2,0.00,4619.2,4619.2,4619.2,0.80,1031.6,791.2,1031.6,2171.2,4111.6,2406.6,2407.6,4111.6,2406.6,528.8,262.4,532.8,10316,2059.2,2624,11424,1799.8,1282.0,10316,0xD501FF9B
395,0,553630,553.630,0,0,OK,4627.2,4619.2,4619.2,4619.2,4619.2,4619.2,4619.2,4619.2,4619.2,0.00,4619.2,4619.2,4619.2,0.80,1031.6,791.2,1031.6,2171.2,4111.6,2406.6,2407.6,4111.6,2406.6,528.8,512.8,272.4,7912,1808.8,5128,14028,1799.8,1282.0,17928,0x9FE3826C
396,0,554628,554.628,0,0,OK,4627.2,4619.2,4619.2,4619.2,4619.2,4619.2,4619.2,4619.2,4619.2,0.00,4619.2,4619.2,4619.2,232.76,1031.6,791.2,791.2,2171.2,4111.6,4110.6,2406.6,4111.6,4110.6,527.8,272.4,272.4,7812,2049.2,5228,16432,2050.2,1041.6,7912,0x08C19CE7
397,0,555627,555.627,0,0,OK,4626.2,4619.2,4619.2,4619.2,4619.2,4619.2,4619.2,4619.2,4619.2,0.00,4619.2,4619.2,4619.2,0.80,791.2,791.2,791.2,4105.6,4110.6,4110.6,4110.6,4110.6,4110.6,527.8,262.4,272.4,7812,1808.8,5228,16532,1799.8,1282.0,15424,0x4D4C38D1
398,0,556625,556.625,0,0,OK,4621.2,4619.2,4619.2,4619.2,4619.2,4619.2,4619.2,4619.2,4619.2,0.00,4619.2,4619.2,4619.2,0.80,791.2,791.2,1031.6,4105.6,4110.6,2406.6,4111.6,4110.6,2406.6,278.4,512.8,262.4,7712,1808.8,2624,21540,1559.4,1031.6,10456,0xA9E8EC82
399,0,557624,557.624,0,0,OK,4619.2,4619.2,4619.2,4619.2,4619.2,4619.2,4619.2,4619.2,4619.2,0.00,4619.2,4619.2,4619.2,232.76,1031.6,791.2,791.2,2171.2,4111.6,4110.6,2406.6,4111.6,4110.6,768.2,262.4,512.8,7712,2049.2,5328,16632,1809.8,791.2,18128,0xFFF3CAA8
400,0,558622,558.622,0,0,OK,4627.2,4619.2,4619.2,4619.2,4619.2,4619.2,4619.2,4619.2,4619.2,0.00,4619.2,4619.2,4619.2,232.76,791.2,1031.6,1031.6,4105.6,2406.6,2407.6,4111.6,2406.6,2407.6,268.4,522.8,272.4,7712,1808.8,2624,13928,2060.2,791.2,10316,0x6889D778
401,0,559621,559.621,0,0,OK,4626.2,4619.2,4619.2,4619.2,4619.2,4619.2,4619.2,4619.2,4619.2,0.00,4619.2,4619.2,4619.2,231.76,791.2,791.2,1031.6,4105.6,4110.6,2406.6,4111.6,4110.6,2406.6,268.4,262.4,272.4,10316,2049.2,5328,14028,1559.4,1031.6,10316,0x7EF7FBBA
402,0,560619,560.619,0,0,OK,4621.2,4619.2,4619.2,4619.2,4619.2,4619.2,4619.2,4619.2,4619.2,0.00,4619.2,4619.2,4619.2,231.76,1031.6,791.2,791.2,2171.2,4111.6,4110.6,2406.6,4111.6,4110.6,277.4,512.8,512.8,7912,1558.4,2624,16432,2060.2,1292.0,13020,0xB90E391D
403,0,561617,561.617,0,0,OK,4623.2,4619.2,4619.2,4619.2,4619.2,4619.2,4619.2,4619.2,4619.2,0.00,4619.2,4619.2,4619.2,232.76,1031.6,1031.6,791.2,2171.2,2407.6,4111.6,2406.6,2407.6,4111.6,768.2,262.4,262.4,10316,2059.2,5128,19136,1799.8,1292.0,15424,0x6036EDC9
404,0,562615,562.615,0,0,OK,4621.2,4619.2,4619.2,4619.2,4619.2,4619.2,4619.2,4619.2,4619.2,0.00,4619.2,4619.2,4619.2,232.76,791.2,791.2,791.2,4105.6,4110.6,4110.6,4110.6,4110.6,4110.6,517.8,532.8,272.4,7812,1808.8,5328,19136,2060.2,1292.0,10356,0x67691A14
405,0,563613,563.613,0,0,OK,4624.2,4619.2,4619.2,4619.2,4619.2,4619.2,4619.2,4619.2,4619.2,0.00,4619.2,4619.2,4619.2,231.76,1031.6,1031.6,791.2,2171.2,2407.6,4111.6,2406.6,2407.6,4111.6,517.8,532.8,272.4,7912,1558.4,2624,16532,2050.2,1292.0,10316,0x062DBA1C
406,0,564611,564.611,0,0,OK,4627.2,4619.2,4619.2,4619.2,4619.2,4619.2,4619.2,4619.2,4619.2,0.00,4619.2,4619.2,4619.2,0.80,791.2,1031.6,1031.6,4105.6,2406.6,2407.6,4111.6,2406.6,2407.6,518.8,262.4,262.4,7912,2049.2,5128,16432,1559.4,1282.0,20532,0xD8AC0A26
407,0,565610,565.610,0,0,OK,4625.2,4619.2,4619.2,4619.2,4619.2,4619.2,4619.2,4619.2,4619.2,0.00,4619.2,4619.2,4619.2,232.76,1031.6,791.2,1031.6,2171.2,4111.6,2406.6,2407.6,4111.6,2406.6,769.2,532.8,522.8,5308,2049.2,5328,14028,1559.4,1292.0,18128,0x63F11F53
408,0,566608,566.608,0,0,OK,4628.2,4619.2,4619.2,4619.2,4619.2,4619.2,4619.2,4619.2,4619.2,0.00,4619.2,4619.2,4619.2,231.76,1031.6,1031.6,1031.6,2171.2,2407.6,2407.6,2407.6,2407.6,2407.6,268.4,522.8,512.8,10316,2049.2,5228,14028,2060.2,1292.0,23236,0x31EA2A8E
409,0,567606,567.606,0,0,OK,4628.2,4619.2,4619.2,4619.2,4619.2,4619.2,4619.2,4619.2,4619.2,0.00,4619.2,4619.2,4619.2,0.80,791.2,791.2,1031.6,4105.6,4110.6,2406.6,4111.6,4110.6,2406.6,518.8,262.4,272.4,7812,2049.2,2724,21540,1559.4,1041.6,40,0x62F3E02F
410,0,568604,568.604,0,0,OK,4619.2,4619.2,4619.2,4619.2,4619.2,4619.2,4619.2,4619.2,4619.2,0.00,4619.2,4619.2,4619.2,0.80,1031.6,1031.6,791.2,2171.2,2407.6,4111.6,2406.6,2407.6,4111.6,267.4,522.8,262.4,7712,2049.2,5328,16432,2050.2,1282.0,17928,0x7863F8E3
411,0,569602,569.602,0,0,OK,4619.2,4619.2,4619.2,4619.2,4619.2,4619.2,4619.2,4619.2,4619.2,0.00,4619.2,4619.2,4619.2,231.76,1031.6,1031.6,1031.6,2171.2,2407.6,2407.6,2407.6,2407.6,2407.6,268.4,262.4,532.8,5308,2059.2,5128,19136,1559.4,1041.6,12920,0x672BC6EE
412,0,570600,570.600,0,0,OK,4622.2,4619.2,4619.2,4619.2,4619.2,4619.2,4619.2,4619.2,4619.2,0.00,4619.2,4619.2,4619.2,231.76,1031.6,1031.6,1031.6,2171.2,2407.6,2407.6,2407.6,2407.6,2407.6,769.2,272.4,512.8,10316,1808.8,5328,11424,2060.2,1292.0,12860,0x120AA50F
413,0,571597,571.597,0,0,OK,4624.2,4619.2,4619.2,4619.2,4619.2,4619.2,4619.2,4619.2,4619.2,0.00,4619.2,4619.2,4619.2,231.76,791.2,791.2,1031.6,4105.6,4110.6,2406.6,4111.6,4110.6,2406.6,278.4,522.8,272.4,7812,2059.2,5328,16532,2060.2,1282.0,15524,0x24B22E7F
414,0,572596,572.596,0,0,OK,4628.2,4619.2,4619.2,4619.2,4619.2,4619.2,4619.2,4619.2,4619.2,0.00,4619.2,4619.2,4619.2,232.76,791.2,1031.6,1031.6,4105.6,2406.6,2407.6,4111.6,2406.6,2407.6,769.2,272.4,512.8,5308,1798.8,2624,21540,1559.4,1031.6,23136,0x02C11993
415,0,573594,573.594,0,0,OK,4625.2,4619.2,4619.2,4619.2,4619.2,4619.2,4619.2,4619.2,4619.2,0.00,4619.2,4619.2,4619.2,0.80,1031.6,791.2,1031.6,2171.2,4111.6,2406.6,2407.6,4111.6,2406.6,528.8,262.4,512.8,5308,2049.2,2624,19136,1799.8,1041.6,12820,0x77AD2287
416,0,574592,574.592,0,0,OK,4621.2,4619.2,4619.2,4619.2,4619.2,4619.2,4619.2,4619.2,4619.2,0.00,4619.2,4619.2,4619.2,232.76,791.2,1031.6,1031.6,4105.6,2406.6,2407.6,4111.6,2406.6,2407.6,769.2,522.8,532.8,5308,1798.8,5328,11424,1559.4,1292.0,12860,0xA62CD1EF
417,0,575590,575.590,0,0,OK,4624.2,4619.2,4619.2,4619.2,4619.2,4619.2,4619.2,4619.2,4619.2,0.00,4619.2,4619.2,4619.2,232.76,791.2,1031.6,791.2,4105.6,2406.6,4111.6,4110.6,2406.6,4111.6,277.4,522.8,512.8,7712,2049.2,5128,19036,1559.4,1282.0,12920,0xD659567B
418,0,576589,576.589,0,0,OK,4624.2,4619.2,4619.2,4619.2,4619.2,4619.2,4619.2,4619.2,4619.2,0.00,4619.2,4619.2,4619.2,232.76,791.2,1031.6,791.2,4105.6,2406.6,4111.6,4110.6,2406.6,4111.6,517.8,532.8,512.8,7912,1808.8,5328,16632,2060.2,1282.0,12860,0xD8F275DF
419,0,577587,577.587,0,0,OK,4628.2,4619.2,4619.2,4619.2,4619.2,4619.2,4619.2,4619.2,4619.2,0.00,4619.2,4619.2,4619.2,232.76,1031.6,1031.6,791.2,2171.2,2407.6,4111.6,2406.6,2407.6,4111.6,517.8,532.8,262.4,7912,1798.8,5228,11424,1559.4,1031.6,2644,0x485B7DC6
420,0,578585,578.585,0,0,OK,4619.2,4619.2,4619.2,4619.2,4619.2,4619.2,4619.2,4619.2,4619.2,0.00,4619.2,4619.2,4619.2,0.80,1031.6,791.2,791.2,2171.2,4111.6,4110.6,2406.6,4111.6,4110.6,277.4,272.4,512.8,7912,1808.8,5328,16632,2050.2,1041.6,15524,0x1CD11C7E
421,0,579583,579.583,0,0,OK,4625.2,4619.2,4619.2,4619.2,4619.2,4619.2,4619.2,4619.2,4619.2,0.00,4619.2,4619.2,4619.2,232.76,791.2,1031.6,791.2,4105.6,2406.6,4111.6,4110.6,2406.6,4111.6,277.4,262.4,532.8,10316,2049.2,2624,13828,2060.2,791.2,7752,0x7FF3A6A4
422,0,580581,580.581,0,0,OK,4628.2,4619.2,4619.2,4619.2,4619.2,4619.2,4619.2,4619.2,4619.2,0.00,4619.2,4619.2,4619.2,0.80,791.2,1031.6,791.2,4105.6,2406.6,4111.6,4110.6,2406.6,4111.6,768.2,272.4,522.8,5308,1798.8,5328,19036,1559.4,1041.6,140,0x7D0BC9EE
423,0,581579,581.579,0,0,OK,4625.2,4619.2,4619.2,4619.2,4619.2,4619.2,4619.2,4619.2,4619.2,0.00,4619.2,4619.2,4619.2,232.76,791.2,1031.6,791.2,4105.6,2406.6,4111.6,4110.6,2406.6,4111.6,277.4,532.8,532.8,10316,1558.4,5228,16432,1559.4,1292.0,10416,0xDF2FD968
424,0,582577,582.577,0,0,OK,4619.2,4619.2,4619.2,4619.2,4619.2,4619.2,4619.2,4619.2,4619.2,0.00,4619.2,4619.2,4619.2,232.76,791.2,1031.6,791.2,4105.6,2406.6,4111.6,4110.6,2406.6,4111.6,517.8,512.8,522.8,7812,1558.4,2624,14028,2060.2,791.2,5348,0x8259D018
425,0,583575,583.575,0,0,OK,4622.2,4619.2,4619.2,4619.2,4619.2,4619.2,4619.2,4619.2,4619.2,0.00,4619.2,4619.2,4619.2,231.76,1031.6,791.2,1031.6,2171.2,4111.6,2406.6,2407.6,4111.6,2406.6,518.8,522.8,262.4,7912,1798.8,2724,11424,2060.2,1031.6,15424,0xB4054551
426,0,584574,584.574,0,0,OK,4621.2,4619.2,4619.2,4619.2,4619.2,4619.2,4619.2,4619.2,4619.2,0.00,4619.2,4619.2,4619.2,231.76,791.2,791.2,791.2,4105.6,4110.6,4110.6,4110.6,4110.6,4110.6,517.8,532.8,262.4,7712,1808.8,5228,19136,2060.2,791.2,18028,0x36D38E48
427,0,585572,585.572,0,0,OK,4620.2,4619.2,4619.2,4619.2,4619.2,4619.2,4619.2,4619.2,4619.2,0.00,4619.2,4619.2,4619.2,0.80,791.2,791.2,1031.6,4105.6,4110.6,2406.6,4111.6,4110.6,2406.6,278.4,262.4,262.4,5308,1808.8,2624,16632,1809.8,1041.6,10456,0xF4EE8FAD
428,0,586570,586.570,0,0,OK,4628.2,4619.2,4619.2,4619.2,4619.2,4619.2,4619.2,4619.2,4619.2,0.00,4619.2,4619.2,4619.2,0.80,791.2,1031.6,1031.6,4105.6,2406.6,2407.6,4111.6,2406.6,2407.6,528.8,522.8,512.8,10316,1798.8,5128,13828,1799.8,1292.0,2644,0xBDBC9C04
429,0,587569,587.569,0,0,OK,4620.2,4619.2,4619.2,4619.2,4619.2,4619.2,4619.2,4619.2,4619.2,0.00,4619.2,4619.2,4619.2,0.80,791.2,1031.6,1031.6,4105.6,2406.6,2407.6,4111.6,2406.6,2407.6,518.8,522.8,272.4,10316,2059.2,2724,16432,1799.8,791.2,7912,0x37B6157C
430,0,588567,588.567,0,0,OK,4627.2,4619.2,4619.2,4619.2,4619.2,4619.2,4619.2,4619.2,4619.2,0.00,4619.2,4619.2,4619.2,232.76,1031.6,791.2,1031.6,2171.2,4111.6,2406.6,2407.6,4111.6,2406.6,268.4,532.8,532.8,10316,1798.8,2624,14028,1559.4,791.2,23136,0x99A53C07
431,0,589566,589.566,0,0,OK,4626.2,4619.2,4619.2,4619.2,4619.2,4619.2,4619.2,4619.2,4619.2,0.00,4619.2,4619.2,4619.2,0.80,791.2,791.2,791.2,4105.6,4110.6,4110.6,4110.6,4110.6,4110.6,527.8,532.8,272.4,7912,1798.8,5228,11424,1809.8,1292.0,7752,0x33CE92ED
432,0,590564,590.564,0,0,OK,4622.2,4619.2,4619.2,4619.2,4619.2,4619.2,4619.2,4619.2,4619.2,0.00,4619.2,4619.2,4619.2,0.80,791.2,1031.6,1031.6,4105.6,2406.6,2407.6,4111.6,2406.6,2407.6,278.4,532.8,272.4,7912,1558.4,2724,13928,1559.4,1292.0,140,0x78D0BF54
433,0,591563,591.563,0,0,OK,4619.2,4619.2,4619.2,4619.2,4619.2,4619.2,4619.2,4619.2,4619.2,0.00,4619.2,4619.2,4619.2,232.76,1031.6,1031.6,1031.6,2171.2,2407.6,2407.6,2407.6,2407.6,2407.6,528.8,522.8,262.4,7912,2049.2,2724,13928,1799.8,1282.0,40,0xA3F22A14
434,0,592561,592.561,0,0,OK,4619.2,4619.2,4619.2,4619.2,4619.2,4619.2,4619.2,4619.2,4619.2,0.00,4619.2,4619.2,4619.2,231.76,1031.6,1031.6,791.2,2171.2,2407.6,4111.6,2406.6,2407.6,4111.6,517.8,262.4,262.4,7812,1798.8,2624,19136,2060.2,1282.0,40,0xB42E559D
435,0,593560,593.560,0,0,OK,4628.2,4619.2,4619.2,4619.2,4619.2,4619.2,4619.2,4619.2,4619.2,0.00,4619.2,4619.2,4619.2,232.76,1031.6,1031.6,1031.6,2171.2,2407.6,2407.6,2407.6,2407.6,2407.6,518.8,272.4,532.8,5308,2049.2,2624,16632,2060.2,1282.0,10456,0x860E47E1
436,0,594558,594.558,0,0,OK,4620.2,4619.2,4619.2,4619.2,4619.2,4619.2,4619.2,4619.2,4619.2,0.00,4619.2,4619.2,4619.2,0.80,1031.6,791.2,791.2,2171.2,4111.6,4110.6,2406.6,4111.6,4110.6,527.8,272.4,512.8,7812,1558.4,2724,11424,1809.8,1031.6,17928,0x4C802BDF
437,0,595556,595.556,0,0,OK,4627.2,4619.2,4619.2,4619.2,4619.2,4619.2,4619.2,4619.2,4619.2,0.00,4619.2,4619.2,4619.2,232.76,1031.6,1031.6,1031.6,2171.2,2407.6,2407.6,2407.6,2407.6,2407.6,528.8,522.8,522.8,7912,1808.8,2624,16432,1559.4,1292.0,23136,0xCD8EDF3E
438,0,596555,596.555,0,0,OK,4625.2,4619.2,4619.2,4619.2,4619.2,4619.2,4619.2,4619.2,4619.2,0.00,4619.2,4619.2,4619.2,0.80,791.2,1031.6,791.2,4105.6,2406.6,4111.6,4110.6,2406.6,4111.6,517.8,512.8,272.4,5308,2059.2,2624,13928,2060.2,1282.0,7852,0x7C3D0540
439,0,597553,597.553,0,0,OK,4622.2,4619.2,4619.2,4619.2,4619.2,4619.2,4619.2,4619.2,4619.2,0.00,4619.2,4619.2,4619.2,232.76,791.2,791.2,791.2,4105.6,4110.6,4110.6,4110.6,4110.6,4110.6,527.8,512.8,272.4,7912,2059.2,5128,16432,1559.4,791.2,20732,0x09A153DF
440,0,598551,598.551,0,0,OK,4621.2,4619.2,4619.2,4619.2,4619.2,4619.2,4619.2,4619.2,4619.2,0.00,4619.2,4619.2,4619.2,232.76,1031.6,791.2,1031.6,2171.2,4111.6,2406.6,2407.6,4111.6,2406.6,528.8,272.4,262.4,7912,1558.4,5128,14028,1809.8,1282.0,10416,0xB7CDA298
441,0,599549,599.549,0,0,OK,4620.2,4619.2,4619.2,4619.2,4619.2,4619.2,4619.2,4619.2,4619.2,0.00,4619.2,4619.2,4619.2,231.76,1031.6,791.2,791.2,2171.2,4111.6,4110.6,2406.6,4111.6,4110.6,517.8,532.8,522.8,7812,1798.8,2624,16432,2060.2,1031.6,20532,0xFDC86F32
442,0,600547,600.547,0,0,OK,4628.2,4619.2,4619.2,4619.2,4619.2,4619.2,4619.2,4619.2,4619.2,0.00,4619.2,4619.2,4619.2,232.76,791.2,1031.6,791.2,4105.6,2406.6,4111.6,4110.6,2406.6,4111.6,277.4,522.8,272.4,7812,1808.8,2724,13928,2050.2,1041.6,240,0xB60BCCFD
443,0,601545,601.545,0,0,OK,4627.2,4619.2,4619.2,4619.2,4619.2,4619.2,4619.2,4619.2,4619.2,0.00,4619.2,4619.2,4619.2,231.76,791.2,791.2,791.2,4105.6,4110.6,4110.6,4110.6,4110.6,4110.6,768.2,512.8,522.8,10316,2059.2,2624,14028,2060.2,1031.6,7912,0xA1997146
444,0,602543,602.543,0,0,OK,4624.2,4619.2,4619.2,4619.2,4619.2,4619.2,4619.2,4619.2,4619.2,0.00,4619.2,4619.2,4619.2,0.80,791.2,1031.6,791.2,4105.6,2406.6,4111.6,4110.6,2406.6,4111.6,267.4,262.4,272.4,7912,1798.8,5128,14028,1559.4,791.2,15524,0xD6542C2D
445,0,603541,603.541,0,0,OK,4624.2,4619.2,4619.2,4619.2,4619.2,4619.2,4619.2,4619.2,4619.2,0.00,4619.2,4619.2,4619.2,232.76,791.2,791.2,1031.6,4105.6,4110.6,2406.6,4111.6,4110.6,2406.6,278.4,512.8,512.8,7712,2059.2,2724,16632,1799.8,1292.0,10416,0x74F0CF94
446,0,604539,604.539,0,0,OK,4623.2,4619.2,4619.2,4619.2,4619.2,4619.2,4619.2,4619.2,4619.2,0.00,4619.2,4619.2,4619.2,231.76,791.2,1031.6,1031.6,4105.6,2406.6,2407.6,4111.6,2406.6,2407.6,528.8,512.8,272.4,10316,1798.8,5228,14028,2060.2,1282.0,10416,0xC8F6FC46
447,0,605538,605.538,0,0,OK,4619.2,4619.2,4619.2,4619.2,4619.2,4619.2,4619.2,4619.2,4619.2,0.00,4619.2,4619.2,4619.2,232.76,1031.6,791.2,791.2,2171.2,4111.6,4110.6,2406.6,4111.6,4110.6,527.8,522.8,272.4,7712,1558.4,5228,21540,2060.2,1282.0,20532,0xE85EF4E2
448,0,606536,606.536,0,0,OK,4628.2,4619.2,4619.2,4619.2,4619.2,4619.2,4619.2,4619.2,4619.2,0.00,4619.2,4619.2,4619.2,0.80,1031.6,1031.6,1031.6,2171.2,2407.6,2407.6,2407.6,2407.6,2407.6,528.8,272.4,522.8,7812,1558.4,2624,11424,2060.2,1292.0,12860,0x0D2D1B1D
449,0,607534,607.534,0,0,OK,4624.2,4619.2,4619.2,4619.2,4619.2,4619.2,4619.2,4619.2,4619.2,0.00,4619.2,4619.2,4619.2,232.76,791.2,791.2,1031.6,4105.6,4110.6,2406.6,4111.6,4110.6,2406.6,528.8,512.8,272.4,7812,1798.8,2724,11424,1799.8,1282.0,7752,0xB0303570
450,0,608533,608.533,0,0,OK,4628.2,4619.2,4619.2,4619.2,4619.2,4619.2,4619.2,4619.2,4619.2,0.00,4619.2,4619.2,4619.2,0.80,1031.6,1031.6,1031.6,2171.2,2407.6,2407.6,2407.6,2407.6,2407.6,518.8,522.8,522.8,7712,1558.4,5228,14028,2050.2,1292.0,15524,0xCC08391D
451,0,609531,609.531,0,0,OK,4620.2,4619.2,4619.2,4619.2,4619.2,4619.2,4619.2,4619.2,4619.2,0.00,4619.2,4619.2,4619.2,232.76,791.2,791.2,791.2,4105.6,4110.6,4110.6,4110.6,4110.6,4110.6,517.8,512.8,512.8,7812,2049.2,5128,16532,1799.8,1041.6,7852,0x5155B5AA
452,0,610530,610.530,0,0,OK,4619.2,4619.2,4619.2,4619.2,4619.2,4619.2,4619.2,4619.2,4619.2,0.00,4619.2,4619.2,4619.2,0.80,791.2,1031.6,791.2,4105.6,2406.6,4111.6,4110.6,2406.6,4111.6,267.4,272.4,512.8,7712,1558.4,2724,21540,2060.2,1031.6,5248,0xE0B7F691
453,0,611528,611.528,0,0,OK,4627.2,4619.2,4619.2,4619.2,4619.2,4619.2,4619.2,4619.2,4619.2,0.00,4619.2,4619.2,4619.2,232.76,791.2,1031.6,791.2,4105.6,2406.6,4111.6,4110.6,2406.6,4111.6,277.4,512.8,532.8,10316,2059.2,2624,11424,1559.4,1282.0,12920,0x819C7057
454,0,612526,612.526,0,0,OK,4624.2,4619.2,4619.2,4619.2,4619.2,4619.2,4619.2,4619.2,4619.2,0.00,4619.2,4619.2,4619.2,232.76,1031.6,791.2,1031.6,2171.2,4111.6,2406.6,2407.6,4111.6,2406.6,518.8,512.8,272.4,10316,2049.2,5228,19036,2050.2,1282.0,20732,0x98522735
455,0,613525,613.525,0,0,OK,4624.2,4619.2,4619.2,4619.2,4619.2,4619.2,4619.2,4619.2,4619.2,0.00,4619.2,4619.2,4619.2,0.80,791.2,791.2,1031.6,4105.6,4110.6,2406.6,4111.6,4110.6,2406.6,528.8,262.4,532.8,5308,1558.4,2624,19136,1559.4,1292.0,40,0x2AE81F61
456,0,614523,614.523,0,0,OK,4623.2,4619.2,4619.2,4619.2,4619.2,4619.2,4619.2,4619.2,4619.2,0.00,4619.2,4619.2,4619.2,231.76,791.2,791.2,791.2,4105.6,4110.6,4110.6,4110.6,4110.6,4110.6,768.2,522.8,262.4,7912,1798.8,2724,16632,1809.8,1041.6,10416,0x8C18D9D7
457,0,615522,615.522,0,0,OK,4620.2,4619.2,4619.2,4619.2,4619.2,4619.2,4619.2,4619.2,4619.2,0.00,4619.2,4619.2,4619.2,232.76,791.2,1031.6,1031.6,4105.6,2406.6,2407.6,4111.6,2406.6,2407.6,278.4,522.8,262.4,7712,2059.2,2624,16432,1799.8,1282.0,10356,0x3103BD83
458,0,616520,616.520,0,0,OK,4625.2,4619.2,4619.2,4619.2,4619.2,4619.2,4619.2,4619.2,4619.2,0.00,4619.2,4619.2,4619.2,232.76,791.2,1031.6,1031.6,4105.6,2406.6,2407.6,4111.6,2406.6,2407.6,268.4,512.8,262.4,10316,1808.8,5328,16532,2060.2,1292.0,23136,0x25D957DF
459,0,617518,617.518,0,0,OK,4621.2,4619.2,4619.2,4619.2,4619.2,4619.2,4619.2,4619.2,4619.2,0.00,4619.2,4619.2,4619.2,231.76,1031.6,791.2,791.2,2171.2,4111.6,4110.6,2406.6,4111.6,4110.6,267.4,532.8,522.8,5308,1558.4,5328,16532,1809.8,1292.0,18128,0x201AB998
460,0,618517,618.517,0,0,OK,4626.2,4619.2,4619.2,4619.2,4619.2,4619.2,4619.2,4619.2,4619.2,0.00,4619.2,4619.2,4619.2,231.76,791.2,1031.6,791.2,4105.6,2406.6,4111.6,4110.6,2406.6,4111.6,517.8,512.8,262.4,7712,1808.8,2724,16532,2060.2,1031.6,23136,0x98A93DFF
461,0,619515,619.515,0,0,OK,4622.2,4619.2,4619.2,4619.2,4619.2,4619.2,4619.2,4619.2,4619.2,0.00,4619.2,4619.2,4619.2,231.76,1031.6,791.2,791.2,2171.2,4111.6,4110.6,2406.6,4111.6,4110.6,768.2,532.8,262.4,7712,1558.4,5128,16432,2050.2,1282.0,10316,0x417A31A4
462,0,620513,620.513,0,0,OK,4622.2,4619.2,4619.2,4619.2,4619.2,4619.2,4619.2,4619.2,4619.2,0.00,4619.2,4619.2,4619.2,0.80,791.2,1031.6,791.2,4105.6,2406.6,4111.6,4110.6,2406.6,4111.6,517.8,522.8,512.8,10316,1558.4,2624,19136,2050.2,1282.0,7752,0x188F3B80
463,0,621512,621.512,0,0,OK,4623.2,4619.2,4619.2,4619.2,4619.2,4619.2,4619.2,4619.2,4619.2,0.00,4619.2,4619.2,4619.2,232.76,791.2,791.2,791.2,4105.6,4110.6,4110.6,4110.6,4110.6,4110.6,277.4,512.8,512.8,7712,1808.8,5328,16432,2060.2,1041.6,17928,0x03ADC163
464,0,622510,622.510,0,0,OK,4621.2,4619.2,4619.2,4619.2,4619.2,4619.2,4619.2,4619.2,4619.2,0.00,4619.2,4619.2,4619.2,231.76,791.2,791.2,791.2,4105.6,4110.6,4110.6,4110.6,4110.6,4110.6,768.2,512.8,262.4,7812,1808.8,5328,13928,1809.8,791.2,10356,0xAA28C358
465,0,623508,623.508,0,0,OK,4627.2,4619.2,4619.2,4619.2,4619.2,4619.2,4619.2,4619.2,4619.2,0.00,4619.2,4619.2,4619.2,232.76,1031.6,1031.6,791.2,2171.2,2407.6,4111.6,2406.6,2407.6,4111.6,768.2,272.4,512.8,7812,1558.4,5128,19136,1809.8,791.2,5248,0x0CB40187
466,0,624507,624.507,0,0,OK,4625.2,4619.2,4619.2,4619.2,4619.2,4619.2,4619.2,4619.2,4619.2,0.00,4619.2,4619.2,4619.2,231.76,1031.6,791.2,791.2,2171.2,4111.6,4110.6,2406.6,4111.6,4110.6,517.8,532.8,512.8,7912,1558.4,5128,19136,1799.8,1031.6,12820,0x82A5B145
467,0,625505,625.505,0,0,OK,4625.2,4619.2,4619.2,4619.2,4619.2,4619.2,4619.2,4619.2,4619.2,0.00,4619.2,4619.2,4619.2,232.76,1031.6,1031.6,1031.6,2171.2,2407.6,2407.6,2407.6,2407.6,2407.6,769.2,522.8,512.8,7812,1798.8,2724,16532,1809.8,1292.0,2644,0x82BE75A0
468,0,626504,626.504,0,0,OK,4628.2,4619.2,4619.2,4619.2,4619.2,4619.2,4619.2,4619.2,4619.2,0.00,4619.2,4619.2,4619.2,232.76,791.2,791.2,1031.6,4105.6,4110.6,2406.6,4111.6,4110.6,2406.6,278.4,512.8,512.8,7812,1798.8,5328,16632,1559.4,1041.6,15424,0x1063EB10
469,0,627502,627.502,0,0,OK,4619.2,4619.2,4619.2,4619.2,4619.2,4619.2,4619.2,4619.2,4619.2,0.00,4619.2,4619.2,4619.2,231.76,791.2,791.2,1031.6,4105.6,4110.6,2406.6,4111.6,4110.6,2406.6,268.4,512.8,532.8,5308,2049.2,5128,21540,2050.2,1292.0,5248,0x29A4A01D
470,0,628501,628.501,0,0,OK,4626.2,4619.2,4619.2,4619.2,4619.2,4619.2,4619.2,4619.2,4619.2,0.00,4619.2,4619.2,4619.2,0.80,1031.6,791.2,791.2,2171.2,4111.6,4110.6,2406.6,4111.6,4110.6,277.4,522.8,532.8,7912,2049.2,5228,16632,2060.2,1031.6,7852,0x4B116EC4
471,0,629499,629.499,0,0,OK,4625.2,4619.2,4619.2,4619.2,4619.2,4619.2,4619.2,4619.2,4619.2,0.00,4619.2,4619.2,4619.2,0.80,1031.6,1031.6,791.2,2171.2,2407.6,4111.6,2406.6,2407.6,4111.6,768.2,522.8,532.8,10316,1798.8,5128,11424,1559.4,1031.6,23236,0x441ED39C
472,0,630498,630.498,0,0,OK,4628.2,4619.2,4619.2,4619.2,4619.2,4619.2,4619.2,4619.2,4619.2,0.00,4619.2,4619.2,4619.2,231.76,791.2,1031.6,791.2,4105.6,2406.6,4111.6,4110.6,2406.6,4111.6,267.4,522.8,522.8,10316,2059.2,5228,19136,1799.8,1292.0,15524,0xED51715D
473,0,631496,631.496,0,0,OK,4624.2,4619.2,4619.2,4619.2,4619.2,4619.2,4619.2,4619.2,4619.2,0.00,4619.2,4619.2,4619.2,232.76,1031.6,1031.6,1031.6,2171.2,2407.6,2407.6,2407.6,2407.6,2407.6,518.8,522.8,532.8,7912,1798.8,5228,13828,2060.2,1031.6,23136,0x583DA56D
474,0,632495,632.495,0,0,OK,4619.2,4619.2,4619.2,4619.2,4619.2,4619.2,4619.2,4619.2,4619.2,0.00,4619.2,4619.2,4619.2,232.76,1031.6,1031.6,1031.6,2171.2,2407.6,2407.6,2407.6,2407.6,2407.6,278.4,532.8,522.8,7712,2049.2,2624,16532,1559.4,1292.0,10316,0xC8488F4E
475,0,633493,633.493,0,0,OK,4624.2,4619.2,4619.2,4619.2,4619.2,4619.2,4619.2,4619.2,4619.2,0.00,4619.2,4619.2,4619.2,0.80,791.2,791.2,791.2,4105.6,4110.6,4110.6,4110.6,4110.6,4110.6,527.8,262.4,262.4,7812,1808.8,5328,13828,1799.8,1292.0,10256,0xA0C999AB
476,0,634491,634.491,0,0,OK,4623.2,4619.2,4619.2,4619.2,4619.2,4619.2,4619.2,4619.2,4619.2,0.00,4619.2,4619.2,4619.2,231.76,1031.6,791.2,1031.6,2171.2,4111.6,2406.6,2407.6,4111.6,2406.6,769.2,532.8,272.4,10316,1798.8,2724,19136,1809.8,791.2,10356,0xA2DF6E15
477,0,635489,635.489,0,0,OK,4620.2,4619.2,4619.2,4619.2,4619.2,4619.2,4619.2,4619.2,4619.2,0.00,4619.2,4619.2,4619.2,231.76,1031.6,1031.6,791.2,2171.2,2407.6,4111.6,2406.6,2407.6,4111.6,768.2,262.4,522.8,10316,1798.8,2624,14028,1809.8,1292.0,23236,0x362D5D72
478,0,636488,636.488,0,0,OK,4626.2,4619.2,4619.2,4619.2,4619.2,4619.2,4619.2,4619.2,4619.2,0.00,4619.2,4619.2,4619.2,232.76,1031.6,1031.6,791.2,2171.2,2407.6,4111.6,2406.6,2407.6,4111.6,517.8,262.4,512.8,10316,1798.8,5228,19136,1809.8,1031.6,12860,0xA9E71B4C
479,0,637486,637.486,0,0,OK,4620.2,4619.2,4619.2,4619.2,4619.2,4619.2,4619.2,4619.2,4619.2,0.00,4619.2,4619.2,4619.2,231.76,1031.6,1031.6,791.2,2171.2,2407.6,4111.6,2406.6,2407.6,4111.6,517.8,522.8,512.8,7912,1558.4,2624,13828,1559.4,1292.0,15424,0x40FB12DC
480,0,638484,638.484,0,0,OK,4622.2,4619.2,4619.2,4619.2,4619.2,4619.2,4619.2,4619.2,4619.2,0.00,4619.2,4619.2,4619.2,0.80,1031.6,1031.6,1031.6,2171.2,2407.6,2407.6,2407.6,2407.6,2407.6,268.4,522.8,532.8,7712,2049.2,2724,16632,2050.2,1031.6,20732,0xD9DE71AF
481,0,639483,639.483,0,0,OK,4628.2,4619.2,4619.2,4619.2,4619.2,4619.2,4619.2,4619.2,4619.2,0.00,4619.2,4619.2,4619.2,0.80,791.2,791.2,1031.6,4105.6,4110.6,2406.6,4111.6,4110.6,2406.6,528.8,512.8,522.8,10316,1558.4,2624,13928,2050.2,1282.0,15524,0xEE27C837
482,0,640481,640.481,0,0,OK,4627.2,4619.2,4619.2,4619.2,4619.2,4619.2,4619.2,4619.2,4619.2,0.00,4619.2,4619.2,4619.2,231.76,1031.6,791.2,791.2,2171.2,4111.6,4110.6,2406.6,4111.6,4110.6,527.8,522.8,262.4,7712,2059.2,5128,11424,1799.8,1282.0,15524,0xF3C64B92
483,0,641480,641.480,0,0,OK,4626.2,4619.2,4619.2,4619.2,4619.2,4619.2,4619.2,4619.2,4619.2,0.00,4619.2,4619.2,4619.2,232.76,1031.6,791.2,1031.6,2171.2,4111.6,2406.6,2407.6,4111.6,2406.6,769.2,512.8,532.8,10316,1808.8,5328,16532,1799.8,1292.0,12820,0xB995740D
484,0,642478,642.478,0,0,OK,4619.2,4619.2,4619.2,4619.2,4619.2,4619.2,4619.2,4619.2,4619.2,0.00,4619.2,4619.2,4619.2,231.76,791.2,791.2,791.2,4105.6,4110.6,4110.6,4110.6,4110.6,4110.6,768.2,262.4,532.8,10316,2059.2,5328,13928,1799.8,1292.0,15524,0xC2F607AF
485,0,643476,643.476,0,0,OK,4625.2,4619.2,4619.2,4619.2,4619.2,4619.2,4619.2,4619.2,4619.2,0.00,4619.2,4619.2,4619.2,232.76,791.2,1031.6,791.2,4105.6,2406.6,4111.6,4110.6,2406.6,4111.6,267.4,512.8,512.8,7812,1558.4,5228,13928,1799.8,1041.6,7752,0xF560707C
486,0,644475,644.475,0,0,OK,4627.2,4619.2,4619.2,4619.2,4619.2,4619.2,4619.2,4619.2,4619.2,0.00,4619.2,4619.2,4619.2,231.76,1031.6,791.2,1031.6,2171.2,4111.6,2406.6,2407.6,4111.6,2406.6,528.8,262.4,262.4,7912,1558.4,2724,21540,2050.2,1031.6,2644,0x45FDE86A
487,0,645473,645.473,0,0,OK,4621.2,4619.2,4619.2,4619.2,4619.2,4619.2,4619.2,4619.2,4619.2,0.00,4619.2,4619.2,4619.2,232.76,1031.6,791.2,1031.6,2171.2,4111.6,2406.6,2407.6,4111.6,2406.6,278.4,272.4,262.4,10316,1808.8,5328,19036,1809.8,1031.6,2744,0x082B131E
488,0,646472,646.472,0,0,OK,4620.2,4619.2,4619.2,4619.2,4619.2,4619.2,4619.2,4619.2,4619.2,0.00,4619.2,4619.2,4619.2,231.76,791.2,1031.6,1031.6,4105.6,2406.6,2407.6,4111.6,2406.6,2407.6,518.8,522.8,512.8,5308,2049.2,5228,16432,2050.2,1031.6,140,0xE60D7CA7
489,0,647471,647.471,0,0,OK,4628.2,4619.2,4619.2,4619.2,4619.2,4619.2,4619.2,4619.2,4619.2,0.00,4619.2,4619.2,4619.2,232.76,1031.6,1031.6,1031.6,2171.2,2407.6,2407.6,2407.6,2407.6,2407.6,518.8,272.4,522.8,7712,1798.8,2724,13928,1559.4,1292.0,20532,0x0BFEAA8C
490,0,648469,648.469,0,0,OK,4622.2,4619.2,4619.2,4619.2,4619.2,4619.2,4619.2,4619.2,4619.2,0.00,4619.2,4619.2,4619.2,231.76,1031.6,1031.6,791.2,2171.2,2407.6,4111.6,2406.6,2407.6,4111.6,527.8,532.8,512.8,7712,1808.8,2724,14028,2060.2,1031.6,5348,0x9D307AD1
491,0,649468,649.468,0,0,OK,4625.2,4619.2,4619.2,4619.2,4619.2,4619.2,4619.2,4619.2,4619.2,0.00,4619.2,4619.2,4619.2,0.80,791.2,791.2,1031.6,4105.6,4110.6,2406.6,4111.6,4110.6,2406.6,518.8,262.4,512.8,7912,1558.4,5228,11424,1799.8,1282.0,17928,0x5074000F
492,0,650466,650.466,0,0,OK,4619.2,4619.2,4619.2,4619.2,4619.2,4619.2,4619.2,4619.2,4619.2,0.00,4619.2,4619.2,4619.2,232.76,791.2,1031.6,791.2,4105.6,2406.6,4111.6,4110.6,2406.6,4111.6,517.8,272.4,272.4,7712,1798.8,5128,13928,1559.4,1282.0,2644,0xC65E368C
493,0,651465,651.465,0,0,OK,4622.2,4619.2,4619.2,4619.2,4619.2,4619.2,4619.2,4619.2,4619.2,0.00,4619.2,4619.2,4619.2,231.76,1031.6,1031.6,1031.6,2171.2,2407.6,2407.6,2407.6,2407.6,2407.6,769.2,522.8,272.4,7812,2049.2,5328,16432,1559.4,1031.6,18028,0xC89C3404
494,0,652464,652.464,0,0,OK,4623.2,4619.2,4619.2,4619.2,4619.2,4619.2,4619.2,4619.2,4619.2,0.00,4619.2,4619.2,4619.2,231.76,1031.6,1031.6,791.2,2171.2,2407.6,4111.6,2406.6,2407.6,4111.6,277.4,532.8,272.4,10316,1808.8,5328,11424,2060.2,1031.6,2644,0x1D51BABF
495,0,653462,653.462,0,0,OK,4627.2,4619.2,4619.2,4619.2,4619.2,4619.2,4619.2,4619.2,4619.2,0.00,4619.2,4619.2,4619.2,0.80,791.2,791.2,1031.6,4105.6,4110.6,2406.6,4111.6,4110.6,2406.6,268.4,512.8,262.4,10316,1558.4,5128,13928,2050.2,1041.6,40,0xB3B58FE4
496,0,654461,654.461,0,0,OK,4628.2,4619.2,4619.2,4619.2,4619.2,4619.2,4619.2,4619.2,4619.2,0.00,4619.2,4619.2,4619.2,231.76,791.2,1031.6,1031.6,4105.6,2406.6,2407.6,4111.6,2406.6,2407.6,518.8,532.8,262.4,7712,2049.2,2624,19036,1559.4,1031.6,12820,0xF5572A5C
497,0,655460,655.460,0,0,OK,4621.2,4619.2,4619.2,4619.2,4619.2,4619.2,4619.2,4619.2,4619.2,0.00,4619.2,4619.2,4619.2,231.76,791.2,1031.6,791.2,4105.6,2406.6,4111.6,4110.6,2406.6,4111.6,267.4,512.8,512.8,7812,2059.2,2624,16532,2060.2,1031.6,240,0x916154AC
498,0,656459,656.459,0,0,OK,4626.2,4619.2,4619.2,4619.2,4619.2,4619.2,4619.2,4619.2,4619.2,0.00,4619.2,4619.2,4619.2,231.76,791.2,1031.6,791.2,4105.6,2406.6,4111.6,4110.6,2406.6,4111.6,527.8,522.8,522.8,7812,1798.8,5228,13928,2050.2,1031.6,18028,0xA7964FD0
499,0,657458,657.458,0,0,OK,4624.2,4619.2,4619.2,4619.2,4619.2,4619.2,4619.2,4619.2,4619.2,0.00,4619.2,4619.2,4619.2,0.80,791.2,1031.6,1031.6,4105.6,2406.6,2407.6,4111.6,2406.6,2407.6,528.8,522.8,532.8,10316,1558.4,5228,16632,1799.8,1031.6,140,0x61EFF1C2
500,0,658456,658.456,0,0,OK,4625.2,4619.2,4619.2,4619.2,4619.2,4619.2,4619.2,4619.2,4619.2,0.00,4619.2,4619.2,4619.2,0.80,1031.6,1031.6,791.2,2171.2,2407.6,4111.6,2406.6,2407.6,4111.6,768.2,512.8,262.4,7712,1798.8,5128,16632,1809.8,1031.6,7852,0xFFFD6C5C
501,0,659455,659.455,0,0,OK,4621.2,4619.2,4619.2,4619.2,4619.2,4619.2,4619.2,4619.2,4619.2,0.00,4619.2,4619.2,4619.2,0.80,791.2,1031.6,1031.6,4105.6,2406.6,2407.6,4111.6,2406.6,2407.6,528.8,512.8,272.4,7912,2049.2,5128,11424,2060.2,1041.6,15424,0xCAC39631
502,0,660454,660.454,0,0,OK,4621.2,4619.2,4619.2,4619.2,4619.2,4619.2,4619.2,4619.2,4619.2,0.00,4619.2,4619.2,4619.2,232.76,791.2,791.2,1031.6,4105.6,4110.6,2406.6,4111.6,4110.6,2406.6,278.4,272.4,262.4,7912,2049.2,5328,13928,2060.2,791.2,2644,0x25352EA0
503,0,661452,661.452,0,0,OK,4627.2,4619.2,4619.2,4619.2,4619.2,4619.2,4619.2,4619.2,4619.2,0.00,4619.2,4619.2,4619.2,232.76,791.2,791.2,791.2,4105.6,4110.6,4110.6,4110.6,4110.6,4110.6,768.2,272.4,522.8,10316,2059.2,5228,16632,1809.8,1282.0,20632,0x936C5E54
504,0,662451,662.451,0,0,OK,4628.2,4619.2,4619.2,4619.2,4619.2,4619.2,4619.2,4619.2,4619.2,0.00,4619.2,4619.2,4619.2,232.76,791.2,791.2,791.2,4105.6,4110.6,4110.6,4110.6,4110.6,4110.6,768.2,512.8,272.4,10316,1558.4,2724,13828,2050.2,1282.0,2744,0x5E513BA9
505,0,663449,663.449,0,0,OK,4624.2,4619.2,4619.2,4619.2,4619.2,4619.2,4619.2,4619.2,4619.2,0.00,4619.2,4619.2,4619.2,0.80,1031.6,791.2,791.2,2171.2,4111.6,4110.6,2406.6,4111.6,4110.6,517.8,512.8,272.4,7912,2049.2,5328,21540,2050.2,791.2,10316,0xF657D126
506,0,664448,664.448,0,0,OK,4626.2,4619.2,4619.2,4619.2,4619.2,4619.2,4619.2,4619.2,4619.2,0.00,4619.2,4619.2,4619.2,232.76,1031.6,791.2,1031.6,2171.2,4111.6,2406.6,2407.6,4111.6,2406.6,769.2,522.8,522.8,10316,1808.8,5328,11424,1799.8,1292.0,7852,0x0C6423C1
507,0,665446,665.446,0,0,OK,4621.2,4619.2,4619.2,4619.2,4619.2,4619.2,4619.2,4619.2,4619.2,0.00,4619.2,4619.2,4619.2,231.76,1031.6,1031.6,1031.6,2171.2,2407.6,2407.6,2407.6,2407.6,2407.6,278.4,262.4,522.8,5308,2049.2,2624,13828,1559.4,1282.0,18028,0x3D7D804A
508,0,666445,666.445,0,0,OK,4628.2,4619.2,4619.2,4619.2,4619.2,4619.2,4619.2,4619.2,4619.2,0.00,4619.2,4619.2,4619.2,0.80,791.2,1031.6,791.2,4105.6,2406.6,4111.6,4110.6,2406.6,4111.6,527.8,262.4,272.4,7912,2049.2,5328,16532,1559.4,791.2,7912,0x1EB03D91
509,0,667443,667.443,0,0,OK,4625.2,4619.2,4619.2,4619.2,4619.2,4619.2,4619.2,4619.2,4619.2,0.00,4619.2,4619.2,4619.2,0.80,1031.6,1031.6,1031.6,2171.2,2407.6,2407.6,2407.6,2407.6,2407.6,518.8,272.4,532.8,7712,2059.2,5328,16632,2060.2,1031.6,10316,0x0BA51298
510,0,668442,668.442,0,0,OK,4622.2,4619.2,4619.2,4619.2,4619.2,4619.2,4619.2,4619.2,4619.2,0.00,4619.2,4619.2,4619.2,232.76,1031.6,791.2,791.2,2171.2,4111.6,4110.6,2406.6,4111.6,4110.6,527.8,262.4,512.8,7912,2049.2,2624,16532,1809.8,1292.0,10256,0xEA96989C
511,0,669441,669.441,0,0,OK,4623.2,4619.2,4619.2,4619.2,4619.2,4619.2,4619.2,4619.2,4619.2,0.00,4619.2,4619.2,4619.2,232.76,791.2,1031.6,1031.6,4105.6,2406.6,2407.6,4111.6,2406.6,2407.6,528.8,272.4,522.8,5308,1808.8,5328,19036,1809.8,1282.0,20732,0x675DDC8A
512,0,670439,670.439,0,0,OK,4627.2,4619.2,4619.2,4619.2,4619.2,4619.2,4619.2,4619.2,4619.2,0.00,4619.2,4619.2,4619.2,0.80,791.2,791.2,1031.6,4105.6,4110.6,2406.6,4111.6,4110.6,2406.6,518.8,262.4,512.8,5308,1798.8,2724,21540,1559.4,1292.0,5148,0x474B2EB6
513,0,671438,671.438,0,0,OK,4623.2,4619.2,4619.2,4619.2,4619.2,4619.2,4619.2,4619.2,4619.2,0.00,4619.2,4619.2,4619.2,232.76,1031.6,1031.6,1031.6,2171.2,2407.6,2407.6,2407.6,2407.6,2407.6,278.4,522.8,532.8,7712,2049.2,5328,16632,1559.4,791.2,15424,0x3F3D3AA0
514,0,672437,672.437,0,0,OK,4624.2,4619.2,4619.2,4619.2,4619.2,4619.2,4619.2,4619.2,4619.2,0.00,4619.2,4619.2,4619.2,231.76,791.2,1031.6,791.2,4105.6,2406.6,4111.6,4110.6,2406.6,4111.6,517.8,532.8,512.8,7712,1558.4,5228,19036,1799.8,1282.0,10356,0x2FF73FFA
515,0,673436,673.436,0,0,OK,4623.2,4619.2,4619.2,4619.2,4619.2,4619.2,4619.2,4619.2,4619.2,0.00,4619.2,4619.2,4619.2,0.80,1031.6,791.2,1031.6,2171.2,4111.6,2406.6,2407.6,4111.6,2406.6,769.2,512.8,532.8,10316,1808.8,2624,16432,1559.4,791.2,15424,0xAFFC5B44
516,0,674435,674.435,0,0,OK,4620.2,4619.2,4619.2,4619.2,4619.2,4619.2,4619.2,4619.2,4619.2,0.00,4619.2,4619.2,4619.2,232.76,791.2,1031.6,791.2,4105.6,2406.6,4111.6,4110.6,2406.6,4111.6,768.2,262.4,522.8,7912,2049.2,5228,16532,1799.8,1041.6,23236,0x019C93FC
517,0,675434,675.434,0,0,OK,4622.2,4619.2,4619.2,4619.2,4619.2,4619.2,4619.2,4619.2,4619.2,0.00,4619.2,4619.2,4619.2,231.76,791.2,1031.6,791.2,4105.6,2406.6,4111.6,4110.6,2406.6,4111.6,277.4,522.8,522.8,7712,2049.2,2724,11424,2060.2,791.2,2744,0x216670AB
518,0,676432,676.432,0,0,OK,4619.2,4619.2,4619.2,4619.2,4619.2,4619.2,4619.2,4619.2,4619.2,0.00,4619.2,4619.2,4619.2,0.80,791.2,1031.6,791.2,4105.6,2406.6,4111.6,4110.6,2406.6,4111.6,267.4,532.8,272.4,7912,2049.2,5228,16632,1809.8,1031.6,2644,0x17389547
519,0,677431,677.431,0,0,OK,4621.2,4619.2,4619.2,4619.2,4619.2,4619.2,4619.2,4619.2,4619.2,0.00,4619.2,4619.2,4619.2,232.76,791.2,791.2,791.2,4105.6,4110.6,4110.6,4110.6,4110.6,4110.6,517.8,262.4,272.4,7912,1558.4,2624,19136,2050.2,1292.0,10316,0xF01E76CB
520,0,678429,678.429,0,0,OK,4619.2,4619.2,4619.2,4619.2,4619.2,4619.2,4619.2,4619.2,4619.2,0.00,4619.2,4619.2,4619.2,232.76,1031.6,791.2,1031.6,2171.2,4111.6,2406.6,2407.6,4111.6,2406.6,528.8,262.4,272.4,5308,1558.4,5328,16532,2050.2,1031.6,10256,0x66CADB51
521,0,679428,679.428,0,0,OK,4627.2,4619.2,4619.2,4619.2,4619.2,4619.2,4619.2,4619.2,4619.2,0.00,4619.2,4619.2,4619.2,231.76,1031.6,791.2,1031.6,2171.2,4111.6,2406.6,2407.6,4111.6,2406.6,528.8,262.4,532.8,7712,2059.2,2724,19136,2050.2,791.2,10316,0x145B3E39
522,0,680426,680.426,0,0,OK,4625.2,4619.2,4619.2,4619.2,4619.2,4619.2,4619.2,4619.2,4619.2,0.00,4619.2,4619.2,4619.2,231.76,791.2,791.2,791.2,4105.6,4110.6,4110.6,4110.6,4110.6,4110.6,527.8,522.8,262.4,10316,1808.8,2724,21540,2060.2,1031.6,5148,0x17F38D54
523,0,681425,681.425,0,0,OK,4627.2,4619.2,4619.2,4619.2,4619.2,4619.2,4619.2,4619.2,4619.2,0.00,4619.2,4619.2,4619.2,232.76,791.2,791.2,791.2,4105.6,4110.6,4110.6,4110.6,4110.6,4110.6,527.8,532.8,522.8,7912,1798.8,5328,16632,1559.4,791.2,7912,0x074F82FE
524,0,682423,682.423,0,0,OK,4619.2,4619.2,4619.2,4619.2,4619.2,4619.2,4619.2,4619.2,4619.2,0.00,4619.2,4619.2,4619.2,231.76,1031.6,791.2,1031.6,2171.2,4111.6,2406.6,2407.6,4111.6,2406.6,518.8,272.4,272.4,7712,1558.4,5228,19036,2060.2,1292.0,20632,0xE499CF86
525,0,683422,683.422,0,0,OK,4628.2,4619.2,4619.2,4619.2,4619.2,4619.2,4619.2,4619.2,4619.2,0.00,4619.2,4619.2,4619.2,0.80,1031.6,1031.6,791.2,2171.2,2407.6,4111.6,2406.6,2407.6,4111.6,267.4,262.4,262.4,5308,1558.4,2624,14028,2050.2,1282.0,10356,0x197BE476
526,0,684420,684.420,0,0,OK,4621.2,4619.2,4619.2,4619.2,4619.2,4619.2,4619.2,4619.2,4619.2,0.00,4619.2,4619.2,4619.2,231.76,791.2,1031.6,791.2,4105.6,2406.6,4111.6,4110.6,2406.6,4111.6,527.8,262.4,512.8,5308,2049.2,5128,11424,1559.4,1031.6,10356,0x76A467A7
527,0,685419,685.419,0,0,OK,4622.2,4619.2,4619.2,4619.2,4619.2,4619.2,4619.2,4619.2,4619.2,0.00,4619.2,4619.2,4619.2,0.80,1031.6,1031.6,1031.6,2171.2,2407.6,2407.6,2407.6,2407.6,2407.6,268.4,272.4,512.8,7712,2059.2,2624,16632,1559.4,1041.6,7852,0xAD1F28FA
528,0,686418,686.418,0,0,OK,4623.2,4619.2,4619.2,4619.2,4619.2,4619.2,4619.2,4619.2,4619.2,0.00,4619.2,4619.2,4619.2,0.80,791.2,1031.6,1031.6,4105.6,2406.6,2407.6,4111.6,2406.6,2407.6,528.8,272.4,512.8,10316,1558.4,2724,16632,1799.8,1292.0,20732,0x8994D060
529,0,687416,687.416,0,0,OK,4627.2,4619.2,4619.2,4619.2,4619.2,4619.2,4619.2,4619.2,4619.2,0.00,4619.2,4619.2,4619.2,231.76,1031.6,1031.6,1031.6,2171.2,2407.6,2407.6,2407.6,2407.6,2407.6,278.4,272.4,272.4,7812,2049.2,5228,16532,1559.4,791.2,240,0x6A86FF93
530,0,688415,688.415,0,0,OK,4624.2,4619.2,4619.2,4619.2,4619.2,4619.2,4619.2,4619.2,4619.2,0.00,4619.2,4619.2,4619.2,232.76,791.2,791.2,791.2,4105.6,4110.6,4110.6,4110.6,4110.6,4110.6,768.2,262.4,532.8,7712,1798.8,5228,14028,2060.2,1031.6,5148,0xF321A952
531,0,689413,689.413,0,0,OK,4619.2,4619.2,4619.2,4619.2,4619.2,4619.2,4619.2,4619.2,4619.2,0.00,4619.2,4619.2,4619.2,231.76,1031.6,791.2,791.2,2171.2,4111.6,4110.6,2406.6,4111.6,4110.6,527.8,272.4,262.4,5308,1798.8,5128,19136,2050.2,1031.6,10316,0x2836CDA5
532,0,690411,690.411,0,0,OK,4625.2,4619.2,4619.2,4619.2,4619.2,4619.2,4619.2,4619.2,4619.2,0.00,4619.2,4619.2,4619.2,0.80,791.2,791.2,1031.6,4105.6,4110.6,2406.6,4111.6,4110.6,2406.6,268.4,532.8,262.4,10316,1798.8,2624,16532,1809.8,1031.6,10456,0x2FA9CA53
533,0,691410,691.410,0,0,OK,4620.2,4619.2,4619.2,4619.2,4619.2,4619.2,4619.2,4619.2,4619.2,0.00,4619.2,4619.2,4619.2,231.76,791.2,791.2,1031.6,4105.6,4110.6,2406.6,4111.6,4110.6,2406.6,769.2,512.8,272.4,7912,1558.4,2624,16432,1559.4,1292.0,7852,0x79D77D7F
534,0,692409,692.409,0,0,OK,4624.2,4619.2,4619.2,4619.2,4619.2,4619.2,4619.2,4619.2,4619.2,0.00,4619.2,4619.2,4619.2,231.76,791.2,1031.6,791.2,4105.6,2406.6,4111.6,4110.6,2406.6,4111.6,277.4,532.8,522.8,7912,2059.2,2724,13828,2050.2,1031.6,5348,0xF9C3442E
535,0,693407,693.407,0,0,OK,4624.2,4619.2,4619.2,4619.2,4619.2,4619.2,4619.2,4619.2,4619.2,0.00,4619.2,4619.2,4619.2,231.76,1031.6,1031.6,1031.6,2171.2,2407.6,2407.6,2407.6,2407.6,2407.6,518.8,532.8,272.4,7912,2059.2,2724,13928,2050.2,791.2,23236,0x32BC277F
536,0,694405,694.405,0,0,OK,4628.2,4619.2,4619.2,4619.2,4619.2,4619.2,4619.2,4619.2,4619.2,0.00,4619.2,4619.2,4619.2,0.80,791.2,1031.6,1031.6,4105.6,2406.6,2407.6,4111.6,2406.6,2407.6,528.8,262.4,272.4,10316,1558.4,2724,19036,1559.4,1292.0,23236,0xD9522A56
537,0,695403,695.403,0,0,OK,4628.2,4619.2,4619.2,4619.2,4619.2,4619.2,4619.2,4619.2,4619.2,0.00,4619.2,4619.2,4619.2,232.76,791.2,1031.6,1031.6,4105.6,2406.6,2407.6,4111.6,2406.6,2407.6,278.4,532.8,532.8,7712,2059.2,5128,14028,2050.2,1041.6,20732,0xD25D663B
538,0,696402,696.402,0,0,OK,4625.2,4619.2,4619.2,4619.2,4619.2,4619.2,4619.2,4619.2,4619.2,0.00,4619.2,4619.2,4619.2,0.80,1031.6,1031.6,791.2,2171.2,2407.6,4111.6,2406.6,2407.6,4111.6,768.2,512.8,272.4,7812,1558.4,5228,21540,2050.2,1031.6,23236,0xD521F7E1
539,0,697400,697.400,0,0,OK,4624.2,4619.2,4619.2,4619.2,4619.2,4619.2,4619.2,4619.2,4619.2,0.00,4619.2,4619.2,4619.2,232.76,791.2,791.2,791.2,4105.6,4110.6,4110.6,4110.6,4110.6,4110.6,277.4,262.4,532.8,7712,2049.2,5228,16632,1799.8,1282.0,7912,0xF87CA339
540,0,698398,698.398,0,0,OK,4621.2,4619.2,4619.2,4619.2,4619.2,4619.2,4619.2,4619.2,4619.2,0.00,4619.2,4619.2,4619.2,231.76,791.2,791.2,1031.6,4105.6,4110.6,2406.6,4111.6,4110.6,2406.6,528.8,272.4,522.8,7712,1808.8,2624,16632,2060.2,791.2,12920,0x4CE70F1F
541,0,699397,699.397,0,0,OK,4620.2,4619.2,4619.2,4619.2,4619.2,4619.2,4619.2,4619.2,4619.2,0.00,4619.2,4619.2,4619.2,232.76,791.2,1031.6,1031.6,4105.6,2406.6,2407.6,4111.6,2406.6,2407.6,528.8,512.8,532.8,7912,2049.2,5128,19136,1559.4,1031.6,17928,0x84772286
542,0,700395,700.395,0,0,OK,4625.2,4619.2,4619.2,4619.2,4619.2,4619.2,4619.2,4619.2,4619.2,0.00,4619.2,4619.2,4619.2,231.76,791.2,791.2,1031.6,4105.6,4110.6,2406.6,4111.6,4110.6,2406.6,268.4,532.8,262.4,10316,2049.2,2724,16432,2060.2,1292.0,17928,0x40E9AB5B
543,0,701393,701.393,0,0,OK,4619.2,4619.2,4619.2,4619.2,4619.2,4619.2,4619.2,4619.2,4619.2,0.00,4619.2,4619.2,4619.2,0.80,791.2,1031.6,791.2,4105.6,2406.6,4111.6,4110.6,2406.6,4111.6,768.2,512.8,512.8,7712,1808.8,5328,14028,1799.8,1282.0,5248,0xFEE3EF03
544,0,702391,702.391,0,0,OK,4619.2,4619.2,4619.2,4619.2,4619.2,4619.2,4619.2,4619.2,4619.2,0.00,4619.2,4619.2,4619.2,231.76,1031.6,791.2,1031.6,2171.2,4111.6,2406.6,2407.6,4111.6,2406.6,528.8,262.4,512.8,10316,1558.4,2724,11424,2050.2,1292.0,10356,0xE9FC70A5
545,0,703389,703.389,0,0,OK,4623.2,4619.2,4619.2,4619.2,4619.2,4619.2,4619.2,4619.2,4619.2,0.00,4619.2,4619.2,4619.2,232.76,791.2,791.2,791.2,4105.6,4110.6,4110.6,4110.6,4110.6,4110.6,267.4,272.4,262.4,5308,2059.2,5228,21540,1559.4,1041.6,7852,0x89DD3B42
546,0,704388,704.388,0,0,OK,4626.2,4619.2,4619.2,4619.2,4619.2,4619.2,4619.2,4619.2,4619.2,0.00,4619.2,4619.2,4619.2,232.76,791.2,1031.6,791.2,4105.6,2406.6,4111.6,4110.6,2406.6,4111.6,267.4,522.8,512.8,5308,1808.8,5328,11424,1809.8,791.2,23136,0xFB44DC1F
547,0,705386,705.386,0,0,OK,4623.2,4619.2,4619.2,4619.2,4619.2,4619.2,4619.2,4619.2,4619.2,0.00,4619.2,4619.2,4619.2,232.76,1031.6,1031.6,791.2,2171.2,2407.6,4111.6,2406.6,2407.6,4111.6,517.8,532.8,522.8,7712,1808.8,2624,13828,2050.2,791.2,18128,0xD684C735
548,0,706384,706.384,0,0,OK,4620.2,4619.2,4619.2,4619.2,4619.2,4619.2,4619.2,4619.2,4619.2,0.00,4619.2,4619.2,4619.2,0.80,791.2,1031.6,791.2,4105.6,2406.6,4111.6,4110.6,2406.6,4111.6,277.4,262.4,262.4,10316,2059.2,5328,19036,2060.2,1292.0,12820,0x95A7DAA3
549,0,707382,707.382,0,0,OK,4621.2,4619.2,4619.2,4619.2,4619.2,4619.2,4619.2,4619.2,4619.2,0.00,4619.2,4619.2,4619.2,0.80,1031.6,1031.6,791.2,2171.2,2407.6,4111.6,2406.6,2407.6,4111.6,267.4,532.8,272.4,7812,1808.8,2724,19036,2060.2,1282.0,5148,0xB11D8820
550,0,708380,708.380,0,0,OK,4619.2,4619.2,4619.2,4619.2,4619.2,4619.2,4619.2,4619.2,4619.2,0.00,4619.2,4619.2,4619.2,231.76,791.2,1031.6,791.2,4105.6,2406.6,4111.6,4110.6,2406.6,4111.6,768.2,272.4,532.8,5308,1808.8,5328,19036,1809.8,1031.6,7852,0xADD9B786
551,0,709378,709.378,0,0,OK,4628.2,4619.2,4619.2,4619.2,4619.2,4619.2,4619.2,4619.2,4619.2,0.00,4619.2,4619.2,4619.2,0.80,1031.6,791.2,1031.6,2171.2,4111.6,2406.6,2407.6,4111.6,2406.6,769.2,532.8,522.8,7912,2049.2,2724,16532,1809.8,1292.0,240,0x5A5ADC15
552,0,710376,710.376,0,0,OK,4621.2,4619.2,4619.2,4619.2,4619.2,4619.2,4619.2,4619.2,4619.2,0.00,4619.2,4619.2,4619.2,0.80,791.2,791.2,791.2,4105.6,4110.6,4110.6,4110.6,4110.6,4110.6,517.8,532.8,512.8,7912,1808.8,2724,13828,1809.8,1031.6,5148,0xEB6F367B
553,0,711375,711.375,0,0,OK,4619.2,4619.2,4619.2,4619.2,4619.2,4619.2,4619.2,4619.2,4619.2,0.00,4619.2,4619.2,4619.2,0.80,791.2,791.2,1031.6,4105.6,4110.6,2406.6,4111.6,4110.6,2406.6,769.2,532.8,522.8,7812,2059.2,5228,11424,2060.2,1031.6,10416,0xD1A18B4D
554,0,712373,712.373,0,0,OK,4619.2,4619.2,4619.2,4619.2,4619.2,4619.2,4619.2,4619.2,4619.2,0.00,4619.2,4619.2,4619.2,0.80,791.2,1031.6,791.2,4105.6,2406.6,4111.6,4110.6,2406.6,4111.6,267.4,512.8,512.8,10316,2049.2,2624,14028,2060.2,1031.6,240,0x0803B539
555,0,713371,713.371,0,0,OK,4623.2,4619.2,4619.2,4619.2,4619.2,4619.2,4619.2,4619.2,4619.2,0.00,4619.2,4619.2,4619.2,232.76,1031.6,791.2,791.2,2171.2,4111.6,4110.6,2406.6,4111.6,4110.6,517.8,522.8,272.4,7712,2059.2,5328,11424,1799.8,791.2,2744,0xC8E77D36
556,0,714370,714.370,0,0,OK,4623.2,4619.2,4619.2,4619.2,4619.2,4619.2,4619.2,4619.2,4619.2,0.00,4619.2,4619.2,4619.2,232.76,791.2,791.2,1031.6,4105.6,4110.6,2406.6,4111.6,4110.6,2406.6,518.8,522.8,262.4,7812,2049.2,5328,13928,2060.2,1292.0,10316,0x2ED92CAD
557,0,715368,715.368,0,0,OK,4624.2,4619.2,4619.2,4619.2,4619.2,4619.2,4619.2,4619.2,4619.2,0.00,4619.2,4619.2,4619.2,232.76,1031.6,791.2,1031.6,2171.2,4111.6,2406.6,2407.6,4111.6,2406.6,769.2,512.8,522.8,7812,1798.8,5128,14028,2060.2,1031.6,5348,0x8C16CB71
558,0,716366,716.366,0,0,OK,4625.2,4619.2,4619.2,4619.2,4619.2,4619.2,4619.2,4619.2,4619.2,0.00,4619.2,4619.2,4619.2,0.80,1031.6,1031.6,1031.6,2171.2,2407.6,2407.6,2407.6,2407.6,2407.6,278.4,512.8,532.8,5308,2049.2,2724,19136,2060.2,1041.6,10256,0x6DB67A1A
559,0,717364,717.364,0,0,OK,4625.2,4619.2,4619.2,4619.2,4619.2,4619.2,4619.2,4619.2,4619.2,0.00,4619.2,4619.2,4619.2,0.80,791.2,791.2,791.2,4105.6,4110.6,4110.6,4110.6,4110.6,4110.6,768.2,262.4,512.8,7812,1808.8,2624,19136,1799.8,1292.0,18128,0x2D064903
560,0,718363,718.363,0,0,OK,4626.2,4619.2,4619.2,4619.2,4619.2,4619.2,4619.2,4619.2,4619.2,0.00,4619.2,4619.2,4619.2,0.80,1031.6,1031.6,791.2,2171.2,2407.6,4111.6,2406.6,2407.6,4111.6,277.4,272.4,532.8,10316,2059.2,5328,13928,2050.2,1292.0,2644,0xD262629B
561,0,719361,719.361,0,0,OK,4619.2,4619.2,4619.2,4619.2,4619.2,4619.2,4619.2,4619.2,4619.2,0.00,4619.2,4619.2,4619.2,231.76,791.2,791.2,1031.6,4105.6,4110.6,2406.6,4111.6,4110.6,2406.6,769.2,512.8,532.8,7812,1808.8,2724,19036,1799.8,791.2,5348,0x9EE676B7
562,0,720359,720.359,0,0,OK,4626.2,4619.2,4619.2,4619.2,4619.2,4619.2,4619.2,4619.2,4619.2,0.00,4619.2,4619.2,4619.2,0.80,791.2,1031.6,791.2,4105.6,2406.6,4111.6,4110.6,2406.6,4111.6,527.8,532.8,272.4,5308,2059.2,2624,16432,1799.8,1282.0,10316,0x728C2A36
563,0,721358,721.358,0,0,OK,4626.2,4619.2,4619.2,4619.2,4619.2,4619.2,4619.2,4619.2,4619.2,0.00,4619.2,4619.2,4619.2,0.80,791.2,1031.6,791.2,4105.6,2406.6,4111.6,4110.6,2406.6,4111.6,517.8,532.8,522.8,10316,1798.8,5228,16532,1559.4,791.2,23136,0x14088CCB
564,0,722356,722.356,0,0,OK,4622.2,4619.2,4619.2,4619.2,4619.2,4619.2,4619.2,4619.2,4619.2,0.00,4619.2,4619.2,4619.2,232.76,1031.6,1031.6,791.2,2171.2,2407.6,4111.6,2406.6,2407.6,4111.6,768.2,532.8,522.8,7812,2049.2,5128,14028,1809.8,1031.6,7852,0xA5140FC5
565,0,723354,723.354,0,0,OK,4619.2,4619.2,4619.2,4619.2,4619.2,4619.2,4619.2,4619.2,4619.2,0.00,4619.2,4619.2,4619.2,232.76,1031.6,1031.6,791.2,2171.2,2407.6,4111.6,2406.6,2407.6,4111.6,768.2,522.8,512.8,7812,1808.8,5228,14028,1809.8,1031.6,40,0xC7A408E7
566,0,724353,724.353,0,0,OK,4623.2,4619.2,4619.2,4619.2,4619.2,4619.2,4619.2,4619.2,4619.2,0.00,4619.2,4619.2,4619.2,231.76,791.2,1031.6,791.2,4105.6,2406.6,4111.6,4110.6,2406.6,4111.6,768.2,262.4,512.8,5308,1558.4,2624,13928,1559.4,791.2,5148,0x3C723F3A
567,0,725351,725.351,0,0,OK,4619.2,4619.2,4619.2,4619.2,4619.2,4619.2,4619.2,4619.2,4619.2,0.00,4619.2,4619.2,4619.2,0.80,1031.6,1031.6,1031.6,2171.2,2407.6,2407.6,2407.6,2407.6,2407.6,528.8,262.4,512.8,7912,2059.2,5228,19136,2060.2,1041.6,12920,0x32622F56
568,0,726350,726.350,0,0,OK,4626.2,4619.2,4619.2,4619.2,4619.2,4619.2,4619.2,4619.2,4619.2,0.00,4619.2,4619.2,4619.2,0.80,791.2,791.2,791.2,4105.6,4110.6,4110.6,4110.6,4110.6,4110.6,527.8,512.8,262.4,5308,1558.4,5228,16632,1559.4,1292.0,17928,0xC0715789
569,0,727348,727.348,0,0,OK,4619.2,4619.2,4619.2,4619.2,4619.2,4619.2,4619.2,4619.2,4619.2,0.00,4619.2,4619.2,4619.2,231.76,791.2,791.2,791.2,4105.6,4110.6,4110.6,4110.6,4110.6,4110.6,527.8,532.8,262.4,7812,2049.2,5128,16632,1809.8,1282.0,240,0x5B3D56EA
570,0,728347,728.347,0,0,OK,4622.2,4619.2,4619.2,4619.2,4619.2,4619.2,4619.2,4619.2,4619.2,0.00,4619.2,4619.2,4619.2,232.76,791.2,791.2,1031.6,4105.6,4110.6,2406.6,4111.6,4110.6,2406.6,769.2,532.8,272.4,7912,1808.8,5228,11424,2060.2,1292.0,10456,0xD13C1E1F
571,0,729345,729.345,0,0,OK,4626.2,4619.2,4619.2,4619.2,4619.2,4619.2,4619.2,4619.2,4619.2,0.00,4619.2,4619.2,4619.2,0.80,791.2,1031.6,791.2,4105.6,2406.6,4111.6,4110.6,2406.6,4111.6,267.4,532.8,272.4,7712,2059.2,2724,19036,1559.4,1041.6,2744,0xCDC18F7B
572,0,730344,730.344,0,0,OK,4623.2,4619.2,4619.2,4619.2,4619.2,4619.2,4619.2,4619.2,4619.2,0.00,4619.2,4619.2,4619.2,231.76,791.2,791.2,791.2,4105.6,4110.6,4110.6,4110.6,4110.6,4110.6,277.4,272.4,272.4,10316,1558.4,5328,11424,1799.8,1282.0,7752,0x06476811
573,0,731342,731.342,0,0,OK,4620.2,4619.2,4619.2,4619.2,4619.2,4619.2,4619.2,4619.2,4619.2,0.00,4619.2,4619.2,4619.2,0.80,1031.6,1031.6,791.2,2171.2,2407.6,4111.6,2406.6,2407.6,4111.6,267.4,522.8,272.4,7812,1808.8,5128,16432,2060.2,791.2,15524,0x6E9E081C
574,0,732340,732.340,0,0,OK,4625.2,4619.2,4619.2,4619.2,4619.2,4619.2,4619.2,4619.2,4619.2,0.00,4619.2,4619.2,4619.2,232.76,791.2,791.2,791.2,4105.6,4110.6,4110.6,4110.6,4110.6,4110.6,768.2,512.8,512.8,7712,1808.8,5128,21540,1559.4,1282.0,15424,0x067D980F
575,0,733338,733.338,0,0,OK,4619.2,4619.2,4619.2,4619.2,4619.2,4619.2,4619.2,4619.2,4619.2,0.00,4619.2,4619.2,4619.2,232.76,791.2,791.2,791.2,4105.6,4110.6,4110.6,4110.6,4110.6,4110.6,517.8,522.8,272.4,10316,1808.8,2724,16532,1809.8,1041.6,23136,0x81BE52AF
576,0,734337,734.337,0,0,OK,4628.2,4619.2,4619.2,4619.2,4619.2,4619.2,4619.2,4619.2,4619.2,0.00,4619.2,4619.2,4619.2,231.76,1031.6,1031.6,791.2,2171.2,2407.6,4111.6,2406.6,2407.6,4111.6,517.8,532.8,512.8,10316,2059.2,2724,19036,1799.8,1031.6,5348,0xFAC16C50
577,0,735335,735.335,0,0,OK,4625.2,4619.2,4619.2,4619.2,4619.2,4619.2,4619.2,4619.2,4619.2,0.00,4619.2,4619.2,4619.2,231.76,1031.6,1031.6,791.2,2171.2,2407.6,4111.6,2406.6,2407.6,4111.6,517.8,272.4,272.4,10316,1798.8,5128,13928,2060.2,1031.6,5148,0x02112043
578,0,736333,736.333,0,0,OK,4625.2,4619.2,4619.2,4619.2,4619.2,4619.2,4619.2,4619.2,4619.2,0.00,4619.2,4619.2,4619.2,231.76,1031.6,1031.6,791.2,2171.2,2407.6,4111.6,2406.6,2407.6,4111.6,277.4,262.4,262.4,7912,1808.8,5328,13828,2060.2,1031.6,7912,0x07578672
579,0,737332,737.332,0,0,OK,4620.2,4619.2,4619.2,4619.2,4619.2,4619.2,4619.2,4619.2,4619.2,0.00,4619.2,4619.2,4619.2,232.76,791.2,1031.6,1031.6,4105.6,2406.6,2407.6,4111.6,2406.6,2407.6,278.4,522.8,522.8,7712,2059.2,5228,13928,1799.8,1282.0,12860,0xD5D5D9A4
580,0,738330,738.330,0,0,OK,4624.2,4619.2,4619.2,4619.2,4619.2,4619.2,4619.2,4619.2,4619.2,0.00,4619.2,4619.2,4619.2,232.76,791.2,1031.6,1031.6,4105.6,2406.6,2407.6,4111.6,2406.6,2407.6,278.4,262.4,522.8,10316,1558.4,5328,19036,1799.8,1041.6,23236,0xED1EED83
581,0,739329,739.329,0,0,OK,4621.2,4619.2,4619.2,4619.2,4619.2,4619.2,4619.2,4619.2,4619.2,0.00,4619.2,4619.2,4619.2,232.76,1031.6,1031.6,791.2,2171.2,2407.6,4111.6,2406.6,2407.6,4111.6,517.8,262.4,522.8,7812,1798.8,5128,19136,2050.2,1041.6,20732,0x5E5913CA
582,0,740328,740.328,0,0,OK,4623.2,4619.2,4619.2,4619.2,4619.2,4619.2,4619.2,4619.2,4619.2,0.00,4619.2,4619.2,4619.2,0.80,1031.6,791.2,791.2,2171.2,4111.6,4110.6,2406.6,4111.6,4110.6,517.8,262.4,512.8,5308,1808.8,2624,11424,2050.2,1041.6,5248,0xC5AC25C6
583,0,741326,741.326,0,0,OK,4626.2,4619.2,4619.2,4619.2,4619.2,4619.2,4619.2,4619.2,4619.2,0.00,4619.2,4619.2,4619.2,0.80,791.2,1031.6,1031.6,4105.6,2406.6,2407.6,4111.6,2406.6,2407.6,278.4,262.4,262.4,10316,2059.2,5228,16432,1559.4,1292.0,15424,0x7BFCF452
584,0,742324,742.324,0,0,OK,4626.2,4619.2,4619.2,4619.2,4619.2,4619.2,4619.2,4619.2,4619.2,0.00,4619.2,4619.2,4619.2,232.76,1031.6,1031.6,791.2,2171.2,2407.6,4111.6,2406.6,2407.6,4111.6,517.8,512.8,262.4,7812,1808.8,2724,19036,2060.2,1282.0,10416,0xADA097DF
585,0,743323,743.323,0,0,OK,4624.2,4619.2,4619.2,4619.2,4619.2,4619.2,4619.2,4619.2,4619.2,0.00,4619.2,4619.2,4619.2,0.80,1031.6,1031.6,791.2,2171.2,2407.6,4111.6,2406.6,2407.6,4111.6,517.8,272.4,512.8,5308,1808.8,5328,21540,1559.4,1282.0,17928,0x3073D5B8
586,0,744321,744.321,0,0,OK,4619.2,4619.2,4619.2,4619.2,4619.2,4619.2,4619.2,4619.2,4619.2,0.00,4619.2,4619.2,4619.2,0.80,791.2,791.2,1031.6,4105.6,4110.6,2406.6,4111.6,4110.6,2406.6,268.4,512.8,522.8,5308,2049.2,2724,16432,1559.4,1292.0,2644,0xE61F853C
587,0,745320,745.320,0,0,OK,4621.2,4619.2,4619.2,4619.2,4619.2,4619.2,4619.2,4619.2,4619.2,0.00,4619.2,4619.2,4619.2,231.76,791.2,1031.6,1031.6,4105.6,2406.6,2407.6,4111.6,2406.6,2407.6,278.4,522.8,272.4,7912,1808.8,5328,19036,1559.4,791.2,12820,0x364CB7F8
588,0,746318,746.318,0,0,OK,4621.2,4619.2,4619.2,4619.2,4619.2,4619.2,4619.2,4619.2,4619.2,0.00,4619.2,4619.2,4619.2,0.80,791.2,791.2,791.2,4105.6,4110.6,4110.6,4110.6,4110.6,4110.6,768.2,262.4,262.4,7812,1558.4,5228,19136,1809.8,1282.0,5248,0x472200CA
589,0,747317,747.317,0,0,OK,4628.2,4619.2,4619.2,4619.2,4619.2,4619.2,4619.2,4619.2,4619.2,0.00,4619.2,4619.2,4619.2,0.80,1031.6,1031.6,791.2,2171.2,2407.6,4111.6,2406.6,2407.6,4111.6,517.8,522.8,272.4,5308,2049.2,2724,19036,2060.2,1031.6,13020,0x46B2DB09
590,0,748315,748.315,0,0,OK,4622.2,4619.2,4619.2,4619.2,4619.2,4619.2,4619.2,4619.2,4619.2,0.00,4619.2,4619.2,4619.2,0.80,1031.6,791.2,791.2,2171.2,4111.6,4110.6,2406.6,4111.6,4110.6,277.4,532.8,272.4,7912,1798.8,2624,11424,2050.2,1292.0,17928,0xF1B41EE1
591,0,749314,749.314,0,0,OK,4628.2,4619.2,4619.2,4619.2,4619.2,4619.2,4619.2,4619.2,4619.2,0.00,4619.2,4619.2,4619.2,231.76,791.2,791.2,1031.6,4105.6,4110.6,2406.6,4111.6,4110.6,2406.6,769.2,532.8,522.8,10316,2049.2,5128,16532,1799.8,791.2,20632,0xC55A424A
592,0,750312,750.312,0,0,OK,4627.2,4619.2,4619.2,4619.2,4619.2,4619.2,4619.2,4619.2,4619.2,0.00,4619.2,4619.2,4619.2,231.76,1031.6,1031.6,791.2,2171.2,2407.6,4111.6,2406.6,2407.6,4111.6,517.8,512.8,262.4,7912,2049.2,2724,14028,1799.8,791.2,5148,0x79014AE2
593,0,751311,751.311,0,0,OK,4628.2,4619.2,4619.2,4619.2,4619.2,4619.2,4619.2,4619.2,4619.2,0.00,4619.2,4619.2,4619.2,0.80,1031.6,1031.6,791.2,2171.2,2407.6,4111.6,2406.6,2407.6,4111.6,527.8,272.4,272.4,10316,2059.2,5328,19036,1809.8,1282.0,20532,0x5AA787F6
594,0,752309,752.309,0,0,OK,4628.2,4619.2,4619.2,4619.2,4619.2,4619.2,4619.2,4619.2,4619.2,0.00,4619.2,4619.2,4619.2,231.76,1031.6,791.2,1031.6,2171.2,4111.6,2406.6,2407.6,4111.6,2406.6,769.2,532.8,272.4,7712,1798.8,2624,16532,2050.2,1031.6,7912,0x6E1FB26E
595,0,753308,753.308,0,0,OK,4626.2,4619.2,4619.2,4619.2,4619.2,4619.2,4619.2,4619.2,4619.2,0.00,4619.2,4619.2,4619.2,232.76,791.2,791.2,1031.6,4105.6,4110.6,2406.6,4111.6,4110.6,2406.6,769.2,272.4,262.4,7712,1798.8,5228,16432,1809.8,791.2,10356,0x5B3BB7FD
596,0,754306,754.306,0,0,OK,4623.2,4619.2,4619.2,4619.2,4619.2,4619.2,4619.2,4619.2,4619.2,0.00,4619.2,4619.2,4619.2,231.76,1031.6,791.2,791.2,2171.2,4111.6,4110.6,2406.6,4111.6,4110.6,277.4,532.8,522.8,5308,1558.4,2724,19136,1799.8,791.2,15424,0x4525DD9F
597,0,755304,755.304,0,0,OK,4628.2,4619.2,4619.2,4619.2,4619.2,4619.2,4619.2,4619.2,4619.2,0.00,4619.2,4619.2,4619.2,231.76,1031.6,791.2,1031.6,2171.2,4111.6,2406.6,2407.6,4111.6,2406.6,268.4,272.4,522.8,7712,1808.8,5128,19036,2060.2,1031.6,5348,0xFD560441
598,0,756303,756.303,0,0,OK,4624.2,4619.2,4619.2,4619.2,4619.2,4619.2,4619.2,4619.2,4619.2,0.00,4619.2,4619.2,4619.2,231.76,791.2,1031.6,1031.6,4105.6,2406.6,2407.6,4111.6,2406.6,2407.6,278.4,532.8,272.4,10316,2059.2,5328,19136,1559.4,1041.6,18028,0x196C92F7
599,0,757301,757.301,0,0,OK,4621.2,4619.2,4619.2,4619.2,4619.2,4619.2,4619.2,4619.2,4619.2,0.00,4619.2,4619.2,4619.2,0.80,1031.6,791.2,1031.6,2171.2,4111.6,2406.6,2407.6,4111.6,2406.6,528.8,262.4,262.4,7712,2049.2,5128,16432,1799.8,1031.6,23236,0x63881283
600,0,758300,758.300,0,0,OK,4626.2,4619.2,4619.2,4619.2,4619.2,4619.2,4619.2,4619.2,4619.2,0.00,4619.2,4619.2,4619.2,0.80,791.2,1031.6,1031.6,4105.6,2406.6,2407.6,4111.6,2406.6,2407.6,278.4,272.4,262.4,7712,2059.2,5128,14028,1559.4,1041.6,12860,0x014A9ADF
601,0,759298,759.298,0,0,OK,4622.2,4619.2,4619.2,4619.2,4619.2,4619.2,4619.2,4619.2,4619.2,0.00,4619.2,4619.2,4619.2,0.80,1031.6,791.2,791.2,2171.2,4111.6,4110.6,2406.6,4111.6,4110.6,517.8,522.8,262.4,7912,1808.8,5228,16632,1799.8,791.2,10456,0x8FC32C1E
602,0,760297,760.297,0,0,OK,4627.2,4619.2,4619.2,4619.2,4619.2,4619.2,4619.2,4619.2,4619.2,0.00,4619.2,4619.2,4619.2,231.76,1031.6,791.2,1031.6,2171.2,4111.6,2406.6,2407.6,4111.6,2406.6,528.8,532.8,512.8,7912,1808.8,5328,13828,1799.8,1282.0,5348,0x3D9EEFFD
603,0,761295,761.295,0,0,OK,4621.2,4619.2,4619.2,4619.2,4619.2,4619.2,4619.2,4619.2,4619.2,0.00,4619.2,4619.2,4619.2,0.80,791.2,1031.6,791.2,4105.6,2406.6,4111.6,4110.6,2406.6,4111.6,517.8,522.8,272.4,10316,1798.8,5128,21540,2050.2,791.2,15424,0xB2448B26
604,0,762293,762.293,0,0,OK,4627.2,4619.2,4619.2,4619.2,4619.2,4619.2,4619.2,4619.2,4619.2,0.00,4619.2,4619.2,4619.2,0.80,1031.6,1031.6,791.2,2171.2,2407.6,4111.6,2406.6,2407.6,4111.6,267.4,272.4,272.4,7812,1798.8,5228,19036,1809.8,1041.6,20732,0xB864B694
605,0,763292,763.292,0,0,OK,4622.2,4619.2,4619.2,4619.2,4619.2,4619.2,4619.2,4619.2,4619.2,0.00,4619.2,4619.2,4619.2,0.80,791.2,1031.6,1031.6,4105.6,2406.6,2407.6,4111.6,2406.6,2407.6,518.8,272.4,512.8,7712,2049.2,5328,13828,1809.8,1041.6,2644,0xB3AEF89C
606,0,764290,764.290,0,0,OK,4619.2,4619.2,4619.2,4619.2,4619.2,4619.2,4619.2,4619.2,4619.2,0.00,4619.2,4619.2,4619.2,0.80,1031.6,1031.6,791.2,2171.2,2407.6,4111.6,2406.6,2407.6,4111.6,277.4,272.4,272.4,7812,2059.2,2724,16532,1799.8,1031.6,20732,0xF4E18FF7
607,0,765287,765.287,0,0,OK,4623.2,4619.2,4619.2,4619.2,4619.2,4619.2,4619.2,4619.2,4619.2,0.00,4619.2,4619.2,4619.2,231.76,1031.6,1031.6,791.2,2171.2,2407.6,4111.6,2406.6,2407.6,4111.6,277.4,272.4,262.4,10316,1808.8,5228,11424,2050.2,1292.0,20732,0x500DD723
608,0,766286,766.286,0,0,OK,4627.2,4619.2,4619.2,4619.2,4619.2,4619.2,4619.2,4619.2,4619.2,0.00,4619.2,4619.2,4619.2,232.76,791.2,791.2,1031.6,4105.6,4110.6,2406.6,4111.6,4110.6,2406.6,278.4,262.4,272.4,10316,1798.8,5328,16432,1559.4,1041.6,18128,0x21EBD484
609,0,767284,767.284,0,0,OK,4627.2,4619.2,4619.2,4619.2,4619.2,4619.2,4619.2,4619.2,4619.2,0.00,4619.2,4619.2,4619.2,231.76,1031.6,791.2,1031.6,2171.2,4111.6,2406.6,2407.6,4111.6,2406.6,518.8,272.4,512.8,7812,1808.8,5328,14028,2050.2,1031.6,15424,0xDE283A40
610,0,768282,768.282,0,0,OK,4627.2,4619.2,4619.2,4619.2,4619.2,4619.2,4619.2,4619.2,4619.2,0.00,4619.2,4619.2,4619.2,0.80,791.2,791.2,791.2,4105.6,4110.6,4110.6,4110.6,4110.6,4110.6,517.8,522.8,522.8,7912,2059.2,5228,11424,2050.2,1282.0,10456,0xFAD1C75A
611,0,769281,769.281,0,0,OK,4628.2,4619.2,4619.2,4619.2,4619.2,4619.2,4619.2,4619.2,4619.2,0.00,4619.2,4619.2,4619.2,232.76,791.2,1031.6,791.2,4105.6,2406.6,4111.6,4110.6,2406.6,4111.6,527.8,262.4,522.8,10316,2059.2,5128,14028,2060.2,1292.0,5248,0x7D5A550D
612,0,770280,770.280,0,0,OK,4624.2,4619.2,4619.2,4619.2,4619.2,4619.2,4619.2,4619.2,4619.2,0.00,4619.2,4619.2,4619.2,0.80,791.2,1031.6,791.2,4105.6,2406.6,4111.6,4110.6,2406.6,4111.6,517.8,272.4,262.4,7912,2049.2,2724,16532,1809.8,791.2,17928,0x45210A5D
613,0,771278,771.278,0,0,OK,4628.2,4619.2,4619.2,4619.2,4619.2,4619.2,4619.2,4619.2,4619.2,0.00,4619.2,4619.2,4619.2,232.76,1031.6,1031.6,791.2,2171.2,2407.6,4111.6,2406.6,2407.6,4111.6,277.4,512.8,532.8,7912,1798.8,5228,21540,1799.8,1031.6,18128,0x7FE4032B
614,0,772276,772.276,0,0,OK,4625.2,4619.2,4619.2,4619.2,4619.2,4619.2,4619.2,4619.2,4619.2,0.00,4619.2,4619.2,4619.2,232.76,1031.6,1031.6,1031.6,2171.2,2407.6,2407.6,2407.6,2407.6,2407.6,278.4,262.4,262.4,7712,1558.4,5128,21540,2050.2,791.2,10416,0xA06E18CD
615,0,773275,773.275,0,0,OK,4620.2,4619.2,4619.2,4619.2,4619.2,4619.2,4619.2,4619.2,4619.2,0.00,4619.2,4619.2,4619.2,0.80,791.2,1031.6,1031.6,4105.6,2406.6,2407.6,4111.6,2406.6,2407.6,769.2,532.8,532.8,7712,2059.2,5128,16532,1799.8,791.2,40,0x489127BA
616,0,774273,774.273,0,0,OK,4623.2,4619.2,4619.2,4619.2,4619.2,4619.2,4619.2,4619.2,4619.2,0.00,4619.2,4619.2,4619.2,232.76,1031.6,791.2,1031.6,2171.2,4111.6,2406.6,2407.6,4111.6,2406.6,528.8,272.4,512.8,10316,2059.2,2724,13828,1809.8,1292.0,10416,0x11E793D2
617,0,775271,775.271,0,0,OK,4624.2,4619.2,4619.2,4619.2,4619.2,4619.2,4619.2,4619.2,4619.2,0.00,4619.2,4619.2,4619.2,232.76,1031.6,791.2,791.2,2171.2,4111.6,4110.6,2406.6,4111.6,4110.6,267.4,512.8,522.8,5308,2049.2,5228,19036,1559.4,791.2,20732,0xF2D62C5C
618,0,776270,776.270,0,0,OK,4620.2,4619.2,4619.2,4619.2,4619.2,4619.2,4619.2,4619.2,4619.2,0.00,4619.2,4619.2,4619.2,232.76,791.2,1031.6,1031.6,4105.6,2406.6,2407.6,4111.6,2406.6,2407.6,769.2,512.8,522.8,7812,1558.4,5128,11424,1809.8,1292.0,2644,0x119210E2
619,0,777268,777.268,0,0,OK,4625.2,4619.2,4619.2,4619.2,4619.2,4619.2,4619.2,4619.2,4619.2,0.00,4619.2,4619.2,4619.2,232.76,1031.6,1031.6,1031.6,2171.2,2407.6,2407.6,2407.6,2407.6,2407.6,518.8,522.8,532.8,7912,1808.8,2724,13928,2060.2,1282.0,7912,0x4DB5955F
620,0,778266,778.266,0,0,OK,4620.2,4619.2,4619.2,4619.2,4619.2,4619.2,4619.2,4619.2,4619.2,0.00,4619.2,4619.2,4619.2,231.76,791.2,1031.6,1031.6,4105.6,2406.6,2407.6,4111.6,2406.6,2407.6,268.4,522.8,532.8,7812,1798.8,5128,14028,2050.2,1292.0,240,0x219A0AEE
621,0,779265,779.265,0,0,OK,4624.2,4619.2,4619.2,4619.2,4619.2,4619.2,4619.2,4619.2,4619.2,0.00,4619.2,4619.2,4619.2,232.76,1031.6,791.2,1031.6,2171.2,4111.6,2406.6,2407.6,4111.6,2406.6,268.4,262.4,532.8,7812,1558.4,5128,13928,1809.8,1282.0,12820,0xCA4895CF
622,0,780263,780.263,0,0,OK,4626.2,4619.2,4619.2,4619.2,4619.2,4619.2,4619.2,4619.2,4619.2,0.00,4619.2,4619.2,4619.2,0.80,791.2,791.2,1031.6,4105.6,4110.6,2406.6,4111.6,4110.6,2406.6,268.4,522.8,522.8,5308,1798.8,5228,19136,1799.8,1282.0,10256,0xCDB8377F
623,0,781261,781.261,0,0,OK,4625.2,4619.2,4619.2,4619.2,4619.2,4619.2,4619.2,4619.2,4619.2,0.00,4619.2,4619.2,4619.2,0.80,791.2,1031.6,1031.6,4105.6,2406.6,2407.6,4111.6,2406.6,2407.6,518.8,532.8,272.4,7912,1798.8,5228,13928,1799.8,791.2,13020,0x7F2610A0
624,0,782260,782.260,0,0,OK,4619.2,4619.2,4619.2,4619.2,4619.2,4619.2,4619.2,4619.2,4619.2,0.00,4619.2,4619.2,4619.2,231.76,791.2,1031.6,791.2,4105.6,2406.6,4111.6,4110.6,2406.6,4111.6,527.8,272.4,262.4,7912,2049.2,5128,19036,1809.8,1292.0,140,0xEFF81223
625,0,783258,783.258,0,0,OK,4623.2,4619.2,4619.2,4619.2,4619.2,4619.2,4619.2,4619.2,4619.2,0.00,4619.2,4619.2,4619.2,232.76,1031.6,1031.6,1031.6,2171.2,2407.6,2407.6,2407.6,2407.6,2407.6,278.4,512.8,512.8,7812,2049.2,5328,13828,2060.2,1031.6,5248,0x192A87D7
626,0,784257,784.257,0,0,OK,4626.2,4619.2,4619.2,4619.2,4619.2,4619.2,4619.2,4619.2,4619.2,0.00,4619.2,4619.2,4619.2,0.80,791.2,1031.6,1031.6,4105.6,2406.6,2407.6,4111.6,2406.6,2407.6,268.4,512.8,532.8,7912,1558.4,5228,19136,1809.8,1292.0,7852,0x22A6A1A3
627,0,785256,785.256,0,0,OK,4625.2,4619.2,4619.2,4619.2,4619.2,4619.2,4619.2,4619.2,4619.2,0.00,4619.2,4619.2,4619.2,0.80,791.2,1031.6,791.2,4105.6,2406.6,4111.6,4110.6,2406.6,4111.6,517.8,522.8,512.8,7812,1558.4,2724,21540,2060.2,1292.0,15524,0x7135C618
628,0,786254,786.254,0,0,OK,4628.2,4619.2,4619.2,4619.2,4619.2,4619.2,4619.2,4619.2,4619.2,0.00,4619.2,4619.2,4619.2,231.76,791.2,1031.6,1031.6,4105.6,2406.6,2407.6,4111.6,2406.6,2407.6,518.8,532.8,522.8,7812,1558.4,5128,19136,2060.2,1282.0,13020,0x607EF8CF
629,0,787253,787.253,0,0,OK,4625.2,4619.2,4619.2,4619.2,4619.2,4619.2,4619.2,4619.2,4619.2,0.00,4619.2,4619.2,4619.2,232.76,1031.6,791.2,791.2,2171.2,4111.6,4110.6,2406.6,4111.6,4110.6,267.4,522.8,272.4,7812,1808.8,5328,16432,2050.2,1292.0,12860,0x09B04C3B
630,0,788251,788.251,0,0,OK,4624.2,4619.2,4619.2,4619.2,4619.2,4619.2,4619.2,4619.2,4619.2,0.00,4619.2,4619.2,4619.2,0.80,1031.6,1031.6,1031.6,2171.2,2407.6,2407.6,2407.6,2407.6,2407.6,518.8,532.8,532.8,5308,2049.2,5128,11424,1809.8,1282.0,10416,0x35E8020B
631,0,789250,789.250,0,0,OK,4625.2,4619.2,4619.2,4619.2,4619.2,4619.2,4619.2,4619.2,4619.2,0.00,4619.2,4619.2,4619.2,231.76,1031.6,791.2,791.2,2171.2,4111.6,4110.6,2406.6,4111.6,4110.6,768.2,532.8,522.8,10316,2059.2,2624,21540,2060.2,1282.0,12820,0x0540DE50
632,0,790248,790.248,0,0,OK,4619.2,4619.2,4619.2,4619.2,4619.2,4619.2,4619.2,4619.2,4619.2,0.00,4619.2,4619.2,4619.2,0.80,1031.6,791.2,1031.6,2171.2,4111.6,2406.6,2407.6,4111.6,2406.6,278.4,532.8,522.8,7712,2059.2,5228,13828,1799.8,1292.0,12920,0x2E52EC6C
633,0,791247,791.247,0,0,OK,4620.2,4619.2,4619.2,4619.2,4619.2,4619.2,4619.2,4619.2,4619.2,0.00,4619.2,4619.2,4619.2,0.80,791.2,1031.6,791.2,4105.6,2406.6,4111.6,4110.6,2406.6,4111.6,517.8,522.8,522.8,7812,1558.4,5328,11424,1809.8,1282.0,5248,0x0FEA43F6
634,0,792245,792.245,0,0,OK,4627.2,4619.2,4619.2,4619.2,4619.2,4619.2,4619.2,4619.2,4619.2,0.00,4619.2,4619.2,4619.2,0.80,791.2,1031.6,1031.6,4105.6,2406.6,2407.6,4111.6,2406.6,2407.6,278.4,532.8,532.8,7912,2059.2,2724,21540,2050.2,791.2,12920,0x04463EEB
635,0,793244,793.244,0,0,OK,4628.2,4619.2,4619.2,4619.2,4619.2,4619.2,4619.2,4619.2,4619.2,0.00,4619.2,4619.2,4619.2,0.80,1031.6,791.2,1031.6,2171.2,4111.6,2406.6,2407.6,4111.6,2406.6,528.8,532.8,532.8,5308,1808.8,5128,13828,1809.8,1282.0,20532,0xE970CDD6
636,0,794242,794.242,0,0,OK,4628.2,4619.2,4619.2,4619.2,4619.2,4619.2,4619.2,4619.2,4619.2,0.00,4619.2,4619.2,4619.2,232.76,1031.6,1031.6,1031.6,2171.2,2407.6,2407.6,2407.6,2407.6,2407.6,528.8,532.8,512.8,5308,1558.4,5228,16632,2060.2,1041.6,2744,0x27D8E0DD
637,0,795240,795.240,0,0,OK,4625.2,4619.2,4619.2,4619.2,4619.2,4619.2,4619.2,4619.2,4619.2,0.00,4619.2,4619.2,4619.2,232.76,791.2,791.2,1031.6,4105.6,4110.6,2406.6,4111.6,4110.6,2406.6,769.2,272.4,262.4,7812,2059.2,2624,21540,2050.2,1292.0,2644,0x5280A751
638,0,796239,796.239,0,0,OK,4627.2,4619.2,4619.2,4619.2,4619.2,4619.2,4619.2,4619.2,4619.2,0.00,4619.2,4619.2,4619.2,0.80,1031.6,1031.6,791.2,2171.2,2407.6,4111.6,2406.6,2407.6,4111.6,768.2,532.8,512.8,7712,1558.4,5128,21540,1559.4,1282.0,5248,0x8E6A0664
639,0,797237,797.237,0,0,OK,4627.2,4619.2,4619.2,4619.2,4619.2,4619.2,4619.2,4619.2,4619.2,0.00,4619.2,4619.2,4619.2,231.76,1031.6,791.2,1031.6,2171.2,4111.6,2406.6,2407.6,4111.6,2406.6,528.8,512.8,272.4,7712,1558.4,5128,19036,1799.8,1292.0,20632,0xEC0CE276
640,0,798236,798.236,0,0,OK,4622.2,4619.2,4619.2,4619.2,4619.2,4619.2,4619.2,4619.2,4619.2,0.00,4619.2,4619.2,4619.2,232.76,1031.6,1031.6,791.2,2171.2,2407.6,4111.6,2406.6,2407.6,4111.6,768.2,262.4,522.8,7912,1798.8,5328,11424,1809.8,1292.0,7912,0x576C7FAD
641,0,799234,799.234,0,0,OK,4627.2,4619.2,4619.2,4619.2,4619.2,4619.2,4619.2,4619.2,4619.2,0.00,4619.2,4619.2,4619.2,232.76,1031.6,791.2,791.2,2171.2,4111.6,4110.6,2406.6,4111.6,4110.6,277.4,532.8,272.4,7912,2049.2,5328,21540,2060.2,1292.0,240,0x4F809D91
642,0,800233,800.233,0,0,OK,4624.2,4619.2,4619.2,4619.2,4619.2,4619.2,4619.2,4619.2,4619.2,0.00,4619.2,4619.2,4619.2,232.76,1031.6,1031.6,1031.6,2171.2,2407.6,2407.6,2407.6,2407.6,2407.6,268.4,272.4,522.8,5308,1558.4,2724,14028,2060.2,1282.0,40,0x8E5CD73C
643,0,801231,801.231,0,0,OK,4627.2,4619.2,4619.2,4619.2,4619.2,4619.2,4619.2,4619.2,4619.2,0.00,4619.2,4619.2,4619.2,232.76,791.2,1031.6,791.2,4105.6,2406.6,4111.6,4110.6,2406.6,4111.6,768.2,532.8,512.8,7912,2049.2,5128,16632,1799.8,791.2,7852,0xA86E1FD5
644,0,802229,802.229,0,0,OK,4628.2,4619.2,4619.2,4619.2,4619.2,4619.2,4619.2,4619.2,4619.2,0.00,4619.2,4619.2,4619.2,0.80,791.2,791.2,791.2,4105.6,4110.6,4110.6,4110.6,4110.6,4110.6,527.8,532.8,522.8,7712,1798.8,5328,16632,1799.8,1282.0,10316,0x51FB78A7
645,0,803228,803.228,0,0,OK,4625.2,4619.2,4619.2,4619.2,4619.2,4619.2,4619.2,4619.2,4619.2,0.00,4619.2,4619.2,4619.2,0.80,791.2,791.2,791.2,4105.6,4110.6,4110.6,4110.6,4110.6,4110.6,768.2,262.4,512.8,5308,1808.8,2624,16532,2050.2,791.2,15524,0x8223459D
646,0,804226,804.226,0,0,OK,4620.2,4619.2,4619.2,4619.2,4619.2,4619.2,4619.2,4619.2,4619.2,0.00,4619.2,4619.2,4619.2,232.76,1031.6,1031.6,1031.6,2171.2,2407.6,2407.6,2407.6,2407.6,2407.6,268.4,522.8,522.8,10316,2059.2,2724,16532,1799.8,1282.0,12860,0x6C8C3423
647,0,805224,805.224,0,0,OK,4624.2,4619.2,4619.2,4619.2,4619.2,4619.2,4619.2,4619.2,4619.2,0.00,4619.2,4619.2,4619.2,231.76,791.2,791.2,1031.6,4105.6,4110.6,2406.6,4111.6,4110.6,2406.6,769.2,532.8,262.4,7712,2059.2,5128,16632,2050.2,1292.0,7852,0xB6E7EC04
648,0,806222,806.222,0,0,OK,4620.2,4619.2,4619.2,4619.2,4619.2,4619.2,4619.2,4619.2,4619.2,0.00,4619.2,4619.2,4619.2,232.76,791.2,1031.6,791.2,4105.6,2406.6,4111.6,4110.6,2406.6,4111.6,267.4,512.8,522.8,7912,2059.2,5328,16632,2050.2,1282.0,2644,0x3BFCC83F
649,0,807220,807.220,0,0,OK,4626.2,4619.2,4619.2,4619.2,4619.2,4619.2,4619.2,4619.2,4619.2,0.00,4619.2,4619.2,4619.2,231.76,1031.6,791.2,1031.6,2171.2,4111.6,2406.6,2407.6,4111.6,2406.6,268.4,522.8,262.4,7812,2049.2,2724,16632,1559.4,1282.0,5148,0xD90643D6
650,0,808219,808.219,0,0,OK,4628.2,4619.2,4619.2,4619.2,4619.2,4619.2,4619.2,4619.2,4619.2,0.00,4619.2,4619.2,4619.2,232.76,791.2,1031.6,1031.6,4105.6,2406.6,2407.6,4111.6,2406.6,2407.6,518.8,522.8,532.8,5308,2049.2,2624,13928,2050.2,1041.6,7752,0xA97B1360
651,0,809217,809.217,0,0,OK,4627.2,4619.2,4619.2,4619.2,4619.2,4619.2,4619.2,4619.2,4619.2,0.00,4619.2,4619.2,4619.2,231.76,1031.6,1031.6,1031.6,2171.2,2407.6,2407.6,2407.6,2407.6,2407.6,278.4,272.4,512.8,5308,2049.2,5328,19036,2060.2,791.2,7852,0xB9FBCA03
652,0,810215,810.215,0,0,OK,4621.2,4619.2,4619.2,4619.2,4619.2,4619.2,4619.2,4619.2,4619.2,0.00,4619.2,4619.2,4619.2,231.76,1031.6,1031.6,1031.6,2171.2,2407.6,2407.6,2407.6,2407.6,2407.6,518.8,522.8,522.8,5308,1558.4,5228,16632,1559.4,791.2,10456,0x4462133E
653,0,811214,811.214,0,0,OK,4621.2,4619.2,4619.2,4619.2,4619.2,4619.2,4619.2,4619.2,4619.2,0.00,4619.2,4619.2,4619.2,231.76,1031.6,791.2,1031.6,2171.2,4111.6,2406.6,2407.6,4111.6,2406.6,278.4,262.4,522.8,10316,2049.2,5228,16432,2060.2,1282.0,10256,0xE08F0CA9
654,0,812212,812.212,0,0,OK,4619.2,4619.2,4619.2,4619.2,4619.2,4619.2,4619.2,4619.2,4619.2,0.00,4619.2,4619.2,4619.2,0.80,1031.6,1031.6,791.2,2171.2,2407.6,4111.6,2406.6,2407.6,4111.6,517.8,262.4,532.8,7912,2059.2,5328,21540,1809.8,1282.0,5148,0x2E2BCC51
655,0,813210,813.210,0,0,OK,4621.2,4619.2,4619.2,4619.2,4619.2,4619.2,4619.2,4619.2,4619.2,0.00,4619.2,4619.2,4619.2,231.76,1031.6,1031.6,791.2,2171.2,2407.6,4111.6,2406.6,2407.6,4111.6,277.4,532.8,262.4,7912,1808.8,5328,19136,1559.4,1031.6,7752,0x42CA74A3
656,0,814208,814.208,0,0,OK,4619.2,4619.2,4619.2,4619.2,4619.2,4619.2,4619.2,4619.2,4619.2,0.00,4619.2,4619.2,4619.2,0.80,1031.6,791.2,791.2,2171.2,4111.6,4110.6,2406.6,4111.6,4110.6,527.8,532.8,532.8,7812,1808.8,5228,13828,1809.8,1282.0,17928,0x59A6BC72
657,0,815206,815.206,0,0,OK,4619.2,4619.2,4619.2,4619.2,4619.2,4619.2,4619.2,4619.2,4619.2,0.00,4619.2,4619.2,4619.2,231.76,791.2,791.2,1031.6,4105.6,4110.6,2406.6,4111.6,4110.6,2406.6,518.8,532.8,512.8,7912,2059.2,2724,11424,1559.4,1041.6,40,0x192FB7CF
658,0,816204,816.204,0,0,OK,4619.2,4619.2,4619.2,4619.2,4619.2,4619.2,4619.2,4619.2,4619.2,0.00,4619.2,4619.2,4619.2,231.76,1031.6,1031.6,1031.6,2171.2,2407.6,2407.6,2407.6,2407.6,2407.6,268.4,262.4,272.4,7812,2049.2,2624,16432,1799.8,1031.6,23136,0xC8A4A892
659,0,817202,817.202,0,0,OK,4620.2,4619.2,4619.2,4619.2,4619.2,4619.2,4619.2,4619.2,4619.2,0.00,4619.2,4619.2,4619.2,0.80,1031.6,1031.6,791.2,2171.2,2407.6,4111.6,2406.6,2407.6,4111.6,527.8,522.8,262.4,5308,1558.4,2724,16632,1809.8,1282.0,140,0xA4366600
660,0,818199,818.199,0,0,OK,4619.2,4619.2,4619.2,4619.2,4619.2,4619.2,4619.2,4619.2,4619.2,0.00,4619.2,4619.2,4619.2,231.76,791.2,791.2,791.2,4105.6,4110.6,4110.6,4110.6,4110.6,4110.6,277.4,522.8,272.4,10316,2059.2,5128,21540,1559.4,1031.6,10456,0x95E80CE6
661,0,819197,819.197,0,0,OK,4623.2,4619.2,4619.2,4619.2,4619.2,4619.2,4619.2,4619.2,4619.2,0.00,4619.2,4619.2,4619.2,232.76,791.2,791.2,1031.6,4105.6,4110.6,2406.6,4111.6,4110.6,2406.6,528.8,532.8,262.4,7712,1558.4,2724,19136,2050.2,1031.6,10416,0x58805AC4
662,0,820195,820.195,0,0,OK,4619.2,4619.2,4619.2,4619.2,4619.2,4619.2,4619.2,4619.2,4619.2,0.00,4619.2,4619.2,4619.2,231.76,791.2,791.2,1031.6,4105.6,4110.6,2406.6,4111.6,4110.6,2406.6,268.4,512.8,532.8,5308,2049.2,5328,16532,1559.4,1292.0,7852,0xC773C044
663,0,821193,821.193,0,0,OK,4625.2,4619.2,4619.2,4619.2,4619.2,4619.2,4619.2,4619.2,4619.2,0.00,4619.2,4619.2,4619.2,232.76,1031.6,791.2,1031.6,2171.2,4111.6,2406.6,2407.6,4111.6,2406.6,278.4,512.8,512.8,7912,1798.8,2624,19136,1799.8,791.2,10456,0xBC4D6149
664,0,822191,822.191,0,0,OK,4627.2,4619.2,4619.2,4619.2,4619.2,4619.2,4619.2,4619.2,4619.2,0.00,4619.2,4619.2,4619.2,232.76,1031.6,1031.6,791.2,2171.2,2407.6,4111.6,2406.6,2407.6,4111.6,267.4,262.4,262.4,10316,2049.2,2724,13928,1799.8,1282.0,17928,0xA2F8DDF6
665,0,823189,823.189,0,0,OK,4624.2,4619.2,4619.2,4619.2,4619.2,4619.2,4619.2,4619.2,4619.2,0.00,4619.2,4619.2,4619.2,232.76,1031.6,1031.6,791.2,2171.2,2407.6,4111.6,2406.6,2407.6,4111.6,527.8,522.8,272.4,10316,2059.2,5128,14028,1799.8,1292.0,140,0xA8EA9330
666,0,824188,824.188,0,0,OK,4623.2,4619.2,4619.2,4619.2,4619.2,4619.2,4619.2,4619.2,4619.2,0.00,4619.2,4619.2,4619.2,231.76,1031.6,791.2,791.2,2171.2,4111.6,4110.6,2406.6,4111.6,4110.6,527.8,532.8,512.8,7912,1558.4,2724,16532,1799.8,1282.0,15524,0x3158E706
667,0,825186,825.186,0,0,OK,4623.2,4619.2,4619.2,4619.2,4619.2,4619.2,4619.2,4619.2,4619.2,0.00,4619.2,4619.2,4619.2,0.80,791.2,791.2,791.2,4105.6,4110.6,4110.6,4110.6,4110.6,4110.6,517.8,532.8,532.8,7712,1558.4,5228,11424,2050.2,1282.0,12860,0x9B7339A6
668,0,826184,826.184,0,0,OK,4624.2,4619.2,4619.2,4619.2,4619.2,4619.2,4619.2,4619.2,4619.2,0.00,4619.2,4619.2,4619.2,232.76,791.2,791.2,791.2,4105.6,4110.6,4110.6,4110.6,4110.6,4110.6,517.8,532.8,522.8,7712,2059.2,5228,14028,2050.2,1292.0,7752,0x4B0FCBDB
669,0,827181,827.181,0,0,OK,4619.2,4619.2,4619.2,4619.2,4619.2,4619.2,4619.2,4619.2,4619.2,0.00,4619.2,4619.2,4619.2,0.80,1031.6,791.2,1031.6,2171.2,4111.6,2406.6,2407.6,4111.6,2406.6,518.8,262.4,532.8,7712,2059.2,5128,13828,1559.4,1031.6,10256,0x9DAAC43A
670,0,828179,828.179,0,0,OK,4628.2,4619.2,4619.2,4619.2,4619.2,4619.2,4619.2,4619.2,4619.2,0.00,4619.2,4619.2,4619.2,0.80,1031.6,791.2,791.2,2171.2,4111.6,4110.6,2406.6,4111.6,4110.6,527.8,532.8,262.4,7712,1558.4,5228,16532,1799.8,1041.6,10316,0x274680BE
671,0,829178,829.178,0,0,OK,4620.2,4619.2,4619.2,4619.2,4619.2,4619.2,4619.2,4619.2,4619.2,0.00,4619.2,4619.2,4619.2,0.80,1031.6,1031.6,1031.6,2171.2,2407.6,2407.6,2407.6,2407.6,2407.6,268.4,532.8,532.8,10316,1558.4,5228,11424,2050.2,1282.0,5348,0x98B4A94E
672,0,830176,830.176,0,0,OK,4626.2,4619.2,4619.2,4619.2,4619.2,4619.2,4619.2,4619.2,4619.2,0.00,4619.2,4619.2,4619.2,231.76,791.2,791.2,791.2,4105.6,4110.6,4110.6,4110.6,4110.6,4110.6,527.8,272.4,522.8,10316,1808.8,2624,14028,2050.2,1041.6,5148,0x6E1FAF83
673,0,831174,831.174,0,0,OK,4627.2,4619.2,4619.2,4619.2,4619.2,4619.2,4619.2,4619.2,4619.2,0.00,4619.2,4619.2,4619.2,231.76,1031.6,791.2,791.2,2171.2,4111.6,4110.6,2406.6,4111.6,4110.6,267.4,262.4,262.4,7812,2059.2,5328,13828,1559.4,1292.0,20632,0x75CC01CE
674,0,832171,832.171,0,0,OK,4621.2,4619.2,4619.2,4619.2,4619.2,4619.2,4619.2,4619.2,4619.2,0.00,4619.2,4619.2,4619.2,232.76,1031.6,1031.6,1031.6,2171.2,2407.6,2407.6,2407.6,2407.6,2407.6,268.4,532.8,512.8,7912,1808.8,5328,21540,1799.8,791.2,10316,0x53CA55ED
675,0,833170,833.170,0,0,OK,4624.2,4619.2,4619.2,4619.2,4619.2,4619.2,4619.2,4619.2,4619.2,0.00,4619.2,4619.2,4619.2,0.80,791.2,791.2,1031.6,4105.6,4110.6,2406.6,4111.6,4110.6,2406.6,769.2,262.4,262.4,10316,2059.2,2724,21540,1559.4,1282.0,12860,0x20E38AC6
676,0,834168,834.168,0,0,OK,4624.2,4619.2,4619.2,4619.2,4619.2,4619.2,4619.2,4619.2,4619.2,0.00,4619.2,4619.2,4619.2,232.76,1031.6,791.2,1031.6,2171.2,4111.6,2406.6,2407.6,4111.6,2406.6,528.8,272.4,272.4,5308,1798.8,2624,13828,1559.4,1041.6,10256,0xEF94ADEF
677,0,835166,835.166,0,0,OK,4619.2,4619.2,4619.2,4619.2,4619.2,4619.2,4619.2,4619.2,4619.2,0.00,4619.2,4619.2,4619.2,232.76,1031.6,1031.6,791.2,2171.2,2407.6,4111.6,2406.6,2407.6,4111.6,267.4,262.4,272.4,5308,1798.8,2724,14028,2060.2,1282.0,2644,0x2E1E8212
678,0,836164,836.164,0,0,OK,4620.2,4619.2,4619.2,4619.2,4619.2,4619.2,4619.2,4619.2,4619.2,0.00,4619.2,4619.2,4619.2,231.76,791.2,791.2,791.2,4105.6,4110.6,4110.6,4110.6,4110.6,4110.6,517.8,262.4,272.4,5308,2049.2,5228,11424,1559.4,1292.0,15524,0xD11EEAC3
679,0,837162,837.162,0,0,OK,4623.2,4619.2,4619.2,4619.2,4619.2,4619.2,4619.2,4619.2,4619.2,0.00,4619.2,4619.2,4619.2,232.76,791.2,1031.6,791.2,4105.6,2406.6,4111.6,4110.6,2406.6,4111.6,527.8,272.4,272.4,7912,1798.8,5128,16432,2060.2,1282.0,12820,0xBCD9691C
680,0,838160,838.160,0,0,OK,4624.2,4619.2,4619.2,4619.2,4619.2,4619.2,4619.2,4619.2,4619.2,0.00,4619.2,4619.2,4619.2,232.76,791.2,791.2,791.2,4105.6,4110.6,4110.6,4110.6,4110.6,4110.6,517.8,272.4,262.4,7912,1798.8,5228,19136,1809.8,1292.0,20732,0x66CE5AC6
681,0,839158,839.158,0,0,OK,4628.2,4619.2,4619.2,4619.2,4619.2,4619.2,4619.2,4619.2,4619.2,0.00,4619.2,4619.2,4619.2,231.76,1031.6,1031.6,791.2,2171.2,2407.6,4111.6,2406.6,2407.6,4111.6,517.8,262.4,532.8,5308,2059.2,5228,16432,2060.2,1041.6,7852,0x77C49A17
682,0,840157,840.157,0,0,OK,4627.2,4619.2,4619.2,4619.2,4619.2,4619.2,4619.2,4619.2,4619.2,0.00,4619.2,4619.2,4619.2,231.76,791.2,1031.6,1031.6,4105.6,2406.6,2407.6,4111.6,2406.6,2407.6,518.8,272.4,272.4,7712,1558.4,5128,21540,1809.8,791.2,20632,0x52D25728
683,0,841155,841.155,0,0,OK,4626.2,4619.2,4619.2,4619.2,4619.2,4619.2,4619.2,4619.2,4619.2,0.00,4619.2,4619.2,4619.2,0.80,791.2,791.2,1031.6,4105.6,4110.6,2406.6,4111.6,4110.6,2406.6,278.4,532.8,262.4,5308,1808.8,5228,16532,1799.8,1292.0,10456,0x07924C57
684,0,842154,842.154,0,0,OK,4623.2,4619.2,4619.2,4619.2,4619.2,4619.2,4619.2,4619.2,4619.2,0.00,4619.2,4619.2,4619.2,0.80,791.2,791.2,1031.6,4105.6,4110.6,2406.6,4111.6,4110.6,2406.6,268.4,512.8,262.4,7912,2049.2,2624,16532,2060.2,1282.0,15524,0x24E7A8C3
685,0,843152,843.152,0,0,OK,4627.2,4619.2,4619.2,4619.2,4619.2,4619.2,4619.2,4619.2,4619.2,0.00,4619.2,4619.2,4619.2,232.76,1031.6,1031.6,791.2,2171.2,2407.6,4111.6,2406.6,2407.6,4111.6,517.8,522.8,532.8,10316,1798.8,5328,13828,1559.4,1041.6,2644,0x6E1EA8BD
686,0,844150,844.150,0,0,OK,4620.2,4619.2,4619.2,4619.2,4619.2,4619.2,4619.2,4619.2,4619.2,0.00,4619.2,4619.2,4619.2,231.76,1031.6,1031.6,791.2,2171.2,2407.6,4111.6,2406.6,2407.6,4111.6,517.8,532.8,262.4,5308,1558.4,5128,21540,1559.4,1292.0,5348,0x82E6956A
687,0,845149,845.149,0,0,OK,4627.2,4619.2,4619.2,4619.2,4619.2,4619.2,4619.2,4619.2,4619.2,0.00,4619.2,4619.2,4619.2,0.80,1031.6,791.2,791.2,2171.2,4111.6,4110.6,2406.6,4111.6,4110.6,267.4,522.8,522.8,7912,2059.2,2724,19036,2050.2,791.2,20732,0x002E190C
688,0,846148,846.148,0,0,OK,4627.2,4619.2,4619.2,4619.2,4619.2,4619.2,4619.2,4619.2,4619.2,0.00,4619.2,4619.2,4619.2,0.80,791.2,1031.6,791.2,4105.6,2406.6,4111.6,4110.6,2406.6,4111.6,527.8,272.4,532.8,7912,1808.8,5328,13828,1809.8,1282.0,2744,0xDC41B9AE
689,0,847146,847.146,0,0,OK,4623.2,4619.2,4619.2,4619.2,4619.2,4619.2,4619.2,4619.2,4619.2,0.00,4619.2,4619.2,4619.2,0.80,1031.6,1031.6,1031.6,2171.2,2407.6,2407.6,2407.6,2407.6,2407.6,528.8,522.8,512.8,10316,1798.8,5128,13828,2050.2,1041.6,240,0xE920A9E0
690,0,848145,848.145,0,0,OK,4621.2,4619.2,4619.2,4619.2,4619.2,4619.2,4619.2,4619.2,4619.2,0.00,4619.2,4619.2,4619.2,231.76,791.2,791.2,1031.6,4105.6,4110.6,2406.6,4111.6,4110.6,2406.6,528.8,532.8,272.4,7912,2049.2,2724,16532,1799.8,791.2,10356,0x2422201B
691,0,849143,849.143,0,0,OK,4619.2,4619.2,4619.2,4619.2,4619.2,4619.2,4619.2,4619.2,4619.2,0.00,4619.2,4619.2,4619.2,231.76,791.2,791.2,1031.6,4105.6,4110.6,2406.6,4111.6,4110.6,2406.6,528.8,512.8,512.8,7912,1558.4,5328,21540,1559.4,1031.6,10456,0xEB069136
692,0,850142,850.142,0,0,OK,4619.2,4619.2,4619.2,4619.2,4619.2,4619.2,4619.2,4619.2,4619.2,0.00,4619.2,4619.2,4619.2,0.80,791.2,791.2,791.2,4105.6,4110.6,4110.6,4110.6,4110.6,4110.6,277.4,532.8,262.4,7812,2059.2,2624,13928,2060.2,1031.6,10356,0x23CC904D
693,0,851140,851.140,0,0,OK,4625.2,4619.2,4619.2,4619.2,4619.2,4619.2,4619.2,4619.2,4619.2,0.00,4619.2,4619.2,4619.2,231.76,791.2,1031.6,791.2,4105.6,2406.6,4111.6,4110.6,2406.6,4111.6,277.4,522.8,272.4,5308,2049.2,5328,14028,1809.8,1041.6,17928,0x1C87AC65
694,0,852139,852.139,0,0,OK,4625.2,4619.2,4619.2,4619.2,4619.2,4619.2,4619.2,4619.2,4619.2,0.00,4619.2,4619.2,4619.2,232.76,1031.6,791.2,791.2,2171.2,4111.6,4110.6,2406.6,4111.6,4110.6,277.4,512.8,522.8,7712,2059.2,5328,16432,1799.8,1041.6,23236,0x0BC374FB
695,0,853137,853.137,0,0,OK,4619.2,4619.2,4619.2,4619.2,4619.2,4619.2,4619.2,4619.2,4619.2,0.00,4619.2,4619.2,4619.2,231.76,1031.6,1031.6,1031.6,2171.2,2407.6,2407.6,2407.6,2407.6,2407.6,268.4,522.8,272.4,7712,1558.4,5128,11424,2060.2,1292.0,15524,0x0089AECD
696,0,854136,854.136,0,0,OK,4622.2,4619.2,4619.2,4619.2,4619.2,4619.2,4619.2,4619.2,4619.2,0.00,4619.2,4619.2,4619.2,0.80,791.2,1031.6,1031.6,4105.6,2406.6,2407.6,4111.6,2406.6,2407.6,518.8,522.8,262.4,5308,1798.8,5328,11424,2050.2,1292.0,5248,0xAAC0620D
697,0,855135,855.135,0,0,OK,4619.2,4619.2,4619.2,4619.2,4619.2,4619.2,4619.2,4619.2,4619.2,0.00,4619.2,4619.2,4619.2,232.76,1031.6,791.2,791.2,2171.2,4111.6,4110.6,2406.6,4111.6,4110.6,277.4,532.8,532.8,7712,1558.4,2624,19036,1799.8,1041.6,10456,0xD2A27155
698,0,856133,856.133,0,0,OK,4622.2,4619.2,4619.2,4619.2,4619.2,4619.2,4619.2,4619.2,4619.2,0.00,4619.2,4619.2,4619.2,0.80,1031.6,1031.6,791.2,2171.2,2407.6,4111.6,2406.6,2407.6,4111.6,277.4,532.8,522.8,7812,1558.4,5328,13828,1559.4,1031.6,12820,0xCF40EF65
699,0,857132,857.132,0,0,OK,4622.2,4619.2,4619.2,4619.2,4619.2,4619.2,4619.2,4619.2,4619.2,0.00,4619.2,4619.2,4619.2,232.76,791.2,1031.6,791.2,4105.6,2406.6,4111.6,4110.6,2406.6,4111.6,267.4,272.4,262.4,7912,2049.2,5128,13928,2050.2,1292.0,140,0x31CEDD37
700,0,858131,858.131,0,0,OK,4619.2,4619.2,4619.2,4619.2,4619.2,4619.2,4619.2,4619.2,4619.2,0.00,4619.2,4619.2,4619.2,0.80,1031.6,1031.6,791.2,2171.2,2407.6,4111.6,2406.6,2407.6,4111.6,277.4,512.8,262.4,7712,1558.4,5128,16632,1799.8,791.2,15424,0x23DE666E
701,0,859129,859.129,0,0,OK,4626.2,4619.2,4619.2,4619.2,4619.2,4619.2,4619.2,4619.2,4619.2,0.00,4619.2,4619.2,4619.2,0.80,1031.6,791.2,1031.6,2171.2,4111.6,2406.6,2407.6,4111.6,2406.6,278.4,512.8,532.8,7812,1808.8,2724,14028,2060.2,1041.6,7852,0x039C500E
702,0,860128,860.128,0,0,OK,4620.2,4619.2,4619.2,4619.2,4619.2,4619.2,4619.2,4619.2,4619.2,0.00,4619.2,4619.2,4619.2,231.76,1031.6,1031.6,791.2,2171.2,2407.6,4111.6,2406.6,2407.6,4111.6,527.8,262.4,272.4,7912,2049.2,5228,19036,2060.2,1292.0,10456,0x44FFB16F
703,0,861126,861.126,0,0,OK,4620.2,4619.2,4619.2,4619.2,4619.2,4619.2,4619.2,4619.2,4619.2,0.00,4619.2,4619.2,4619.2,232.76,1031.6,791.2,1031.6,2171.2,4111.6,2406.6,2407.6,4111.6,2406.6,518.8,272.4,512.8,7812,1808.8,5328,21540,1559.4,1282.0,18028,0x82B2F4E5
704,0,862125,862.125,0,0,OK,4626.2,4619.2,4619.2,4619.2,4619.2,4619.2,4619.2,4619.2,4619.2,0.00,4619.2,4619.2,4619.2,232.76,791.2,1031.6,791.2,4105.6,2406.6,4111.6,4110.6,2406.6,4111.6,277.4,272.4,512.8,7812,2059.2,5228,13828,1799.8,1031.6,15424,0xE7CC60C5
705,0,863123,863.123,0,0,OK,4625.2,4619.2,4619.2,4619.2,4619.2,4619.2,4619.2,4619.2,4619.2,0.00,4619.2,4619.2,4619.2,0.80,1031.6,1031.6,1031.6,2171.2,2407.6,2407.6,2407.6,2407.6,2407.6,769.2,262.4,272.4,7812,2059.2,5128,13828,1799.8,1292.0,5248,0x544F47BF
706,0,864122,864.122,0,0,OK,4628.2,4619.2,4619.2,4619.2,4619.2,4619.2,4619.2,4619.2,4619.2,0.00,4619.2,4619.2,4619.2,0.80,791.2,791.2,791.2,4105.6,4110.6,4110.6,4110.6,4110.6,4110.6,267.4,522.8,532.8,7812,1558.4,2624,16632,2050.2,1031.6,23136,0x8897C64B
707,0,865120,865.120,0,0,OK,4622.2,4619.2,4619.2,4619.2,4619.2,4619.2,4619.2,4619.2,4619.2,0.00,4619.2,4619.2,4619.2,232.76,1031.6,1031.6,1031.6,2171.2,2407.6,2407.6,2407.6,2407.6,2407.6,518.8,522.8,272.4,7912,1798.8,2724,13828,1559.4,1282.0,2644,0x2E8C7D72
708,0,866119,866.119,0,0,OK,4620.2,4619.2,4619.2,4619.2,4619.2,4619.2,4619.2,4619.2,4619.2,0.00,4619.2,4619.2,4619.2,0.80,1031.6,791.2,1031.6,2171.2,4111.6,2406.6,2407.6,4111.6,2406.6,278.4,262.4,262.4,7812,1798.8,5228,11424,1809.8,791.2,15424,0xA5F0070E
709,0,867117,867.117,0,0,OK,4620.2,4619.2,4619.2,4619.2,4619.2,4619.2,4619.2,4619.2,4619.2,0.00,4619.2,4619.2,4619.2,231.76,791.2,1031.6,791.2,4105.6,2406.6,4111.6,4110.6,2406.6,4111.6,768.2,262.4,272.4,10316,1808.8,2624,19036,1799.8,1292.0,17928,0x0E9F2790
710,0,868115,868.115,0,0,OK,4621.2,4619.2,4619.2,4619.2,4619.2,4619.2,4619.2,4619.2,4619.2,0.00,4619.2,4619.2,4619.2,231.76,791.2,791.2,1031.6,4105.6,4110.6,2406.6,4111.6,4110.6,2406.6,769.2,532.8,532.8,10316,2059.2,5328,19136,1809.8,1041.6,2744,0x056AFECB
711,0,869114,869.114,0,0,OK,4623.2,4619.2,4619.2,4619.2,4619.2,4619.2,4619.2,4619.2,4619.2,0.00,4619.2,4619.2,4619.2,232.76,1031.6,791.2,791.2,2171.2,4111.6,4110.6,2406.6,4111.6,4110.6,517.8,262.4,272.4,7912,1808.8,5328,13828,1809.8,1041.6,10256,0x2055ACA6
712,0,870112,870.112,0,0,OK,4620.2,4619.2,4619.2,4619.2,4619.2,4619.2,4619.2,4619.2,4619.2,0.00,4619.2,4619.2,4619.2,0.80,1031.6,1031.6,1031.6,2171.2,2407.6,2407.6,2407.6,2407.6,2407.6,769.2,512.8,512.8,7912,1808.8,2624,14028,1799.8,791.2,140,0x8DD73C26
713,0,871110,871.110,0,0,OK,4624.2,4619.2,4619.2,4619.2,4619.2,4619.2,4619.2,4619.2,4619.2,0.00,4619.2,4619.2,4619.2,231.76,1031.6,1031.6,1031.6,2171.2,2407.6,2407.6,2407.6,2407.6,2407.6,528.8,262.4,262.4,7812,2049.2,5128,13828,2050.2,791.2,13020,0xD4773829
714,0,872109,872.109,0,0,OK,4626.2,4619.2,4619.2,4619.2,4619.2,4619.2,4619.2,4619.2,4619.2,0.00,4619.2,4619.2,4619.2,0.80,1031.6,791.2,791.2,2171.2,4111.6,4110.6,2406.6,4111.6,4110.6,517.8,532.8,512.8,7812,1798.8,5128,19036,1809.8,1292.0,10416,0xAC7CB321
715,0,873107,873.107,0,0,OK,4624.2,4619.2,4619.2,4619.2,4619.2,4619.2,4619.2,4619.2,4619.2,0.00,4619.2,4619.2,4619.2,232.76,1031.6,791.2,1031.6,2171.2,4111.6,2406.6,2407.6,4111.6,2406.6,278.4,272.4,532.8,7712,1798.8,5228,14028,1559.4,791.2,5248,0x7FF4C43B
716,0,874105,874.105,0,0,OK,4628.2,4619.2,4619.2,4619.2,4619.2,4619.2,4619.2,4619.2,4619.2,0.00,4619.2,4619.2,4619.2,0.80,1031.6,791.2,1031.6,2171.2,4111.6,2406.6,2407.6,4111.6,2406.6,769.2,512.8,522.8,7812,2059.2,5328,21540,1809.8,1292.0,23136,0xD41E8A1A
717,0,875104,875.104,0,0,OK,4624.2,4619.2,4619.2,4619.2,4619.2,4619.2,4619.2,4619.2,4619.2,0.00,4619.2,4619.2,4619.2,231.76,791.2,1031.6,1031.6,4105.6,2406.6,2407.6,4111.6,2406.6,2407.6,769.2,532.8,522.8,5308,1798.8,5228,14028,1799.8,1282.0,17928,0x72DC4858
718,0,876102,876.102,0,0,OK,4627.2,4619.2,4619.2,4619.2,4619.2,4619.2,4619.2,4619.2,4619.2,0.00,4619.2,4619.2,4619.2,231.76,1031.6,791.2,1031.6,2171.2,4111.6,2406.6,2407.6,4111.6,2406.6,268.4,532.8,512.8,5308,1558.4,2624,19136,2050.2,1292.0,7912,0x26F96F77
719,0,877100,877.100,0,0,OK,4623.2,4619.2,4619.2,4619.2,4619.2,4619.2,4619.2,4619.2,4619.2,0.00,4619.2,4619.2,4619.2,231.76,791.2,791.2,1031.6,4105.6,4110.6,2406.6,4111.6,4110.6,2406.6,278.4,262.4,512.8,10316,1558.4,2724,16532,1799.8,1041.6,7912,0xD8A0F8FF
720,0,878099,878.099,0,0,OK,4620.2,4619.2,4619.2,4619.2,4619.2,4619.2,4619.2,4619.2,4619.2,0.00,4619.2,4619.2,4619.2,0.80,1031.6,791.2,791.2,2171.2,4111.6,4110.6,2406.6,4111.6,4110.6,527.8,522.8,262.4,7912,2049.2,2724,21540,1799.8,791.2,20532,0x5329DF14
721,0,879097,879.097,0,0,OK,4624.2,4619.2,4619.2,4619.2,4619.2,4619.2,4619.2,4619.2,4619.2,0.00,4619.2,4619.2,4619.2,232.76,791.2,1031.6,791.2,4105.6,2406.6,4111.6,4110.6,2406.6,4111.6,768.2,272.4,512.8,7812,1558.4,5228,11424,1809.8,1282.0,2644,0x135BB670
722,0,880096,880.096,0,0,OK,4624.2,4619.2,4619.2,4619.2,4619.2,4619.2,4619.2,4619.2,4619.2,0.00,4619.2,4619.2,4619.2,0.80,791.2,791.2,1031.6,4105.6,4110.6,2406.6,4111.6,4110.6,2406.6,268.4,522.8,272.4,5308,1808.8,5328,13928,2050.2,1282.0,12860,0x9C495B9B
723,0,881094,881.094,0,0,OK,4619.2,4619.2,4619.2,4619.2,4619.2,4619.2,4619.2,4619.2,4619.2,0.00,4619.2,4619.2,4619.2,232.76,791.2,1031.6,791.2,4105.6,2406.6,4111.6,4110.6,2406.6,4111.6,527.8,512.8,272.4,7712,1798.8,5328,13828,1799.8,1292.0,2644,0xCB8212C6
724,0,882093,882.093,0,0,OK,4622.2,4619.2,4619.2,4619.2,4619.2,4619.2,4619.2,4619.2,4619.2,0.00,4619.2,4619.2,4619.2,232.76,791.2,791.2,791.2,4105.6,4110.6,4110.6,4110.6,4110.6,4110.6,517.8,272.4,512.8,7912,1798.8,5328,16632,2050.2,1292.0,2644,0x211D2F43
725,0,883091,883.091,0,0,OK,4624.2,4619.2,4619.2,4619.2,4619.2,4619.2,4619.2,4619.2,4619.2,0.00,4619.2,4619.2,4619.2,231.76,1031.6,791.2,791.2,2171.2,4111.6,4110.6,2406.6,4111.6,4110.6,267.4,262.4,512.8,10316,2049.2,2724,19136,2050.2,1282.0,13020,0x15981CDB
726,0,884090,884.090,0,0,OK,4625.2,4619.2,4619.2,4619.2,4619.2,4619.2,4619.2,4619.2,4619.2,0.00,4619.2,4619.2,4619.2,231.76,1031.6,791.2,1031.6,2171.2,4111.6,2406.6,2407.6,4111.6,2406.6,268.4,272.4,532.8,5308,1798.8,2724,13828,2050.2,791.2,17928,0xF68017FD
727,0,885088,885.088,0,0,OK,4619.2,4619.2,4619.2,4619.2,4619.2,4619.2,4619.2,4619.2,4619.2,0.00,4619.2,4619.2,4619.2,231.76,1031.6,1031.6,1031.6,2171.2,2407.6,2407.6,2407.6,2407.6,2407.6,528.8,532.8,532.8,10316,1558.4,2724,16432,2060.2,1041.6,10456,0x9AF9EFF2
728,0,886086,886.086,0,0,OK,4625.2,4619.2,4619.2,4619.2,4619.2,4619.2,4619.2,4619.2,4619.2,0.00,4619.2,4619.2,4619.2,0.80,791.2,791.2,791.2,4105.6,4110.6,4110.6,4110.6,4110.6,4110.6,527.8,262.4,512.8,5308,1808.8,2724,16532,2060.2,1031.6,10256,0x9E944290
729,0,887085,887.085,0,0,OK,4622.2,4619.2,4619.2,4619.2,4619.2,4619.2,4619.2,4619.2,4619.2,0.00,4619.2,4619.2,4619.2,231.76,1031.6,1031.6,1031.6,2171.2,2407.6,2407.6,2407.6,2407.6,2407.6,518.8,262.4,272.4,7712,1798.8,2724,16432,1799.8,1292.0,10316,0xD6CE1898
730,0,888083,888.083,0,0,OK,4626.2,4619.2,4619.2,4619.2,4619.2,4619.2,4619.2,4619.2,4619.2,0.00,4619.2,4619.2,4619.2,231.76,1031.6,791.2,791.2,2171.2,4111.6,4110.6,2406.6,4111.6,4110.6,277.4,272.4,532.8,7912,1558.4,5328,13828,1809.8,791.2,18128,0xF4492058
731,0,889082,889.082,0,0,OK,4622.2,4619.2,4619.2,4619.2,4619.2,4619.2,4619.2,4619.2,4619.2,0.00,4619.2,4619.2,4619.2,232.76,791.2,791.2,1031.6,4105.6,4110.6,2406.6,4111.6,4110.6,2406.6,528.8,272.4,522.8,10316,1798.8,2724,13928,1809.8,1292.0,12860,0xA2A9C2AC
732,0,890080,890.080,0,0,OK,4626.2,4619.2,4619.2,4619.2,4619.2,4619.2,4619.2,4619.2,4619.2,0.00,4619.2,4619.2,4619.2,0.80,791.2,791.2,1031.6,4105.6,4110.6,2406.6,4111.6,4110.6,2406.6,769.2,262.4,522.8,7712,1798.8,2624,16432,1799.8,791.2,10456,0x8E4DA49F
733,0,891078,891.078,0,0,OK,4619.2,4619.2,4619.2,4619.2,4619.2,4619.2,4619.2,4619.2,4619.2,0.00,4619.2,4619.2,4619.2,0.80,1031.6,1031.6,791.2,2171.2,2407.6,4111.6,2406.6,2407.6,4111.6,527.8,512.8,272.4,5308,1558.4,5228,16532,2050.2,1282.0,140,0xADD63E3F
734,0,892076,892.076,0,0,OK,4621.2,4619.2,4619.2,4619.2,4619.2,4619.2,4619.2,4619.2,4619.2,0.00,4619.2,4619.2,4619.2,231.76,791.2,1031.6,1031.6,4105.6,2406.6,2407.6,4111.6,2406.6,2407.6,518.8,262.4,522.8,7912,1798.8,5328,16432,2060.2,1031.6,23136,0xF402A884
735,0,893074,893.074,0,0,OK,4622.2,4619.2,4619.2,4619.2,4619.2,4619.2,4619.2,4619.2,4619.2,0.00,4619.2,4619.2,4619.2,231.76,1031.6,1031.6,1031.6,2171.2,2407.6,2407.6,2407.6,2407.6,2407.6,528.8,522.8,522.8,7912,1798.8,2624,13828,1559.4,791.2,12920,0x4453DA6B
736,0,894073,894.073,0,0,OK,4619.2,4619.2,4619.2,4619.2,4619.2,4619.2,4619.2,4619.2,4619.2,0.00,4619.2,4619.2,4619.2,231.76,1031.6,791.2,791.2,2171.2,4111.6,4110.6,2406.6,4111.6,4110.6,517.8,512.8,512.8,7812,1798.8,5128,13928,1809.8,1041.6,10316,0x0B267C03
737,0,895071,895.071,0,0,OK,4624.2,4619.2,4619.2,4619.2,4619.2,4619.2,4619.2,4619.2,4619.2,0.00,4619.2,4619.2,4619.2,0.80,791.2,1031.6,791.2,4105.6,2406.6,4111.6,4110.6,2406.6,4111.6,768.2,272.4,272.4,7812,1558.4,5328,14028,2060.2,1292.0,5348,0x2458D953
738,0,896069,896.069,0,0,OK,4627.2,4619.2,4619.2,4619.2,4619.2,4619.2,4619.2,4619.2,4619.2,0.00,4619.2,4619.2,4619.2,0.80,1031.6,791.2,1031.6,2171.2,4111.6,2406.6,2407.6,4111.6,2406.6,769.2,272.4,262.4,5308,1798.8,2624,11424,2050.2,1282.0,15524,0x8CC74FB7
739,0,897067,897.067,0,0,OK,4625.2,4619.2,4619.2,4619.2,4619.2,4619.2,4619.2,4619.2,4619.2,0.00,4619.2,4619.2,4619.2,0.80,791.2,791.2,791.2,4105.6,4110.6,4110.6,4110.6,4110.6,4110.6,267.4,522.8,512.8,7812,1558.4,2624,14028,2050.2,1282.0,7912,0x55032555
740,0,898066,898.066,0,0,OK,4622.2,4619.2,4619.2,4619.2,4619.2,4619.2,4619.2,4619.2,4619.2,0.00,4619.2,4619.2,4619.2,0.80,1031.6,791.2,791.2,2171.2,4111.6,4110.6,2406.6,4111.6,4110.6,517.8,522.8,262.4,5308,1798.8,2624,19036,2060.2,1031.6,20732,0x4022A413
741,0,899064,899.064,0,0,OK,4623.2,4619.2,4619.2,4619.2,4619.2,4619.2,4619.2,4619.2,4619.2,0.00,4619.2,4619.2,4619.2,231.76,791.2,791.2,791.2,4105.6,4110.6,4110.6,4110.6,4110.6,4110.6,267.4,262.4,522.8,7712,1558.4,2624,19136,1809.8,1031.6,20732,0x232B52F9
742,0,900062,900.062,0,0,OK,4626.2,4619.2,4619.2,4619.2,4619.2,4619.2,4619.2,4619.2,4619.2,0.00,4619.2,4619.2,4619.2,231.76,1031.6,1031.6,1031.6,2171.2,2407.6,2407.6,2407.6,2407.6,2407.6,518.8,512.8,532.8,7812,2059.2,5228,13828,1559.4,1031.6,12860,0x69F2E7A2
743,0,901060,901.060,0,0,OK,4627.2,4619.2,4619.2,4619.2,4619.2,4619.2,4619.2,4619.2,4619.2,0.00,4619.2,4619.2,4619.2,231.76,791.2,1031.6,791.2,4105.6,2406.6,4111.6,4110.6,2406.6,4111.6,768.2,272.4,522.8,7812,1808.8,5128,19036,1559.4,1031.6,15524,0x89BEE3B1
744,0,902058,902.058,0,0,OK,4628.2,4619.2,4619.2,4619.2,4619.2,4619.2,4619.2,4619.2,4619.2,0.00,4619.2,4619.2,4619.2,231.76,1031.6,791.2,1031.6,2171.2,4111.6,2406.6,2407.6,4111.6,2406.6,518.8,522.8,512.8,7812,2049.2,2624,16532,1799.8,1292.0,10456,0x6941B343
745,0,903056,903.056,0,0,OK,4621.2,4619.2,4619.2,4619.2,4619.2,4619.2,4619.2,4619.2,4619.2,0.00,4619.2,4619.2,4619.2,232.76,791.2,791.2,1031.6,4105.6,4110.6,2406.6,4111.6,4110.6,2406.6,769.2,532.8,522.8,7812,1798.8,5228,16632,1559.4,1292.0,2644,0xEA20A142
746,0,904054,904.054,0,0,OK,4620.2,4619.2,4619.2,4619.2,4619.2,4619.2,4619.2,4619.2,4619.2,0.00,4619.2,4619.2,4619.2,232.76,791.2,791.2,791.2,4105.6,4110.6,4110.6,4110.6,4110.6,4110.6,277.4,512.8,522.8,7812,2049.2,5228,16632,1799.8,791.2,10256,0x5A040F50
747,0,905052,905.052,0,0,OK,4624.2,4619.2,4619.2,4619.2,4619.2,4619.2,4619.2,4619.2,4619.2,0.00,4619.2,4619.2,4619.2,0.80,791.2,1031.6,1031.6,4105.6,2406.6,2407.6,4111.6,2406.6,2407.6,769.2,272.4,272.4,10316,2059.2,5128,16532,2060.2,791.2,12820,0x5E2CC60C
748,0,906050,906.050,0,0,OK,4619.2,4619.2,4619.2,4619.2,4619.2,4619.2,4619.2,4619.2,4619.2,0.00,4619.2,4619.2,4619.2,0.80,1031.6,1031.6,1031.6,2171.2,2407.6,2407.6,2407.6,2407.6,2407.6,518.8,512.8,272.4,7812,1798.8,2624,14028,1799.8,1041.6,2644,0xC0C1E383
749,0,907048,907.048,0,0,OK,4626.2,4619.2,4619.2,4619.2,4619.2,4619.2,4619.2,4619.2,4619.2,0.00,4619.2,4619.2,4619.2,231.76,791.2,1031.6,791.2,4105.6,2406.6,4111.6,4110.6,2406.6,4111.6,267.4,522.8,262.4,5308,2049.2,2724,19036,1559.4,1041.6,12860,0x464E0115
750,0,908046,908.046,0,0,OK,4619.2,4619.2,4619.2,4619.2,4619.2,4619.2,4619.2,4619.2,4619.2,0.00,4619.2,4619.2,4619.2,231.76,791.2,791.2,1031.6,4105.6,4110.6,2406.6,4111.6,4110.6,2406.6,278.4,532.8,512.8,10316,1798.8,5228,16632,1559.4,1041.6,23236,0xBC715553
751,0,909044,909.044,0,0,OK,4627.2,4619.2,4619.2,4619.2,4619.2,4619.2,4619.2,4619.2,4619.2,0.00,4619.2,4619.2,4619.2,231.76,1031.6,1031.6,791.2,2171.2,2407.6,4111.6,2406.6,2407.6,4111.6,277.4,262.4,512.8,7712,2059.2,5328,11424,1559.4,791.2,140,0x33C54E78
752,0,910042,910.042,0,0,OK,4626.2,4619.2,4619.2,4619.2,4619.2,4619.2,4619.2,4619.2,4619.2,0.00,4619.2,4619.2,4619.2,231.76,1031.6,1031.6,1031.6,2171.2,2407.6,2407.6,2407.6,2407.6,2407.6,268.4,262.4,512.8,7712,2059.2,2624,21540,1799.8,1282.0,23236,0xA75E975E
753,0,911041,911.041,0,0,OK,4621.2,4619.2,4619.2,4619.2,4619.2,4619.2,4619.2,4619.2,4619.2,0.00,4619.2,4619.2,4619.2,231.76,791.2,791.2,791.2,4105.6,4110.6,4110.6,4110.6,4110.6,4110.6,768.2,522.8,272.4,5308,1558.4,5228,14028,2050.2,1282.0,5148,0xD7B83F8F
754,0,912039,912.039,0,0,OK,4623.2,4619.2,4619.2,4619.2,4619.2,4619.2,4619.2,4619.2,4619.2,0.00,4619.2,4619.2,4619.2,232.76,1031.6,791.2,1031.6,2171.2,4111.6,2406.6,2407.6,4111.6,2406.6,769.2,532.8,512.8,10316,1808.8,5328,19036,1809.8,791.2,15424,0x6F8E992A
755,0,913037,913.037,0,0,OK,4628.2,4619.2,4619.2,4619.2,4619.2,4619.2,4619.2,4619.2,4619.2,0.00,4619.2,4619.2,4619.2,232.76,791.2,1031.6,1031.6,4105.6,2406.6,2407.6,4111.6,2406.6,2407.6,769.2,532.8,532.8,7712,2049.2,5328,14028,1809.8,1041.6,20632,0xBE8E41B8
756,0,914035,914.035,0,0,OK,4624.2,4619.2,4619.2,4619.2,4619.2,4619.2,4619.2,4619.2,4619.2,0.00,4619.2,4619.2,4619.2,0.80,1031.6,791.2,791.2,2171.2,4111.6,4110.6,2406.6,4111.6,4110.6,768.2,512.8,532.8,10316,1558.4,5328,13928,1559.4,791.2,5148,0x60CE17BC
757,0,915034,915.034,0,0,OK,4623.2,4619.2,4619.2,4619.2,4619.2,4619.2,4619.2,4619.2,4619.2,0.00,4619.2,4619.2,4619.2,231.76,1031.6,1031.6,1031.6,2171.2,2407.6,2407.6,2407.6,2407.6,2407.6,528.8,272.4,532.8,7912,1558.4,2724,21540,2060.2,791.2,15424,0x3C46DEB5
758,0,916031,916.031,0,0,OK,4627.2,4619.2,4619.2,4619.2,4619.2,4619.2,4619.2,4619.2,4619.2,0.00,4619.2,4619.2,4619.2,0.80,791.2,791.2,791.2,4105.6,4110.6,4110.6,4110.6,4110.6,4110.6,277.4,532.8,522.8,7812,1808.8,2724,13828,1799.8,1031.6,20532,0xCF221EDC
759,0,917030,917.030,0,0,OK,4622.2,4619.2,4619.2,4619.2,4619.2,4619.2,4619.2,4619.2,4619.2,0.00,4619.2,4619.2,4619.2,232.76,791.2,1031.6,1031.6,4105.6,2406.6,2407.6,4111.6,2406.6,2407.6,268.4,272.4,262.4,7712,2049.2,5128,11424,1809.8,1041.6,20732,0x34F0E853
760,0,918028,918.028,0,0,OK,4624.2,4619.2,4619.2,4619.2,4619.2,4619.2,4619.2,4619.2,4619.2,0.00,4619.2,4619.2,4619.2,231.76,1031.6,1031.6,791.2,2171.2,2407.6,4111.6,2406.6,2407.6,4111.6,277.4,522.8,262.4,10316,2049.2,2624,13928,1559.4,1292.0,5148,0x0D67ABA1
761,0,919026,919.026,0,0,OK,4620.2,4619.2,4619.2,4619.2,4619.2,4619.2,4619.2,4619.2,4619.2,0.00,4619.2,4619.2,4619.2,231.76,1031.6,1031.6,791.2,2171.2,2407.6,4111.6,2406.6,2407.6,4111.6,267.4,262.4,262.4,7912,1558.4,2624,13828,1799.8,1031.6,240,0x18EC3743
762,0,920024,920.024,0,0,OK,4627.2,4619.2,4619.2,4619.2,4619.2,4619.2,4619.2,4619.2,4619.2,0.00,4619.2,4619.2,4619.2,0.80,791.2,791.2,791.2,4105.6,4110.6,4110.6,4110.6,4110.6,4110.6,527.8,522.8,262.4,7712,1558.4,2724,13928,1799.8,1292.0,20632,0xAE12CDD1
763,0,921022,921.022,0,0,OK,4626.2,4619.2,4619.2,4619.2,4619.2,4619.2,4619.2,4619.2,4619.2,0.00,4619.2,4619.2,4619.2,232.76,1031.6,1031.6,791.2,2171.2,2407.6,4111.6,2406.6,2407.6,4111.6,517.8,532.8,272.4,7812,1798.8,5328,19036,1559.4,1031.6,40,0x358708BA
764,0,922020,922.020,0,0,OK,4623.2,4619.2,4619.2,4619.2,4619.2,4619.2,4619.2,4619.2,4619.2,0.00,4619.2,4619.2,4619.2,231.76,1031.6,791.2,1031.6,2171.2,4111.6,2406.6,2407.6,4111.6,2406.6,278.4,262.4,512.8,7912,1558.4,2624,14028,1799.8,1292.0,10456,0x65BB1551
765,0,923018,923.018,0,0,OK,4623.2,4619.2,4619.2,4619.2,4619.2,4619.2,4619.2,4619.2,4619.2,0.00,4619.2,4619.2,4619.2,0.80,791.2,791.2,1031.6,4105.6,4110.6,2406.6,4111.6,4110.6,2406.6,528.8,532.8,512.8,5308,2049.2,5128,11424,2050.2,1031.6,5248,0x8EF7AFF4
766,0,924016,924.016,0,0,OK,4628.2,4619.2,4619.2,4619.2,4619.2,4619.2,4619.2,4619.2,4619.2,0.00,4619.2,4619.2,4619.2,231.76,1031.6,791.2,791.2,2171.2,4111.6,4110.6,2406.6,4111.6,4110.6,527.8,262.4,262.4,5308,1808.8,2724,21540,1809.8,1282.0,5248,0xC5044CB7
767,0,925014,925.014,0,0,OK,4627.2,4619.2,4619.2,4619.2,4619.2,4619.2,4619.2,4619.2,4619.2,0.00,4619.2,4619.2,4619.2,231.76,791.2,791.2,1031.6,4105.6,4110.6,2406.6,4111.6,4110.6,2406.6,268.4,272.4,262.4,7712,2059.2,5228,16432,2050.2,1031.6,5148,0xD9359044
768,0,926012,926.012,0,0,OK,4620.2,4619.2,4619.2,4619.2,4619.2,4619.2,4619.2,4619.2,4619.2,0.00,4619.2,4619.2,4619.2,231.76,791.2,791.2,1031.6,4105.6,4110.6,2406.6,4111.6,4110.6,2406.6,769.2,522.8,272.4,10316,1798.8,2624,13828,2050.2,1282.0,20732,0xE86C4F2A
769,0,927010,927.010,0,0,OK,4627.2,4619.2,4619.2,4619.2,4619.2,4619.2,4619.2,4619.2,4619.2,0.00,4619.2,4619.2,4619.2,231.76,1031.6,791.2,791.2,2171.2,4111.6,4110.6,2406.6,4111.6,4110.6,527.8,522.8,532.8,5308,2049.2,5328,14028,2060.2,1041.6,10416,0xAB8DC2BE
770,0,928008,928.008,0,0,OK,4620.2,4619.2,4619.2,4619.2,4619.2,4619.2,4619.2,4619.2,4619.2,0.00,4619.2,4619.2,4619.2,232.76,791.2,791.2,1031.6,4105.6,4110.6,2406.6,4111.6,4110.6,2406.6,769.2,272.4,532.8,7812,2049.2,5128,16532,2050.2,1041.6,20632,0x25F55DC1
771,0,929007,929.007,0,0,OK,4621.2,4619.2,4619.2,4619.2,4619.2,4619.2,4619.2,4619.2,4619.2,0.00,4619.2,4619.2,4619.2,232.76,1031.6,791.2,791.2,2171.2,4111.6,4110.6,2406.6,4111.6,4110.6,768.2,522.8,522.8,7812,2059.2,5228,13828,1559.4,1041.6,2644,0x2284ACAC
772,0,930005,930.005,0,0,OK,4627.2,4619.2,4619.2,4619.2,4619.2,4619.2,4619.2,4619.2,4619.2,0.00,4619.2,4619.2,4619.2,232.76,1031.6,791.2,1031.6,2171.2,4111.6,2406.6,2407.6,4111.6,2406.6,769.2,262.4,522.8,5308,1798.8,2724,21540,1559.4,1041.6,15424,0xE9F769BA
773,0,931002,931.002,0,0,OK,4619.2,4619.2,4619.2,4619.2,4619.2,4619.2,4619.2,4619.2,4619.2,0.00,4619.2,4619.2,4619.2,231.76,791.2,791.2,1031.6,4105.6,4110.6,2406.6,4111.6,4110.6,2406.6,769.2,512.8,512.8,7912,2049.2,2624,11424,2060.2,1041.6,12820,0x04C47BE4
774,0,932000,932.000,0,0,OK,4628.2,4619.2,4619.2,4619.2,4619.2,4619.2,4619.2,4619.2,4619.2,0.00,4619.2,4619.2,4619.2,231.76,1031.6,791.2,1031.6,2171.2,4111.6,2406.6,2407.6,4111.6,2406.6,268.4,522.8,522.8,7912,1808.8,2724,19036,2060.2,791.2,20732,0x9F24227E
775,0,932998,932.998,0,0,OK,4622.2,4619.2,4619.2,4619.2,4619.2,4619.2,4619.2,4619.2,4619.2,0.00,4619.2,4619.2,4619.2,232.76,1031.6,791.2,1031.6,2171.2,4111.6,2406.6,2407.6,4111.6,2406.6,528.8,522.8,262.4,5308,2059.2,5128,13828,2060.2,1282.0,12920,0x24F2619D
776,0,933996,933.996,0,0,OK,4623.2,4619.2,4619.2,4619.2,4619.2,4619.2,4619.2,4619.2,4619.2,0.00,4619.2,4619.2,4619.2,231.76,791.2,791.2,1031.6,4105.6,4110.6,2406.6,4111.6,4110.6,2406.6,769.2,272.4,522.8,7812,1558.4,2624,21540,1799.8,1282.0,5148,0x74EDE9EF
777,0,934994,934.994,0,0,OK,4626.2,4619.2,4619.2,4619.2,4619.2,4619.2,4619.2,4619.2,4619.2,0.00,4619.2,4619.2,4619.2,232.76,1031.6,1031.6,791.2,2171.2,2407.6,4111.6,2406.6,2407.6,4111.6,527.8,262.4,262.4,7812,1558.4,5228,19036,1809.8,1041.6,10416,0x8DC299E6
778,0,935992,935.992,0,0,OK,4627.2,4619.2,4619.2,4619.2,4619.2,4619.2,4619.2,4619.2,4619.2,0.00,4619.2,4619.2,4619.2,0.80,1031.6,791.2,791.2,2171.2,4111.6,4110.6,2406.6,4111.6,4110.6,277.4,262.4,272.4,7712,2059.2,5328,13928,1799.8,1282.0,23136,0x0F42CE0F
779,0,936990,936.990,0,0,OK,4625.2,4619.2,4619.2,4619.2,4619.2,4619.2,4619.2,4619.2,4619.2,0.00,4619.2,4619.2,4619.2,0.80,1031.6,1031.6,1031.6,2171.2,2407.6,2407.6,2407.6,2407.6,2407.6,268.4,262.4,272.4,5308,1798.8,2624,19136,1559.4,1031.6,140,0x472841AA
780,0,937988,937.988,0,0,OK,4623.2,4619.2,4619.2,4619.2,4619.2,4619.2,4619.2,4619.2,4619.2,0.00,4619.2,4619.2,4619.2,232.76,1031.6,1031.6,791.2,2171.2,2407.6,4111.6,2406.6,2407.6,4111.6,768.2,262.4,522.8,7712,1798.8,2724,19036,1559.4,1031.6,5248,0x27F3A233
781,0,938987,938.987,0,0,OK,4620.2,4619.2,4619.2,4619.2,4619.2,4619.2,4619.2,4619.2,4619.2,0.00,4619.2,4619.2,4619.2,232.76,791.2,1031.6,791.2,4105.6,2406.6,4111.6,4110.6,2406.6,4111.6,768.2,512.8,512.8,7712,2059.2,5328,16532,2060.2,1031.6,7912,0xA7272C3D
782,0,939985,939.985,0,0,OK,4628.2,4619.2,4619.2,4619.2,4619.2,4619.2,4619.2,4619.2,4619.2,0.00,4619.2,4619.2,4619.2,0.80,791.2,791.2,1031.6,4105.6,4110.6,2406.6,4111.6,4110.6,2406.6,528.8,512.8,272.4,10316,1558.4,2724,19036,2060.2,1292.0,10316,0xD05BAB9C
783,0,940983,940.983,0,0,OK,4620.2,4619.2,4619.2,4619.2,4619.2,4619.2,4619.2,4619.2,4619.2,0.00,4619.2,4619.2,4619.2,232.76,1031.6,1031.6,791.2,2171.2,2407.6,4111.6,2406.6,2407.6,4111.6,277.4,262.4,272.4,7712,1798.8,5228,13928,1559.4,1031.6,10456,0x680F406B
784,0,941980,941.980,0,0,OK,4619.2,4619.2,4619.2,4619.2,4619.2,4619.2,4619.2,4619.2,4619.2,0.00,4619.2,4619.2,4619.2,231.76,1031.6,791.2,1031.6,2171.2,4111.6,2406.6,2407.6,4111.6,2406.6,528.8,262.4,532.8,7912,1808.8,5328,11424,1809.8,1041.6,18128,0xE02A73F6
785,0,942978,942.978,0,0,OK,4620.2,4619.2,4619.2,4619.2,4619.2,4619.2,4619.2,4619.2,4619.2,0.00,4619.2,4619.2,4619.2,0.80,791.2,791.2,1031.6,4105.6,4110.6,2406.6,4111.6,4110.6,2406.6,268.4,262.4,272.4,7812,2049.2,2624,13828,2050.2,1041.6,13020,0x515E2140
786,0,943976,943.976,0,0,OK,4624.2,4619.2,4619.2,4619.2,4619.2,4619.2,4619.2,4619.2,4619.2,0.00,4619.2,4619.2,4619.2,231.76,1031.6,791.2,1031.6,2171.2,4111.6,2406.6,2407.6,4111.6,2406.6,528.8,532.8,512.8,7912,1808.8,5228,16432,1559.4,1031.6,5348,0xDCA453EA
787,0,944974,944.974,0,0,OK,4622.2,4619.2,4619.2,4619.2,4619.2,4619.2,4619.2,4619.2,4619.2,0.00,4619.2,4619.2,4619.2,232.76,1031.6,1031.6,1031.6,2171.2,2407.6,2407.6,2407.6,2407.6,2407.6,268.4,532.8,512.8,7912,2049.2,2724,16432,2050.2,1031.6,10416,0x7A2F8673
788,0,945972,945.972,0,0,OK,4621.2,4619.2,4619.2,4619.2,4619.2,4619.2,4619.2,4619.2,4619.2,0.00,4619.2,4619.2,4619.2,232.76,1031.6,1031.6,791.2,2171.2,2407.6,4111.6,2406.6,2407.6,4111.6,267.4,522.8,272.4,7712,1558.4,5128,13928,2060.2,1282.0,5348,0xF38C4A0A
789,0,946969,946.969,0,0,OK,4623.2,4619.2,4619.2,4619.2,4619.2,4619.2,4619.2,4619.2,4619.2,0.00,4619.2,4619.2,4619.2,231.76,1031.6,1031.6,1031.6,2171.2,2407.6,2407.6,2407.6,2407.6,2407.6,528.8,532.8,512.8,7712,2049.2,2624,13928,1559.4,791.2,12860,0xD002BAEB
790,0,947967,947.967,0,0,OK,4620.2,4619.2,4619.2,4619.2,4619.2,4619.2,4619.2,4619.2,4619.2,0.00,4619.2,4619.2,4619.2,232.76,791.2,791.2,791.2,4105.6,4110.6,4110.6,4110.6,4110.6,4110.6,517.8,532.8,532.8,7712,1798.8,5328,21540,2060.2,1292.0,15424,0x40682732
791,0,948965,948.965,0,0,OK,4623.2,4619.2,4619.2,4619.2,4619.2,4619.2,4619.2,4619.2,4619.2,0.00,4619.2,4619.2,4619.2,231.76,791.2,1031.6,791.2,4105.6,2406.6,4111.6,4110.6,2406.6,4111.6,277.4,512.8,272.4,10316,2049.2,2624,16632,1799.8,1282.0,10416,0x2A41F502
792,0,949962,949.962,0,0,OK,4627.2,4619.2,4619.2,4619.2,4619.2,4619.2,4619.2,4619.2,4619.2,0.00,4619.2,4619.2,4619.2,231.76,1031.6,791.2,1031.6,2171.2,4111.6,2406.6,2407.6,4111.6,2406.6,278.4,272.4,512.8,5308,1558.4,5228,14028,2060.2,1031.6,2644,0xE42DFD25
793,0,950960,950.960,0,0,OK,4624.2,4619.2,4619.2,4619.2,4619.2,4619.2,4619.2,4619.2,4619.2,0.00,4619.2,4619.2,4619.2,232.76,791.2,1031.6,791.2,4105.6,2406.6,4111.6,4110.6,2406.6,4111.6,768.2,272.4,522.8,7812,1798.8,5128,16432,1799.8,1292.0,10416,0xDE1E22DF
794,0,951958,951.958,0,0,OK,4626.2,4619.2,4619.2,4619.2,4619.2,4619.2,4619.2,4619.2,4619.2,0.00,4619.2,4619.2,4619.2,0.80,791.2,791.2,791.2,4105.6,4110.6,4110.6,4110.6,4110.6,4110.6,527.8,532.8,532.8,7812,2049.2,5228,16432,1809.8,1031.6,240,0x9CF1F928
795,0,952956,952.956,0,0,OK,4628.2,4619.2,4619.2,4619.2,4619.2,4619.2,4619.2,4619.2,4619.2,0.00,4619.2,4619.2,4619.2,231.76,791.2,791.2,791.2,4105.6,4110.6,4110.6,4110.6,4110.6,4110.6,517.8,272.4,262.4,5308,1808.8,5328,21540,2060.2,1292.0,13020,0x4C5EF7CB
796,0,953954,953.954,0,0,OK,4621.2,4619.2,4619.2,4619.2,4619.2,4619.2,4619.2,4619.2,4619.2,0.00,4619.2,4619.2,4619.2,231.76,1031.6,1031.6,791.2,2171.2,2407.6,4111.6,2406.6,2407.6,4111.6,517.8,532.8,522.8,5308,2059.2,2624,21540,2060.2,1041.6,7852,0x71E55AAA
797,0,954952,954.952,0,0,OK,4620.2,4619.2,4619.2,4619.2,4619.2,4619.2,4619.2,4619.2,4619.2,0.00,4619.2,4619.2,4619.2,231.76,791.2,791.2,791.2,4105.6,4110.6,4110.6,4110.6,4110.6,4110.6,277.4,262.4,532.8,7912,2049.2,5228,21540,2050.2,1041.6,5148,0xEAD92AC6
798,0,955950,955.950,0,0,OK,4619.2,4619.2,4619.2,4619.2,4619.2,4619.2,4619.2,4619.2,4619.2,0.00,4619.2,4619.2,4619.2,0.80,1031.6,791.2,1031.6,2171.2,4111.6,2406.6,2407.6,4111.6,2406.6,518.8,262.4,272.4,5308,1558.4,2624,16632,1809.8,1282.0,2644,0x3F479CA1
799,0,956948,956.948,0,0,OK,4623.2,4619.2,4619.2,4619.2,4619.2,4619.2,4619.2,4619.2,4619.2,0.00,4619.2,4619.2,4619.2,0.80,791.2,791.2,791.2,4105.6,4110.6,4110.6,4110.6,4110.6,4110.6,277.4,522.8,532.8,7712,2059.2,5128,11424,2050.2,1292.0,23236,0x4A190ACE
800,0,957945,957.945,0,0,OK,4622.2,4619.2,4619.2,4619.2,4619.2,4619.2,4619.2,4619.2,4619.2,0.00,4619.2,4619.2,4619.2,232.76,1031.6,791.2,791.2,2171.2,4111.6,4110.6,2406.6,4111.6,4110.6,517.8,512.8,522.8,5308,1558.4,2724,14028,2060.2,1292.0,10456,0xF64C7687
801,0,958943,958.943,0,0,OK,4623.2,4619.2,4619.2,4619.2,4619.2,4619.2,4619.2,4619.2,4619.2,0.00,4619.2,4619.2,4619.2,0.80,791.2,1031.6,791.2,4105.6,2406.6,4111.6,4110.6,2406.6,4111.6,267.4,512.8,512.8,10316,1558.4,2624,13828,1809.8,1031.6,7752,0x56499038
802,0,959941,959.941,0,0,OK,4627.2,4619.2,4619.2,4619.2,4619.2,4619.2,4619.2,4619.2,4619.2,0.00,4619.2,4619.2,4619.2,0.80,1031.6,791.2,791.2,2171.2,4111.6,4110.6,2406.6,4111.6,4110.6,527.8,512.8,522.8,7912,2059.2,2624,19036,1799.8,791.2,17928,0x49C17247
803,0,960939,960.939,0,0,OK,4621.2,4619.2,4619.2,4619.2,4619.2,4619.2,4619.2,4619.2,4619.2,0.00,4619.2,4619.2,4619.2,232.76,1031.6,1031.6,791.2,2171.2,2407.6,4111.6,2406.6,2407.6,4111.6,527.8,512.8,532.8,7812,2059.2,2724,16632,1809.8,1292.0,7912,0x942A2172
804,0,961937,961.937,0,0,OK,4622.2,4619.2,4619.2,4619.2,4619.2,4619.2,4619.2,4619.2,4619.2,0.00,4619.2,4619.2,4619.2,0.80,791.2,1031.6,791.2,4105.6,2406.6,4111.6,4110.6,2406.6,4111.6,517.8,522.8,272.4,7812,1808.8,5228,16632,1559.4,1282.0,15524,0xFB91D544
805,0,962935,962.935,0,0,OK,4625.2,4619.2,4619.2,4619.2,4619.2,4619.2,4619.2,4619.2,4619.2,0.00,4619.2,4619.2,4619.2,0.80,791.2,791.2,791.2,4105.6,4110.6,4110.6,4110.6,4110.6,4110.6,267.4,272.4,522.8,10316,2059.2,2624,16632,1809.8,791.2,5248,0xDEAB9801
806,0,963933,963.933,0,0,OK,4623.2,4619.2,4619.2,4619.2,4619.2,4619.2,4619.2,4619.2,4619.2,0.00,4619.2,4619.2,4619.2,0.80,1031.6,791.2,1031.6,2171.2,4111.6,2406.6,2407.6,4111.6,2406.6,528.8,262.4,512.8,7912,1558.4,5328,19036,1809.8,1282.0,23236,0xF8295941
807,0,964931,964.931,0,0,OK,4619.2,4619.2,4619.2,4619.2,4619.2,4619.2,4619.2,4619.2,4619.2,0.00,4619.2,4619.2,4619.2,231.76,791.2,1031.6,791.2,4105.6,2406.6,4111.6,4110.6,2406.6,4111.6,267.4,512.8,262.4,7912,1808.8,5128,14028,1799.8,1041.6,140,0xBF464259
808,0,965929,965.929,0,0,OK,4624.2,4619.2,4619.2,4619.2,4619.2,4619.2,4619.2,4619.2,4619.2,0.00,4619.2,4619.2,4619.2,231.76,791.2,791.2,791.2,4105.6,4110.6,4110.6,4110.6,4110.6,4110.6,267.4,522.8,532.8,7712,1798.8,5328,19036,1809.8,791.2,15424,0x158E137B
809,0,966927,966.927,0,0,OK,4621.2,4619.2,4619.2,4619.2,4619.2,4619.2,4619.2,4619.2,4619.2,0.00,4619.2,4619.2,4619.2,231.76,1031.6,1031.6,791.2,2171.2,2407.6,4111.6,2406.6,2407.6,4111.6,517.8,532.8,532.8,5308,1808.8,5128,16432,1809.8,791.2,23136,0xCF64680B
810,0,967925,967.925,0,0,OK,4620.2,4619.2,4619.2,4619.2,4619.2,4619.2,4619.2,4619.2,4619.2,0.00,4619.2,4619.2,4619.2,231.76,791.2,791.2,791.2,4105.6,4110.6,4110.6,4110.6,4110.6,4110.6,277.4,522.8,262.4,7812,1798.8,2724,14028,2050.2,1031.6,7752,0x8918633A
811,0,968923,968.923,0,0,OK,4624.2,4619.2,4619.2,4619.2,4619.2,4619.2,4619.2,4619.2,4619.2,0.00,4619.2,4619.2,4619.2,231.76,791.2,791.2,1031.6,4105.6,4110.6,2406.6,4111.6,4110.6,2406.6,528.8,532.8,532.8,7712,2049.2,2624,19036,2060.2,1041.6,20732,0x5320E209
812,0,969920,969.920,0,0,OK,4622.2,4619.2,4619.2,4619.2,4619.2,4619.2,4619.2,4619.2,4619.2,0.00,4619.2,4619.2,4619.2,0.80,791.2,1031.6,1031.6,4105.6,2406.6,2407.6,4111.6,2406.6,2407.6,528.8,532.8,532.8,7912,2049.2,2724,21540,1799.8,1292.0,23136,0xC85AF3AC
813,0,970918,970.918,0,0,OK,4621.2,4619.2,4619.2,4619.2,4619.2,4619.2,4619.2,4619.2,4619.2,0.00,4619.2,4619.2,4619.2,232.76,1031.6,1031.6,791.2,2171.2,2407.6,4111.6,2406.6,2407.6,4111.6,267.4,262.4,532.8,10316,1808.8,5328,21540,2060.2,1282.0,18028,0x35B412B8
814,0,971916,971.916,0,0,OK,4625.2,4619.2,4619.2,4619.2,4619.2,4619.2,4619.2,4619.2,4619.2,0.00,4619.2,4619.2,4619.2,0.80,1031.6,791.2,791.2,2171.2,4111.6,4110.6,2406.6,4111.6,4110.6,517.8,262.4,532.8,7712,1798.8,2624,21540,1809.8,1041.6,7912,0x80D72755
815,0,972914,972.914,0,0,OK,4628.2,4619.2,4619.2,4619.2,4619.2,4619.2,4619.2,4619.2,4619.2,0.00,4619.2,4619.2,4619.2,0.80,1031.6,1031.6,791.2,2171.2,2407.6,4111.6,2406.6,2407.6,4111.6,517.8,262.4,522.8,7812,1808.8,5328,11424,1809.8,1292.0,10316,0x4D58C5F8
816,0,973912,973.912,0,0,OK,4627.2,4619.2,4619.2,4619.2,4619.2,4619.2,4619.2,4619.2,4619.2,0.00,4619.2,4619.2,4619.2,0.80,1031.6,1031.6,791.2,2171.2,2407.6,4111.6,2406.6,2407.6,4111.6,267.4,532.8,512.8,7912,2059.2,5128,19136,2050.2,1031.6,20732,0x9FDAD6CC
817,0,974910,974.910,0,0,OK,4621.2,4619.2,4619.2,4619.2,4619.2,4619.2,4619.2,4619.2,4619.2,0.00,4619.2,4619.2,4619.2,231.76,1031.6,1031.6,1031.6,2171.2,2407.6,2407.6,2407.6,2407.6,2407.6,278.4,262.4,522.8,7912,1798.8,5328,16632,1559.4,1031.6,7912,0xEE2B1D10
818,0,975907,975.907,0,0,OK,4620.2,4619.2,4619.2,4619.2,4619.2,4619.2,4619.2,4619.2,4619.2,0.00,4619.2,4619.2,4619.2,0.80,791.2,1031.6,791.2,4105.6,2406.6,4111.6,4110.6,2406.6,4111.6,277.4,532.8,262.4,7912,1558.4,2724,16632,1809.8,1292.0,20532,0xB0D87DF5
819,0,976905,976.905,0,0,OK,4621.2,4619.2,4619.2,4619.2,4619.2,4619.2,4619.2,4619.2,4619.2,0.00,4619.2,4619.2,4619.2,231.76,1031.6,791.2,1031.6,2171.2,4111.6,2406.6,2407.6,4111.6,2406.6,769.2,512.8,272.4,7812,1808.8,5328,19036,1559.4,1282.0,7852,0xC462C770
820,0,977903,977.903,0,0,OK,4627.2,4619.2,4619.2,4619.2,4619.2,4619.2,4619.2,4619.2,4619.2,0.00,4619.2,4619.2,4619.2,232.76,791.2,791.2,791.2,4105.6,4110.6,4110.6,4110.6,4110.6,4110.6,267.4,262.4,522.8,7912,1798.8,2724,13828,1559.4,1282.0,20632,0x3E6EA225
821,0,978900,978.900,0,0,OK,4627.2,4619.2,4619.2,4619.2,4619.2,4619.2,4619.2,4619.2,4619.2,0.00,4619.2,4619.2,4619.2,232.76,1031.6,791.2,791.2,2171.2,4111.6,4110.6,2406.6,4111.6,4110.6,768.2,272.4,262.4,10316,1808.8,5228,14028,2050.2,1282.0,10316,0x06F16829
822,0,979899,979.899,0,0,OK,4626.2,4619.2,4619.2,4619.2,4619.2,4619.2,4619.2,4619.2,4619.2,0.00,4619.2,4619.2,4619.2,0.80,1031.6,791.2,791.2,2171.2,4111.6,4110.6,2406.6,4111.6,4110.6,267.4,272.4,522.8,7912,1798.8,5228,16432,1559.4,1031.6,23136,0xA5C1B5A3
823,0,980897,980.897,0,0,OK,4620.2,4619.2,4619.2,4619.2,4619.2,4619.2,4619.2,4619.2,4619.2,0.00,4619.2,4619.2,4619.2,0.80,1031.6,791.2,1031.6,2171.2,4111.6,2406.6,2407.6,4111.6,2406.6,268.4,272.4,532.8,7912,1798.8,5328,16532,1809.8,1292.0,18128,0x9EC73ED6
824,0,981895,981.895,0,0,OK,4620.2,4619.2,4619.2,4619.2,4619.2,4619.2,4619.2,4619.2,4619.2,0.00,4619.2,4619.2,4619.2,231.76,791.2,1031.6,1031.6,4105.6,2406.6,2407.6,4111.6,2406.6,2407.6,769.2,272.4,512.8,10316,1558.4,2624,19036,2050.2,1031.6,15524,0xE51248BE
825,0,982893,982.893,0,0,OK,4620.2,4619.2,4619.2,4619.2,4619.2,4619.2,4619.2,4619.2,4619.2,0.00,4619.2,4619.2,4619.2,231.76,1031.6,791.2,1031.6,2171.2,4111.6,2406.6,2407.6,4111.6,2406.6,769.2,532.8,512.8,7712,2059.2,5328,16432,1799.8,1282.0,7752,0xC1EEBBC9
826,0,983892,983.892,0,0,OK,4628.2,4619.2,4619.2,4619.2,4619.2,4619.2,4619.2,4619.2,4619.2,0.00,4619.2,4619.2,4619.2,231.76,791.2,791.2,791.2,4105.6,4110.6,4110.6,4110.6,4110.6,4110.6,277.4,522.8,272.4,7712,2049.2,5128,11424,1799.8,1292.0,10356,0xDFF2B5C6
827,0,984890,984.890,0,0,OK,4623.2,4619.2,4619.2,4619.2,4619.2,4619.2,4619.2,4619.2,4619.2,0.00,4619.2,4619.2,4619.2,0.80,1031.6,791.2,1031.6,2171.2,4111.6,2406.6,2407.6,4111.6,2406.6,528.8,272.4,262.4,7912,2059.2,2724,19136,1559.4,1282.0,18028,0xBAA3CD1F
828,0,985888,985.888,0,0,OK,4623.2,4619.2,4619.2,4619.2,4619.2,4619.2,4619.2,4619.2,4619.2,0.00,4619.2,4619.2,4619.2,232.76,791.2,791.2,791.2,4105.6,4110.6,4110.6,4110.6,4110.6,4110.6,267.4,532.8,512.8,7912,2059.2,2624,16532,1799.8,791.2,17928,0x298374DD
829,0,986886,986.886,0,0,OK,4619.2,4619.2,4619.2,4619.2,4619.2,4619.2,4619.2,4619.2,4619.2,0.00,4619.2,4619.2,4619.2,231.76,791.2,791.2,1031.6,4105.6,4110.6,2406.6,4111.6,4110.6,2406.6,278.4,522.8,262.4,7812,1798.8,5228,19036,2050.2,1031.6,5148,0x7FA58B21
830,0,987884,987.884,0,0,OK,4625.2,4619.2,4619.2,4619.2,4619.2,4619.2,4619.2,4619.2,4619.2,0.00,4619.2,4619.2,4619.2,0.80,1031.6,1031.6,1031.6,2171.2,2407.6,2407.6,2407.6,2407.6,2407.6,769.2,262.4,532.8,5308,2059.2,5128,13928,1559.4,1282.0,12820,0x54A29F85
831,0,988882,988.882,0,0,OK,4626.2,4619.2,4619.2,4619.2,4619.2,4619.2,4619.2,4619.2,4619.2,0.00,4619.2,4619.2,4619.2,0.80,791.2,791.2,1031.6,4105.6,4110.6,2406.6,4111.6,4110.6,2406.6,769.2,522.8,532.8,7912,1798.8,5128,16632,1809.8,791.2,12860,0x87DFED71
832,0,989881,989.881,0,0,OK,4628.2,4619.2,4619.2,4619.2,4619.2,4619.2,4619.2,4619.2,4619.2,0.00,4619.2,4619.2,4619.2,231.76,1031.6,791.2,1031.6,2171.2,4111.6,2406.6,2407.6,4111.6,2406.6,268.4,272.4,512.8,5308,1808.8,5128,11424,2050.2,1041.6,12920,0x1990BFCB
833,0,990879,990.879,0,0,OK,4621.2,4619.2,4619.2,4619.2,4619.2,4619.2,4619.2,4619.2,4619.2,0.00,4619.2,4619.2,4619.2,232.76,1031.6,791.2,791.2,2171.2,4111.6,4110.6,2406.6,4111.6,4110.6,267.4,532.8,262.4,10316,2049.2,2724,11424,2050.2,791.2,10456,0x0800FB50
834,0,991877,991.877,0,0,OK,4626.2,4619.2,4619.2,4619.2,4619.2,4619.2,4619.2,4619.2,4619.2,0.00,4619.2,4619.2,4619.2,231.76,1031.6,791.2,791.2,2171.2,4111.6,4110.6,2406.6,4111.6,4110.6,267.4,512.8,522.8,7712,1798.8,2624,16532,1809.8,791.2,20532,0x2576A6CF
835,0,992875,992.875,0,0,OK,4624.2,4619.2,4619.2,4619.2,4619.2,4619.2,4619.2,4619.2,4619.2,0.00,4619.2,4619.2,4619.2,231.76,1031.6,1031.6,1031.6,2171.2,2407.6,2407.6,2407.6,2407.6,2407.6,278.4,532.8,522.8,7912,2059.2,5228,13928,1799.8,1031.6,7852,0x1C8FBEBE
836,0,993874,993.874,0,0,OK,4626.2,4619.2,4619.2,4619.2,4619.2,4619.2,4619.2,4619.2,4619.2,0.00,4619.2,4619.2,4619.2,0.80,791.2,791.2,791.2,4105.6,4110.6,4110.6,4110.6,4110.6,4110.6,768.2,262.4,532.8,7812,1558.4,2724,16632,1559.4,1282.0,18128,0x98AC9D76
837,0,994872,994.872,0,0,OK,4622.2,4619.2,4619.2,4619.2,4619.2,4619.2,4619.2,4619.2,4619.2,0.00,4619.2,4619.2,4619.2,231.76,791.2,791.2,791.2,4105.6,4110.6,4110.6,4110.6,4110.6,4110.6,267.4,532.8,522.8,7712,2059.2,2624,13828,1559.4,1282.0,10456,0xDF9ABB38
838,0,995871,995.871,0,0,OK,4624.2,4619.2,4619.2,4619.2,4619.2,4619.2,4619.2,4619.2,4619.2,0.00,4619.2,4619.2,4619.2,0.80,1031.6,791.2,791.2,2171.2,4111.6,4110.6,2406.6,4111.6,4110.6,267.4,272.4,532.8,7812,2049.2,5328,16532,1809.8,1041.6,2644,0x35EA929C
839,0,996869,996.869,0,0,OK,4625.2,4619.2,4619.2,4619.2,4619.2,4619.2,4619.2,4619.2,4619.2,0.00,4619.2,4619.2,4619.2,231.76,791.2,791.2,1031.6,4105.6,4110.6,2406.6,4111.6,4110.6,2406.6,528.8,512.8,512.8,7912,1798.8,2624,14028,1559.4,791.2,5248,0xCC6EF005
840,0,997867,997.867,0,0,OK,4622.2,4619.2,4619.2,4619.2,4619.2,4619.2,4619.2,4619.2,4619.2,0.00,4619.2,4619.2,4619.2,231.76,1031.6,791.2,791.2,2171.2,4111.6,4110.6,2406.6,4111.6,4110.6,768.2,522.8,262.4,7712,1808.8,5128,19036,1799.8,1041.6,40,0x613A2DD1
841,0,998866,998.866,0,0,OK,4621.2,4619.2,4619.2,4619.2,4619.2,4619.2,4619.2,4619.2,4619.2,0.00,4619.2,4619.2,4619.2,0.80,1031.6,791.2,791.2,2171.2,4111.6,4110.6,2406.6,4111.6,4110.6,277.4,262.4,262.4,7912,1798.8,2624,19036,1559.4,1031.6,40,0x3D7A63C1
842,0,999864,999.864,0,0,OK,4622.2,4619.2,4619.2,4619.2,4619.2,4619.2,4619.2,4619.2,4619.2,0.00,4619.2,4619.2,4619.2,0.80,1031.6,1031.6,791.2,2171.2,2407.6,4111.6,2406.6,2407.6,4111.6,277.4,532.8,262.4,7712,2059.2,2724,21540,1559.4,791.2,7912,0xA1270891
843,0,1000863,1000.863,0,0,OK,4625.2,4619.2,4619.2,4619.2,4619.2,4619.2,4619.2,4619.2,4619.2,0.00,4619.2,4619.2,4619.2,0.80,1031.6,791.2,1031.6,2171.2,4111.6,2406.6,2407.6,4111.6,2406.6,769.2,522.8,272.4,7912,1808.8,2624,13928,1559.4,791.2,18128,0xEB06F798
844,0,1001861,1001.861,0,0,OK,4620.2,4619.2,4619.2,4619.2,4619.2,4619.2,4619.2,4619.2,4619.2,0.00,4619.2,4619.2,4619.2,232.76,791.2,791.2,1031.6,4105.6,4110.6,2406.6,4111.6,4110.6,2406.6,528.8,262.4,532.8,5308,1808.8,2724,16432,1559.4,791.2,5148,0x7D99461A
845,0,1002859,1002.859,0,0,OK,4621.2,4619.2,4619.2,4619.2,4619.2,4619.2,4619.2,4619.2,4619.2,0.00,4619.2,4619.2,4619.2,0.80,791.2,791.2,1031.6,4105.6,4110.6,2406.6,4111.6,4110.6,2406.6,518.8,262.4,522.8,5308,2049.2,5228,16532,2060.2,791.2,20532,0x4010C554
846,0,1003857,1003.857,32876,7388,INFO:rectifier_on|INFO:inverter_on|INFO:pwr_via_bypass|WARN:sync_mismatch|ERR:low_bat_charge|ERR:bat_not_conn|ERR:inv_fault|ERR:high_out_vol|ERR:fan_fault|ERR:inv_overheat,4621.2,4619.2,4619.2,4619.2,4619.2,4619.2,4619.2,4619.2,4619.2,0.00,4619.2,4619.2,4619.2,232.76,1031.6,1031.6,1031.6,2171.2,2407.6,2407.6,2407.6,2407.6,2407.6,518.8,532.8,262.4,10316,1808.8,5328,14028,1809.8,1292.0,40,0xC9379B49
