frame_idx,pkt_counter,system_time_ms,system_time_s,status_raw,alarms_raw,flags,v_in_AB_V,v_in_BC_V,v_in_CA_V,v_bypass_A_V,v_bypass_B_V,v_bypass_C_V,i_in_A_A,i_in_B_A,i_in_C_A,freq_in_Hz,v_out_A_V,v_out_B_V,v_out_C_V,freq_out_Hz,i_out_A_A,i_out_B_A,i_out_C_A,p_active_A_kW,p_active_B_kW,p_active_C_kW,p_apparent_A_kVA,p_apparent_B_kVA,p_apparent_C_kVA,load_pct_A,load_pct_B,load_pct_C,event_count,bat_voltage_V,bat_capacity_Ah,bat_groups_count,dc_bus_voltage_V,bat_current_A,backup_time_min,crc32
1,0,402971,402.971,0,0,OK,4621.2,4619.2,4619.2,4619.2,4619.2,4619.2,4619.2,4619.2,4619.2,0.00,4619.2,4619.2,4619.2,0.80,1031.6,1031.6,791.2,2171.2,2407.6,4111.6,2406.6,2407.6,4111.6,277.4,512.8,262.4,10316,1808.8,5128,14028,1799.8,1031.6,18028,0x525C1DC6
2,0,403073,403.073,0,0,OK,4622.2,4619.2,4619.2,4619.2,4619.2,4619.2,4619.2,4619.2,4619.2,0.00,4619.2,4619.2,4619.2,231.76,1031.6,791.2,1031.6,2171.2,4111.6,2406.6,2407.6,4111.6,2406.6,528.8,522.8,512.8,7812,1558.4,2624,19136,1559.4,1282.0,23236,0xB5F9DDB9
3,0,403174,403.174,0,0,OK,4619.2,4619.2,4619.2,4619.2,4619.2,4619.2,4619.2,4619.2,4619.2,0.00,4619.2,4619.2,4619.2,0.80,1031.6,1031.6,791.2,2171.2,2407.6,4111.6,2406.6,2407.6,4111.6,527.8,522.8,522.8,5308,2059.2,5328,16632,2060.2,791.2,10316,0xB035DCBC
4,0,403276,403.276,0,0,OK,4624.2,4619.2,4619.2,4619.2,4619.2,4619.2,4619.2,4619.2,4619.2,0.00,4619.2,4619.2,4619.2,231.76,791.2,791.2,791.2,4105.6,4110.6,4110.6,4110.6,4110.6,4110.6,527.8,272.4,262.4,7912,1558.4,5228,21540,2060.2,1282.0,20532,0xE9A042BE
5,0,403378,403.378,0,0,OK,4626.2,4619.2,4619.2,4619.2,4619.2,4619.2,4619.2,4619.2,4619.2,0.00,4619.2,4619.2,4619.2,0.80,1031.6,1031.6,791.2,2171.2,2407.6,4111.6,2406.6,2407.6,4111.6,517.8,522.8,262.4,10316,1798.8,5328,16632,2050.2,1031.6,240,0x3185443B
6,0,403479,403.479,0,0,OK,4622.2,4619.2,4619.2,4619.2,4619.2,4619.2,4619.2,4619.2,4619.2,0.00,4619.2,4619.2,4619.2,0.80,791.2,1031.6,1031.6,4105.6,2406.6,2407.6,4111.6,2406.6,2407.6,518.8,532.8,522.8,10316,1808.8,2724,16532,1809.8,1031.6,2644,0x0144F2DE
7,0,403581,403.581,0,0,OK,4627.2,4619.2,4619.2,4619.2,4619.2,4619.2,4619.2,4619.2,4619.2,0.00,4619.2,4619.2,4619.2,232.76,791.2,791.2,791.2,4105.6,4110.6,4110.6,4110.6,4110.6,4110.6,277.4,512.8,512.8,7912,1798.8,2624,11424,1809.8,1292.0,20732,0xE72934CD
8,0,403682,403.682,0,0,OK,4624.2,4619.2,4619.2,4619.2,4619.2,4619.2,4619.2,4619.2,4619.2,0.00,4619.2,4619.2,4619.2,231.76,1031.6,791.2,1031.6,2171.2,4111.6,2406.6,2407.6,4111.6,2406.6,278.4,512.8,522.8,7712,2059.2,5228,16532,2060.2,1282.0,20632,0x5C2C3179
9,0,403784,403.784,0,0,OK,4626.2,4619.2,4619.2,4619.2,4619.2,4619.2,4619.2,4619.2,4619.2,0.00,4619.2,4619.2,4619.2,0.80,1031.6,791.2,1031.6,2171.2,4111.6,2406.6,2407.6,4111.6,2406.6,518.8,532.8,262.4,7712,1558.4,5128,19136,2050.2,791.2,12820,0x1C6980A0
10,0,403886,403.886,0,0,OK,4626.2,4619.2,4619.2,4619.2,4619.2,4619.2,4619.2,4619.2,4619.2,0.00,4619.2,4619.2,4619.2,232.76,1031.6,791.2,1031.6,2171.2,4111.6,2406.6,2407.6,4111.6,2406.6,278.4,512.8,262.4,10316,2059.2,5328,13928,1809.8,1031.6,2744,0xDA20E9A8
11,0,403987,403.987,0,0,OK,4626.2,4619.2,4619.2,4619.2,4619.2,4619.2,4619.2,4619.2,4619.2,0.00,4619.2,4619.2,4619.2,232.76,1031.6,791.2,1031.6,2171.2,4111.6,2406.6,2407.6,4111.6,2406.6,528.8,522.8,532.8,7912,1808.8,2624,21540,1559.4,1031.6,40,0xE3D9144B
12,0,404089,404.089,0,0,OK,4622.2,4619.2,4619.2,4619.2,4619.2,4619.2,4619.2,4619.2,4619.2,0.00,4619.2,4619.2,4619.2,232.76,1031.6,1031.6,1031.6,2171.2,2407.6,2407.6,2407.6,2407.6,2407.6,268.4,532.8,262.4,7912,2059.2,5128,16632,2060.2,1292.0,12860,0xAAAC23FB
13,0,404191,404.191,0,0,OK,4626.2,4619.2,4619.2,4619.2,4619.2,4619.2,4619.2,4619.2,4619.2,0.00,4619.2,4619.2,4619.2,0.80,791.2,791.2,1031.6,4105.6,4110.6,2406.6,4111.6,4110.6,2406.6,268.4,272.4,272.4,7812,1808.8,2724,14028,1559.4,1282.0,5348,0xC2E994C1
14,0,404292,404.292,0,0,OK,4622.2,4619.2,4619.2,4619.2,4619.2,4619.2,4619.2,4619.2,4619.2,0.00,4619.2,4619.2,4619.2,231.76,1031.6,791.2,791.2,2171.2,4111.6,4110.6,2406.6,4111.6,4110.6,527.8,512.8,522.8,7712,1558.4,5128,21540,2060.2,1292.0,5248,0x7DF0531B
15,0,404394,404.394,0,0,OK,4624.2,4619.2,4619.2,4619.2,4619.2,4619.2,4619.2,4619.2,4619.2,0.00,4619.2,4619.2,4619.2,0.80,791.2,791.2,791.2,4105.6,4110.6,4110.6,4110.6,4110.6,4110.6,517.8,262.4,532.8,7812,2059.2,2724,16532,2050.2,1292.0,7852,0x233E0A6B
16,0,404495,404.495,0,0,OK,4626.2,4619.2,4619.2,4619.2,4619.2,4619.2,4619.2,4619.2,4619.2,0.00,4619.2,4619.2,4619.2,0.80,1031.6,1031.6,1031.6,2171.2,2407.6,2407.6,2407.6,2407.6,2407.6,528.8,272.4,272.4,7712,2059.2,5328,16632,2050.2,1041.6,20732,0xC30C2A1D
17,0,404597,404.597,0,0,OK,4626.2,4619.2,4619.2,4619.2,4619.2,4619.2,4619.2,4619.2,4619.2,0.00,4619.2,4619.2,4619.2,232.76,791.2,1031.6,1031.6,4105.6,2406.6,2407.6,4111.6,2406.6,2407.6,278.4,262.4,262.4,7812,1808.8,5228,19136,2050.2,1041.6,10456,0x8A702415
18,0,404699,404.699,0,0,OK,4626.2,4619.2,4619.2,4619.2,4619.2,4619.2,4619.2,4619.2,4619.2,0.00,4619.2,4619.2,4619.2,231.76,791.2,1031.6,791.2,4105.6,2406.6,4111.6,4110.6,2406.6,4111.6,527.8,522.8,532.8,10316,1558.4,2724,19136,1809.8,1031.6,10316,0x938A4D3F
19,0,404800,404.800,0,0,OK,4622.2,4619.2,4619.2,4619.2,4619.2,4619.2,4619.2,4619.2,4619.2,0.00,4619.2,4619.2,4619.2,231.76,1031.6,791.2,1031.6,2171.2,4111.6,2406.6,2407.6,4111.6,2406.6,278.4,272.4,532.8,7712,1798.8,5328,13828,1559.4,1292.0,7912,0x51ABBC6D
20,0,404902,404.902,0,0,OK,4628.2,4619.2,4619.2,4619.2,4619.2,4619.2,4619.2,4619.2,4619.2,0.00,4619.2,4619.2,4619.2,232.76,791.2,791.2,791.2,4105.6,4110.6,4110.6,4110.6,4110.6,4110.6,527.8,262.4,512.8,10316,2049.2,5328,13928,1559.4,1041.6,20532,0x3F0A4CD7
21,0,405004,405.004,0,0,OK,4628.2,4619.2,4619.2,4619.2,4619.2,4619.2,4619.2,4619.2,4619.2,0.00,4619.2,4619.2,4619.2,231.76,791.2,1031.6,1031.6,4105.6,2406.6,2407.6,4111.6,2406.6,2407.6,268.4,512.8,522.8,7812,2059.2,5328,21540,1799.8,791.2,15524,0x6AEAF697
22,0,405105,405.105,0,0,OK,4624.2,4619.2,4619.2,4619.2,4619.2,4619.2,4619.2,4619.2,4619.2,0.00,4619.2,4619.2,4619.2,231.76,791.2,791.2,791.2,4105.6,4110.6,4110.6,4110.6,4110.6,4110.6,768.2,512.8,532.8,5308,2049.2,2624,13928,2060.2,1041.6,17928,0x72906197
23,0,405207,405.207,0,0,OK,4620.2,4619.2,4619.2,4619.2,4619.2,4619.2,4619.2,4619.2,4619.2,0.00,4619.2,4619.2,4619.2,232.76,791.2,791.2,1031.6,4105.6,4110.6,2406.6,4111.6,4110.6,2406.6,769.2,522.8,272.4,7712,1798.8,5128,14028,1559.4,791.2,140,0xA995DD46
24,0,405308,405.308,0,0,OK,4628.2,4619.2,4619.2,4619.2,4619.2,4619.2,4619.2,4619.2,4619.2,0.00,4619.2,4619.2,4619.2,232.76,791.2,1031.6,1031.6,4105.6,2406.6,2407.6,4111.6,2406.6,2407.6,268.4,512.8,272.4,10316,1798.8,2724,16632,1809.8,791.2,12860,0x27BB1028
25,0,405410,405.410,0,0,OK,4622.2,4619.2,4619.2,4619.2,4619.2,4619.2,4619.2,4619.2,4619.2,0.00,4619.2,4619.2,4619.2,0.80,1031.6,1031.6,1031.6,2171.2,2407.6,2407.6,2407.6,2407.6,2407.6,278.4,512.8,532.8,7712,1798.8,5328,16632,1809.8,1292.0,40,0x0BDAE2F9
26,0,405512,405.512,0,0,OK,4622.2,4619.2,4619.2,4619.2,4619.2,4619.2,4619.2,4619.2,4619.2,0.00,4619.2,4619.2,4619.2,231.76,791.2,791.2,1031.6,4105.6,4110.6,2406.6,4111.6,4110.6,2406.6,518.8,272.4,522.8,7712,2059.2,5328,16432,2050.2,1031.6,10456,0xB48C2710
27,0,405613,405.613,0,0,OK,4626.2,4619.2,4619.2,4619.2,4619.2,4619.2,4619.2,4619.2,4619.2,0.00,4619.2,4619.2,4619.2,0.80,791.2,1031.6,791.2,4105.6,2406.6,4111.6,4110.6,2406.6,4111.6,527.8,272.4,532.8,7712,1808.8,5128,19136,1559.4,1041.6,5248,0xB5E46B3C
28,0,405715,405.715,0,0,OK,4622.2,4619.2,4619.2,4619.2,4619.2,4619.2,4619.2,4619.2,4619.2,0.00,4619.2,4619.2,4619.2,232.76,1031.6,1031.6,791.2,2171.2,2407.6,4111.6,2406.6,2407.6,4111.6,527.8,272.4,522.8,7912,2049.2,5128,16532,1799.8,1292.0,5148,0xB35E2404
29,0,405816,405.816,0,0,OK,4619.2,4619.2,4619.2,4619.2,4619.2,4619.2,4619.2,4619.2,4619.2,0.00,4619.2,4619.2,4619.2,231.76,1031.6,791.2,1031.6,2171.2,4111.6,2406.6,2407.6,4111.6,2406.6,518.8,272.4,512.8,5308,1798.8,5228,16532,1799.8,1031.6,10256,0x8D7A2A20
30,0,405918,405.918,0,0,OK,4628.2,4619.2,4619.2,4619.2,4619.2,4619.2,4619.2,4619.2,4619.2,0.00,4619.2,4619.2,4619.2,232.76,791.2,1031.6,791.2,4105.6,2406.6,4111.6,4110.6,2406.6,4111.6,517.8,262.4,532.8,7712,2059.2,5328,14028,1799.8,1282.0,10456,0x59B9F21E
31,0,406020,406.020,0,0,OK,4619.2,4619.2,4619.2,4619.2,4619.2,4619.2,4619.2,4619.2,4619.2,0.00,4619.2,4619.2,4619.2,232.76,1031.6,1031.6,1031.6,2171.2,2407.6,2407.6,2407.6,2407.6,2407.6,518.8,532.8,532.8,5308,2059.2,5328,13928,2060.2,1031.6,15524,0x8F8F575B
32,0,406121,406.121,0,0,OK,4619.2,4619.2,4619.2,4619.2,4619.2,4619.2,4619.2,4619.2,4619.2,0.00,4619.2,4619.2,4619.2,231.76,791.2,791.2,1031.6,4105.6,4110.6,2406.6,4111.6,4110.6,2406.6,769.2,522.8,532.8,7712,2059.2,5128,13828,1559.4,1292.0,2744,0x1259C747
33,0,406223,406.223,0,0,OK,4622.2,4619.2,4619.2,4619.2,4619.2,4619.2,4619.2,4619.2,4619.2,0.00,4619.2,4619.2,4619.2,232.76,1031.6,1031.6,791.2,2171.2,2407.6,4111.6,2406.6,2407.6,4111.6,527.8,512.8,262.4,7912,2059.2,5228,16432,1809.8,1282.0,23136,0xC5F60766
34,0,406325,406.325,0,0,OK,4620.2,4619.2,4619.2,4619.2,4619.2,4619.2,4619.2,4619.2,4619.2,0.00,4619.2,4619.2,4619.2,231.76,791.2,1031.6,1031.6,4105.6,2406.6,2407.6,4111.6,2406.6,2407.6,278.4,532.8,532.8,7812,1558.4,2624,13828,1559.4,1031.6,18028,0x8D9C8B47
35,0,406426,406.426,0,0,OK,4625.2,4619.2,4619.2,4619.2,4619.2,4619.2,4619.2,4619.2,4619.2,0.00,4619.2,4619.2,4619.2,231.76,1031.6,791.2,1031.6,2171.2,4111.6,2406.6,2407.6,4111.6,2406.6,278.4,272.4,522.8,7812,1798.8,5128,21540,2050.2,1282.0,20532,0x4E6F1077
36,0,406528,406.528,0,0,OK,4626.2,4619.2,4619.2,4619.2,4619.2,4619.2,4619.2,4619.2,4619.2,0.00,4619.2,4619.2,4619.2,0.80,1031.6,1031.6,1031.6,2171.2,2407.6,2407.6,2407.6,2407.6,2407.6,528.8,262.4,512.8,5308,1558.4,2624,16432,1809.8,1041.6,5148,0x4987B9E0
37,0,406630,406.630,0,0,OK,4623.2,4619.2,4619.2,4619.2,4619.2,4619.2,4619.2,4619.2,4619.2,0.00,4619.2,4619.2,4619.2,232.76,791.2,1031.6,1031.6,4105.6,2406.6,2407.6,4111.6,2406.6,2407.6,769.2,262.4,532.8,7812,1558.4,2624,14028,1799.8,1031.6,20532,0x3ACFD33E
38,0,406731,406.731,0,0,OK,4620.2,4619.2,4619.2,4619.2,4619.2,4619.2,4619.2,4619.2,4619.2,0.00,4619.2,4619.2,4619.2,232.76,1031.6,1031.6,791.2,2171.2,2407.6,4111.6,2406.6,2407.6,4111.6,267.4,522.8,272.4,7812,1808.8,2724,13828,1559.4,1292.0,7912,0xAC2BC5F4
39,0,406833,406.833,0,0,OK,4626.2,4619.2,4619.2,4619.2,4619.2,4619.2,4619.2,4619.2,4619.2,0.00,4619.2,4619.2,4619.2,0.80,791.2,1031.6,791.2,4105.6,2406.6,4111.6,4110.6,2406.6,4111.6,277.4,522.8,532.8,10316,1798.8,5328,13928,1559.4,791.2,10256,0xEDC6CAB4
40,0,406934,406.934,0,0,OK,4624.2,4619.2,4619.2,4619.2,4619.2,4619.2,4619.2,4619.2,4619.2,0.00,4619.2,4619.2,4619.2,0.80,1031.6,791.2,791.2,2171.2,4111.6,4110.6,2406.6,4111.6,4110.6,517.8,512.8,512.8,5308,2059.2,2724,19036,1559.4,1282.0,7852,0x175B1FFF
41,0,407036,407.036,0,0,OK,4625.2,4619.2,4619.2,4619.2,4619.2,4619.2,4619.2,4619.2,4619.2,0.00,4619.2,4619.2,4619.2,0.80,791.2,1031.6,791.2,4105.6,2406.6,4111.6,4110.6,2406.6,4111.6,277.4,532.8,272.4,5308,1798.8,2624,14028,1799.8,1282.0,18128,0xA8CFE3D3
42,0,407138,407.138,0,0,OK,4626.2,4619.2,4619.2,4619.2,4619.2,4619.2,4619.2,4619.2,4619.2,0.00,4619.2,4619.2,4619.2,231.76,1031.6,791.2,791.2,2171.2,4111.6,4110.6,2406.6,4111.6,4110.6,277.4,532.8,262.4,7712,1558.4,5328,16432,1559.4,1282.0,2644,0x8246DC85
43,0,407239,407.239,0,0,OK,4626.2,4619.2,4619.2,4619.2,4619.2,4619.2,4619.2,4619.2,4619.2,0.00,4619.2,4619.2,4619.2,231.76,1031.6,791.2,791.2,2171.2,4111.6,4110.6,2406.6,4111.6,4110.6,267.4,272.4,272.4,7912,2049.2,5328,19136,2060.2,791.2,18128,0xB981E47D
44,0,407341,407.341,0,0,OK,4628.2,4619.2,4619.2,4619.2,4619.2,4619.2,4619.2,4619.2,4619.2,0.00,4619.2,4619.2,4619.2,0.80,1031.6,791.2,1031.6,2171.2,4111.6,2406.6,2407.6,4111.6,2406.6,769.2,522.8,522.8,7912,1808.8,5328,21540,1799.8,1282.0,10356,0x01A3904E
45,0,407443,407.443,0,0,OK,4623.2,4619.2,4619.2,4619.2,4619.2,4619.2,4619.2,4619.2,4619.2,0.00,4619.2,4619.2,4619.2,0.80,1031.6,791.2,791.2,2171.2,4111.6,4110.6,2406.6,4111.6,4110.6,267.4,272.4,262.4,7712,2049.2,5228,11424,1799.8,1031.6,40,0x1AB6154A
46,0,407544,407.544,0,0,OK,4623.2,4619.2,4619.2,4619.2,4619.2,4619.2,4619.2,4619.2,4619.2,0.00,4619.2,4619.2,4619.2,232.76,1031.6,791.2,791.2,2171.2,4111.6,4110.6,2406.6,4111.6,4110.6,768.2,272.4,512.8,10316,1798.8,5328,16432,2050.2,1292.0,10256,0xC1BAAC5B
47,0,407646,407.646,0,0,OK,4626.2,4619.2,4619.2,4619.2,4619.2,4619.2,4619.2,4619.2,4619.2,0.00,4619.2,4619.2,4619.2,0.80,1031.6,1031.6,1031.6,2171.2,2407.6,2407.6,2407.6,2407.6,2407.6,518.8,522.8,262.4,7812,2059.2,2624,16432,1559.4,1282.0,5248,0xF4C0DF35
48,0,407748,407.748,0,0,OK,4622.2,4619.2,4619.2,4619.2,4619.2,4619.2,4619.2,4619.2,4619.2,0.00,4619.2,4619.2,4619.2,232.76,791.2,1031.6,791.2,4105.6,2406.6,4111.6,4110.6,2406.6,4111.6,267.4,522.8,262.4,7712,2049.2,5228,13828,1799.8,1292.0,23136,0xBCDF7F58
49,0,407849,407.849,0,0,OK,4623.2,4619.2,4619.2,4619.2,4619.2,4619.2,4619.2,4619.2,4619.2,0.00,4619.2,4619.2,4619.2,232.76,1031.6,1031.6,791.2,2171.2,2407.6,4111.6,2406.6,2407.6,4111.6,768.2,272.4,272.4,7812,2049.2,2724,16532,1799.8,791.2,17928,0x42E11289
50,0,407951,407.951,0,0,OK,4622.2,4619.2,4619.2,4619.2,4619.2,4619.2,4619.2,4619.2,4619.2,0.00,4619.2,4619.2,4619.2,231.76,791.2,1031.6,791.2,4105.6,2406.6,4111.6,4110.6,2406.6,4111.6,517.8,262.4,272.4,7912,2049.2,2724,16532,1559.4,1292.0,12820,0xD5D09720
51,0,408053,408.053,0,0,OK,4620.2,4619.2,4619.2,4619.2,4619.2,4619.2,4619.2,4619.2,4619.2,0.00,4619.2,4619.2,4619.2,231.76,791.2,1031.6,791.2,4105.6,2406.6,4111.6,4110.6,2406.6,4111.6,267.4,532.8,532.8,7712,1798.8,5228,14028,1559.4,1031.6,20632,0xEC0E2297
52,0,408154,408.154,0,0,OK,4621.2,4619.2,4619.2,4619.2,4619.2,4619.2,4619.2,4619.2,4619.2,0.00,4619.2,4619.2,4619.2,232.76,1031.6,791.2,1031.6,2171.2,4111.6,2406.6,2407.6,4111.6,2406.6,769.2,262.4,262.4,7712,2049.2,5328,19136,1559.4,1031.6,140,0x6BA23541
53,0,408256,408.256,0,0,OK,4625.2,4619.2,4619.2,4619.2,4619.2,4619.2,4619.2,4619.2,4619.2,0.00,4619.2,4619.2,4619.2,232.76,791.2,1031.6,791.2,4105.6,2406.6,4111.6,4110.6,2406.6,4111.6,527.8,262.4,522.8,10316,1808.8,2724,13928,1809.8,791.2,20632,0xDC914820
54,0,408357,408.357,0,0,OK,4620.2,4619.2,4619.2,4619.2,4619.2,4619.2,4619.2,4619.2,4619.2,0.00,4619.2,4619.2,4619.2,231.76,791.2,791.2,1031.6,4105.6,4110.6,2406.6,4111.6,4110.6,2406.6,278.4,272.4,512.8,5308,1558.4,2624,19136,1559.4,1041.6,20632,0x3F8B54ED
55,0,408459,408.459,0,0,OK,4627.2,4619.2,4619.2,4619.2,4619.2,4619.2,4619.2,4619.2,4619.2,0.00,4619.2,4619.2,4619.2,231.76,791.2,791.2,791.2,4105.6,4110.6,4110.6,4110.6,4110.6,4110.6,277.4,512.8,522.8,7812,1808.8,2724,11424,1809.8,1031.6,23236,0xC1155506
56,0,408561,408.561,0,0,OK,4622.2,4619.2,4619.2,4619.2,4619.2,4619.2,4619.2,4619.2,4619.2,0.00,4619.2,4619.2,4619.2,232.76,791.2,791.2,791.2,4105.6,4110.6,4110.6,4110.6,4110.6,4110.6,768.2,512.8,262.4,10316,1808.8,5128,13828,1809.8,1282.0,15424,0x5DFFC5CA
57,0,408662,408.662,0,0,OK,4623.2,4619.2,4619.2,4619.2,4619.2,4619.2,4619.2,4619.2,4619.2,0.00,4619.2,4619.2,4619.2,0.80,1031.6,791.2,1031.6,2171.2,4111.6,2406.6,2407.6,4111.6,2406.6,528.8,272.4,272.4,7712,1558.4,5128,21540,1559.4,1031.6,10256,0x1D39A5D7
58,0,408764,408.764,0,0,OK,4627.2,4619.2,4619.2,4619.2,4619.2,4619.2,4619.2,4619.2,4619.2,0.00,4619.2,4619.2,4619.2,231.76,791.2,791.2,1031.6,4105.6,4110.6,2406.6,4111.6,4110.6,2406.6,268.4,262.4,262.4,7712,2049.2,2724,21540,1559.4,1282.0,10316,0x6A39964A
59,0,408866,408.866,0,0,OK,4626.2,4619.2,4619.2,4619.2,4619.2,4619.2,4619.2,4619.2,4619.2,0.00,4619.2,4619.2,4619.2,232.76,791.2,791.2,1031.6,4105.6,4110.6,2406.6,4111.6,4110.6,2406.6,769.2,532.8,272.4,5308,1558.4,5328,14028,1809.8,1031.6,12920,0xEC9B369C
60,0,408967,408.967,0,0,OK,4623.2,4619.2,4619.2,4619.2,4619.2,4619.2,4619.2,4619.2,4619.2,0.00,4619.2,4619.2,4619.2,232.76,791.2,791.2,791.2,4105.6,4110.6,4110.6,4110.6,4110.6,4110.6,527.8,512.8,272.4,5308,1798.8,5128,16532,1799.8,1031.6,18128,0x466FD596
61,0,409069,409.069,0,0,OK,4623.2,4619.2,4619.2,4619.2,4619.2,4619.2,4619.2,4619.2,4619.2,0.00,4619.2,4619.2,4619.2,0.80,1031.6,1031.6,791.2,2171.2,2407.6,4111.6,2406.6,2407.6,4111.6,768.2,272.4,522.8,7712,1558.4,5128,16532,2050.2,1041.6,20732,0x073962C6
62,0,409171,409.171,0,0,OK,4623.2,4619.2,4619.2,4619.2,4619.2,4619.2,4619.2,4619.2,4619.2,0.00,4619.2,4619.2,4619.2,0.80,791.2,1031.6,1031.6,4105.6,2406.6,2407.6,4111.6,2406.6,2407.6,268.4,272.4,532.8,7812,1798.8,5128,16432,2050.2,1041.6,240,0x3C826F93
63,0,409272,409.272,0,0,OK,4621.2,4619.2,4619.2,4619.2,4619.2,4619.2,4619.2,4619.2,4619.2,0.00,4619.2,4619.2,4619.2,232.76,791.2,1031.6,1031.6,4105.6,2406.6,2407.6,4111.6,2406.6,2407.6,278.4,262.4,262.4,7912,1808.8,5228,19036,1799.8,1292.0,15424,0x07165193
64,0,409374,409.374,0,0,OK,4623.2,4619.2,4619.2,4619.2,4619.2,4619.2,4619.2,4619.2,4619.2,0.00,4619.2,4619.2,4619.2,231.76,1031.6,1031.6,791.2,2171.2,2407.6,4111.6,2406.6,2407.6,4111.6,527.8,512.8,272.4,7912,1558.4,5228,11424,1809.8,1282.0,10456,0x1E1366DC
65,0,409476,409.476,0,0,OK,4620.2,4619.2,4619.2,4619.2,4619.2,4619.2,4619.2,4619.2,4619.2,0.00,4619.2,4619.2,4619.2,232.76,791.2,791.2,791.2,4105.6,4110.6,4110.6,4110.6,4110.6,4110.6,517.8,272.4,512.8,7712,1558.4,5328,16632,2050.2,1031.6,18028,0x0E1B942B
66,0,409577,409.577,0,0,OK,4621.2,4619.2,4619.2,4619.2,4619.2,4619.2,4619.2,4619.2,4619.2,0.00,4619.2,4619.2,4619.2,231.76,1031.6,791.2,791.2,2171.2,4111.6,4110.6,2406.6,4111.6,4110.6,267.4,262.4,532.8,7712,1558.4,5328,19136,1799.8,1031.6,10416,0xBF482808
67,0,409679,409.679,0,0,OK,4621.2,4619.2,4619.2,4619.2,4619.2,4619.2,4619.2,4619.2,4619.2,0.00,4619.2,4619.2,4619.2,0.80,791.2,1031.6,1031.6,4105.6,2406.6,2407.6,4111.6,2406.6,2407.6,518.8,522.8,272.4,7912,1558.4,2724,16532,1559.4,1041.6,7852,0x5ACA378A
68,0,409780,409.780,0,0,OK,4621.2,4619.2,4619.2,4619.2,4619.2,4619.2,4619.2,4619.2,4619.2,0.00,4619.2,4619.2,4619.2,0.80,1031.6,1031.6,1031.6,2171.2,2407.6,2407.6,2407.6,2407.6,2407.6,268.4,272.4,522.8,7712,2049.2,2624,16532,2050.2,791.2,7752,0x7DB963D7
69,0,409882,409.882,0,0,OK,4626.2,4619.2,4619.2,4619.2,4619.2,4619.2,4619.2,4619.2,4619.2,0.00,4619.2,4619.2,4619.2,0.80,791.2,791.2,791.2,4105.6,4110.6,4110.6,4110.6,4110.6,4110.6,517.8,262.4,272.4,7712,2049.2,2624,16632,1809.8,1031.6,7912,0x60653AA4
70,0,409984,409.984,0,0,OK,4625.2,4619.2,4619.2,4619.2,4619.2,4619.2,4619.2,4619.2,4619.2,0.00,4619.2,4619.2,4619.2,231.76,791.2,791.2,791.2,4105.6,4110.6,4110.6,4110.6,4110.6,4110.6,768.2,522.8,262.4,7912,2049.2,2724,13928,1809.8,1292.0,10416,0xCC565959
71,0,410085,410.085,0,0,OK,4623.2,4619.2,4619.2,4619.2,4619.2,4619.2,4619.2,4619.2,4619.2,0.00,4619.2,4619.2,4619.2,231.76,1031.6,791.2,791.2,2171.2,4111.6,4110.6,2406.6,4111.6,4110.6,267.4,262.4,522.8,7912,1798.8,2624,16532,1799.8,1041.6,20732,0xA6C327F2
72,0,410187,410.187,0,0,OK,4624.2,4619.2,4619.2,4619.2,4619.2,4619.2,4619.2,4619.2,4619.2,0.00,4619.2,4619.2,4619.2,231.76,1031.6,791.2,791.2,2171.2,4111.6,4110.6,2406.6,4111.6,4110.6,267.4,262.4,522.8,7712,1798.8,2624,19036,1559.4,1282.0,15424,0xCB889921
73,0,410288,410.288,0,0,OK,4621.2,4619.2,4619.2,4619.2,4619.2,4619.2,4619.2,4619.2,4619.2,0.00,4619.2,4619.2,4619.2,0.80,1031.6,1031.6,1031.6,2171.2,2407.6,2407.6,2407.6,2407.6,2407.6,769.2,272.4,512.8,7712,2049.2,5128,13828,1809.8,1041.6,20732,0xBEC9C8CE
74,0,410390,410.390,0,0,OK,4620.2,4619.2,4619.2,4619.2,4619.2,4619.2,4619.2,4619.2,4619.2,0.00,4619.2,4619.2,4619.2,0.80,1031.6,1031.6,1031.6,2171.2,2407.6,2407.6,2407.6,2407.6,2407.6,769.2,272.4,512.8,7912,1798.8,5328,13928,1809.8,1031.6,5148,0x19635C16
75,0,410492,410.492,0,0,OK,4625.2,4619.2,4619.2,4619.2,4619.2,4619.2,4619.2,4619.2,4619.2,0.00,4619.2,4619.2,4619.2,231.76,791.2,791.2,791.2,4105.6,4110.6,4110.6,4110.6,4110.6,4110.6,517.8,262.4,272.4,7812,2059.2,2724,19036,1809.8,1031.6,12820,0x84331FFA
76,0,410593,410.593,0,0,OK,4624.2,4619.2,4619.2,4619.2,4619.2,4619.2,4619.2,4619.2,4619.2,0.00,4619.2,4619.2,4619.2,232.76,791.2,1031.6,791.2,4105.6,2406.6,4111.6,4110.6,2406.6,4111.6,517.8,262.4,272.4,5308,1558.4,5328,13928,1799.8,791.2,12860,0x4830E5ED
77,0,410695,410.695,0,0,OK,4624.2,4619.2,4619.2,4619.2,4619.2,4619.2,4619.2,4619.2,4619.2,0.00,4619.2,4619.2,4619.2,232.76,791.2,1031.6,791.2,4105.6,2406.6,4111.6,4110.6,2406.6,4111.6,517.8,262.4,262.4,7712,2049.2,5128,13928,1799.8,1282.0,5148,0xED2FDF73
78,0,410797,410.797,0,0,OK,4620.2,4619.2,4619.2,4619.2,4619.2,4619.2,4619.2,4619.2,4619.2,0.00,4619.2,4619.2,4619.2,232.76,1031.6,1031.6,1031.6,2171.2,2407.6,2407.6,2407.6,2407.6,2407.6,769.2,512.8,272.4,7812,1798.8,5128,16632,1809.8,1041.6,20732,0x9369121E
79,0,410898,410.898,0,0,OK,4624.2,4619.2,4619.2,4619.2,4619.2,4619.2,4619.2,4619.2,4619.2,0.00,4619.2,4619.2,4619.2,0.80,791.2,1031.6,791.2,4105.6,2406.6,4111.6,4110.6,2406.6,4111.6,527.8,272.4,272.4,7712,2059.2,2624,13828,1559.4,1031.6,18128,0x7D1FC1FF
80,0,411000,411.000,0,0,OK,4622.2,4619.2,4619.2,4619.2,4619.2,4619.2,4619.2,4619.2,4619.2,0.00,4619.2,4619.2,4619.2,232.76,1031.6,1031.6,1031.6,2171.2,2407.6,2407.6,2407.6,2407.6,2407.6,769.2,512.8,532.8,7812,1808.8,5128,13928,1799.8,1041.6,5148,0x2EF21A79
81,0,411101,411.101,0,0,OK,4627.2,4619.2,4619.2,4619.2,4619.2,4619.2,4619.2,4619.2,4619.2,0.00,4619.2,4619.2,4619.2,231.76,791.2,791.2,791.2,4105.6,4110.6,4110.6,4110.6,4110.6,4110.6,527.8,512.8,272.4,7712,2059.2,2624,16432,2050.2,1031.6,40,0x44075245
82,0,411203,411.203,0,0,OK,4627.2,4619.2,4619.2,4619.2,4619.2,4619.2,4619.2,4619.2,4619.2,0.00,4619.2,4619.2,4619.2,232.76,1031.6,1031.6,1031.6,2171.2,2407.6,2407.6,2407.6,2407.6,2407.6,528.8,262.4,512.8,10316,1798.8,5328,19136,2050.2,1031.6,10456,0xB643BE85
83,0,411305,411.305,0,0,OK,4628.2,4619.2,4619.2,4619.2,4619.2,4619.2,4619.2,4619.2,4619.2,0.00,4619.2,4619.2,4619.2,0.80,791.2,791.2,791.2,4105.6,4110.6,4110.6,4110.6,4110.6,4110.6,517.8,522.8,262.4,5308,2049.2,2724,16632,2060.2,1292.0,2644,0xFE473668
84,0,411406,411.406,0,0,OK,4623.2,4619.2,4619.2,4619.2,4619.2,4619.2,4619.2,4619.2,4619.2,0.00,4619.2,4619.2,4619.2,0.80,791.2,791.2,791.2,4105.6,4110.6,4110.6,4110.6,4110.6,4110.6,527.8,532.8,262.4,7912,1798.8,5128,19036,2060.2,1041.6,13020,0x4BE85D54
85,0,411508,411.508,0,0,OK,4627.2,4619.2,4619.2,4619.2,4619.2,4619.2,4619.2,4619.2,4619.2,0.00,4619.2,4619.2,4619.2,232.76,791.2,791.2,1031.6,4105.6,4110.6,2406.6,4111.6,4110.6,2406.6,518.8,512.8,532.8,10316,1798.8,2624,13928,1559.4,1031.6,40,0xE363FF22
86,0,411610,411.610,0,0,OK,4622.2,4619.2,4619.2,4619.2,4619.2,4619.2,4619.2,4619.2,4619.2,0.00,4619.2,4619.2,4619.2,232.76,791.2,791.2,791.2,4105.6,4110.6,4110.6,4110.6,4110.6,4110.6,267.4,272.4,532.8,5308,1808.8,5228,11424,1559.4,1292.0,7912,0x92F671DF
87,0,411711,411.711,0,0,OK,4627.2,4619.2,4619.2,4619.2,4619.2,4619.2,4619.2,4619.2,4619.2,0.00,4619.2,4619.2,4619.2,231.76,791.2,791.2,1031.6,4105.6,4110.6,2406.6,4111.6,4110.6,2406.6,769.2,522.8,512.8,7912,1558.4,5128,21540,1559.4,1041.6,10316,0x5E7B223F
88,0,411813,411.813,0,0,OK,4628.2,4619.2,4619.2,4619.2,4619.2,4619.2,4619.2,4619.2,4619.2,0.00,4619.2,4619.2,4619.2,0.80,1031.6,1031.6,791.2,2171.2,2407.6,4111.6,2406.6,2407.6,4111.6,768.2,512.8,262.4,7712,1808.8,5228,14028,2050.2,1041.6,240,0x8032FE21
89,0,411914,411.914,0,0,OK,4627.2,4619.2,4619.2,4619.2,4619.2,4619.2,4619.2,4619.2,4619.2,0.00,4619.2,4619.2,4619.2,232.76,791.2,791.2,791.2,4105.6,4110.6,4110.6,4110.6,4110.6,4110.6,277.4,522.8,532.8,5308,2049.2,5328,11424,1559.4,791.2,18028,0x67BD7EF7
90,0,412016,412.016,0,0,OK,4624.2,4619.2,4619.2,4619.2,4619.2,4619.2,4619.2,4619.2,4619.2,0.00,4619.2,4619.2,4619.2,231.76,791.2,791.2,1031.6,4105.6,4110.6,2406.6,4111.6,4110.6,2406.6,518.8,522.8,512.8,10316,1558.4,2624,19036,1799.8,1292.0,5348,0xD56F12C9
91,0,412118,412.118,0,0,OK,4628.2,4619.2,4619.2,4619.2,4619.2,4619.2,4619.2,4619.2,4619.2,0.00,4619.2,4619.2,4619.2,231.76,1031.6,1031.6,1031.6,2171.2,2407.6,2407.6,2407.6,2407.6,2407.6,518.8,272.4,532.8,5308,1558.4,5328,19036,2060.2,791.2,2744,0x74BBD785
92,0,412219,412.219,0,0,OK,4620.2,4619.2,4619.2,4619.2,4619.2,4619.2,4619.2,4619.2,4619.2,0.00,4619.2,4619.2,4619.2,231.76,1031.6,1031.6,791.2,2171.2,2407.6,4111.6,2406.6,2407.6,4111.6,267.4,512.8,262.4,5308,2049.2,5228,19136,2060.2,1282.0,10316,0x062D06E1
93,0,412321,412.321,0,0,OK,4628.2,4619.2,4619.2,4619.2,4619.2,4619.2,4619.2,4619.2,4619.2,0.00,4619.2,4619.2,4619.2,232.76,791.2,791.2,1031.6,4105.6,4110.6,2406.6,4111.6,4110.6,2406.6,518.8,272.4,512.8,7712,2059.2,2724,13928,1799.8,1031.6,2644,0x3019CDD4
94,0,412423,412.423,0,0,OK,4624.2,4619.2,4619.2,4619.2,4619.2,4619.2,4619.2,4619.2,4619.2,0.00,4619.2,4619.2,4619.2,231.76,1031.6,1031.6,791.2,2171.2,2407.6,4111.6,2406.6,2407.6,4111.6,277.4,272.4,522.8,10316,2049.2,5228,13928,1809.8,1031.6,5248,0x90795927
95,0,412524,412.524,0,0,OK,4622.2,4619.2,4619.2,4619.2,4619.2,4619.2,4619.2,4619.2,4619.2,0.00,4619.2,4619.2,4619.2,0.80,791.2,1031.6,791.2,4105.6,2406.6,4111.6,4110.6,2406.6,4111.6,527.8,262.4,272.4,10316,2049.2,5328,19036,1809.8,1031.6,23236,0x2B213A89
96,0,412626,412.626,0,0,OK,4624.2,4619.2,4619.2,4619.2,4619.2,4619.2,4619.2,4619.2,4619.2,0.00,4619.2,4619.2,4619.2,232.76,791.2,1031.6,1031.6,4105.6,2406.6,2407.6,4111.6,2406.6,2407.6,528.8,512.8,262.4,7812,1558.4,2624,16432,2060.2,1041.6,17928,0xF3300A40
97,0,412728,412.728,0,0,OK,4625.2,4619.2,4619.2,4619.2,4619.2,4619.2,4619.2,4619.2,4619.2,0.00,4619.2,4619.2,4619.2,232.76,1031.6,1031.6,1031.6,2171.2,2407.6,2407.6,2407.6,2407.6,2407.6,268.4,262.4,512.8,7712,2059.2,2724,16432,1559.4,1282.0,7912,0xF8A94583
98,0,412829,412.829,0,0,OK,4621.2,4619.2,4619.2,4619.2,4619.2,4619.2,4619.2,4619.2,4619.2,0.00,4619.2,4619.2,4619.2,232.76,1031.6,1031.6,791.2,2171.2,2407.6,4111.6,2406.6,2407.6,4111.6,517.8,272.4,262.4,7812,2059.2,5128,19136,2050.2,1041.6,15424,0x58450AA6
99,0,412931,412.931,0,0,OK,4626.2,4619.2,4619.2,4619.2,4619.2,4619.2,4619.2,4619.2,4619.2,0.00,4619.2,4619.2,4619.2,0.80,791.2,1031.6,1031.6,4105.6,2406.6,2407.6,4111.6,2406.6,2407.6,278.4,522.8,532.8,5308,1558.4,5128,19136,1559.4,1041.6,5248,0x6223FEB6
100,0,413032,413.032,0,0,OK,4619.2,4619.2,4619.2,4619.2,4619.2,4619.2,4619.2,4619.2,4619.2,0.00,4619.2,4619.2,4619.2,231.76,791.2,1031.6,791.2,4105.6,2406.6,4111.6,4110.6,2406.6,4111.6,267.4,522.8,522.8,7712,1798.8,2724,11424,1809.8,791.2,2744,0x725942E0
101,0,413134,413.134,0,0,OK,4623.2,4619.2,4619.2,4619.2,4619.2,4619.2,4619.2,4619.2,4619.2,0.00,4619.2,4619.2,4619.2,231.76,1031.6,791.2,1031.6,2171.2,4111.6,2406.6,2407.6,4111.6,2406.6,518.8,522.8,272.4,7912,1808.8,5328,16432,2050.2,1041.6,23136,0x184AA329
102,0,413236,413.236,0,0,OK,4621.2,4619.2,4619.2,4619.2,4619.2,4619.2,4619.2,4619.2,4619.2,0.00,4619.2,4619.2,4619.2,231.76,791.2,1031.6,1031.6,4105.6,2406.6,2407.6,4111.6,2406.6,2407.6,528.8,522.8,512.8,7712,1798.8,5228,19036,2050.2,1041.6,20732,0x51B18991
103,0,413337,413.337,0,0,OK,4625.2,4619.2,4619.2,4619.2,4619.2,4619.2,4619.2,4619.2,4619.2,0.00,4619.2,4619.2,4619.2,0.80,1031.6,791.2,791.2,2171.2,4111.6,4110.6,2406.6,4111.6,4110.6,267.4,512.8,272.4,7812,1558.4,5328,13928,2060.2,791.2,12860,0xEA989177
104,0,413439,413.439,0,0,OK,4620.2,4619.2,4619.2,4619.2,4619.2,4619.2,4619.2,4619.2,4619.2,0.00,4619.2,4619.2,4619.2,0.80,1031.6,791.2,1031.6,2171.2,4111.6,2406.6,2407.6,4111.6,2406.6,268.4,512.8,272.4,5308,1798.8,2624,19036,1809.8,1031.6,10316,0x3044F05D
105,0,413541,413.541,0,0,OK,4623.2,4619.2,4619.2,4619.2,4619.2,4619.2,4619.2,4619.2,4619.2,0.00,4619.2,4619.2,4619.2,232.76,791.2,791.2,1031.6,4105.6,4110.6,2406.6,4111.6,4110.6,2406.6,518.8,512.8,262.4,7912,1808.8,2624,16432,1809.8,791.2,17928,0x55E0D6FD
106,0,413642,413.642,0,0,OK,4628.2,4619.2,4619.2,4619.2,4619.2,4619.2,4619.2,4619.2,4619.2,0.00,4619.2,4619.2,4619.2,0.80,1031.6,791.2,791.2,2171.2,4111.6,4110.6,2406.6,4111.6,4110.6,768.2,532.8,532.8,7812,2049.2,2624,21540,1809.8,791.2,23236,0x24293A56
107,0,413744,413.744,0,0,OK,4622.2,4619.2,4619.2,4619.2,4619.2,4619.2,4619.2,4619.2,4619.2,0.00,4619.2,4619.2,4619.2,232.76,791.2,791.2,1031.6,4105.6,4110.6,2406.6,4111.6,4110.6,2406.6,278.4,522.8,522.8,7712,2059.2,2624,13828,1799.8,791.2,10316,0x0DF8F0A6
108,0,413846,413.846,0,0,OK,4627.2,4619.2,4619.2,4619.2,4619.2,4619.2,4619.2,4619.2,4619.2,0.00,4619.2,4619.2,4619.2,232.76,791.2,1031.6,791.2,4105.6,2406.6,4111.6,4110.6,2406.6,4111.6,517.8,522.8,532.8,7912,1558.4,2724,21540,1559.4,1041.6,7752,0xB3EC29F4
109,0,413947,413.947,0,0,OK,4620.2,4619.2,4619.2,4619.2,4619.2,4619.2,4619.2,4619.2,4619.2,0.00,4619.2,4619.2,4619.2,231.76,1031.6,791.2,791.2,2171.2,4111.6,4110.6,2406.6,4111.6,4110.6,267.4,512.8,272.4,7912,1798.8,5228,14028,1559.4,1031.6,10356,0x0875E92D
110,0,414049,414.049,0,0,OK,4625.2,4619.2,4619.2,4619.2,4619.2,4619.2,4619.2,4619.2,4619.2,0.00,4619.2,4619.2,4619.2,232.76,791.2,791.2,791.2,4105.6,4110.6,4110.6,4110.6,4110.6,4110.6,517.8,262.4,262.4,5308,2059.2,5328,14028,1559.4,791.2,15424,0x07F92CCE
111,0,414151,414.151,0,0,OK,4620.2,4619.2,4619.2,4619.2,4619.2,4619.2,4619.2,4619.2,4619.2,0.00,4619.2,4619.2,4619.2,231.76,791.2,1031.6,791.2,4105.6,2406.6,4111.6,4110.6,2406.6,4111.6,527.8,272.4,512.8,5308,2049.2,2724,16532,1799.8,1282.0,7852,0x080F1E61
112,0,414252,414.252,0,0,OK,4628.2,4619.2,4619.2,4619.2,4619.2,4619.2,4619.2,4619.2,4619.2,0.00,4619.2,4619.2,4619.2,0.80,1031.6,1031.6,791.2,2171.2,2407.6,4111.6,2406.6,2407.6,4111.6,267.4,262.4,522.8,7912,1798.8,2724,14028,2060.2,1031.6,140,0xD415CCC7
113,0,414354,414.354,0,0,OK,4627.2,4619.2,4619.2,4619.2,4619.2,4619.2,4619.2,4619.2,4619.2,0.00,4619.2,4619.2,4619.2,0.80,791.2,1031.6,1031.6,4105.6,2406.6,2407.6,4111.6,2406.6,2407.6,769.2,522.8,532.8,10316,2059.2,2624,21540,1559.4,1282.0,12860,0x3196A616
114,0,414456,414.456,0,0,OK,4626.2,4619.2,4619.2,4619.2,4619.2,4619.2,4619.2,4619.2,4619.2,0.00,4619.2,4619.2,4619.2,0.80,1031.6,1031.6,791.2,2171.2,2407.6,4111.6,2406.6,2407.6,4111.6,277.4,522.8,522.8,7912,1798.8,2624,19036,2050.2,1031.6,12820,0x1549217B
115,0,414557,414.557,0,0,OK,4626.2,4619.2,4619.2,4619.2,4619.2,4619.2,4619.2,4619.2,4619.2,0.00,4619.2,4619.2,4619.2,0.80,1031.6,791.2,791.2,2171.2,4111.6,4110.6,2406.6,4111.6,4110.6,527.8,512.8,262.4,5308,2059.2,2624,16532,1799.8,791.2,10456,0x1E7746E4
116,0,414659,414.659,0,0,OK,4619.2,4619.2,4619.2,4619.2,4619.2,4619.2,4619.2,4619.2,4619.2,0.00,4619.2,4619.2,4619.2,0.80,1031.6,791.2,1031.6,2171.2,4111.6,2406.6,2407.6,4111.6,2406.6,278.4,532.8,262.4,7912,2049.2,2624,16432,1799.8,791.2,12820,0x1D8EB113
117,0,414761,414.761,0,0,OK,4622.2,4619.2,4619.2,4619.2,4619.2,4619.2,4619.2,4619.2,4619.2,0.00,4619.2,4619.2,4619.2,231.76,791.2,791.2,791.2,4105.6,4110.6,4110.6,4110.6,4110.6,4110.6,277.4,512.8,272.4,7712,1808.8,5328,19036,1559.4,1041.6,12820,0x382BE0B8
118,0,414862,414.862,0,0,OK,4621.2,4619.2,4619.2,4619.2,4619.2,4619.2,4619.2,4619.2,4619.2,0.00,4619.2,4619.2,4619.2,0.80,1031.6,1031.6,791.2,2171.2,2407.6,4111.6,2406.6,2407.6,4111.6,768.2,532.8,532.8,7912,1808.8,5328,16532,1809.8,1031.6,2744,0x2B7F8703
119,0,414964,414.964,0,0,OK,4620.2,4619.2,4619.2,4619.2,4619.2,4619.2,4619.2,4619.2,4619.2,0.00,4619.2,4619.2,4619.2,232.76,791.2,791.2,1031.6,4105.6,4110.6,2406.6,4111.6,4110.6,2406.6,769.2,262.4,512.8,7712,2059.2,5228,16432,1809.8,791.2,5248,0xB0621584
120,0,415065,415.065,0,0,OK,4624.2,4619.2,4619.2,4619.2,4619.2,4619.2,4619.2,4619.2,4619.2,0.00,4619.2,4619.2,4619.2,0.80,1031.6,791.2,791.2,2171.2,4111.6,4110.6,2406.6,4111.6,4110.6,517.8,262.4,512.8,7812,1558.4,5328,21540,1799.8,1041.6,10416,0x605D002E
121,0,415167,415.167,0,0,OK,4628.2,4619.2,4619.2,4619.2,4619.2,4619.2,4619.2,4619.2,4619.2,0.00,4619.2,4619.2,4619.2,232.76,791.2,791.2,791.2,4105.6,4110.6,4110.6,4110.6,4110.6,4110.6,527.8,512.8,262.4,7912,1558.4,2624,14028,2060.2,791.2,17928,0xB4DB7B28
122,0,415269,415.269,0,0,OK,4622.2,4619.2,4619.2,4619.2,4619.2,4619.2,4619.2,4619.2,4619.2,0.00,4619.2,4619.2,4619.2,231.76,791.2,1031.6,791.2,4105.6,2406.6,4111.6,4110.6,2406.6,4111.6,768.2,532.8,512.8,7812,1558.4,5328,11424,1559.4,791.2,12860,0xEA6ADBCE
123,0,415370,415.370,0,0,OK,4625.2,4619.2,4619.2,4619.2,4619.2,4619.2,4619.2,4619.2,4619.2,0.00,4619.2,4619.2,4619.2,232.76,1031.6,1031.6,1031.6,2171.2,2407.6,2407.6,2407.6,2407.6,2407.6,268.4,262.4,522.8,7712,1558.4,5328,16632,1559.4,1041.6,20632,0x7CC85F76
124,0,415472,415.472,0,0,OK,4627.2,4619.2,4619.2,4619.2,4619.2,4619.2,4619.2,4619.2,4619.2,0.00,4619.2,4619.2,4619.2,0.80,1031.6,1031.6,791.2,2171.2,2407.6,4111.6,2406.6,2407.6,4111.6,517.8,262.4,522.8,10316,1798.8,5228,13828,2060.2,1292.0,2644,0xDBC6E144
125,0,415573,415.573,0,0,OK,4622.2,4619.2,4619.2,4619.2,4619.2,4619.2,4619.2,4619.2,4619.2,0.00,4619.2,4619.2,4619.2,232.76,791.2,791.2,791.2,4105.6,4110.6,4110.6,4110.6,4110.6,4110.6,517.8,532.8,272.4,7812,1808.8,2724,19136,1809.8,1041.6,10456,0xFF257341
126,0,415675,415.675,0,0,OK,4624.2,4619.2,4619.2,4619.2,4619.2,4619.2,4619.2,4619.2,4619.2,0.00,4619.2,4619.2,4619.2,231.76,791.2,791.2,1031.6,4105.6,4110.6,2406.6,4111.6,4110.6,2406.6,278.4,522.8,532.8,7712,2059.2,5128,16432,2050.2,1041.6,18028,0xACF3CA80
127,0,415777,415.777,0,0,OK,4619.2,4619.2,4619.2,4619.2,4619.2,4619.2,4619.2,4619.2,4619.2,0.00,4619.2,4619.2,4619.2,231.76,1031.6,791.2,791.2,2171.2,4111.6,4110.6,2406.6,4111.6,4110.6,768.2,532.8,512.8,7712,2059.2,2624,11424,1799.8,1292.0,10256,0x6F855F0C
128,0,415878,415.878,0,0,OK,4625.2,4619.2,4619.2,4619.2,4619.2,4619.2,4619.2,4619.2,4619.2,0.00,4619.2,4619.2,4619.2,232.76,791.2,791.2,791.2,4105.6,4110.6,4110.6,4110.6,4110.6,4110.6,517.8,522.8,512.8,7912,1798.8,2624,19036,1799.8,1292.0,140,0xE5E24D14
129,0,415980,415.980,0,0,OK,4621.2,4619.2,4619.2,4619.2,4619.2,4619.2,4619.2,4619.2,4619.2,0.00,4619.2,4619.2,4619.2,0.80,791.2,791.2,791.2,4105.6,4110.6,4110.6,4110.6,4110.6,4110.6,517.8,522.8,262.4,7812,2049.2,5328,19136,1799.8,1282.0,7852,0x7233EC00
130,0,416082,416.082,0,0,OK,4625.2,4619.2,4619.2,4619.2,4619.2,4619.2,4619.2,4619.2,4619.2,0.00,4619.2,4619.2,4619.2,232.76,1031.6,1031.6,791.2,2171.2,2407.6,4111.6,2406.6,2407.6,4111.6,768.2,522.8,522.8,10316,1798.8,5228,13828,1799.8,1031.6,12860,0x0A6C9AF6
131,0,416183,416.183,0,0,OK,4621.2,4619.2,4619.2,4619.2,4619.2,4619.2,4619.2,4619.2,4619.2,0.00,4619.2,4619.2,4619.2,232.76,791.2,791.2,1031.6,4105.6,4110.6,2406.6,4111.6,4110.6,2406.6,518.8,522.8,262.4,7812,1808.8,5128,21540,2060.2,1041.6,10456,0x116753B0
132,0,416285,416.285,0,0,OK,4622.2,4619.2,4619.2,4619.2,4619.2,4619.2,4619.2,4619.2,4619.2,0.00,4619.2,4619.2,4619.2,231.76,791.2,1031.6,791.2,4105.6,2406.6,4111.6,4110.6,2406.6,4111.6,277.4,262.4,522.8,7712,1558.4,5328,21540,2060.2,1282.0,20632,0x5176B952
133,0,416386,416.386,0,0,OK,4624.2,4619.2,4619.2,4619.2,4619.2,4619.2,4619.2,4619.2,4619.2,0.00,4619.2,4619.2,4619.2,231.76,791.2,1031.6,791.2,4105.6,2406.6,4111.6,4110.6,2406.6,4111.6,527.8,272.4,532.8,5308,1558.4,5128,16632,1559.4,1282.0,18028,0xDDFB15D9
134,0,416488,416.488,0,0,OK,4623.2,4619.2,4619.2,4619.2,4619.2,4619.2,4619.2,4619.2,4619.2,0.00,4619.2,4619.2,4619.2,232.76,1031.6,1031.6,1031.6,2171.2,2407.6,2407.6,2407.6,2407.6,2407.6,268.4,262.4,522.8,7812,1798.8,5228,16532,2060.2,1282.0,5348,0x0DB5752B
135,0,416590,416.590,0,0,OK,4622.2,4619.2,4619.2,4619.2,4619.2,4619.2,4619.2,4619.2,4619.2,0.00,4619.2,4619.2,4619.2,0.80,1031.6,791.2,1031.6,2171.2,4111.6,2406.6,2407.6,4111.6,2406.6,769.2,262.4,512.8,5308,2049.2,5228,19136,2050.2,1292.0,23136,0xB99E378D
136,0,416691,416.691,0,0,OK,4620.2,4619.2,4619.2,4619.2,4619.2,4619.2,4619.2,4619.2,4619.2,0.00,4619.2,4619.2,4619.2,0.80,1031.6,1031.6,791.2,2171.2,2407.6,4111.6,2406.6,2407.6,4111.6,768.2,272.4,262.4,7712,1558.4,2624,11424,1559.4,791.2,12820,0x0A408001
137,0,416793,416.793,0,0,OK,4619.2,4619.2,4619.2,4619.2,4619.2,4619.2,4619.2,4619.2,4619.2,0.00,4619.2,4619.2,4619.2,232.76,791.2,1031.6,1031.6,4105.6,2406.6,2407.6,4111.6,2406.6,2407.6,769.2,522.8,512.8,7712,1558.4,2724,16632,2050.2,1292.0,5148,0x44069A7A
138,0,416895,416.895,0,0,OK,4627.2,4619.2,4619.2,4619.2,4619.2,4619.2,4619.2,4619.2,4619.2,0.00,4619.2,4619.2,4619.2,232.76,1031.6,791.2,1031.6,2171.2,4111.6,2406.6,2407.6,4111.6,2406.6,769.2,512.8,512.8,5308,1798.8,2724,11424,1559.4,791.2,7852,0xFE2C413A
139,0,416996,416.996,0,0,OK,4625.2,4619.2,4619.2,4619.2,4619.2,4619.2,4619.2,4619.2,4619.2,0.00,4619.2,4619.2,4619.2,0.80,791.2,1031.6,1031.6,4105.6,2406.6,2407.6,4111.6,2406.6,2407.6,528.8,532.8,272.4,10316,1558.4,5228,19036,1809.8,791.2,10356,0xAC1CC398
140,0,417098,417.098,0,0,OK,4623.2,4619.2,4619.2,4619.2,4619.2,4619.2,4619.2,4619.2,4619.2,0.00,4619.2,4619.2,4619.2,0.80,1031.6,1031.6,1031.6,2171.2,2407.6,2407.6,2407.6,2407.6,2407.6,769.2,522.8,262.4,7912,1558.4,5228,21540,1799.8,1282.0,40,0x60849C6D
141,0,417199,417.199,0,0,OK,4625.2,4619.2,4619.2,4619.2,4619.2,4619.2,4619.2,4619.2,4619.2,0.00,4619.2,4619.2,4619.2,231.76,791.2,791.2,791.2,4105.6,4110.6,4110.6,4110.6,4110.6,4110.6,768.2,532.8,532.8,10316,2059.2,5328,16532,1559.4,1292.0,10416,0x20EEBAED
142,0,417301,417.301,0,0,OK,4623.2,4619.2,4619.2,4619.2,4619.2,4619.2,4619.2,4619.2,4619.2,0.00,4619.2,4619.2,4619.2,232.76,791.2,1031.6,791.2,4105.6,2406.6,4111.6,4110.6,2406.6,4111.6,277.4,532.8,272.4,7712,1808.8,5328,16632,1559.4,791.2,7852,0xFC7E1935
143,0,417403,417.403,0,0,OK,4627.2,4619.2,4619.2,4619.2,4619.2,4619.2,4619.2,4619.2,4619.2,0.00,4619.2,4619.2,4619.2,232.76,1031.6,1031.6,791.2,2171.2,2407.6,4111.6,2406.6,2407.6,4111.6,527.8,262.4,262.4,7912,2059.2,5128,19136,2050.2,1041.6,10456,0x119267C0
144,0,417504,417.504,0,0,OK,4626.2,4619.2,4619.2,4619.2,4619.2,4619.2,4619.2,4619.2,4619.2,0.00,4619.2,4619.2,4619.2,232.76,791.2,791.2,1031.6,4105.6,4110.6,2406.6,4111.6,4110.6,2406.6,528.8,262.4,512.8,7912,2049.2,5328,13928,1559.4,1041.6,12820,0x56CBB19F
145,0,417606,417.606,0,0,OK,4626.2,4619.2,4619.2,4619.2,4619.2,4619.2,4619.2,4619.2,4619.2,0.00,4619.2,4619.2,4619.2,231.76,1031.6,791.2,1031.6,2171.2,4111.6,2406.6,2407.6,4111.6,2406.6,769.2,522.8,262.4,7912,1558.4,5128,21540,1809.8,1041.6,10456,0x482C666B
146,0,417708,417.708,0,0,OK,4621.2,4619.2,4619.2,4619.2,4619.2,4619.2,4619.2,4619.2,4619.2,0.00,4619.2,4619.2,4619.2,232.76,791.2,1031.6,1031.6,4105.6,2406.6,2407.6,4111.6,2406.6,2407.6,769.2,272.4,532.8,10316,1798.8,5328,16432,2050.2,1041.6,7912,0x2FF1DD63
147,0,417809,417.809,0,0,OK,4621.2,4619.2,4619.2,4619.2,4619.2,4619.2,4619.2,4619.2,4619.2,0.00,4619.2,4619.2,4619.2,0.80,1031.6,1031.6,791.2,2171.2,2407.6,4111.6,2406.6,2407.6,4111.6,517.8,512.8,262.4,7712,1558.4,5228,21540,1809.8,1292.0,18028,0xF14E0D2F
148,0,417911,417.911,0,0,OK,4624.2,4619.2,4619.2,4619.2,4619.2,4619.2,4619.2,4619.2,4619.2,0.00,4619.2,4619.2,4619.2,0.80,1031.6,791.2,1031.6,2171.2,4111.6,2406.6,2407.6,4111.6,2406.6,278.4,522.8,272.4,7812,1558.4,2624,19136,1799.8,1292.0,18028,0xE017418B
149,0,418012,418.012,0,0,OK,4621.2,4619.2,4619.2,4619.2,4619.2,4619.2,4619.2,4619.2,4619.2,0.00,4619.2,4619.2,4619.2,231.76,1031.6,1031.6,791.2,2171.2,2407.6,4111.6,2406.6,2407.6,4111.6,527.8,272.4,532.8,7712,2049.2,2724,21540,2050.2,1292.0,7912,0x733E183A
150,0,418114,418.114,0,0,OK,4625.2,4619.2,4619.2,4619.2,4619.2,4619.2,4619.2,4619.2,4619.2,0.00,4619.2,4619.2,4619.2,232.76,1031.6,791.2,1031.6,2171.2,4111.6,2406.6,2407.6,4111.6,2406.6,278.4,522.8,512.8,7712,2049.2,2724,16632,1799.8,1282.0,10356,0xE295E84F
151,0,418216,418.216,0,0,OK,4625.2,4619.2,4619.2,4619.2,4619.2,4619.2,4619.2,4619.2,4619.2,0.00,4619.2,4619.2,4619.2,231.76,791.2,791.2,791.2,4105.6,4110.6,4110.6,4110.6,4110.6,4110.6,517.8,532.8,522.8,5308,1808.8,5328,13828,1799.8,791.2,23236,0x3069BA87
152,0,418317,418.317,0,0,OK,4625.2,4619.2,4619.2,4619.2,4619.2,4619.2,4619.2,4619.2,4619.2,0.00,4619.2,4619.2,4619.2,232.76,1031.6,791.2,791.2,2171.2,4111.6,4110.6,2406.6,4111.6,4110.6,527.8,532.8,532.8,7712,1798.8,5128,13928,1559.4,1041.6,40,0x5F475E59
153,0,418419,418.419,0,0,OK,4628.2,4619.2,4619.2,4619.2,4619.2,4619.2,4619.2,4619.2,4619.2,0.00,4619.2,4619.2,4619.2,231.76,791.2,791.2,1031.6,4105.6,4110.6,2406.6,4111.6,4110.6,2406.6,268.4,512.8,512.8,7812,1808.8,5228,19036,2050.2,1031.6,18128,0xAFB31705
154,0,418521,418.521,0,0,OK,4624.2,4619.2,4619.2,4619.2,4619.2,4619.2,4619.2,4619.2,4619.2,0.00,4619.2,4619.2,4619.2,231.76,791.2,791.2,1031.6,4105.6,4110.6,2406.6,4111.6,4110.6,2406.6,518.8,522.8,532.8,5308,1558.4,5128,13828,2050.2,1031.6,2644,0xFD2C1ECD
155,0,418622,418.622,0,0,OK,4619.2,4619.2,4619.2,4619.2,4619.2,4619.2,4619.2,4619.2,4619.2,0.00,4619.2,4619.2,4619.2,232.76,791.2,1031.6,791.2,4105.6,2406.6,4111.6,4110.6,2406.6,4111.6,527.8,522.8,512.8,7712,2059.2,2624,13928,2060.2,1041.6,17928,0xAAF6B0D3
156,0,418724,418.724,0,0,OK,4624.2,4619.2,4619.2,4619.2,4619.2,4619.2,4619.2,4619.2,4619.2,0.00,4619.2,4619.2,4619.2,231.76,1031.6,1031.6,791.2,2171.2,2407.6,4111.6,2406.6,2407.6,4111.6,517.8,522.8,262.4,7912,1808.8,2624,19036,2060.2,1031.6,7752,0xEB1EF312
157,0,418826,418.826,0,0,OK,4619.2,4619.2,4619.2,4619.2,4619.2,4619.2,4619.2,4619.2,4619.2,0.00,4619.2,4619.2,4619.2,231.76,791.2,1031.6,791.2,4105.6,2406.6,4111.6,4110.6,2406.6,4111.6,277.4,532.8,522.8,7812,2049.2,2724,19036,1799.8,1282.0,15524,0x5D816A7D
158,0,418927,418.927,0,0,OK,4623.2,4619.2,4619.2,4619.2,4619.2,4619.2,4619.2,4619.2,4619.2,0.00,4619.2,4619.2,4619.2,232.76,1031.6,791.2,1031.6,2171.2,4111.6,2406.6,2407.6,4111.6,2406.6,268.4,532.8,272.4,5308,1798.8,5328,19036,1799.8,1292.0,10456,0xEBD223B6
159,0,419029,419.029,0,0,OK,4622.2,4619.2,4619.2,4619.2,4619.2,4619.2,4619.2,4619.2,4619.2,0.00,4619.2,4619.2,4619.2,0.80,791.2,1031.6,791.2,4105.6,2406.6,4111.6,4110.6,2406.6,4111.6,768.2,522.8,522.8,5308,1798.8,2724,21540,1799.8,1031.6,23236,0x84299B95
160,0,419131,419.131,0,0,OK,4621.2,4619.2,4619.2,4619.2,4619.2,4619.2,4619.2,4619.2,4619.2,0.00,4619.2,4619.2,4619.2,232.76,791.2,1031.6,791.2,4105.6,2406.6,4111.6,4110.6,2406.6,4111.6,267.4,272.4,272.4,5308,1558.4,2724,21540,1559.4,1031.6,5348,0x700E678E
161,0,419232,419.232,0,0,OK,4628.2,4619.2,4619.2,4619.2,4619.2,4619.2,4619.2,4619.2,4619.2,0.00,4619.2,4619.2,4619.2,232.76,791.2,791.2,791.2,4105.6,4110.6,4110.6,4110.6,4110.6,4110.6,517.8,512.8,272.4,7912,1558.4,2724,19036,1809.8,1292.0,7752,0x0B32391F
162,0,419334,419.334,0,0,OK,4620.2,4619.2,4619.2,4619.2,4619.2,4619.2,4619.2,4619.2,4619.2,0.00,4619.2,4619.2,4619.2,231.76,1031.6,791.2,1031.6,2171.2,4111.6,2406.6,2407.6,4111.6,2406.6,268.4,522.8,272.4,10316,1558.4,5328,13828,1799.8,1031.6,40,0x49E02A6D
163,0,419435,419.435,0,0,OK,4619.2,4619.2,4619.2,4619.2,4619.2,4619.2,4619.2,4619.2,4619.2,0.00,4619.2,4619.2,4619.2,0.80,791.2,1031.6,791.2,4105.6,2406.6,4111.6,4110.6,2406.6,4111.6,277.4,262.4,532.8,5308,1558.4,2624,16532,1809.8,1041.6,12860,0xB03B9ABE
164,0,419537,419.537,0,0,OK,4625.2,4619.2,4619.2,4619.2,4619.2,4619.2,4619.2,4619.2,4619.2,0.00,4619.2,4619.2,4619.2,232.76,1031.6,791.2,1031.6,2171.2,4111.6,2406.6,2407.6,4111.6,2406.6,518.8,262.4,262.4,7812,1558.4,5128,11424,1809.8,1031.6,23136,0x095880D6
165,0,419638,419.638,0,0,OK,4620.2,4619.2,4619.2,4619.2,4619.2,4619.2,4619.2,4619.2,4619.2,0.00,4619.2,4619.2,4619.2,232.76,791.2,791.2,791.2,4105.6,4110.6,4110.6,4110.6,4110.6,4110.6,277.4,512.8,532.8,7812,1808.8,2624,11424,1799.8,791.2,20532,0x39F05997
166,0,419740,419.740,0,0,OK,4624.2,4619.2,4619.2,4619.2,4619.2,4619.2,4619.2,4619.2,4619.2,0.00,4619.2,4619.2,4619.2,231.76,791.2,1031.6,1031.6,4105.6,2406.6,2407.6,4111.6,2406.6,2407.6,278.4,522.8,262.4,7712,2049.2,5128,16632,1559.4,1031.6,5248,0x4CE2D83F
167,0,419842,419.842,0,0,OK,4628.2,4619.2,4619.2,4619.2,4619.2,4619.2,4619.2,4619.2,4619.2,0.00,4619.2,4619.2,4619.2,231.76,791.2,1031.6,791.2,4105.6,2406.6,4111.6,4110.6,2406.6,4111.6,517.8,522.8,512.8,7812,2059.2,2624,19136,1799.8,1041.6,17928,0x587B2E87
168,0,419943,419.943,0,0,OK,4624.2,4619.2,4619.2,4619.2,4619.2,4619.2,4619.2,4619.2,4619.2,0.00,4619.2,4619.2,4619.2,0.80,1031.6,1031.6,1031.6,2171.2,2407.6,2407.6,2407.6,2407.6,2407.6,518.8,262.4,262.4,10316,2049.2,2624,19136,2060.2,1031.6,12820,0xEFB9FD0E
169,0,420045,420.045,0,0,OK,4628.2,4619.2,4619.2,4619.2,4619.2,4619.2,4619.2,4619.2,4619.2,0.00,4619.2,4619.2,4619.2,231.76,791.2,1031.6,1031.6,4105.6,2406.6,2407.6,4111.6,2406.6,2407.6,268.4,532.8,262.4,7912,1558.4,5228,14028,1559.4,1282.0,7852,0xC7AC5B44
170,0,420146,420.146,0,0,OK,4626.2,4619.2,4619.2,4619.2,4619.2,4619.2,4619.2,4619.2,4619.2,0.00,4619.2,4619.2,4619.2,232.76,791.2,791.2,1031.6,4105.6,4110.6,2406.6,4111.6,4110.6,2406.6,518.8,262.4,522.8,7912,1798.8,5228,16432,1799.8,1031.6,20732,0x09A12F0F
171,0,420248,420.248,0,0,OK,4622.2,4619.2,4619.2,4619.2,4619.2,4619.2,4619.2,4619.2,4619.2,0.00,4619.2,4619.2,4619.2,232.76,1031.6,791.2,791.2,2171.2,4111.6,4110.6,2406.6,4111.6,4110.6,527.8,512.8,272.4,5308,1808.8,5228,13928,1809.8,1282.0,20632,0xA7EE7B70
172,0,420350,420.350,0,0,OK,4622.2,4619.2,4619.2,4619.2,4619.2,4619.2,4619.2,4619.2,4619.2,0.00,4619.2,4619.2,4619.2,231.76,1031.6,791.2,791.2,2171.2,4111.6,4110.6,2406.6,4111.6,4110.6,277.4,532.8,272.4,10316,2059.2,5128,19036,1799.8,791.2,40,0x28D0332B
173,0,420451,420.451,0,0,OK,4620.2,4619.2,4619.2,4619.2,4619.2,4619.2,4619.2,4619.2,4619.2,0.00,4619.2,4619.2,4619.2,232.76,791.2,1031.6,791.2,4105.6,2406.6,4111.6,4110.6,2406.6,4111.6,277.4,532.8,532.8,5308,1808.8,5128,11424,2050.2,1031.6,7752,0x5E72CAC5
174,0,420553,420.553,0,0,OK,4625.2,4619.2,4619.2,4619.2,4619.2,4619.2,4619.2,4619.2,4619.2,0.00,4619.2,4619.2,4619.2,0.80,1031.6,1031.6,1031.6,2171.2,2407.6,2407.6,2407.6,2407.6,2407.6,528.8,532.8,532.8,7812,2059.2,5228,16632,2050.2,1041.6,12820,0xF7248669
175,0,420654,420.654,0,0,OK,4628.2,4619.2,4619.2,4619.2,4619.2,4619.2,4619.2,4619.2,4619.2,0.00,4619.2,4619.2,4619.2,232.76,1031.6,791.2,1031.6,2171.2,4111.6,2406.6,2407.6,4111.6,2406.6,528.8,532.8,272.4,10316,2059.2,5328,19136,1559.4,1282.0,18128,0x7872A8F9
176,0,420756,420.756,0,0,OK,4620.2,4619.2,4619.2,4619.2,4619.2,4619.2,4619.2,4619.2,4619.2,0.00,4619.2,4619.2,4619.2,0.80,1031.6,791.2,791.2,2171.2,4111.6,4110.6,2406.6,4111.6,4110.6,267.4,272.4,262.4,7712,1808.8,5128,16432,1799.8,791.2,7912,0xDAD8B3AA
177,0,420858,420.858,0,0,OK,4621.2,4619.2,4619.2,4619.2,4619.2,4619.2,4619.2,4619.2,4619.2,0.00,4619.2,4619.2,4619.2,231.76,791.2,1031.6,1031.6,4105.6,2406.6,2407.6,4111.6,2406.6,2407.6,528.8,262.4,532.8,10316,2059.2,2724,16432,1799.8,1282.0,10416,0x039D38DD
178,0,420959,420.959,0,0,OK,4622.2,4619.2,4619.2,4619.2,4619.2,4619.2,4619.2,4619.2,4619.2,0.00,4619.2,4619.2,4619.2,0.80,1031.6,791.2,1031.6,2171.2,4111.6,2406.6,2407.6,4111.6,2406.6,528.8,512.8,532.8,10316,2049.2,5328,13828,2050.2,1031.6,240,0xC6433929
179,0,421061,421.061,0,0,OK,4621.2,4619.2,4619.2,4619.2,4619.2,4619.2,4619.2,4619.2,4619.2,0.00,4619.2,4619.2,4619.2,231.76,791.2,1031.6,1031.6,4105.6,2406.6,2407.6,4111.6,2406.6,2407.6,278.4,512.8,262.4,7712,1808.8,5228,14028,1809.8,1041.6,23136,0x7F697E65
180,0,421162,421.162,0,0,OK,4621.2,4619.2,4619.2,4619.2,4619.2,4619.2,4619.2,4619.2,4619.2,0.00,4619.2,4619.2,4619.2,231.76,791.2,791.2,791.2,4105.6,4110.6,4110.6,4110.6,4110.6,4110.6,527.8,262.4,512.8,10316,1798.8,2624,21540,1799.8,791.2,140,0xD74BA431
181,0,421264,421.264,0,0,OK,4620.2,4619.2,4619.2,4619.2,4619.2,4619.2,4619.2,4619.2,4619.2,0.00,4619.2,4619.2,4619.2,232.76,791.2,1031.6,1031.6,4105.6,2406.6,2407.6,4111.6,2406.6,2407.6,278.4,262.4,262.4,5308,1808.8,5128,16432,2050.2,1041.6,10456,0xF8491953
182,0,421365,421.365,0,0,OK,4621.2,4619.2,4619.2,4619.2,4619.2,4619.2,4619.2,4619.2,4619.2,0.00,4619.2,4619.2,4619.2,232.76,1031.6,791.2,1031.6,2171.2,4111.6,2406.6,2407.6,4111.6,2406.6,268.4,522.8,532.8,10316,1558.4,2724,19136,2060.2,1282.0,240,0x0A28CD6F
183,0,421467,421.467,0,0,OK,4624.2,4619.2,4619.2,4619.2,4619.2,4619.2,4619.2,4619.2,4619.2,0.00,4619.2,4619.2,4619.2,0.80,791.2,791.2,1031.6,4105.6,4110.6,2406.6,4111.6,4110.6,2406.6,278.4,272.4,262.4,7912,2059.2,5328,16432,2050.2,1041.6,20532,0x89AAB85B
184,0,421569,421.569,0,0,OK,4619.2,4619.2,4619.2,4619.2,4619.2,4619.2,4619.2,4619.2,4619.2,0.00,4619.2,4619.2,4619.2,231.76,1031.6,791.2,1031.6,2171.2,4111.6,2406.6,2407.6,4111.6,2406.6,518.8,522.8,512.8,5308,1558.4,5228,16432,1799.8,1041.6,12860,0x9921248B
185,0,421670,421.670,0,0,OK,4620.2,4619.2,4619.2,4619.2,4619.2,4619.2,4619.2,4619.2,4619.2,0.00,4619.2,4619.2,4619.2,0.80,791.2,791.2,1031.6,4105.6,4110.6,2406.6,4111.6,4110.6,2406.6,278.4,532.8,262.4,10316,1808.8,5128,13828,1799.8,1031.6,15424,0x153DC21D
186,0,421772,421.772,0,0,OK,4624.2,4619.2,4619.2,4619.2,4619.2,4619.2,4619.2,4619.2,4619.2,0.00,4619.2,4619.2,4619.2,231.76,791.2,1031.6,791.2,4105.6,2406.6,4111.6,4110.6,2406.6,4111.6,527.8,272.4,532.8,5308,2059.2,2624,16632,1809.8,1292.0,5148,0x8A903EEC
187,0,421874,421.874,0,0,OK,4625.2,4619.2,4619.2,4619.2,4619.2,4619.2,4619.2,4619.2,4619.2,0.00,4619.2,4619.2,4619.2,232.76,791.2,1031.6,791.2,4105.6,2406.6,4111.6,4110.6,2406.6,4111.6,768.2,262.4,272.4,7912,1808.8,2624,21540,1799.8,1292.0,10416,0x10F55B9D
188,0,421975,421.975,0,0,OK,4622.2,4619.2,4619.2,4619.2,4619.2,4619.2,4619.2,4619.2,4619.2,0.00,4619.2,4619.2,4619.2,232.76,791.2,791.2,791.2,4105.6,4110.6,4110.6,4110.6,4110.6,4110.6,277.4,512.8,532.8,10316,1558.4,2624,16532,2050.2,791.2,5148,0x94F8DEF9
189,0,422077,422.077,0,0,OK,4627.2,4619.2,4619.2,4619.2,4619.2,4619.2,4619.2,4619.2,4619.2,0.00,4619.2,4619.2,4619.2,0.80,791.2,791.2,791.2,4105.6,4110.6,4110.6,4110.6,4110.6,4110.6,768.2,522.8,262.4,7812,1798.8,5228,16432,1809.8,791.2,5148,0x7DC81826
190,0,422178,422.178,0,0,OK,4621.2,4619.2,4619.2,4619.2,4619.2,4619.2,4619.2,4619.2,4619.2,0.00,4619.2,4619.2,4619.2,0.80,1031.6,791.2,1031.6,2171.2,4111.6,2406.6,2407.6,4111.6,2406.6,518.8,532.8,272.4,5308,1558.4,2724,21540,2050.2,1041.6,2744,0xE66BD4D5
191,0,422280,422.280,0,0,OK,4627.2,4619.2,4619.2,4619.2,4619.2,4619.2,4619.2,4619.2,4619.2,0.00,4619.2,4619.2,4619.2,232.76,791.2,1031.6,791.2,4105.6,2406.6,4111.6,4110.6,2406.6,4111.6,768.2,522.8,262.4,5308,1798.8,2624,16532,1799.8,1041.6,10416,0x80087A37
192,0,422382,422.382,0,0,OK,4623.2,4619.2,4619.2,4619.2,4619.2,4619.2,4619.2,4619.2,4619.2,0.00,4619.2,4619.2,4619.2,232.76,1031.6,1031.6,791.2,2171.2,2407.6,4111.6,2406.6,2407.6,4111.6,768.2,272.4,272.4,7912,2049.2,2624,19036,1809.8,1031.6,7852,0xF897CC73
193,0,422483,422.483,0,0,OK,4624.2,4619.2,4619.2,4619.2,4619.2,4619.2,4619.2,4619.2,4619.2,0.00,4619.2,4619.2,4619.2,231.76,1031.6,791.2,1031.6,2171.2,4111.6,2406.6,2407.6,4111.6,2406.6,528.8,512.8,262.4,10316,1808.8,5228,13928,1809.8,1041.6,10456,0x3F0320B2
194,0,422585,422.585,0,0,OK,4623.2,4619.2,4619.2,4619.2,4619.2,4619.2,4619.2,4619.2,4619.2,0.00,4619.2,4619.2,4619.2,0.80,791.2,1031.6,1031.6,4105.6,2406.6,2407.6,4111.6,2406.6,2407.6,278.4,512.8,272.4,7712,2059.2,5328,16632,2050.2,1031.6,20732,0x9758B88F
195,0,422686,422.686,0,0,OK,4628.2,4619.2,4619.2,4619.2,4619.2,4619.2,4619.2,4619.2,4619.2,0.00,4619.2,4619.2,4619.2,231.76,1031.6,1031.6,791.2,2171.2,2407.6,4111.6,2406.6,2407.6,4111.6,517.8,262.4,262.4,10316,1798.8,5228,19136,2060.2,1031.6,20732,0x7DC8161F
196,0,422788,422.788,0,0,OK,4620.2,4619.2,4619.2,4619.2,4619.2,4619.2,4619.2,4619.2,4619.2,0.00,4619.2,4619.2,4619.2,232.76,1031.6,1031.6,1031.6,2171.2,2407.6,2407.6,2407.6,2407.6,2407.6,528.8,262.4,532.8,7712,1798.8,5328,13828,1799.8,791.2,13020,0xCE454564
197,0,422890,422.890,0,0,OK,4620.2,4619.2,4619.2,4619.2,4619.2,4619.2,4619.2,4619.2,4619.2,0.00,4619.2,4619.2,4619.2,232.76,1031.6,1031.6,1031.6,2171.2,2407.6,2407.6,2407.6,2407.6,2407.6,278.4,272.4,532.8,7912,1798.8,5228,13828,1799.8,791.2,15424,0xFC446208
198,0,422991,422.991,0,0,OK,4622.2,4619.2,4619.2,4619.2,4619.2,4619.2,4619.2,4619.2,4619.2,0.00,4619.2,4619.2,4619.2,231.76,1031.6,1031.6,791.2,2171.2,2407.6,4111.6,2406.6,2407.6,4111.6,277.4,262.4,272.4,7712,2059.2,2624,13928,2050.2,791.2,10356,0xEE6A1FCB
199,0,423093,423.093,0,0,OK,4625.2,4619.2,4619.2,4619.2,4619.2,4619.2,4619.2,4619.2,4619.2,0.00,4619.2,4619.2,4619.2,0.80,791.2,791.2,1031.6,4105.6,4110.6,2406.6,4111.6,4110.6,2406.6,769.2,262.4,262.4,10316,2049.2,5128,19036,2050.2,791.2,240,0xBFA64EF6
200,0,423194,423.194,0,0,OK,4620.2,4619.2,4619.2,4619.2,4619.2,4619.2,4619.2,4619.2,4619.2,0.00,4619.2,4619.2,4619.2,0.80,1031.6,791.2,791.2,2171.2,4111.6,4110.6,2406.6,4111.6,4110.6,517.8,262.4,272.4,5308,1558.4,2624,13928,2060.2,1041.6,140,0x9C560BAE
201,0,423296,423.296,0,0,OK,4619.2,4619.2,4619.2,4619.2,4619.2,4619.2,4619.2,4619.2,4619.2,0.00,4619.2,4619.2,4619.2,232.76,1031.6,791.2,1031.6,2171.2,4111.6,2406.6,2407.6,4111.6,2406.6,518.8,522.8,272.4,10316,2049.2,5328,21540,2060.2,1031.6,17928,0x170DC1E2
202,0,423398,423.398,0,0,OK,4622.2,4619.2,4619.2,4619.2,4619.2,4619.2,4619.2,4619.2,4619.2,0.00,4619.2,4619.2,4619.2,0.80,1031.6,791.2,1031.6,2171.2,4111.6,2406.6,2407.6,4111.6,2406.6,278.4,522.8,512.8,7712,1798.8,2724,14028,1559.4,1031.6,2644,0xB5DC17B6
203,0,423499,423.499,0,0,OK,4626.2,4619.2,4619.2,4619.2,4619.2,4619.2,4619.2,4619.2,4619.2,0.00,4619.2,4619.2,4619.2,232.76,791.2,791.2,1031.6,4105.6,4110.6,2406.6,4111.6,4110.6,2406.6,528.8,532.8,522.8,10316,2049.2,5128,14028,2050.2,1292.0,2644,0xBB41F30F
204,0,423601,423.601,0,0,OK,4621.2,4619.2,4619.2,4619.2,4619.2,4619.2,4619.2,4619.2,4619.2,0.00,4619.2,4619.2,4619.2,0.80,791.2,1031.6,1031.6,4105.6,2406.6,2407.6,4111.6,2406.6,2407.6,268.4,512.8,272.4,7912,2059.2,5328,19036,2050.2,1292.0,20632,0x40612DF3
205,0,423702,423.702,0,0,OK,4628.2,4619.2,4619.2,4619.2,4619.2,4619.2,4619.2,4619.2,4619.2,0.00,4619.2,4619.2,4619.2,0.80,791.2,1031.6,1031.6,4105.6,2406.6,2407.6,4111.6,2406.6,2407.6,268.4,512.8,272.4,7812,2049.2,2724,16532,1809.8,791.2,18028,0xB4FC23FC
206,0,423804,423.804,0,0,OK,4624.2,4619.2,4619.2,4619.2,4619.2,4619.2,4619.2,4619.2,4619.2,0.00,4619.2,4619.2,4619.2,231.76,791.2,791.2,791.2,4105.6,4110.6,4110.6,4110.6,4110.6,4110.6,527.8,522.8,512.8,7812,1558.4,5328,13928,1809.8,791.2,20532,0xF71BE28A
207,0,423906,423.906,0,0,OK,4619.2,4619.2,4619.2,4619.2,4619.2,4619.2,4619.2,4619.2,4619.2,0.00,4619.2,4619.2,4619.2,0.80,1031.6,791.2,1031.6,2171.2,4111.6,2406.6,2407.6,4111.6,2406.6,268.4,262.4,512.8,7912,2059.2,5228,11424,1559.4,791.2,12920,0xEC5CF999
208,0,424007,424.007,0,0,OK,4625.2,4619.2,4619.2,4619.2,4619.2,4619.2,4619.2,4619.2,4619.2,0.00,4619.2,4619.2,4619.2,231.76,1031.6,1031.6,1031.6,2171.2,2407.6,2407.6,2407.6,2407.6,2407.6,518.8,512.8,532.8,7912,1808.8,2624,16432,1809.8,1282.0,15424,0xB041E286
209,0,424109,424.109,0,0,OK,4621.2,4619.2,4619.2,4619.2,4619.2,4619.2,4619.2,4619.2,4619.2,0.00,4619.2,4619.2,4619.2,231.76,791.2,791.2,1031.6,4105.6,4110.6,2406.6,4111.6,4110.6,2406.6,769.2,272.4,522.8,7912,1798.8,5228,13928,2060.2,1041.6,5348,0x02E37280
210,0,424210,424.210,0,0,OK,4625.2,4619.2,4619.2,4619.2,4619.2,4619.2,4619.2,4619.2,4619.2,0.00,4619.2,4619.2,4619.2,232.76,1031.6,1031.6,791.2,2171.2,2407.6,4111.6,2406.6,2407.6,4111.6,768.2,522.8,532.8,7712,1558.4,2624,19136,2050.2,1031.6,140,0xA14AD660
211,0,424312,424.312,0,0,OK,4621.2,4619.2,4619.2,4619.2,4619.2,4619.2,4619.2,4619.2,4619.2,0.00,4619.2,4619.2,4619.2,232.76,1031.6,1031.6,1031.6,2171.2,2407.6,2407.6,2407.6,2407.6,2407.6,278.4,262.4,272.4,5308,1808.8,2724,16432,1559.4,1041.6,2644,0x24744FEF
212,0,424414,424.414,0,0,OK,4626.2,4619.2,4619.2,4619.2,4619.2,4619.2,4619.2,4619.2,4619.2,0.00,4619.2,4619.2,4619.2,232.76,1031.6,1031.6,1031.6,2171.2,2407.6,2407.6,2407.6,2407.6,2407.6,268.4,512.8,522.8,7812,1558.4,2724,19036,1559.4,1041.6,10356,0x99A94B74
213,0,424515,424.515,0,0,OK,4626.2,4619.2,4619.2,4619.2,4619.2,4619.2,4619.2,4619.2,4619.2,0.00,4619.2,4619.2,4619.2,231.76,1031.6,1031.6,1031.6,2171.2,2407.6,2407.6,2407.6,2407.6,2407.6,518.8,262.4,262.4,7812,1808.8,5228,16432,2050.2,1292.0,140,0x6F240C3F
214,0,424617,424.617,0,0,OK,4623.2,4619.2,4619.2,4619.2,4619.2,4619.2,4619.2,4619.2,4619.2,0.00,4619.2,4619.2,4619.2,231.76,1031.6,1031.6,1031.6,2171.2,2407.6,2407.6,2407.6,2407.6,2407.6,278.4,262.4,522.8,7712,1798.8,5128,11424,2060.2,1041.6,10416,0x32D269CF
215,0,424719,424.719,0,0,OK,4623.2,4619.2,4619.2,4619.2,4619.2,4619.2,4619.2,4619.2,4619.2,0.00,4619.2,4619.2,4619.2,0.80,1031.6,1031.6,791.2,2171.2,2407.6,4111.6,2406.6,2407.6,4111.6,267.4,512.8,532.8,5308,1808.8,2624,19136,2050.2,1282.0,12820,0x24EE70C4
216,0,424820,424.820,0,0,OK,4621.2,4619.2,4619.2,4619.2,4619.2,4619.2,4619.2,4619.2,4619.2,0.00,4619.2,4619.2,4619.2,232.76,791.2,1031.6,1031.6,4105.6,2406.6,2407.6,4111.6,2406.6,2407.6,268.4,272.4,532.8,7912,2049.2,2624,13828,1559.4,791.2,10256,0xB296FF17
217,0,424922,424.922,0,0,OK,4627.2,4619.2,4619.2,4619.2,4619.2,4619.2,4619.2,4619.2,4619.2,0.00,4619.2,4619.2,4619.2,231.76,1031.6,791.2,791.2,2171.2,4111.6,4110.6,2406.6,4111.6,4110.6,768.2,272.4,272.4,10316,2059.2,2724,13828,2060.2,1282.0,15524,0x79ADA1D3
218,0,425023,425.023,0,0,OK,4619.2,4619.2,4619.2,4619.2,4619.2,4619.2,4619.2,4619.2,4619.2,0.00,4619.2,4619.2,4619.2,231.76,1031.6,1031.6,791.2,2171.2,2407.6,4111.6,2406.6,2407.6,4111.6,517.8,262.4,272.4,5308,2059.2,5228,11424,1559.4,1282.0,140,0x743E1005
219,0,425125,425.125,0,0,OK,4622.2,4619.2,4619.2,4619.2,4619.2,4619.2,4619.2,4619.2,4619.2,0.00,4619.2,4619.2,4619.2,231.76,791.2,791.2,791.2,4105.6,4110.6,4110.6,4110.6,4110.6,4110.6,277.4,272.4,262.4,7812,1798.8,2624,19136,1799.8,1041.6,20732,0xF351BEE6
220,0,425227,425.227,0,0,OK,4627.2,4619.2,4619.2,4619.2,4619.2,4619.2,4619.2,4619.2,4619.2,0.00,4619.2,4619.2,4619.2,231.76,1031.6,791.2,1031.6,2171.2,4111.6,2406.6,2407.6,4111.6,2406.6,278.4,532.8,512.8,7712,2059.2,5328,19136,1559.4,1292.0,10316,0x2368A5A3
221,0,425328,425.328,0,0,OK,4620.2,4619.2,4619.2,4619.2,4619.2,4619.2,4619.2,4619.2,4619.2,0.00,4619.2,4619.2,4619.2,0.80,1031.6,791.2,791.2,2171.2,4111.6,4110.6,2406.6,4111.6,4110.6,277.4,512.8,532.8,10316,2059.2,2624,16432,1559.4,1282.0,18128,0x055D3D3F
222,0,425430,425.430,0,0,OK,4624.2,4619.2,4619.2,4619.2,4619.2,4619.2,4619.2,4619.2,4619.2,0.00,4619.2,4619.2,4619.2,0.80,1031.6,791.2,791.2,2171.2,4111.6,4110.6,2406.6,4111.6,4110.6,267.4,512.8,512.8,7712,1558.4,2724,16632,1809.8,1282.0,15424,0x055EDF69
223,0,425532,425.532,0,0,OK,4622.2,4619.2,4619.2,4619.2,4619.2,4619.2,4619.2,4619.2,4619.2,0.00,4619.2,4619.2,4619.2,0.80,791.2,791.2,1031.6,4105.6,4110.6,2406.6,4111.6,4110.6,2406.6,528.8,522.8,262.4,10316,1808.8,2724,13928,1809.8,1292.0,2744,0x0BE68A9D
224,0,425633,425.633,0,0,OK,4624.2,4619.2,4619.2,4619.2,4619.2,4619.2,4619.2,4619.2,4619.2,0.00,4619.2,4619.2,4619.2,231.76,1031.6,791.2,1031.6,2171.2,4111.6,2406.6,2407.6,4111.6,2406.6,528.8,522.8,272.4,7712,1808.8,5328,16532,1809.8,791.2,18128,0x9C63C87D
225,0,425735,425.735,0,0,OK,4622.2,4619.2,4619.2,4619.2,4619.2,4619.2,4619.2,4619.2,4619.2,0.00,4619.2,4619.2,4619.2,232.76,791.2,791.2,1031.6,4105.6,4110.6,2406.6,4111.6,4110.6,2406.6,769.2,262.4,272.4,10316,1558.4,2624,13828,2060.2,1031.6,20532,0xC3637832
226,0,425837,425.837,0,0,OK,4625.2,4619.2,4619.2,4619.2,4619.2,4619.2,4619.2,4619.2,4619.2,0.00,4619.2,4619.2,4619.2,231.76,1031.6,1031.6,1031.6,2171.2,2407.6,2407.6,2407.6,2407.6,2407.6,528.8,532.8,272.4,5308,1808.8,5328,14028,1809.8,1041.6,2744,0xEE9AF26B
227,0,425938,425.938,0,0,OK,4628.2,4619.2,4619.2,4619.2,4619.2,4619.2,4619.2,4619.2,4619.2,0.00,4619.2,4619.2,4619.2,232.76,1031.6,1031.6,791.2,2171.2,2407.6,4111.6,2406.6,2407.6,4111.6,267.4,532.8,532.8,7912,1808.8,2624,16432,1559.4,1292.0,10456,0x47480BE9
228,0,426040,426.040,0,0,OK,4623.2,4619.2,4619.2,4619.2,4619.2,4619.2,4619.2,4619.2,4619.2,0.00,4619.2,4619.2,4619.2,0.80,1031.6,791.2,1031.6,2171.2,4111.6,2406.6,2407.6,4111.6,2406.6,268.4,262.4,272.4,5308,2059.2,2724,16632,1809.8,1292.0,10316,0xD55AF272
229,0,426142,426.142,0,0,OK,4626.2,4619.2,4619.2,4619.2,4619.2,4619.2,4619.2,4619.2,4619.2,0.00,4619.2,4619.2,4619.2,232.76,791.2,791.2,791.2,4105.6,4110.6,4110.6,4110.6,4110.6,4110.6,768.2,272.4,512.8,7712,1558.4,5228,11424,1809.8,1031.6,10356,0x5C320CA6
230,0,426243,426.243,0,0,OK,4626.2,4619.2,4619.2,4619.2,4619.2,4619.2,4619.2,4619.2,4619.2,0.00,4619.2,4619.2,4619.2,0.80,1031.6,791.2,791.2,2171.2,4111.6,4110.6,2406.6,4111.6,4110.6,768.2,262.4,532.8,5308,1558.4,2724,21540,1799.8,1292.0,140,0xF90B4BBD
231,0,426345,426.345,0,0,OK,4621.2,4619.2,4619.2,4619.2,4619.2,4619.2,4619.2,4619.2,4619.2,0.00,4619.2,4619.2,4619.2,0.80,791.2,791.2,1031.6,4105.6,4110.6,2406.6,4111.6,4110.6,2406.6,278.4,532.8,522.8,7712,2059.2,5228,21540,2050.2,1292.0,10316,0xF527D5BF
232,0,426446,426.446,0,0,OK,4627.2,4619.2,4619.2,4619.2,4619.2,4619.2,4619.2,4619.2,4619.2,0.00,4619.2,4619.2,4619.2,231.76,791.2,1031.6,1031.6,4105.6,2406.6,2407.6,4111.6,2406.6,2407.6,769.2,532.8,512.8,5308,2059.2,2624,19036,1559.4,791.2,13020,0x50F733C0
233,0,426548,426.548,0,0,OK,4628.2,4619.2,4619.2,4619.2,4619.2,4619.2,4619.2,4619.2,4619.2,0.00,4619.2,4619.2,4619.2,232.76,791.2,791.2,791.2,4105.6,4110.6,4110.6,4110.6,4110.6,4110.6,277.4,512.8,272.4,7912,2059.2,5228,13828,1809.8,1292.0,10256,0x3266D8E5
234,0,426650,426.650,0,0,OK,4621.2,4619.2,4619.2,4619.2,4619.2,4619.2,4619.2,4619.2,4619.2,0.00,4619.2,4619.2,4619.2,231.76,1031.6,791.2,1031.6,2171.2,4111.6,2406.6,2407.6,4111.6,2406.6,518.8,272.4,272.4,7712,1798.8,5128,16532,1809.8,1282.0,2644,0x6624BBF5
235,0,426751,426.751,0,0,OK,4625.2,4619.2,4619.2,4619.2,4619.2,4619.2,4619.2,4619.2,4619.2,0.00,4619.2,4619.2,4619.2,231.76,791.2,791.2,1031.6,4105.6,4110.6,2406.6,4111.6,4110.6,2406.6,528.8,512.8,532.8,10316,1808.8,2724,11424,1809.8,1282.0,2644,0x5D81AC08
236,0,426853,426.853,0,0,OK,4624.2,4619.2,4619.2,4619.2,4619.2,4619.2,4619.2,4619.2,4619.2,0.00,4619.2,4619.2,4619.2,0.80,1031.6,1031.6,791.2,2171.2,2407.6,4111.6,2406.6,2407.6,4111.6,267.4,512.8,512.8,7712,1798.8,5228,14028,2060.2,1031.6,17928,0x98402777
237,0,426955,426.955,0,0,OK,4621.2,4619.2,4619.2,4619.2,4619.2,4619.2,4619.2,4619.2,4619.2,0.00,4619.2,4619.2,4619.2,231.76,791.2,791.2,1031.6,4105.6,4110.6,2406.6,4111.6,4110.6,2406.6,528.8,522.8,262.4,10316,2059.2,5228,16632,1799.8,1292.0,2744,0x33A9742E
238,0,427056,427.056,0,0,OK,4621.2,4619.2,4619.2,4619.2,4619.2,4619.2,4619.2,4619.2,4619.2,0.00,4619.2,4619.2,4619.2,231.76,1031.6,791.2,791.2,2171.2,4111.6,4110.6,2406.6,4111.6,4110.6,517.8,272.4,512.8,10316,2049.2,5128,11424,1799.8,1282.0,5248,0xB8640B1E
239,0,427158,427.158,0,0,OK,4623.2,4619.2,4619.2,4619.2,4619.2,4619.2,4619.2,4619.2,4619.2,0.00,4619.2,4619.2,4619.2,231.76,1031.6,791.2,1031.6,2171.2,4111.6,2406.6,2407.6,4111.6,2406.6,278.4,272.4,522.8,7912,1808.8,5128,14028,1809.8,1282.0,15424,0xB9AC7DFE
240,0,427260,427.260,0,0,OK,4627.2,4619.2,4619.2,4619.2,4619.2,4619.2,4619.2,4619.2,4619.2,0.00,4619.2,4619.2,4619.2,0.80,1031.6,791.2,1031.6,2171.2,4111.6,2406.6,2407.6,4111.6,2406.6,769.2,522.8,262.4,7712,2049.2,5128,13928,1559.4,1282.0,18128,0x1AD1DBF9
241,0,427361,427.361,0,0,OK,4621.2,4619.2,4619.2,4619.2,4619.2,4619.2,4619.2,4619.2,4619.2,0.00,4619.2,4619.2,4619.2,232.76,791.2,791.2,791.2,4105.6,4110.6,4110.6,4110.6,4110.6,4110.6,527.8,522.8,532.8,7812,1798.8,5328,14028,1809.8,1031.6,23236,0x2C6D0A17
242,0,427463,427.463,0,0,OK,4621.2,4619.2,4619.2,4619.2,4619.2,4619.2,4619.2,4619.2,4619.2,0.00,4619.2,4619.2,4619.2,231.76,1031.6,791.2,791.2,2171.2,4111.6,4110.6,2406.6,4111.6,4110.6,267.4,262.4,272.4,5308,2049.2,2724,11424,1799.8,1292.0,140,0x74A7C38F
243,0,427565,427.565,0,0,OK,4623.2,4619.2,4619.2,4619.2,4619.2,4619.2,4619.2,4619.2,4619.2,0.00,4619.2,4619.2,4619.2,231.76,1031.6,1031.6,1031.6,2171.2,2407.6,2407.6,2407.6,2407.6,2407.6,268.4,512.8,532.8,7812,1808.8,5128,16532,1809.8,1031.6,5248,0xE28A4BBB
244,0,427666,427.666,0,0,OK,4628.2,4619.2,4619.2,4619.2,4619.2,4619.2,4619.2,4619.2,4619.2,0.00,4619.2,4619.2,4619.2,0.80,791.2,791.2,791.2,4105.6,4110.6,4110.6,4110.6,4110.6,4110.6,768.2,512.8,522.8,7812,2059.2,5328,16632,2060.2,1031.6,10416,0x886642D5
245,0,427768,427.768,0,0,OK,4621.2,4619.2,4619.2,4619.2,4619.2,4619.2,4619.2,4619.2,4619.2,0.00,4619.2,4619.2,4619.2,232.76,1031.6,1031.6,1031.6,2171.2,2407.6,2407.6,2407.6,2407.6,2407.6,268.4,262.4,512.8,10316,2049.2,2724,13828,2050.2,1292.0,7752,0x1EA0403D
246,0,427869,427.869,0,0,OK,4624.2,4619.2,4619.2,4619.2,4619.2,4619.2,4619.2,4619.2,4619.2,0.00,4619.2,4619.2,4619.2,231.76,791.2,1031.6,791.2,4105.6,2406.6,4111.6,4110.6,2406.6,4111.6,768.2,532.8,522.8,10316,2059.2,5128,16632,2060.2,1041.6,10316,0x09C143A3
247,0,427971,427.971,0,0,OK,4621.2,4619.2,4619.2,4619.2,4619.2,4619.2,4619.2,4619.2,4619.2,0.00,4619.2,4619.2,4619.2,232.76,791.2,791.2,1031.6,4105.6,4110.6,2406.6,4111.6,4110.6,2406.6,268.4,262.4,532.8,7912,1558.4,2724,14028,1559.4,1031.6,7852,0xEBF56E93
248,0,428073,428.073,0,0,OK,4622.2,4619.2,4619.2,4619.2,4619.2,4619.2,4619.2,4619.2,4619.2,0.00,4619.2,4619.2,4619.2,231.76,1031.6,1031.6,1031.6,2171.2,2407.6,2407.6,2407.6,2407.6,2407.6,278.4,512.8,522.8,5308,1558.4,5328,16432,2060.2,1041.6,18028,0xD902C039
249,0,428174,428.174,0,0,OK,4623.2,4619.2,4619.2,4619.2,4619.2,4619.2,4619.2,4619.2,4619.2,0.00,4619.2,4619.2,4619.2,232.76,791.2,1031.6,1031.6,4105.6,2406.6,2407.6,4111.6,2406.6,2407.6,518.8,522.8,262.4,10316,1808.8,5228,19136,2060.2,1282.0,5348,0x45DB0688
250,0,428276,428.276,0,0,OK,4624.2,4619.2,4619.2,4619.2,4619.2,4619.2,4619.2,4619.2,4619.2,0.00,4619.2,4619.2,4619.2,232.76,1031.6,791.2,1031.6,2171.2,4111.6,2406.6,2407.6,4111.6,2406.6,268.4,532.8,272.4,10316,1798.8,2724,13928,1799.8,1041.6,7852,0xF78BCDA7
251,0,428378,428.378,0,0,OK,4623.2,4619.2,4619.2,4619.2,4619.2,4619.2,4619.2,4619.2,4619.2,0.00,4619.2,4619.2,4619.2,232.76,791.2,791.2,1031.6,4105.6,4110.6,2406.6,4111.6,4110.6,2406.6,528.8,512.8,512.8,7812,2049.2,5128,19136,1809.8,1292.0,10416,0x15B1893F
252,0,428479,428.479,0,0,OK,4621.2,4619.2,4619.2,4619.2,4619.2,4619.2,4619.2,4619.2,4619.2,0.00,4619.2,4619.2,4619.2,0.80,791.2,791.2,791.2,4105.6,4110.6,4110.6,4110.6,4110.6,4110.6,277.4,522.8,532.8,7912,1808.8,2624,19136,2050.2,1292.0,15524,0x2C02FD18
253,0,428581,428.581,0,0,OK,4626.2,4619.2,4619.2,4619.2,4619.2,4619.2,4619.2,4619.2,4619.2,0.00,4619.2,4619.2,4619.2,232.76,791.2,791.2,791.2,4105.6,4110.6,4110.6,4110.6,4110.6,4110.6,517.8,512.8,522.8,7712,1798.8,5328,19036,1809.8,791.2,18028,0x6BFCE815
254,0,428682,428.682,0,0,OK,4621.2,4619.2,4619.2,4619.2,4619.2,4619.2,4619.2,4619.2,4619.2,0.00,4619.2,4619.2,4619.2,232.76,791.2,791.2,1031.6,4105.6,4110.6,2406.6,4111.6,4110.6,2406.6,278.4,512.8,512.8,7712,2059.2,5128,11424,1799.8,791.2,23236,0xF471E0E7
255,0,428784,428.784,0,0,OK,4623.2,4619.2,4619.2,4619.2,4619.2,4619.2,4619.2,4619.2,4619.2,0.00,4619.2,4619.2,4619.2,232.76,1031.6,791.2,1031.6,2171.2,4111.6,2406.6,2407.6,4111.6,2406.6,518.8,532.8,512.8,10316,2059.2,5228,16632,1799.8,1031.6,20632,0x35ACC899
256,0,428886,428.886,0,0,OK,4623.2,4619.2,4619.2,4619.2,4619.2,4619.2,4619.2,4619.2,4619.2,0.00,4619.2,4619.2,4619.2,232.76,1031.6,1031.6,1031.6,2171.2,2407.6,2407.6,2407.6,2407.6,2407.6,278.4,262.4,262.4,7812,2049.2,5328,16532,2060.2,1292.0,12820,0x1F1F048C
257,0,428987,428.987,0,0,OK,4620.2,4619.2,4619.2,4619.2,4619.2,4619.2,4619.2,4619.2,4619.2,0.00,4619.2,4619.2,4619.2,231.76,1031.6,1031.6,791.2,2171.2,2407.6,4111.6,2406.6,2407.6,4111.6,267.4,512.8,272.4,7712,1798.8,2624,16632,1799.8,1031.6,10316,0x9E9F8A5F
258,0,429089,429.089,0,0,OK,4627.2,4619.2,4619.2,4619.2,4619.2,4619.2,4619.2,4619.2,4619.2,0.00,4619.2,4619.2,4619.2,232.76,791.2,791.2,1031.6,4105.6,4110.6,2406.6,4111.6,4110.6,2406.6,528.8,522.8,512.8,7712,2059.2,2724,13928,1559.4,1292.0,12920,0x0D3110FB
259,0,429191,429.191,0,0,OK,4628.2,4619.2,4619.2,4619.2,4619.2,4619.2,4619.2,4619.2,4619.2,0.00,4619.2,4619.2,4619.2,0.80,791.2,791.2,791.2,4105.6,4110.6,4110.6,4110.6,4110.6,4110.6,527.8,522.8,512.8,5308,1558.4,2624,16632,1799.8,1031.6,2744,0xF0FB162D
260,0,429292,429.292,0,0,OK,4620.2,4619.2,4619.2,4619.2,4619.2,4619.2,4619.2,4619.2,4619.2,0.00,4619.2,4619.2,4619.2,232.76,791.2,1031.6,1031.6,4105.6,2406.6,2407.6,4111.6,2406.6,2407.6,769.2,522.8,512.8,7912,2059.2,5228,13928,1809.8,1282.0,15424,0xA2BD672C
261,0,429394,429.394,0,0,OK,4620.2,4619.2,4619.2,4619.2,4619.2,4619.2,4619.2,4619.2,4619.2,0.00,4619.2,4619.2,4619.2,231.76,791.2,791.2,1031.6,4105.6,4110.6,2406.6,4111.6,4110.6,2406.6,278.4,522.8,512.8,10316,1798.8,5128,21540,1809.8,1041.6,12920,0x8E82135B
262,0,429495,429.495,0,0,OK,4625.2,4619.2,4619.2,4619.2,4619.2,4619.2,4619.2,4619.2,4619.2,0.00,4619.2,4619.2,4619.2,232.76,1031.6,791.2,791.2,2171.2,4111.6,4110.6,2406.6,4111.6,4110.6,267.4,272.4,262.4,7812,2059.2,2624,19136,1799.8,1031.6,10316,0xBC660F39
263,0,429597,429.597,0,0,OK,4624.2,4619.2,4619.2,4619.2,4619.2,4619.2,4619.2,4619.2,4619.2,0.00,4619.2,4619.2,4619.2,231.76,1031.6,1031.6,791.2,2171.2,2407.6,4111.6,2406.6,2407.6,4111.6,267.4,522.8,272.4,10316,2059.2,2724,21540,2050.2,1282.0,7912,0x213F5109
264,0,429699,429.699,0,0,OK,4626.2,4619.2,4619.2,4619.2,4619.2,4619.2,4619.2,4619.2,4619.2,0.00,4619.2,4619.2,4619.2,231.76,1031.6,1031.6,791.2,2171.2,2407.6,4111.6,2406.6,2407.6,4111.6,768.2,532.8,512.8,10316,1798.8,2724,13928,2060.2,1031.6,12860,0xADFFD8E5
265,0,429800,429.800,0,0,OK,4627.2,4619.2,4619.2,4619.2,4619.2,4619.2,4619.2,4619.2,4619.2,0.00,4619.2,4619.2,4619.2,231.76,791.2,791.2,791.2,4105.6,4110.6,4110.6,4110.6,4110.6,4110.6,267.4,512.8,262.4,7912,1558.4,5228,21540,2060.2,1292.0,18028,0x62934B55
266,0,429902,429.902,0,0,OK,4620.2,4619.2,4619.2,4619.2,4619.2,4619.2,4619.2,4619.2,4619.2,0.00,4619.2,4619.2,4619.2,231.76,791.2,1031.6,1031.6,4105.6,2406.6,2407.6,4111.6,2406.6,2407.6,278.4,262.4,522.8,7912,2059.2,5128,21540,2060.2,1292.0,140,0x23728036
267,0,430004,430.004,0,0,OK,4622.2,4619.2,4619.2,4619.2,4619.2,4619.2,4619.2,4619.2,4619.2,0.00,4619.2,4619.2,4619.2,232.76,1031.6,791.2,791.2,2171.2,4111.6,4110.6,2406.6,4111.6,4110.6,768.2,512.8,522.8,7912,2059.2,5228,16632,1559.4,1041.6,13020,0x25E6DB32
268,0,430105,430.105,0,0,OK,4624.2,4619.2,4619.2,4619.2,4619.2,4619.2,4619.2,4619.2,4619.2,0.00,4619.2,4619.2,4619.2,232.76,1031.6,791.2,1031.6,2171.2,4111.6,2406.6,2407.6,4111.6,2406.6,518.8,512.8,532.8,7912,1558.4,5228,16532,1559.4,1282.0,10356,0x4347947B
269,0,430207,430.207,0,0,OK,4621.2,4619.2,4619.2,4619.2,4619.2,4619.2,4619.2,4619.2,4619.2,0.00,4619.2,4619.2,4619.2,0.80,791.2,1031.6,1031.6,4105.6,2406.6,2407.6,4111.6,2406.6,2407.6,518.8,522.8,512.8,7812,1798.8,2624,13928,1559.4,1292.0,7912,0xF1464DB4
270,0,430308,430.308,0,0,OK,4624.2,4619.2,4619.2,4619.2,4619.2,4619.2,4619.2,4619.2,4619.2,0.00,4619.2,4619.2,4619.2,231.76,791.2,1031.6,791.2,4105.6,2406.6,4111.6,4110.6,2406.6,4111.6,517.8,272.4,522.8,7712,1558.4,2724,19136,2060.2,1031.6,10356,0x4E348C25
271,0,430410,430.410,0,0,OK,4622.2,4619.2,4619.2,4619.2,4619.2,4619.2,4619.2,4619.2,4619.2,0.00,4619.2,4619.2,4619.2,231.76,1031.6,1031.6,791.2,2171.2,2407.6,4111.6,2406.6,2407.6,4111.6,527.8,272.4,522.8,7912,1808.8,5228,13828,1799.8,1292.0,7912,0xE19CDCBE
272,0,430512,430.512,0,0,OK,4621.2,4619.2,4619.2,4619.2,4619.2,4619.2,4619.2,4619.2,4619.2,0.00,4619.2,4619.2,4619.2,0.80,791.2,1031.6,1031.6,4105.6,2406.6,2407.6,4111.6,2406.6,2407.6,268.4,512.8,262.4,10316,1558.4,5128,21540,1559.4,1031.6,15424,0x6EC76726
273,0,430613,430.613,0,0,OK,4627.2,4619.2,4619.2,4619.2,4619.2,4619.2,4619.2,4619.2,4619.2,0.00,4619.2,4619.2,4619.2,232.76,791.2,1031.6,791.2,4105.6,2406.6,4111.6,4110.6,2406.6,4111.6,517.8,532.8,512.8,7912,1558.4,5328,14028,1799.8,1282.0,7912,0x0EC0881A
274,0,430715,430.715,0,0,OK,4620.2,4619.2,4619.2,4619.2,4619.2,4619.2,4619.2,4619.2,4619.2,0.00,4619.2,4619.2,4619.2,0.80,1031.6,791.2,791.2,2171.2,4111.6,4110.6,2406.6,4111.6,4110.6,267.4,272.4,272.4,7912,1798.8,5228,13928,2050.2,1041.6,10416,0x9AD46A68
275,0,430816,430.816,0,0,OK,4621.2,4619.2,4619.2,4619.2,4619.2,4619.2,4619.2,4619.2,4619.2,0.00,4619.2,4619.2,4619.2,232.76,1031.6,1031.6,1031.6,2171.2,2407.6,2407.6,2407.6,2407.6,2407.6,268.4,522.8,532.8,7812,1808.8,5328,11424,1799.8,1041.6,17928,0xCB94E7C8
276,0,430918,430.918,0,0,OK,4623.2,4619.2,4619.2,4619.2,4619.2,4619.2,4619.2,4619.2,4619.2,0.00,4619.2,4619.2,4619.2,231.76,791.2,791.2,1031.6,4105.6,4110.6,2406.6,4111.6,4110.6,2406.6,268.4,532.8,262.4,7712,2059.2,5328,21540,1799.8,791.2,5248,0x28ACD550
277,0,431020,431.020,0,0,OK,4620.2,4619.2,4619.2,4619.2,4619.2,4619.2,4619.2,4619.2,4619.2,0.00,4619.2,4619.2,4619.2,232.76,791.2,791.2,1031.6,4105.6,4110.6,2406.6,4111.6,4110.6,2406.6,278.4,272.4,512.8,7912,1558.4,5228,21540,2050.2,1292.0,17928,0xA4641DCA
278,0,431121,431.121,0,0,OK,4624.2,4619.2,4619.2,4619.2,4619.2,4619.2,4619.2,4619.2,4619.2,0.00,4619.2,4619.2,4619.2,232.76,791.2,1031.6,1031.6,4105.6,2406.6,2407.6,4111.6,2406.6,2407.6,528.8,522.8,512.8,7712,1558.4,5128,19036,1559.4,1031.6,13020,0x49E7479B
279,0,431223,431.223,0,0,OK,4626.2,4619.2,4619.2,4619.2,4619.2,4619.2,4619.2,4619.2,4619.2,0.00,4619.2,4619.2,4619.2,232.76,1031.6,791.2,791.2,2171.2,4111.6,4110.6,2406.6,4111.6,4110.6,517.8,512.8,262.4,5308,1798.8,2624,16632,1809.8,1041.6,5248,0x394E524B
280,0,431324,431.324,0,0,OK,4628.2,4619.2,4619.2,4619.2,4619.2,4619.2,4619.2,4619.2,4619.2,0.00,4619.2,4619.2,4619.2,232.76,791.2,791.2,791.2,4105.6,4110.6,4110.6,4110.6,4110.6,4110.6,517.8,262.4,262.4,7812,1808.8,5128,19036,1809.8,1041.6,10416,0xAB2D12CE
281,0,431426,431.426,0,0,OK,4627.2,4619.2,4619.2,4619.2,4619.2,4619.2,4619.2,4619.2,4619.2,0.00,4619.2,4619.2,4619.2,232.76,791.2,1031.6,1031.6,4105.6,2406.6,2407.6,4111.6,2406.6,2407.6,278.4,522.8,262.4,10316,1558.4,2724,19036,1809.8,1031.6,5348,0x075023DF
282,0,431528,431.528,0,0,OK,4623.2,4619.2,4619.2,4619.2,4619.2,4619.2,4619.2,4619.2,4619.2,0.00,4619.2,4619.2,4619.2,0.80,1031.6,1031.6,791.2,2171.2,2407.6,4111.6,2406.6,2407.6,4111.6,267.4,532.8,272.4,10316,2059.2,2724,13928,1799.8,1282.0,5148,0x3A50255C
283,0,431629,431.629,0,0,OK,4623.2,4619.2,4619.2,4619.2,4619.2,4619.2,4619.2,4619.2,4619.2,0.00,4619.2,4619.2,4619.2,232.76,791.2,791.2,1031.6,4105.6,4110.6,2406.6,4111.6,4110.6,2406.6,528.8,512.8,262.4,7712,1558.4,2624,21540,1559.4,1282.0,5148,0x77A19295
284,0,431731,431.731,0,0,OK,4625.2,4619.2,4619.2,4619.2,4619.2,4619.2,4619.2,4619.2,4619.2,0.00,4619.2,4619.2,4619.2,0.80,1031.6,791.2,1031.6,2171.2,4111.6,2406.6,2407.6,4111.6,2406.6,278.4,272.4,522.8,7912,1798.8,2724,14028,2050.2,1031.6,20532,0x3486CB24
285,0,431833,431.833,0,0,OK,4621.2,4619.2,4619.2,4619.2,4619.2,4619.2,4619.2,4619.2,4619.2,0.00,4619.2,4619.2,4619.2,232.76,1031.6,1031.6,791.2,2171.2,2407.6,4111.6,2406.6,2407.6,4111.6,267.4,512.8,512.8,5308,1808.8,2724,13928,2060.2,1282.0,20532,0xA2784BF1
286,0,431934,431.934,0,0,OK,4623.2,4619.2,4619.2,4619.2,4619.2,4619.2,4619.2,4619.2,4619.2,0.00,4619.2,4619.2,4619.2,0.80,1031.6,791.2,791.2,2171.2,4111.6,4110.6,2406.6,4111.6,4110.6,768.2,512.8,532.8,7912,1558.4,5328,13828,1559.4,1041.6,15424,0x6581F8C9
287,0,432036,432.036,0,0,OK,4628.2,4619.2,4619.2,4619.2,4619.2,4619.2,4619.2,4619.2,4619.2,0.00,4619.2,4619.2,4619.2,231.76,791.2,1031.6,1031.6,4105.6,2406.6,2407.6,4111.6,2406.6,2407.6,769.2,272.4,272.4,7812,2059.2,2624,16432,2050.2,791.2,2744,0xA65B6816
288,0,432137,432.137,0,0,OK,4625.2,4619.2,4619.2,4619.2,4619.2,4619.2,4619.2,4619.2,4619.2,0.00,4619.2,4619.2,4619.2,0.80,791.2,1031.6,791.2,4105.6,2406.6,4111.6,4110.6,2406.6,4111.6,768.2,512.8,522.8,10316,2059.2,2624,21540,1799.8,1282.0,5348,0xF0B2B944
289,0,432239,432.239,0,0,OK,4623.2,4619.2,4619.2,4619.2,4619.2,4619.2,4619.2,4619.2,4619.2,0.00,4619.2,4619.2,4619.2,231.76,1031.6,791.2,791.2,2171.2,4111.6,4110.6,2406.6,4111.6,4110.6,267.4,522.8,262.4,10316,2059.2,2724,19036,2060.2,1282.0,7752,0x884AA70D
290,0,432341,432.341,0,0,OK,4626.2,4619.2,4619.2,4619.2,4619.2,4619.2,4619.2,4619.2,4619.2,0.00,4619.2,4619.2,4619.2,231.76,1031.6,791.2,1031.6,2171.2,4111.6,2406.6,2407.6,4111.6,2406.6,769.2,532.8,272.4,7712,1798.8,5328,13928,1799.8,1282.0,17928,0x1A3F0F0C
291,0,432442,432.442,0,0,OK,4619.2,4619.2,4619.2,4619.2,4619.2,4619.2,4619.2,4619.2,4619.2,0.00,4619.2,4619.2,4619.2,0.80,791.2,1031.6,1031.6,4105.6,2406.6,2407.6,4111.6,2406.6,2407.6,528.8,522.8,512.8,7712,1558.4,2624,19036,2050.2,1292.0,15424,0x4EC54EE1
292,0,432544,432.544,0,0,OK,4625.2,4619.2,4619.2,4619.2,4619.2,4619.2,4619.2,4619.2,4619.2,0.00,4619.2,4619.2,4619.2,231.76,1031.6,791.2,791.2,2171.2,4111.6,4110.6,2406.6,4111.6,4110.6,267.4,512.8,272.4,7912,1808.8,2624,16432,1809.8,1282.0,18028,0x901C8C6B
293,0,432646,432.646,0,0,OK,4626.2,4619.2,4619.2,4619.2,4619.2,4619.2,4619.2,4619.2,4619.2,0.00,4619.2,4619.2,4619.2,0.80,1031.6,791.2,1031.6,2171.2,4111.6,2406.6,2407.6,4111.6,2406.6,528.8,512.8,262.4,7712,2059.2,2624,13928,1809.8,1282.0,7852,0xA5AE18AF
294,0,432747,432.747,0,0,OK,4619.2,4619.2,4619.2,4619.2,4619.2,4619.2,4619.2,4619.2,4619.2,0.00,4619.2,4619.2,4619.2,0.80,1031.6,1031.6,791.2,2171.2,2407.6,4111.6,2406.6,2407.6,4111.6,277.4,262.4,272.4,10316,1808.8,5328,13828,2050.2,1282.0,23136,0xEAD927D7
295,0,432849,432.849,0,0,OK,4619.2,4619.2,4619.2,4619.2,4619.2,4619.2,4619.2,4619.2,4619.2,0.00,4619.2,4619.2,4619.2,232.76,791.2,791.2,1031.6,4105.6,4110.6,2406.6,4111.6,4110.6,2406.6,528.8,272.4,272.4,5308,2049.2,5228,16432,2060.2,791.2,18128,0xBD8D8DA0
296,0,432950,432.950,0,0,OK,4621.2,4619.2,4619.2,4619.2,4619.2,4619.2,4619.2,4619.2,4619.2,0.00,4619.2,4619.2,4619.2,231.76,1031.6,1031.6,791.2,2171.2,2407.6,4111.6,2406.6,2407.6,4111.6,517.8,532.8,522.8,7912,1808.8,5128,13928,1559.4,1282.0,240,0x9C876A89
297,0,433052,433.052,0,0,OK,4624.2,4619.2,4619.2,4619.2,4619.2,4619.2,4619.2,4619.2,4619.2,0.00,4619.2,4619.2,4619.2,0.80,1031.6,791.2,791.2,2171.2,4111.6,4110.6,2406.6,4111.6,4110.6,768.2,272.4,272.4,7712,1808.8,2724,13928,1559.4,1031.6,10456,0xA9C90B7B
298,0,433154,433.154,0,0,OK,4623.2,4619.2,4619.2,4619.2,4619.2,4619.2,4619.2,4619.2,4619.2,0.00,4619.2,4619.2,4619.2,232.76,791.2,1031.6,1031.6,4105.6,2406.6,2407.6,4111.6,2406.6,2407.6,528.8,272.4,262.4,7712,1558.4,2724,14028,2060.2,791.2,7912,0x6E06FDF4
299,0,433255,433.255,0,0,OK,4625.2,4619.2,4619.2,4619.2,4619.2,4619.2,4619.2,4619.2,4619.2,0.00,4619.2,4619.2,4619.2,0.80,1031.6,1031.6,791.2,2171.2,2407.6,4111.6,2406.6,2407.6,4111.6,517.8,532.8,272.4,7912,2059.2,2724,14028,2060.2,1292.0,10356,0x7A8EB16C
300,0,433357,433.357,0,0,OK,4626.2,4619.2,4619.2,4619.2,4619.2,4619.2,4619.2,4619.2,4619.2,0.00,4619.2,4619.2,4619.2,232.76,791.2,1031.6,791.2,4105.6,2406.6,4111.6,4110.6,2406.6,4111.6,267.4,262.4,262.4,7712,2049.2,5328,16532,2050.2,791.2,20732,0xCDB751EF
301,0,433458,433.458,0,0,OK,4625.2,4619.2,4619.2,4619.2,4619.2,4619.2,4619.2,4619.2,4619.2,0.00,4619.2,4619.2,4619.2,231.76,791.2,1031.6,1031.6,4105.6,2406.6,2407.6,4111.6,2406.6,2407.6,528.8,532.8,512.8,5308,2049.2,5228,16632,1559.4,791.2,10316,0x9C87EF29
302,0,433560,433.560,0,0,OK,4619.2,4619.2,4619.2,4619.2,4619.2,4619.2,4619.2,4619.2,4619.2,0.00,4619.2,4619.2,4619.2,232.76,791.2,791.2,1031.6,4105.6,4110.6,2406.6,4111.6,4110.6,2406.6,769.2,272.4,262.4,7712,1808.8,5228,16532,1559.4,1041.6,18028,0x8FA1DE96
303,0,433662,433.662,0,0,OK,4625.2,4619.2,4619.2,4619.2,4619.2,4619.2,4619.2,4619.2,4619.2,0.00,4619.2,4619.2,4619.2,0.80,791.2,1031.6,1031.6,4105.6,2406.6,2407.6,4111.6,2406.6,2407.6,268.4,532.8,522.8,7912,1808.8,2624,19136,1799.8,1292.0,10316,0x19D14C29
304,0,433763,433.763,0,0,OK,4624.2,4619.2,4619.2,4619.2,4619.2,4619.2,4619.2,4619.2,4619.2,0.00,4619.2,4619.2,4619.2,231.76,1031.6,1031.6,791.2,2171.2,2407.6,4111.6,2406.6,2407.6,4111.6,277.4,532.8,272.4,10316,2059.2,2624,19036,2060.2,1041.6,17928,0x3EB55C96
305,0,433865,433.865,0,0,OK,4628.2,4619.2,4619.2,4619.2,4619.2,4619.2,4619.2,4619.2,4619.2,0.00,4619.2,4619.2,4619.2,0.80,791.2,1031.6,791.2,4105.6,2406.6,4111.6,4110.6,2406.6,4111.6,277.4,512.8,522.8,5308,1798.8,2724,13928,1799.8,1031.6,15524,0xF020926D
306,0,433966,433.966,0,0,OK,4623.2,4619.2,4619.2,4619.2,4619.2,4619.2,4619.2,4619.2,4619.2,0.00,4619.2,4619.2,4619.2,0.80,1031.6,791.2,791.2,2171.2,4111.6,4110.6,2406.6,4111.6,4110.6,267.4,532.8,512.8,5308,1808.8,5328,13928,1799.8,1282.0,17928,0x59B34953
307,0,434068,434.068,0,0,OK,4626.2,4619.2,4619.2,4619.2,4619.2,4619.2,4619.2,4619.2,4619.2,0.00,4619.2,4619.2,4619.2,232.76,791.2,791.2,791.2,4105.6,4110.6,4110.6,4110.6,4110.6,4110.6,277.4,262.4,512.8,7812,1558.4,5128,14028,2060.2,1041.6,15524,0x9A26EF06
308,0,434170,434.170,0,0,OK,4623.2,4619.2,4619.2,4619.2,4619.2,4619.2,4619.2,4619.2,4619.2,0.00,4619.2,4619.2,4619.2,232.76,791.2,791.2,791.2,4105.6,4110.6,4110.6,4110.6,4110.6,4110.6,517.8,272.4,272.4,7912,2049.2,2624,13928,1809.8,791.2,23236,0xC0F9FA35
309,0,434271,434.271,0,0,OK,4622.2,4619.2,4619.2,4619.2,4619.2,4619.2,4619.2,4619.2,4619.2,0.00,4619.2,4619.2,4619.2,231.76,1031.6,791.2,791.2,2171.2,4111.6,4110.6,2406.6,4111.6,4110.6,768.2,522.8,532.8,10316,1808.8,5128,16532,2060.2,1282.0,7852,0x7865B9FA
310,0,434373,434.373,0,0,OK,4620.2,4619.2,4619.2,4619.2,4619.2,4619.2,4619.2,4619.2,4619.2,0.00,4619.2,4619.2,4619.2,232.76,791.2,1031.6,791.2,4105.6,2406.6,4111.6,4110.6,2406.6,4111.6,267.4,522.8,512.8,7812,2059.2,5228,21540,1799.8,791.2,20632,0xD44566DF
311,0,434475,434.475,0,0,OK,4623.2,4619.2,4619.2,4619.2,4619.2,4619.2,4619.2,4619.2,4619.2,0.00,4619.2,4619.2,4619.2,231.76,791.2,791.2,791.2,4105.6,4110.6,4110.6,4110.6,4110.6,4110.6,267.4,272.4,512.8,7912,1798.8,5128,13928,2050.2,1282.0,20632,0xD206EF58
312,0,434576,434.576,0,0,OK,4622.2,4619.2,4619.2,4619.2,4619.2,4619.2,4619.2,4619.2,4619.2,0.00,4619.2,4619.2,4619.2,232.76,1031.6,1031.6,791.2,2171.2,2407.6,4111.6,2406.6,2407.6,4111.6,267.4,512.8,522.8,5308,1798.8,5128,13928,1809.8,1041.6,10456,0x094A9CC0
313,0,434678,434.678,0,0,OK,4627.2,4619.2,4619.2,4619.2,4619.2,4619.2,4619.2,4619.2,4619.2,0.00,4619.2,4619.2,4619.2,232.76,1031.6,791.2,791.2,2171.2,4111.6,4110.6,2406.6,4111.6,4110.6,527.8,512.8,522.8,7912,2049.2,5128,16432,1559.4,1282.0,7852,0x1EFA0219
314,0,434780,434.780,0,0,OK,4621.2,4619.2,4619.2,4619.2,4619.2,4619.2,4619.2,4619.2,4619.2,0.00,4619.2,4619.2,4619.2,0.80,791.2,1031.6,791.2,4105.6,2406.6,4111.6,4110.6,2406.6,4111.6,277.4,272.4,262.4,7812,2059.2,5228,13928,2050.2,1031.6,2744,0x0AB3AE8E
315,0,434881,434.881,0,0,OK,4623.2,4619.2,4619.2,4619.2,4619.2,4619.2,4619.2,4619.2,4619.2,0.00,4619.2,4619.2,4619.2,232.76,1031.6,1031.6,1031.6,2171.2,2407.6,2407.6,2407.6,2407.6,2407.6,278.4,532.8,522.8,7912,1558.4,5128,16432,1809.8,1292.0,10316,0x9E0D52F5
316,0,434983,434.983,0,0,OK,4626.2,4619.2,4619.2,4619.2,4619.2,4619.2,4619.2,4619.2,4619.2,0.00,4619.2,4619.2,4619.2,231.76,791.2,791.2,1031.6,4105.6,4110.6,2406.6,4111.6,4110.6,2406.6,518.8,262.4,512.8,7812,1558.4,2624,21540,1809.8,1292.0,2644,0x190FD78B
317,0,435084,435.084,0,0,OK,4623.2,4619.2,4619.2,4619.2,4619.2,4619.2,4619.2,4619.2,4619.2,0.00,4619.2,4619.2,4619.2,231.76,1031.6,791.2,1031.6,2171.2,4111.6,2406.6,2407.6,4111.6,2406.6,518.8,262.4,512.8,10316,1798.8,5228,19036,1799.8,1041.6,40,0xFC54B16B
318,0,435186,435.186,0,0,OK,4620.2,4619.2,4619.2,4619.2,4619.2,4619.2,4619.2,4619.2,4619.2,0.00,4619.2,4619.2,4619.2,231.76,791.2,1031.6,791.2,4105.6,2406.6,4111.6,4110.6,2406.6,4111.6,277.4,522.8,532.8,7812,1798.8,5328,14028,1799.8,1292.0,2744,0x90C5AF52
319,0,435288,435.288,0,0,OK,4628.2,4619.2,4619.2,4619.2,4619.2,4619.2,4619.2,4619.2,4619.2,0.00,4619.2,4619.2,4619.2,0.80,1031.6,791.2,1031.6,2171.2,4111.6,2406.6,2407.6,4111.6,2406.6,278.4,262.4,512.8,7812,2059.2,5228,13928,1799.8,1282.0,23236,0x80344642
320,0,435389,435.389,0,0,OK,4626.2,4619.2,4619.2,4619.2,4619.2,4619.2,4619.2,4619.2,4619.2,0.00,4619.2,4619.2,4619.2,0.80,791.2,1031.6,791.2,4105.6,2406.6,4111.6,4110.6,2406.6,4111.6,768.2,272.4,512.8,10316,2059.2,5128,19136,1809.8,1041.6,140,0x8FD0949C
321,0,435491,435.491,0,0,OK,4627.2,4619.2,4619.2,4619.2,4619.2,4619.2,4619.2,4619.2,4619.2,0.00,4619.2,4619.2,4619.2,231.76,1031.6,1031.6,1031.6,2171.2,2407.6,2407.6,2407.6,2407.6,2407.6,268.4,522.8,272.4,5308,1808.8,2724,21540,2050.2,791.2,20632,0x4AF68785
322,0,435593,435.593,0,0,OK,4622.2,4619.2,4619.2,4619.2,4619.2,4619.2,4619.2,4619.2,4619.2,0.00,4619.2,4619.2,4619.2,231.76,1031.6,791.2,791.2,2171.2,4111.6,4110.6,2406.6,4111.6,4110.6,267.4,532.8,272.4,10316,2049.2,5328,16632,1809.8,1041.6,18128,0xFF1495B8
323,0,435694,435.694,0,0,OK,4621.2,4619.2,4619.2,4619.2,4619.2,4619.2,4619.2,4619.2,4619.2,0.00,4619.2,4619.2,4619.2,0.80,791.2,791.2,1031.6,4105.6,4110.6,2406.6,4111.6,4110.6,2406.6,769.2,532.8,512.8,7912,1808.8,2624,19136,2060.2,1292.0,18128,0x910E14EF
324,0,435796,435.796,0,0,OK,4621.2,4619.2,4619.2,4619.2,4619.2,4619.2,4619.2,4619.2,4619.2,0.00,4619.2,4619.2,4619.2,0.80,791.2,1031.6,1031.6,4105.6,2406.6,2407.6,4111.6,2406.6,2407.6,278.4,532.8,512.8,7812,1558.4,5228,16632,1799.8,1031.6,10356,0x3391FCF1
325,0,435898,435.898,0,0,OK,4619.2,4619.2,4619.2,4619.2,4619.2,4619.2,4619.2,4619.2,4619.2,0.00,4619.2,4619.2,4619.2,0.80,791.2,791.2,791.2,4105.6,4110.6,4110.6,4110.6,4110.6,4110.6,267.4,272.4,522.8,10316,1558.4,5228,16432,1799.8,1041.6,20532,0xDBCF9B7F
326,0,435999,435.999,0,0,OK,4623.2,4619.2,4619.2,4619.2,4619.2,4619.2,4619.2,4619.2,4619.2,0.00,4619.2,4619.2,4619.2,0.80,1031.6,1031.6,791.2,2171.2,2407.6,4111.6,2406.6,2407.6,4111.6,267.4,512.8,272.4,7912,1798.8,5128,14028,1559.4,1282.0,40,0xDF717E5F
327,0,436101,436.101,0,0,OK,4623.2,4619.2,4619.2,4619.2,4619.2,4619.2,4619.2,4619.2,4619.2,0.00,4619.2,4619.2,4619.2,232.76,791.2,791.2,791.2,4105.6,4110.6,4110.6,4110.6,4110.6,4110.6,527.8,272.4,522.8,7912,1558.4,5228,16532,2060.2,1282.0,240,0x89BE7572
328,0,436203,436.203,0,0,OK,4622.2,4619.2,4619.2,4619.2,4619.2,4619.2,4619.2,4619.2,4619.2,0.00,4619.2,4619.2,4619.2,232.76,1031.6,791.2,791.2,2171.2,4111.6,4110.6,2406.6,4111.6,4110.6,267.4,262.4,272.4,7712,1808.8,5228,13828,1559.4,1292.0,10256,0xB15F24C2
329,0,436304,436.304,0,0,OK,4622.2,4619.2,4619.2,4619.2,4619.2,4619.2,4619.2,4619.2,4619.2,0.00,4619.2,4619.2,4619.2,0.80,791.2,1031.6,1031.6,4105.6,2406.6,2407.6,4111.6,2406.6,2407.6,528.8,522.8,262.4,10316,2049.2,2624,16632,2060.2,1031.6,23136,0x0858EEC0
330,0,436406,436.406,0,0,OK,4622.2,4619.2,4619.2,4619.2,4619.2,4619.2,4619.2,4619.2,4619.2,0.00,4619.2,4619.2,4619.2,231.76,791.2,1031.6,791.2,4105.6,2406.6,4111.6,4110.6,2406.6,4111.6,517.8,272.4,522.8,10316,1798.8,2624,16432,1809.8,1031.6,10316,0x1D1BD926
331,0,436508,436.508,0,0,OK,4623.2,4619.2,4619.2,4619.2,4619.2,4619.2,4619.2,4619.2,4619.2,0.00,4619.2,4619.2,4619.2,231.76,791.2,791.2,791.2,4105.6,4110.6,4110.6,4110.6,4110.6,4110.6,768.2,522.8,272.4,7912,2049.2,5328,11424,1559.4,1282.0,13020,0xA8E14F97
332,0,436609,436.609,0,0,OK,4623.2,4619.2,4619.2,4619.2,4619.2,4619.2,4619.2,4619.2,4619.2,0.00,4619.2,4619.2,4619.2,231.76,1031.6,1031.6,1031.6,2171.2,2407.6,2407.6,2407.6,2407.6,2407.6,528.8,262.4,262.4,10316,1808.8,5228,16532,1799.8,791.2,7752,0x90BFC721
333,0,436711,436.711,0,0,OK,4628.2,4619.2,4619.2,4619.2,4619.2,4619.2,4619.2,4619.2,4619.2,0.00,4619.2,4619.2,4619.2,231.76,791.2,791.2,791.2,4105.6,4110.6,4110.6,4110.6,4110.6,4110.6,277.4,512.8,272.4,7712,1558.4,5128,19136,2050.2,1292.0,13020,0x888C1E41
334,0,436813,436.813,0,0,OK,4623.2,4619.2,4619.2,4619.2,4619.2,4619.2,4619.2,4619.2,4619.2,0.00,4619.2,4619.2,4619.2,0.80,791.2,791.2,1031.6,4105.6,4110.6,2406.6,4111.6,4110.6,2406.6,518.8,272.4,512.8,7912,2059.2,5228,13928,2050.2,1031.6,12820,0xDDF81FB5
335,0,436914,436.914,0,0,OK,4626.2,4619.2,4619.2,4619.2,4619.2,4619.2,4619.2,4619.2,4619.2,0.00,4619.2,4619.2,4619.2,232.76,1031.6,1031.6,1031.6,2171.2,2407.6,2407.6,2407.6,2407.6,2407.6,769.2,512.8,272.4,7912,2059.2,2624,14028,2060.2,791.2,23236,0x9B8D9255
336,0,437016,437.016,0,0,OK,4620.2,4619.2,4619.2,4619.2,4619.2,4619.2,4619.2,4619.2,4619.2,0.00,4619.2,4619.2,4619.2,231.76,791.2,791.2,1031.6,4105.6,4110.6,2406.6,4111.6,4110.6,2406.6,268.4,522.8,512.8,10316,2049.2,5128,11424,1799.8,1292.0,12820,0xA70902D5
337,0,437118,437.118,0,0,OK,4627.2,4619.2,4619.2,4619.2,4619.2,4619.2,4619.2,4619.2,4619.2,0.00,4619.2,4619.2,4619.2,0.80,791.2,1031.6,1031.6,4105.6,2406.6,2407.6,4111.6,2406.6,2407.6,278.4,262.4,532.8,7812,1808.8,2624,16432,1799.8,1282.0,7912,0x8C4A84DA
338,0,437219,437.219,0,0,OK,4626.2,4619.2,4619.2,4619.2,4619.2,4619.2,4619.2,4619.2,4619.2,0.00,4619.2,4619.2,4619.2,231.76,1031.6,1031.6,791.2,2171.2,2407.6,4111.6,2406.6,2407.6,4111.6,527.8,522.8,262.4,7712,2059.2,2624,13828,2060.2,1282.0,2744,0x3C90539F
339,0,437321,437.321,0,0,OK,4621.2,4619.2,4619.2,4619.2,4619.2,4619.2,4619.2,4619.2,4619.2,0.00,4619.2,4619.2,4619.2,0.80,791.2,1031.6,1031.6,4105.6,2406.6,2407.6,4111.6,2406.6,2407.6,518.8,272.4,262.4,7712,1808.8,2624,21540,1799.8,791.2,12820,0x1FEE11FF
340,0,437423,437.423,0,0,OK,4627.2,4619.2,4619.2,4619.2,4619.2,4619.2,4619.2,4619.2,4619.2,0.00,4619.2,4619.2,4619.2,0.80,1031.6,791.2,1031.6,2171.2,4111.6,2406.6,2407.6,4111.6,2406.6,769.2,532.8,272.4,7712,1808.8,5128,19036,2050.2,1031.6,20632,0x9039D800
341,0,437524,437.524,0,0,OK,4620.2,4619.2,4619.2,4619.2,4619.2,4619.2,4619.2,4619.2,4619.2,0.00,4619.2,4619.2,4619.2,232.76,1031.6,1031.6,791.2,2171.2,2407.6,4111.6,2406.6,2407.6,4111.6,517.8,262.4,272.4,7712,2049.2,5328,13928,1809.8,1041.6,20632,0xADBD29FC
342,0,437626,437.626,0,0,OK,4621.2,4619.2,4619.2,4619.2,4619.2,4619.2,4619.2,4619.2,4619.2,0.00,4619.2,4619.2,4619.2,231.76,1031.6,1031.6,1031.6,2171.2,2407.6,2407.6,2407.6,2407.6,2407.6,268.4,522.8,262.4,7912,1798.8,5328,13828,1799.8,1282.0,10456,0xA18BA9AF
343,0,437727,437.727,0,0,OK,4628.2,4619.2,4619.2,4619.2,4619.2,4619.2,4619.2,4619.2,4619.2,0.00,4619.2,4619.2,4619.2,232.76,1031.6,1031.6,1031.6,2171.2,2407.6,2407.6,2407.6,2407.6,2407.6,518.8,532.8,512.8,10316,2059.2,5228,16532,1799.8,1031.6,13020,0x60F9CED8
344,0,437829,437.829,0,0,OK,4628.2,4619.2,4619.2,4619.2,4619.2,4619.2,4619.2,4619.2,4619.2,0.00,4619.2,4619.2,4619.2,0.80,791.2,791.2,791.2,4105.6,4110.6,4110.6,4110.6,4110.6,4110.6,267.4,532.8,512.8,5308,2059.2,2624,13928,2060.2,1031.6,10356,0x753DE4F4
345,0,437930,437.930,0,0,OK,4623.2,4619.2,4619.2,4619.2,4619.2,4619.2,4619.2,4619.2,4619.2,0.00,4619.2,4619.2,4619.2,232.76,1031.6,1031.6,1031.6,2171.2,2407.6,2407.6,2407.6,2407.6,2407.6,278.4,522.8,512.8,10316,2049.2,5228,16532,1559.4,1031.6,18028,0xA1BE9636
346,0,438032,438.032,0,0,OK,4620.2,4619.2,4619.2,4619.2,4619.2,4619.2,4619.2,4619.2,4619.2,0.00,4619.2,4619.2,4619.2,231.76,791.2,791.2,1031.6,4105.6,4110.6,2406.6,4111.6,4110.6,2406.6,268.4,512.8,272.4,10316,2059.2,5328,13828,1559.4,791.2,15524,0x303180CF
347,0,438134,438.134,0,0,OK,4623.2,4619.2,4619.2,4619.2,4619.2,4619.2,4619.2,4619.2,4619.2,0.00,4619.2,4619.2,4619.2,0.80,1031.6,1031.6,791.2,2171.2,2407.6,4111.6,2406.6,2407.6,4111.6,517.8,272.4,262.4,5308,1798.8,5128,21540,1799.8,1031.6,20732,0x107DF5E9
348,0,438235,438.235,0,0,OK,4627.2,4619.2,4619.2,4619.2,4619.2,4619.2,4619.2,4619.2,4619.2,0.00,4619.2,4619.2,4619.2,0.80,1031.6,1031.6,1031.6,2171.2,2407.6,2407.6,2407.6,2407.6,2407.6,528.8,532.8,512.8,7912,1798.8,5128,14028,1559.4,1282.0,10356,0x5CA30BA9
349,0,438337,438.337,0,0,OK,4627.2,4619.2,4619.2,4619.2,4619.2,4619.2,4619.2,4619.2,4619.2,0.00,4619.2,4619.2,4619.2,231.76,1031.6,1031.6,1031.6,2171.2,2407.6,2407.6,2407.6,2407.6,2407.6,278.4,512.8,272.4,10316,1808.8,2624,14028,2060.2,791.2,20632,0x07684770
350,0,438438,438.438,0,0,OK,4626.2,4619.2,4619.2,4619.2,4619.2,4619.2,4619.2,4619.2,4619.2,0.00,4619.2,4619.2,4619.2,232.76,1031.6,791.2,1031.6,2171.2,4111.6,2406.6,2407.6,4111.6,2406.6,278.4,262.4,262.4,7812,1558.4,2624,19036,2060.2,791.2,17928,0xA52A5841
351,0,438540,438.540,0,0,OK,4628.2,4619.2,4619.2,4619.2,4619.2,4619.2,4619.2,4619.2,4619.2,0.00,4619.2,4619.2,4619.2,0.80,1031.6,1031.6,1031.6,2171.2,2407.6,2407.6,2407.6,2407.6,2407.6,278.4,262.4,262.4,7812,2059.2,5128,13928,1799.8,1041.6,10416,0x74F1B8C0
352,0,438642,438.642,0,0,OK,4623.2,4619.2,4619.2,4619.2,4619.2,4619.2,4619.2,4619.2,4619.2,0.00,4619.2,4619.2,4619.2,232.76,791.2,1031.6,791.2,4105.6,2406.6,4111.6,4110.6,2406.6,4111.6,527.8,532.8,522.8,5308,2059.2,5128,14028,1809.8,791.2,10316,0x92F94BC3
353,0,438743,438.743,0,0,OK,4622.2,4619.2,4619.2,4619.2,4619.2,4619.2,4619.2,4619.2,4619.2,0.00,4619.2,4619.2,4619.2,232.76,1031.6,1031.6,791.2,2171.2,2407.6,4111.6,2406.6,2407.6,4111.6,277.4,522.8,272.4,7812,2049.2,2624,21540,2060.2,1031.6,10416,0x584F6A23
354,0,438845,438.845,0,0,OK,4622.2,4619.2,4619.2,4619.2,4619.2,4619.2,4619.2,4619.2,4619.2,0.00,4619.2,4619.2,4619.2,231.76,791.2,1031.6,1031.6,4105.6,2406.6,2407.6,4111.6,2406.6,2407.6,528.8,512.8,512.8,7812,2049.2,5128,19036,1809.8,791.2,7852,0x9BE96319
355,0,438946,438.946,0,0,OK,4621.2,4619.2,4619.2,4619.2,4619.2,4619.2,4619.2,4619.2,4619.2,0.00,4619.2,4619.2,4619.2,232.76,1031.6,791.2,791.2,2171.2,4111.6,4110.6,2406.6,4111.6,4110.6,768.2,262.4,532.8,10316,1798.8,5228,21540,2060.2,791.2,20732,0x5F2EC377
356,0,439048,439.048,0,0,OK,4620.2,4619.2,4619.2,4619.2,4619.2,4619.2,4619.2,4619.2,4619.2,0.00,4619.2,4619.2,4619.2,0.80,791.2,1031.6,791.2,4105.6,2406.6,4111.6,4110.6,2406.6,4111.6,527.8,272.4,532.8,7812,1798.8,2624,16532,2060.2,1041.6,7852,0xF80DA1E2
357,0,439149,439.149,0,0,OK,4627.2,4619.2,4619.2,4619.2,4619.2,4619.2,4619.2,4619.2,4619.2,0.00,4619.2,4619.2,4619.2,0.80,1031.6,791.2,791.2,2171.2,4111.6,4110.6,2406.6,4111.6,4110.6,517.8,262.4,532.8,7712,2049.2,5128,13828,1799.8,1292.0,12820,0x2EF0BDF2
358,0,439251,439.251,0,0,OK,4621.2,4619.2,4619.2,4619.2,4619.2,4619.2,4619.2,4619.2,4619.2,0.00,4619.2,4619.2,4619.2,0.80,791.2,1031.6,1031.6,4105.6,2406.6,2407.6,4111.6,2406.6,2407.6,518.8,522.8,522.8,7912,1558.4,5328,11424,2060.2,1031.6,5148,0xAD7E9150
359,0,439353,439.353,0,0,OK,4622.2,4619.2,4619.2,4619.2,4619.2,4619.2,4619.2,4619.2,4619.2,0.00,4619.2,4619.2,4619.2,232.76,791.2,791.2,1031.6,4105.6,4110.6,2406.6,4111.6,4110.6,2406.6,528.8,522.8,522.8,10316,1798.8,5128,13928,1559.4,1031.6,7852,0x5ED3354B
360,0,439454,439.454,0,0,OK,4621.2,4619.2,4619.2,4619.2,4619.2,4619.2,4619.2,4619.2,4619.2,0.00,4619.2,4619.2,4619.2,232.76,1031.6,791.2,1031.6,2171.2,4111.6,2406.6,2407.6,4111.6,2406.6,268.4,512.8,532.8,5308,2059.2,5328,13928,1799.8,1031.6,2744,0x5A73ACAF
361,0,439556,439.556,0,0,OK,4627.2,4619.2,4619.2,4619.2,4619.2,4619.2,4619.2,4619.2,4619.2,0.00,4619.2,4619.2,4619.2,232.76,791.2,1031.6,1031.6,4105.6,2406.6,2407.6,4111.6,2406.6,2407.6,278.4,262.4,272.4,7812,2059.2,5228,16432,1809.8,1292.0,23136,0x4D24584A
362,0,439657,439.657,0,0,OK,4626.2,4619.2,4619.2,4619.2,4619.2,4619.2,4619.2,4619.2,4619.2,0.00,4619.2,4619.2,4619.2,0.80,1031.6,791.2,1031.6,2171.2,4111.6,2406.6,2407.6,4111.6,2406.6,278.4,512.8,512.8,7912,1808.8,5328,13928,2050.2,1282.0,10456,0xDFC3EF1C
363,0,439759,439.759,0,0,OK,4628.2,4619.2,4619.2,4619.2,4619.2,4619.2,4619.2,4619.2,4619.2,0.00,4619.2,4619.2,4619.2,0.80,791.2,1031.6,1031.6,4105.6,2406.6,2407.6,4111.6,2406.6,2407.6,268.4,522.8,512.8,5308,1558.4,2624,16532,1809.8,1031.6,20632,0xF00DA370
364,0,439861,439.861,0,0,OK,4624.2,4619.2,4619.2,4619.2,4619.2,4619.2,4619.2,4619.2,4619.2,0.00,4619.2,4619.2,4619.2,232.76,1031.6,791.2,1031.6,2171.2,4111.6,2406.6,2407.6,4111.6,2406.6,278.4,512.8,532.8,5308,2049.2,2624,16432,2060.2,1041.6,17928,0x4CC9E73A
365,0,439962,439.962,0,0,OK,4627.2,4619.2,4619.2,4619.2,4619.2,4619.2,4619.2,4619.2,4619.2,0.00,4619.2,4619.2,4619.2,231.76,791.2,1031.6,1031.6,4105.6,2406.6,2407.6,4111.6,2406.6,2407.6,278.4,522.8,262.4,10316,1558.4,2724,14028,1559.4,1292.0,18028,0xCF207556
366,0,440064,440.064,0,0,OK,4619.2,4619.2,4619.2,4619.2,4619.2,4619.2,4619.2,4619.2,4619.2,0.00,4619.2,4619.2,4619.2,0.80,791.2,791.2,791.2,4105.6,4110.6,4110.6,4110.6,4110.6,4110.6,527.8,532.8,272.4,7712,2049.2,2624,21540,1559.4,1031.6,13020,0x73A5FA2F
367,0,440165,440.165,0,0,OK,4624.2,4619.2,4619.2,4619.2,4619.2,4619.2,4619.2,4619.2,4619.2,0.00,4619.2,4619.2,4619.2,231.76,791.2,791.2,791.2,4105.6,4110.6,4110.6,4110.6,4110.6,4110.6,267.4,272.4,522.8,10316,2059.2,2724,11424,1799.8,1041.6,12820,0xB4310826
368,0,440267,440.267,0,0,OK,4628.2,4619.2,4619.2,4619.2,4619.2,4619.2,4619.2,4619.2,4619.2,0.00,4619.2,4619.2,4619.2,231.76,1031.6,1031.6,1031.6,2171.2,2407.6,2407.6,2407.6,2407.6,2407.6,268.4,262.4,522.8,7812,2059.2,5228,16532,1809.8,1031.6,20532,0x3DEE0197
369,0,440368,440.368,0,0,OK,4625.2,4619.2,4619.2,4619.2,4619.2,4619.2,4619.2,4619.2,4619.2,0.00,4619.2,4619.2,4619.2,231.76,791.2,1031.6,791.2,4105.6,2406.6,4111.6,4110.6,2406.6,4111.6,527.8,512.8,272.4,7712,1798.8,5128,16632,1559.4,1292.0,20732,0xEDB57770
370,0,440470,440.470,0,0,OK,4626.2,4619.2,4619.2,4619.2,4619.2,4619.2,4619.2,4619.2,4619.2,0.00,4619.2,4619.2,4619.2,0.80,791.2,791.2,791.2,4105.6,4110.6,4110.6,4110.6,4110.6,4110.6,277.4,262.4,522.8,7712,2059.2,5128,13928,2060.2,791.2,12820,0xCA2AF162
371,0,440572,440.572,0,0,OK,4627.2,4619.2,4619.2,4619.2,4619.2,4619.2,4619.2,4619.2,4619.2,0.00,4619.2,4619.2,4619.2,231.76,1031.6,791.2,791.2,2171.2,4111.6,4110.6,2406.6,4111.6,4110.6,517.8,532.8,522.8,7712,2059.2,5128,13928,1809.8,1282.0,18128,0xE7638670
372,0,440673,440.673,0,0,OK,4623.2,4619.2,4619.2,4619.2,4619.2,4619.2,4619.2,4619.2,4619.2,0.00,4619.2,4619.2,4619.2,231.76,1031.6,1031.6,1031.6,2171.2,2407.6,2407.6,2407.6,2407.6,2407.6,268.4,532.8,272.4,10316,1558.4,2724,19136,1799.8,1282.0,15424,0x3058DEB7
373,0,440775,440.775,0,0,OK,4625.2,4619.2,4619.2,4619.2,4619.2,4619.2,4619.2,4619.2,4619.2,0.00,4619.2,4619.2,4619.2,232.76,1031.6,1031.6,791.2,2171.2,2407.6,4111.6,2406.6,2407.6,4111.6,517.8,512.8,522.8,10316,2049.2,5328,16432,1809.8,1031.6,12860,0xF472768D
374,0,440876,440.876,0,0,OK,4627.2,4619.2,4619.2,4619.2,4619.2,4619.2,4619.2,4619.2,4619.2,0.00,4619.2,4619.2,4619.2,0.80,791.2,791.2,791.2,4105.6,4110.6,4110.6,4110.6,4110.6,4110.6,768.2,272.4,522.8,7912,1558.4,5228,13828,1799.8,1292.0,12820,0x8AFFC59A
375,0,440978,440.978,0,0,OK,4626.2,4619.2,4619.2,4619.2,4619.2,4619.2,4619.2,4619.2,4619.2,0.00,4619.2,4619.2,4619.2,231.76,791.2,1031.6,1031.6,4105.6,2406.6,2407.6,4111.6,2406.6,2407.6,268.4,272.4,532.8,10316,1808.8,5228,13928,1559.4,1292.0,240,0xF4AFC9E8
376,0,441080,441.080,0,0,OK,4619.2,4619.2,4619.2,4619.2,4619.2,4619.2,4619.2,4619.2,4619.2,0.00,4619.2,4619.2,4619.2,0.80,1031.6,791.2,791.2,2171.2,4111.6,4110.6,2406.6,4111.6,4110.6,768.2,512.8,262.4,5308,2049.2,5228,21540,1559.4,1292.0,15424,0x926EA4F0
377,0,441181,441.181,0,0,OK,4627.2,4619.2,4619.2,4619.2,4619.2,4619.2,4619.2,4619.2,4619.2,0.00,4619.2,4619.2,4619.2,0.80,1031.6,1031.6,791.2,2171.2,2407.6,4111.6,2406.6,2407.6,4111.6,768.2,532.8,532.8,10316,2049.2,2624,13828,1559.4,1031.6,13020,0xA803ADB8
378,0,441283,441.283,0,0,OK,4621.2,4619.2,4619.2,4619.2,4619.2,4619.2,4619.2,4619.2,4619.2,0.00,4619.2,4619.2,4619.2,231.76,791.2,1031.6,1031.6,4105.6,2406.6,2407.6,4111.6,2406.6,2407.6,769.2,272.4,272.4,10316,1798.8,5228,14028,1809.8,1282.0,23136,0x853F6598
379,0,441384,441.384,0,0,OK,4628.2,4619.2,4619.2,4619.2,4619.2,4619.2,4619.2,4619.2,4619.2,0.00,4619.2,4619.2,4619.2,232.76,791.2,791.2,1031.6,4105.6,4110.6,2406.6,4111.6,4110.6,2406.6,769.2,532.8,272.4,7712,1558.4,5228,16632,2050.2,791.2,18128,0x603FEF53
380,0,441486,441.486,0,0,OK,4624.2,4619.2,4619.2,4619.2,4619.2,4619.2,4619.2,4619.2,4619.2,0.00,4619.2,4619.2,4619.2,232.76,791.2,1031.6,1031.6,4105.6,2406.6,2407.6,4111.6,2406.6,2407.6,268.4,532.8,272.4,7912,1808.8,5128,13828,1809.8,791.2,5148,0x64A1DBDE
381,0,441588,441.588,0,0,OK,4621.2,4619.2,4619.2,4619.2,4619.2,4619.2,4619.2,4619.2,4619.2,0.00,4619.2,4619.2,4619.2,0.80,791.2,1031.6,791.2,4105.6,2406.6,4111.6,4110.6,2406.6,4111.6,527.8,522.8,272.4,5308,1558.4,5128,13828,1559.4,1031.6,2744,0x34FB68D3
382,0,441689,441.689,0,0,OK,4619.2,4619.2,4619.2,4619.2,4619.2,4619.2,4619.2,4619.2,4619.2,0.00,4619.2,4619.2,4619.2,232.76,1031.6,1031.6,1031.6,2171.2,2407.6,2407.6,2407.6,2407.6,2407.6,518.8,532.8,272.4,10316,1798.8,5228,11424,2060.2,1041.6,10456,0x23BD9B52
383,0,441791,441.791,0,0,OK,4623.2,4619.2,4619.2,4619.2,4619.2,4619.2,4619.2,4619.2,4619.2,0.00,4619.2,4619.2,4619.2,232.76,791.2,1031.6,791.2,4105.6,2406.6,4111.6,4110.6,2406.6,4111.6,517.8,272.4,512.8,5308,1558.4,5328,19136,1559.4,1292.0,2744,0xA874FCDF
384,0,441892,441.892,0,0,OK,4625.2,4619.2,4619.2,4619.2,4619.2,4619.2,4619.2,4619.2,4619.2,0.00,4619.2,4619.2,4619.2,0.80,791.2,791.2,791.2,4105.6,4110.6,4110.6,4110.6,4110.6,4110.6,267.4,272.4,532.8,5308,1808.8,2624,14028,1799.8,1282.0,23136,0xE2D24E23
385,0,441994,441.994,0,0,OK,4622.2,4619.2,4619.2,4619.2,4619.2,4619.2,4619.2,4619.2,4619.2,0.00,4619.2,4619.2,4619.2,0.80,791.2,1031.6,791.2,4105.6,2406.6,4111.6,4110.6,2406.6,4111.6,768.2,512.8,532.8,7812,2059.2,5328,13828,2050.2,1041.6,23236,0x2C030277
386,0,442095,442.095,0,0,OK,4626.2,4619.2,4619.2,4619.2,4619.2,4619.2,4619.2,4619.2,4619.2,0.00,4619.2,4619.2,4619.2,231.76,791.2,791.2,791.2,4105.6,4110.6,4110.6,4110.6,4110.6,4110.6,517.8,532.8,262.4,7812,1558.4,5328,11424,2050.2,791.2,18128,0x8D9DD7F2
387,0,442197,442.197,0,0,OK,4624.2,4619.2,4619.2,4619.2,4619.2,4619.2,4619.2,4619.2,4619.2,0.00,4619.2,4619.2,4619.2,0.80,1031.6,1031.6,791.2,2171.2,2407.6,4111.6,2406.6,2407.6,4111.6,267.4,262.4,272.4,7812,2059.2,2624,19036,1799.8,791.2,12860,0x6B024371
388,0,442299,442.299,0,0,OK,4620.2,4619.2,4619.2,4619.2,4619.2,4619.2,4619.2,4619.2,4619.2,0.00,4619.2,4619.2,4619.2,0.80,791.2,1031.6,791.2,4105.6,2406.6,4111.6,4110.6,2406.6,4111.6,277.4,512.8,272.4,7712,1808.8,5128,13828,1559.4,1041.6,15424,0xF98A6C3A
389,0,442400,442.400,0,0,OK,4626.2,4619.2,4619.2,4619.2,4619.2,4619.2,4619.2,4619.2,4619.2,0.00,4619.2,4619.2,4619.2,232.76,791.2,791.2,791.2,4105.6,4110.6,4110.6,4110.6,4110.6,4110.6,277.4,262.4,272.4,5308,1808.8,2624,16432,2050.2,1031.6,240,0xDBC862EA
390,0,442502,442.502,0,0,OK,4626.2,4619.2,4619.2,4619.2,4619.2,4619.2,4619.2,4619.2,4619.2,0.00,4619.2,4619.2,4619.2,0.80,791.2,791.2,791.2,4105.6,4110.6,4110.6,4110.6,4110.6,4110.6,517.8,272.4,522.8,5308,1808.8,2624,19036,1809.8,1282.0,15424,0x64F5A5B4
391,0,442603,442.603,0,0,OK,4625.2,4619.2,4619.2,4619.2,4619.2,4619.2,4619.2,4619.2,4619.2,0.00,4619.2,4619.2,4619.2,232.76,791.2,791.2,1031.6,4105.6,4110.6,2406.6,4111.6,4110.6,2406.6,278.4,532.8,532.8,7912,2059.2,2624,16532,2060.2,1292.0,40,0x47310A2D
392,0,442705,442.705,0,0,OK,4620.2,4619.2,4619.2,4619.2,4619.2,4619.2,4619.2,4619.2,4619.2,0.00,4619.2,4619.2,4619.2,231.76,791.2,1031.6,1031.6,4105.6,2406.6,2407.6,4111.6,2406.6,2407.6,268.4,272.4,272.4,10316,2049.2,5328,21540,1559.4,1031.6,20732,0x6753683E
393,0,442807,442.807,0,0,OK,4628.2,4619.2,4619.2,4619.2,4619.2,4619.2,4619.2,4619.2,4619.2,0.00,4619.2,4619.2,4619.2,0.80,791.2,1031.6,1031.6,4105.6,2406.6,2407.6,4111.6,2406.6,2407.6,518.8,272.4,272.4,10316,2059.2,2724,19136,1799.8,1292.0,5248,0x76393406
394,0,442908,442.908,0,0,OK,4622.2,4619.2,4619.2,4619.2,4619.2,4619.2,4619.2,4619.2,4619.2,0.00,4619.2,4619.2,4619.2,232.76,1031.6,1031.6,791.2,2171.2,2407.6,4111.6,2406.6,2407.6,4111.6,267.4,532.8,512.8,7812,2059.2,2624,16632,2060.2,1041.6,15424,0xC29CA3A1
395,0,443010,443.010,0,0,OK,4619.2,4619.2,4619.2,4619.2,4619.2,4619.2,4619.2,4619.2,4619.2,0.00,4619.2,4619.2,4619.2,232.76,791.2,791.2,791.2,4105.6,4110.6,4110.6,4110.6,4110.6,4110.6,277.4,512.8,262.4,7812,1558.4,2724,16432,1799.8,1282.0,12860,0x7AC95D37
396,0,443112,443.112,0,0,OK,4623.2,4619.2,4619.2,4619.2,4619.2,4619.2,4619.2,4619.2,4619.2,0.00,4619.2,4619.2,4619.2,0.80,791.2,1031.6,1031.6,4105.6,2406.6,2407.6,4111.6,2406.6,2407.6,518.8,522.8,262.4,7912,1798.8,5128,14028,1559.4,1282.0,5248,0xC3CEDE84
397,0,443213,443.213,0,0,OK,4626.2,4619.2,4619.2,4619.2,4619.2,4619.2,4619.2,4619.2,4619.2,0.00,4619.2,4619.2,4619.2,0.80,791.2,1031.6,791.2,4105.6,2406.6,4111.6,4110.6,2406.6,4111.6,768.2,272.4,532.8,7712,2059.2,5328,21540,1809.8,1292.0,2644,0x1E124746
398,0,443315,443.315,0,0,OK,4628.2,4619.2,4619.2,4619.2,4619.2,4619.2,4619.2,4619.2,4619.2,0.00,4619.2,4619.2,4619.2,231.76,791.2,791.2,791.2,4105.6,4110.6,4110.6,4110.6,4110.6,4110.6,527.8,262.4,262.4,7712,2059.2,5228,14028,2050.2,791.2,23136,0xF8C00D0D
399,0,443416,443.416,0,0,OK,4621.2,4619.2,4619.2,4619.2,4619.2,4619.2,4619.2,4619.2,4619.2,0.00,4619.2,4619.2,4619.2,231.76,791.2,791.2,1031.6,4105.6,4110.6,2406.6,4111.6,4110.6,2406.6,278.4,532.8,512.8,7712,1808.8,5228,11424,1799.8,1292.0,15524,0xD7E1DD70
400,0,443518,443.518,0,0,OK,4625.2,4619.2,4619.2,4619.2,4619.2,4619.2,4619.2,4619.2,4619.2,0.00,4619.2,4619.2,4619.2,232.76,791.2,791.2,791.2,4105.6,4110.6,4110.6,4110.6,4110.6,4110.6,768.2,272.4,272.4,7912,2049.2,2724,13828,1559.4,1041.6,7912,0x64320839
401,0,443620,443.620,0,0,OK,4628.2,4619.2,4619.2,4619.2,4619.2,4619.2,4619.2,4619.2,4619.2,0.00,4619.2,4619.2,4619.2,231.76,1031.6,1031.6,1031.6,2171.2,2407.6,2407.6,2407.6,2407.6,2407.6,278.4,272.4,262.4,7712,1558.4,5328,14028,1559.4,1282.0,10456,0x2252CFCB
402,0,443721,443.721,0,0,OK,4628.2,4619.2,4619.2,4619.2,4619.2,4619.2,4619.2,4619.2,4619.2,0.00,4619.2,4619.2,4619.2,232.76,791.2,1031.6,791.2,4105.6,2406.6,4111.6,4110.6,2406.6,4111.6,517.8,262.4,532.8,7812,2059.2,2624,21540,1799.8,1041.6,5348,0x689335A1
403,0,443823,443.823,0,0,OK,4626.2,4619.2,4619.2,4619.2,4619.2,4619.2,4619.2,4619.2,4619.2,0.00,4619.2,4619.2,4619.2,0.80,1031.6,1031.6,1031.6,2171.2,2407.6,2407.6,2407.6,2407.6,2407.6,278.4,522.8,262.4,10316,1558.4,2724,14028,1799.8,1031.6,5148,0xC6679D97
404,0,443924,443.924,0,0,OK,4619.2,4619.2,4619.2,4619.2,4619.2,4619.2,4619.2,4619.2,4619.2,0.00,4619.2,4619.2,4619.2,0.80,1031.6,1031.6,1031.6,2171.2,2407.6,2407.6,2407.6,2407.6,2407.6,528.8,262.4,272.4,7912,1558.4,5228,13828,2050.2,1031.6,12920,0x2720FE62
405,0,444026,444.026,0,0,OK,4625.2,4619.2,4619.2,4619.2,4619.2,4619.2,4619.2,4619.2,4619.2,0.00,4619.2,4619.2,4619.2,232.76,1031.6,1031.6,791.2,2171.2,2407.6,4111.6,2406.6,2407.6,4111.6,768.2,532.8,272.4,7812,1558.4,5228,13828,2050.2,791.2,5148,0xF8F30D7E
406,0,444128,444.128,0,0,OK,4621.2,4619.2,4619.2,4619.2,4619.2,4619.2,4619.2,4619.2,4619.2,0.00,4619.2,4619.2,4619.2,231.76,791.2,1031.6,791.2,4105.6,2406.6,4111.6,4110.6,2406.6,4111.6,267.4,522.8,512.8,7812,1808.8,2724,16432,2050.2,1292.0,23236,0x50A58F71
407,0,444229,444.229,0,0,OK,4622.2,4619.2,4619.2,4619.2,4619.2,4619.2,4619.2,4619.2,4619.2,0.00,4619.2,4619.2,4619.2,232.76,791.2,1031.6,791.2,4105.6,2406.6,4111.6,4110.6,2406.6,4111.6,517.8,532.8,532.8,5308,2059.2,2724,13828,2060.2,1031.6,2744,0xA60744FF
408,0,444331,444.331,0,0,OK,4622.2,4619.2,4619.2,4619.2,4619.2,4619.2,4619.2,4619.2,4619.2,0.00,4619.2,4619.2,4619.2,231.76,791.2,1031.6,1031.6,4105.6,2406.6,2407.6,4111.6,2406.6,2407.6,528.8,512.8,262.4,7812,1808.8,2624,16632,1809.8,1031.6,10256,0x541B07AB
409,0,444432,444.432,0,0,OK,4621.2,4619.2,4619.2,4619.2,4619.2,4619.2,4619.2,4619.2,4619.2,0.00,4619.2,4619.2,4619.2,0.80,1031.6,1031.6,1031.6,2171.2,2407.6,2407.6,2407.6,2407.6,2407.6,268.4,272.4,532.8,5308,1808.8,2724,19136,2060.2,1031.6,12860,0x10E1BA5B
410,0,444534,444.534,0,0,OK,4623.2,4619.2,4619.2,4619.2,4619.2,4619.2,4619.2,4619.2,4619.2,0.00,4619.2,4619.2,4619.2,232.76,791.2,791.2,1031.6,4105.6,4110.6,2406.6,4111.6,4110.6,2406.6,268.4,262.4,532.8,7912,1798.8,5128,19136,1799.8,791.2,12860,0x2CA57940
411,0,444636,444.636,0,0,OK,4627.2,4619.2,4619.2,4619.2,4619.2,4619.2,4619.2,4619.2,4619.2,0.00,4619.2,4619.2,4619.2,231.76,1031.6,1031.6,791.2,2171.2,2407.6,4111.6,2406.6,2407.6,4111.6,527.8,512.8,522.8,7912,1808.8,5128,16532,1799.8,1292.0,15424,0x13EF85A0
412,0,444737,444.737,0,0,OK,4625.2,4619.2,4619.2,4619.2,4619.2,4619.2,4619.2,4619.2,4619.2,0.00,4619.2,4619.2,4619.2,0.80,1031.6,1031.6,1031.6,2171.2,2407.6,2407.6,2407.6,2407.6,2407.6,278.4,512.8,512.8,7912,1558.4,5228,14028,2060.2,1292.0,10416,0xE6EA8CF3
413,0,444839,444.839,0,0,OK,4623.2,4619.2,4619.2,4619.2,4619.2,4619.2,4619.2,4619.2,4619.2,0.00,4619.2,4619.2,4619.2,0.80,791.2,791.2,791.2,4105.6,4110.6,4110.6,4110.6,4110.6,4110.6,277.4,532.8,522.8,10316,2049.2,5328,13828,1559.4,791.2,10256,0xE9E8027F
414,0,444940,444.940,0,0,OK,4622.2,4619.2,4619.2,4619.2,4619.2,4619.2,4619.2,4619.2,4619.2,0.00,4619.2,4619.2,4619.2,0.80,791.2,791.2,791.2,4105.6,4110.6,4110.6,4110.6,4110.6,4110.6,517.8,262.4,522.8,10316,1558.4,5128,21540,1559.4,1031.6,2644,0x1843331A
415,0,445042,445.042,0,0,OK,4619.2,4619.2,4619.2,4619.2,4619.2,4619.2,4619.2,4619.2,4619.2,0.00,4619.2,4619.2,4619.2,0.80,791.2,1031.6,791.2,4105.6,2406.6,4111.6,4110.6,2406.6,4111.6,277.4,262.4,522.8,10316,1798.8,5128,16632,1799.8,1282.0,20732,0x9EDBA1ED
416,0,445144,445.144,0,0,OK,4628.2,4619.2,4619.2,4619.2,4619.2,4619.2,4619.2,4619.2,4619.2,0.00,4619.2,4619.2,4619.2,231.76,1031.6,1031.6,1031.6,2171.2,2407.6,2407.6,2407.6,2407.6,2407.6,518.8,512.8,532.8,5308,1558.4,5128,16532,2060.2,1282.0,20532,0x6D802492
417,0,445245,445.245,0,0,OK,4623.2,4619.2,4619.2,4619.2,4619.2,4619.2,4619.2,4619.2,4619.2,0.00,4619.2,4619.2,4619.2,232.76,1031.6,1031.6,1031.6,2171.2,2407.6,2407.6,2407.6,2407.6,2407.6,278.4,272.4,272.4,7712,2049.2,2624,19136,1809.8,1282.0,140,0x79309D24
418,0,445347,445.347,0,0,OK,4627.2,4619.2,4619.2,4619.2,4619.2,4619.2,4619.2,4619.2,4619.2,0.00,4619.2,4619.2,4619.2,0.80,791.2,791.2,791.2,4105.6,4110.6,4110.6,4110.6,4110.6,4110.6,768.2,512.8,512.8,7912,2059.2,2724,19136,2060.2,1292.0,2744,0x688A8CEF
419,0,445449,445.449,0,0,OK,4622.2,4619.2,4619.2,4619.2,4619.2,4619.2,4619.2,4619.2,4619.2,0.00,4619.2,4619.2,4619.2,232.76,791.2,791.2,791.2,4105.6,4110.6,4110.6,4110.6,4110.6,4110.6,277.4,512.8,272.4,7712,1798.8,2624,19136,1799.8,791.2,10356,0xA85DD859
420,0,445550,445.550,0,0,OK,4619.2,4619.2,4619.2,4619.2,4619.2,4619.2,4619.2,4619.2,4619.2,0.00,4619.2,4619.2,4619.2,0.80,1031.6,791.2,791.2,2171.2,4111.6,4110.6,2406.6,4111.6,4110.6,277.4,522.8,272.4,10316,2049.2,2624,16632,1559.4,1041.6,18128,0xA1CE5ACB
421,0,445652,445.652,0,0,OK,4624.2,4619.2,4619.2,4619.2,4619.2,4619.2,4619.2,4619.2,4619.2,0.00,4619.2,4619.2,4619.2,0.80,1031.6,1031.6,1031.6,2171.2,2407.6,2407.6,2407.6,2407.6,2407.6,518.8,272.4,272.4,7912,2059.2,5128,14028,1799.8,1031.6,23236,0xEA49B4C0
422,0,445753,445.753,0,0,OK,4626.2,4619.2,4619.2,4619.2,4619.2,4619.2,4619.2,4619.2,4619.2,0.00,4619.2,4619.2,4619.2,0.80,1031.6,1031.6,791.2,2171.2,2407.6,4111.6,2406.6,2407.6,4111.6,527.8,272.4,272.4,7912,1808.8,5128,21540,2050.2,791.2,15424,0xF0327F71
423,0,445855,445.855,0,0,OK,4627.2,4619.2,4619.2,4619.2,4619.2,4619.2,4619.2,4619.2,4619.2,0.00,4619.2,4619.2,4619.2,0.80,1031.6,791.2,1031.6,2171.2,4111.6,2406.6,2407.6,4111.6,2406.6,268.4,262.4,512.8,7912,1798.8,2624,13928,2060.2,791.2,7852,0xFE269ACB
424,0,445957,445.957,0,0,OK,4624.2,4619.2,4619.2,4619.2,4619.2,4619.2,4619.2,4619.2,4619.2,0.00,4619.2,4619.2,4619.2,231.76,1031.6,791.2,1031.6,2171.2,4111.6,2406.6,2407.6,4111.6,2406.6,528.8,532.8,512.8,10316,2059.2,2724,19136,1809.8,1292.0,10316,0x10F7D9D3
425,0,446058,446.058,0,0,OK,4619.2,4619.2,4619.2,4619.2,4619.2,4619.2,4619.2,4619.2,4619.2,0.00,4619.2,4619.2,4619.2,232.76,791.2,1031.6,791.2,4105.6,2406.6,4111.6,4110.6,2406.6,4111.6,277.4,532.8,272.4,5308,2059.2,5328,19136,1799.8,1041.6,40,0x79BEC644
426,0,446160,446.160,0,0,OK,4627.2,4619.2,4619.2,4619.2,4619.2,4619.2,4619.2,4619.2,4619.2,0.00,4619.2,4619.2,4619.2,231.76,791.2,791.2,791.2,4105.6,4110.6,4110.6,4110.6,4110.6,4110.6,527.8,272.4,272.4,7812,1558.4,5328,11424,2060.2,1031.6,12820,0x9E21EEE3
427,0,446262,446.262,0,0,OK,4624.2,4619.2,4619.2,4619.2,4619.2,4619.2,4619.2,4619.2,4619.2,0.00,4619.2,4619.2,4619.2,231.76,791.2,1031.6,791.2,4105.6,2406.6,4111.6,4110.6,2406.6,4111.6,267.4,512.8,532.8,7912,1808.8,5328,14028,2050.2,791.2,2644,0x33C589C8
428,0,446363,446.363,0,0,OK,4622.2,4619.2,4619.2,4619.2,4619.2,4619.2,4619.2,4619.2,4619.2,0.00,4619.2,4619.2,4619.2,0.80,1031.6,791.2,791.2,2171.2,4111.6,4110.6,2406.6,4111.6,4110.6,277.4,272.4,512.8,7912,1798.8,5228,13828,2050.2,791.2,7912,0x4BE3DA7E
429,0,446465,446.465,0,0,OK,4620.2,4619.2,4619.2,4619.2,4619.2,4619.2,4619.2,4619.2,4619.2,0.00,4619.2,4619.2,4619.2,231.76,791.2,1031.6,791.2,4105.6,2406.6,4111.6,4110.6,2406.6,4111.6,277.4,262.4,262.4,10316,2059.2,2624,19136,1559.4,1041.6,12820,0xF37ED24F
430,0,446567,446.567,0,0,OK,4624.2,4619.2,4619.2,4619.2,4619.2,4619.2,4619.2,4619.2,4619.2,0.00,4619.2,4619.2,4619.2,0.80,1031.6,1031.6,1031.6,2171.2,2407.6,2407.6,2407.6,2407.6,2407.6,268.4,522.8,522.8,5308,2059.2,5328,21540,2050.2,1282.0,10416,0x16DB2509
431,0,446668,446.668,0,0,OK,4622.2,4619.2,4619.2,4619.2,4619.2,4619.2,4619.2,4619.2,4619.2,0.00,4619.2,4619.2,4619.2,0.80,791.2,1031.6,791.2,4105.6,2406.6,4111.6,4110.6,2406.6,4111.6,527.8,262.4,522.8,5308,2059.2,5228,16632,2050.2,1031.6,5348,0x214F5994
432,0,446770,446.770,0,0,OK,4628.2,4619.2,4619.2,4619.2,4619.2,4619.2,4619.2,4619.2,4619.2,0.00,4619.2,4619.2,4619.2,231.76,1031.6,1031.6,791.2,2171.2,2407.6,4111.6,2406.6,2407.6,4111.6,527.8,532.8,512.8,10316,1558.4,2724,13928,2050.2,1041.6,40,0x6727FB8D
433,0,446871,446.871,0,0,OK,4623.2,4619.2,4619.2,4619.2,4619.2,4619.2,4619.2,4619.2,4619.2,0.00,4619.2,4619.2,4619.2,0.80,791.2,791.2,1031.6,4105.6,4110.6,2406.6,4111.6,4110.6,2406.6,278.4,512.8,522.8,7712,2059.2,2624,16632,2060.2,1282.0,10316,0xBE008393
434,0,446973,446.973,0,0,OK,4625.2,4619.2,4619.2,4619.2,4619.2,4619.2,4619.2,4619.2,4619.2,0.00,4619.2,4619.2,4619.2,232.76,791.2,791.2,791.2,4105.6,4110.6,4110.6,4110.6,4110.6,4110.6,277.4,512.8,272.4,5308,1558.4,5128,14028,1799.8,791.2,7752,0x0BA036DF
435,0,447075,447.075,0,0,OK,4624.2,4619.2,4619.2,4619.2,4619.2,4619.2,4619.2,4619.2,4619.2,0.00,4619.2,4619.2,4619.2,232.76,1031.6,1031.6,1031.6,2171.2,2407.6,2407.6,2407.6,2407.6,2407.6,518.8,262.4,532.8,7912,1798.8,5128,19136,1809.8,1031.6,7912,0xD22F3B15
436,0,447176,447.176,0,0,OK,4626.2,4619.2,4619.2,4619.2,4619.2,4619.2,4619.2,4619.2,4619.2,0.00,4619.2,4619.2,4619.2,232.76,1031.6,1031.6,791.2,2171.2,2407.6,4111.6,2406.6,2407.6,4111.6,517.8,262.4,512.8,10316,1558.4,5128,21540,1809.8,1292.0,12920,0xDC00350F
437,0,447278,447.278,0,0,OK,4625.2,4619.2,4619.2,4619.2,4619.2,4619.2,4619.2,4619.2,4619.2,0.00,4619.2,4619.2,4619.2,231.76,1031.6,1031.6,791.2,2171.2,2407.6,4111.6,2406.6,2407.6,4111.6,267.4,512.8,272.4,7712,1808.8,2724,14028,1559.4,1282.0,20632,0x5114905C
438,0,447379,447.379,0,0,OK,4619.2,4619.2,4619.2,4619.2,4619.2,4619.2,4619.2,4619.2,4619.2,0.00,4619.2,4619.2,4619.2,232.76,1031.6,1031.6,1031.6,2171.2,2407.6,2407.6,2407.6,2407.6,2407.6,528.8,272.4,522.8,7912,2049.2,5128,11424,2050.2,1041.6,2644,0xED2D2F8B
439,0,447481,447.481,0,0,OK,4619.2,4619.2,4619.2,4619.2,4619.2,4619.2,4619.2,4619.2,4619.2,0.00,4619.2,4619.2,4619.2,0.80,1031.6,791.2,791.2,2171.2,4111.6,4110.6,2406.6,4111.6,4110.6,267.4,532.8,272.4,7912,1798.8,2724,13928,2050.2,1031.6,13020,0x489CD3B0
440,0,447583,447.583,0,0,OK,4624.2,4619.2,4619.2,4619.2,4619.2,4619.2,4619.2,4619.2,4619.2,0.00,4619.2,4619.2,4619.2,231.76,1031.6,1031.6,1031.6,2171.2,2407.6,2407.6,2407.6,2407.6,2407.6,268.4,512.8,512.8,7812,2059.2,2624,14028,1799.8,1282.0,12820,0x3C6A09DE
441,0,447684,447.684,0,0,OK,4625.2,4619.2,4619.2,4619.2,4619.2,4619.2,4619.2,4619.2,4619.2,0.00,4619.2,4619.2,4619.2,232.76,1031.6,791.2,791.2,2171.2,4111.6,4110.6,2406.6,4111.6,4110.6,768.2,272.4,262.4,7812,1798.8,5128,19136,1809.8,1041.6,12820,0x106DE1F6
442,0,447786,447.786,0,0,OK,4625.2,4619.2,4619.2,4619.2,4619.2,4619.2,4619.2,4619.2,4619.2,0.00,4619.2,4619.2,4619.2,231.76,791.2,791.2,791.2,4105.6,4110.6,4110.6,4110.6,4110.6,4110.6,267.4,272.4,522.8,7812,1558.4,2624,16632,1559.4,791.2,23236,0xB0C86A4F
443,0,447888,447.888,0,0,OK,4628.2,4619.2,4619.2,4619.2,4619.2,4619.2,4619.2,4619.2,4619.2,0.00,4619.2,4619.2,4619.2,231.76,791.2,1031.6,1031.6,4105.6,2406.6,2407.6,4111.6,2406.6,2407.6,278.4,272.4,512.8,7812,2059.2,2624,16632,2050.2,1031.6,20732,0xDA446846
444,0,447989,447.989,0,0,OK,4624.2,4619.2,4619.2,4619.2,4619.2,4619.2,4619.2,4619.2,4619.2,0.00,4619.2,4619.2,4619.2,0.80,791.2,791.2,791.2,4105.6,4110.6,4110.6,4110.6,4110.6,4110.6,277.4,262.4,532.8,10316,1808.8,2724,11424,2050.2,1282.0,5348,0x9D2ACCDE
445,0,448091,448.091,0,0,OK,4621.2,4619.2,4619.2,4619.2,4619.2,4619.2,4619.2,4619.2,4619.2,0.00,4619.2,4619.2,4619.2,232.76,1031.6,791.2,1031.6,2171.2,4111.6,2406.6,2407.6,4111.6,2406.6,769.2,512.8,272.4,7712,2049.2,2724,19136,1559.4,1292.0,10356,0x3D0E902C
446,0,448193,448.193,0,0,OK,4626.2,4619.2,4619.2,4619.2,4619.2,4619.2,4619.2,4619.2,4619.2,0.00,4619.2,4619.2,4619.2,0.80,791.2,791.2,1031.6,4105.6,4110.6,2406.6,4111.6,4110.6,2406.6,278.4,262.4,532.8,7912,1808.8,5328,14028,1809.8,1041.6,17928,0xB087376D
447,0,448294,448.294,0,0,OK,4621.2,4619.2,4619.2,4619.2,4619.2,4619.2,4619.2,4619.2,4619.2,0.00,4619.2,4619.2,4619.2,0.80,1031.6,791.2,791.2,2171.2,4111.6,4110.6,2406.6,4111.6,4110.6,527.8,262.4,532.8,10316,1808.8,5228,16532,2050.2,1041.6,10256,0x504D8F52
448,0,448396,448.396,0,0,OK,4627.2,4619.2,4619.2,4619.2,4619.2,4619.2,4619.2,4619.2,4619.2,0.00,4619.2,4619.2,4619.2,231.76,791.2,1031.6,791.2,4105.6,2406.6,4111.6,4110.6,2406.6,4111.6,267.4,512.8,532.8,7812,2049.2,5128,11424,1559.4,1282.0,5248,0xA974026C
449,0,448497,448.497,0,0,OK,4626.2,4619.2,4619.2,4619.2,4619.2,4619.2,4619.2,4619.2,4619.2,0.00,4619.2,4619.2,4619.2,231.76,1031.6,1031.6,791.2,2171.2,2407.6,4111.6,2406.6,2407.6,4111.6,517.8,262.4,272.4,7812,1808.8,5128,16432,1559.4,1292.0,20632,0xA7414FA2
450,0,448599,448.599,0,0,OK,4627.2,4619.2,4619.2,4619.2,4619.2,4619.2,4619.2,4619.2,4619.2,0.00,4619.2,4619.2,4619.2,231.76,791.2,1031.6,791.2,4105.6,2406.6,4111.6,4110.6,2406.6,4111.6,768.2,512.8,272.4,7712,1798.8,5228,16432,1559.4,1282.0,7752,0x4121428D
451,0,448701,448.701,0,0,OK,4622.2,4619.2,4619.2,4619.2,4619.2,4619.2,4619.2,4619.2,4619.2,0.00,4619.2,4619.2,4619.2,231.76,791.2,1031.6,1031.6,4105.6,2406.6,2407.6,4111.6,2406.6,2407.6,769.2,262.4,532.8,7712,2059.2,5128,13828,2060.2,1031.6,2644,0x28B95670
452,0,448802,448.802,0,0,OK,4625.2,4619.2,4619.2,4619.2,4619.2,4619.2,4619.2,4619.2,4619.2,0.00,4619.2,4619.2,4619.2,0.80,791.2,791.2,1031.6,4105.6,4110.6,2406.6,4111.6,4110.6,2406.6,268.4,522.8,532.8,7812,1808.8,5228,16632,2060.2,791.2,40,0x815FF09B
453,0,448904,448.904,0,0,OK,4619.2,4619.2,4619.2,4619.2,4619.2,4619.2,4619.2,4619.2,4619.2,0.00,4619.2,4619.2,4619.2,232.76,791.2,1031.6,791.2,4105.6,2406.6,4111.6,4110.6,2406.6,4111.6,527.8,512.8,262.4,7912,1558.4,5228,13828,1559.4,1292.0,10416,0xA6B60A2A
454,0,449006,449.006,0,0,OK,4627.2,4619.2,4619.2,4619.2,4619.2,4619.2,4619.2,4619.2,4619.2,0.00,4619.2,4619.2,4619.2,231.76,791.2,1031.6,1031.6,4105.6,2406.6,2407.6,4111.6,2406.6,2407.6,518.8,522.8,512.8,7812,2059.2,2724,16432,1799.8,791.2,5348,0x0F26CC36
455,0,449107,449.107,0,0,OK,4620.2,4619.2,4619.2,4619.2,4619.2,4619.2,4619.2,4619.2,4619.2,0.00,4619.2,4619.2,4619.2,232.76,791.2,1031.6,791.2,4105.6,2406.6,4111.6,4110.6,2406.6,4111.6,267.4,522.8,512.8,5308,1808.8,5128,16532,1799.8,1041.6,7912,0x6709769F
456,0,449209,449.209,0,0,OK,4627.2,4619.2,4619.2,4619.2,4619.2,4619.2,4619.2,4619.2,4619.2,0.00,4619.2,4619.2,4619.2,232.76,1031.6,1031.6,1031.6,2171.2,2407.6,2407.6,2407.6,2407.6,2407.6,528.8,512.8,262.4,7912,1558.4,2624,16432,2050.2,791.2,10256,0x31B25076
457,0,449311,449.311,0,0,OK,4625.2,4619.2,4619.2,4619.2,4619.2,4619.2,4619.2,4619.2,4619.2,0.00,4619.2,4619.2,4619.2,231.76,1031.6,791.2,791.2,2171.2,4111.6,4110.6,2406.6,4111.6,4110.6,527.8,262.4,532.8,7812,1798.8,5228,14028,1559.4,1031.6,15524,0xDBE393B1
458,0,449412,449.412,0,0,OK,4619.2,4619.2,4619.2,4619.2,4619.2,4619.2,4619.2,4619.2,4619.2,0.00,4619.2,4619.2,4619.2,232.76,1031.6,791.2,1031.6,2171.2,4111.6,2406.6,2407.6,4111.6,2406.6,769.2,272.4,272.4,7812,1808.8,5128,13828,1799.8,1292.0,5348,0x3CC152DA
459,0,449514,449.514,0,0,OK,4623.2,4619.2,4619.2,4619.2,4619.2,4619.2,4619.2,4619.2,4619.2,0.00,4619.2,4619.2,4619.2,0.80,791.2,791.2,1031.6,4105.6,4110.6,2406.6,4111.6,4110.6,2406.6,268.4,262.4,272.4,7712,2059.2,5228,19136,1809.8,1041.6,18028,0x883FBA44
460,0,449616,449.616,0,0,OK,4622.2,4619.2,4619.2,4619.2,4619.2,4619.2,4619.2,4619.2,4619.2,0.00,4619.2,4619.2,4619.2,231.76,1031.6,1031.6,791.2,2171.2,2407.6,4111.6,2406.6,2407.6,4111.6,517.8,512.8,262.4,7712,2049.2,5228,11424,2050.2,791.2,5148,0x4C37981C
461,0,449717,449.717,0,0,OK,4619.2,4619.2,4619.2,4619.2,4619.2,4619.2,4619.2,4619.2,4619.2,0.00,4619.2,4619.2,4619.2,0.80,1031.6,791.2,791.2,2171.2,4111.6,4110.6,2406.6,4111.6,4110.6,768.2,272.4,512.8,7912,2059.2,5128,19136,2060.2,1031.6,12820,0x044FFAF0
462,0,449819,449.819,0,0,OK,4622.2,4619.2,4619.2,4619.2,4619.2,4619.2,4619.2,4619.2,4619.2,0.00,4619.2,4619.2,4619.2,232.76,791.2,791.2,1031.6,4105.6,4110.6,2406.6,4111.6,4110.6,2406.6,518.8,512.8,272.4,7712,1798.8,5328,14028,1809.8,1282.0,10456,0x26D9F4F5
463,0,449920,449.920,0,0,OK,4628.2,4619.2,4619.2,4619.2,4619.2,4619.2,4619.2,4619.2,4619.2,0.00,4619.2,4619.2,4619.2,0.80,791.2,1031.6,791.2,4105.6,2406.6,4111.6,4110.6,2406.6,4111.6,267.4,262.4,262.4,10316,1808.8,2624,13828,2060.2,1041.6,20732,0xA7F5D357
464,0,450022,450.022,0,0,OK,4622.2,4619.2,4619.2,4619.2,4619.2,4619.2,4619.2,4619.2,4619.2,0.00,4619.2,4619.2,4619.2,232.76,1031.6,791.2,1031.6,2171.2,4111.6,2406.6,2407.6,4111.6,2406.6,528.8,522.8,522.8,5308,1558.4,5328,21540,2050.2,1292.0,40,0xDEDCB398
465,0,450124,450.124,0,0,OK,4620.2,4619.2,4619.2,4619.2,4619.2,4619.2,4619.2,4619.2,4619.2,0.00,4619.2,4619.2,4619.2,232.76,1031.6,1031.6,791.2,2171.2,2407.6,4111.6,2406.6,2407.6,4111.6,277.4,522.8,272.4,5308,2059.2,2724,11424,1559.4,1031.6,2644,0xFC1319DB
466,0,450225,450.225,0,0,OK,4619.2,4619.2,4619.2,4619.2,4619.2,4619.2,4619.2,4619.2,4619.2,0.00,4619.2,4619.2,4619.2,0.80,791.2,1031.6,791.2,4105.6,2406.6,4111.6,4110.6,2406.6,4111.6,277.4,262.4,522.8,7912,2059.2,2624,16532,2060.2,1041.6,23236,0x05023906
467,0,450327,450.327,0,0,OK,4619.2,4619.2,4619.2,4619.2,4619.2,4619.2,4619.2,4619.2,4619.2,0.00,4619.2,4619.2,4619.2,0.80,791.2,1031.6,791.2,4105.6,2406.6,4111.6,4110.6,2406.6,4111.6,527.8,272.4,512.8,7912,2049.2,2724,19136,1809.8,1282.0,12860,0xB19C4D35
468,0,450429,450.429,0,0,OK,4627.2,4619.2,4619.2,4619.2,4619.2,4619.2,4619.2,4619.2,4619.2,0.00,4619.2,4619.2,4619.2,231.76,1031.6,791.2,1031.6,2171.2,4111.6,2406.6,2407.6,4111.6,2406.6,528.8,272.4,532.8,7912,2049.2,5228,13928,1559.4,1041.6,23236,0x8616637C
469,0,450530,450.530,0,0,OK,4625.2,4619.2,4619.2,4619.2,4619.2,4619.2,4619.2,4619.2,4619.2,0.00,4619.2,4619.2,4619.2,0.80,791.2,1031.6,1031.6,4105.6,2406.6,2407.6,4111.6,2406.6,2407.6,769.2,272.4,512.8,7912,1808.8,2724,13928,1559.4,1041.6,10416,0x123BCC59
470,0,450632,450.632,0,0,OK,4625.2,4619.2,4619.2,4619.2,4619.2,4619.2,4619.2,4619.2,4619.2,0.00,4619.2,4619.2,4619.2,231.76,791.2,1031.6,791.2,4105.6,2406.6,4111.6,4110.6,2406.6,4111.6,517.8,512.8,522.8,7912,1808.8,5128,21540,2060.2,1041.6,5248,0x152CC384
471,0,450734,450.734,0,0,OK,4622.2,4619.2,4619.2,4619.2,4619.2,4619.2,4619.2,4619.2,4619.2,0.00,4619.2,4619.2,4619.2,231.76,1031.6,791.2,791.2,2171.2,4111.6,4110.6,2406.6,4111.6,4110.6,267.4,532.8,272.4,7912,2059.2,5128,11424,2050.2,1031.6,10256,0x680D7195
472,0,450835,450.835,0,0,OK,4621.2,4619.2,4619.2,4619.2,4619.2,4619.2,4619.2,4619.2,4619.2,0.00,4619.2,4619.2,4619.2,231.76,1031.6,1031.6,791.2,2171.2,2407.6,4111.6,2406.6,2407.6,4111.6,277.4,512.8,262.4,7812,1798.8,2724,16632,2050.2,791.2,18128,0xEDC46636
473,0,450937,450.937,0,0,OK,4619.2,4619.2,4619.2,4619.2,4619.2,4619.2,4619.2,4619.2,4619.2,0.00,4619.2,4619.2,4619.2,0.80,1031.6,791.2,1031.6,2171.2,4111.6,2406.6,2407.6,4111.6,2406.6,528.8,262.4,532.8,10316,2049.2,5128,14028,1799.8,1041.6,15524,0xE4F248A9
474,0,451039,451.039,0,0,OK,4619.2,4619.2,4619.2,4619.2,4619.2,4619.2,4619.2,4619.2,4619.2,0.00,4619.2,4619.2,4619.2,0.80,1031.6,1031.6,1031.6,2171.2,2407.6,2407.6,2407.6,2407.6,2407.6,518.8,522.8,522.8,10316,2059.2,5128,13828,2060.2,1031.6,10456,0x3DC1529A
475,0,451140,451.140,0,0,OK,4619.2,4619.2,4619.2,4619.2,4619.2,4619.2,4619.2,4619.2,4619.2,0.00,4619.2,4619.2,4619.2,232.76,1031.6,1031.6,1031.6,2171.2,2407.6,2407.6,2407.6,2407.6,2407.6,518.8,512.8,262.4,7912,2049.2,2724,19136,2050.2,1292.0,5248,0x88BBBC61
476,0,451242,451.242,0,0,OK,4620.2,4619.2,4619.2,4619.2,4619.2,4619.2,4619.2,4619.2,4619.2,0.00,4619.2,4619.2,4619.2,231.76,791.2,791.2,791.2,4105.6,4110.6,4110.6,4110.6,4110.6,4110.6,517.8,522.8,512.8,7812,1798.8,5328,13928,2060.2,1031.6,5248,0x44FF03FD
477,0,451344,451.344,0,0,OK,4624.2,4619.2,4619.2,4619.2,4619.2,4619.2,4619.2,4619.2,4619.2,0.00,4619.2,4619.2,4619.2,232.76,791.2,791.2,1031.6,4105.6,4110.6,2406.6,4111.6,4110.6,2406.6,518.8,532.8,262.4,10316,1558.4,5128,16532,1799.8,1041.6,240,0x1544F8E1
478,0,451445,451.445,0,0,OK,4627.2,4619.2,4619.2,4619.2,4619.2,4619.2,4619.2,4619.2,4619.2,0.00,4619.2,4619.2,4619.2,0.80,1031.6,1031.6,791.2,2171.2,2407.6,4111.6,2406.6,2407.6,4111.6,768.2,522.8,512.8,7712,1558.4,5228,11424,2050.2,1041.6,7912,0x3F3C2FCA
479,0,451547,451.547,0,0,OK,4619.2,4619.2,4619.2,4619.2,4619.2,4619.2,4619.2,4619.2,4619.2,0.00,4619.2,4619.2,4619.2,231.76,791.2,791.2,791.2,4105.6,4110.6,4110.6,4110.6,4110.6,4110.6,277.4,512.8,262.4,5308,1798.8,5128,14028,2050.2,1292.0,2644,0x3395CB01
480,0,451649,451.649,0,0,OK,4624.2,4619.2,4619.2,4619.2,4619.2,4619.2,4619.2,4619.2,4619.2,0.00,4619.2,4619.2,4619.2,231.76,791.2,1031.6,1031.6,4105.6,2406.6,2407.6,4111.6,2406.6,2407.6,528.8,532.8,262.4,7912,1808.8,5128,19036,1559.4,1031.6,12820,0x23FE03B5
481,0,451751,451.751,0,0,OK,4627.2,4619.2,4619.2,4619.2,4619.2,4619.2,4619.2,4619.2,4619.2,0.00,4619.2,4619.2,4619.2,232.76,1031.6,1031.6,1031.6,2171.2,2407.6,2407.6,2407.6,2407.6,2407.6,769.2,532.8,272.4,7912,2059.2,2724,21540,2060.2,1041.6,15524,0x47BC9A16
482,0,451852,451.852,0,0,OK,4628.2,4619.2,4619.2,4619.2,4619.2,4619.2,4619.2,4619.2,4619.2,0.00,4619.2,4619.2,4619.2,0.80,1031.6,1031.6,791.2,2171.2,2407.6,4111.6,2406.6,2407.6,4111.6,527.8,272.4,272.4,7812,1808.8,2624,16532,2060.2,1031.6,12820,0x83EA37BB
483,0,451954,451.954,0,0,OK,4619.2,4619.2,4619.2,4619.2,4619.2,4619.2,4619.2,4619.2,4619.2,0.00,4619.2,4619.2,4619.2,231.76,791.2,1031.6,1031.6,4105.6,2406.6,2407.6,4111.6,2406.6,2407.6,268.4,532.8,262.4,5308,2049.2,2624,16532,2060.2,1041.6,12920,0x96305142
484,0,452055,452.055,0,0,OK,4628.2,4619.2,4619.2,4619.2,4619.2,4619.2,4619.2,4619.2,4619.2,0.00,4619.2,4619.2,4619.2,0.80,791.2,791.2,791.2,4105.6,4110.6,4110.6,4110.6,4110.6,4110.6,277.4,262.4,532.8,10316,2049.2,5228,16432,1559.4,1282.0,7852,0x4EA79A94
485,0,452157,452.157,0,0,OK,4628.2,4619.2,4619.2,4619.2,4619.2,4619.2,4619.2,4619.2,4619.2,0.00,4619.2,4619.2,4619.2,231.76,1031.6,1031.6,1031.6,2171.2,2407.6,2407.6,2407.6,2407.6,2407.6,769.2,512.8,272.4,7812,1808.8,2724,16432,2060.2,1282.0,18028,0xED153EFC
486,0,452259,452.259,0,0,OK,4626.2,4619.2,4619.2,4619.2,4619.2,4619.2,4619.2,4619.2,4619.2,0.00,4619.2,4619.2,4619.2,0.80,791.2,1031.6,791.2,4105.6,2406.6,4111.6,4110.6,2406.6,4111.6,517.8,512.8,272.4,7912,2059.2,2724,19036,1799.8,1031.6,10456,0x73989E59
487,0,452360,452.360,0,0,OK,4626.2,4619.2,4619.2,4619.2,4619.2,4619.2,4619.2,4619.2,4619.2,0.00,4619.2,4619.2,4619.2,0.80,1031.6,1031.6,1031.6,2171.2,2407.6,2407.6,2407.6,2407.6,2407.6,518.8,512.8,522.8,5308,2059.2,5328,13828,1799.8,1031.6,13020,0x620D470C
488,0,452462,452.462,0,0,OK,4620.2,4619.2,4619.2,4619.2,4619.2,4619.2,4619.2,4619.2,4619.2,0.00,4619.2,4619.2,4619.2,231.76,791.2,791.2,1031.6,4105.6,4110.6,2406.6,4111.6,4110.6,2406.6,769.2,262.4,522.8,7712,2049.2,2724,14028,2050.2,1031.6,15424,0xA2893355
489,0,452564,452.564,0,0,OK,4622.2,4619.2,4619.2,4619.2,4619.2,4619.2,4619.2,4619.2,4619.2,0.00,4619.2,4619.2,4619.2,0.80,791.2,1031.6,791.2,4105.6,2406.6,4111.6,4110.6,2406.6,4111.6,527.8,512.8,512.8,7912,1558.4,5128,11424,1559.4,791.2,40,0xB64EF1D9
490,0,452665,452.665,0,0,OK,4623.2,4619.2,4619.2,4619.2,4619.2,4619.2,4619.2,4619.2,4619.2,0.00,4619.2,4619.2,4619.2,232.76,791.2,791.2,1031.6,4105.6,4110.6,2406.6,4111.6,4110.6,2406.6,278.4,262.4,522.8,7812,1798.8,5328,16632,2060.2,1041.6,18128,0x9D628271
491,0,452767,452.767,0,0,OK,4626.2,4619.2,4619.2,4619.2,4619.2,4619.2,4619.2,4619.2,4619.2,0.00,4619.2,4619.2,4619.2,0.80,1031.6,791.2,1031.6,2171.2,4111.6,2406.6,2407.6,4111.6,2406.6,278.4,522.8,272.4,7712,2049.2,2724,14028,1809.8,1282.0,15524,0xFBAB33D1
492,0,452868,452.868,0,0,OK,4624.2,4619.2,4619.2,4619.2,4619.2,4619.2,4619.2,4619.2,4619.2,0.00,4619.2,4619.2,4619.2,231.76,791.2,791.2,791.2,4105.6,4110.6,4110.6,4110.6,4110.6,4110.6,267.4,522.8,522.8,7912,1558.4,5228,19136,1799.8,1282.0,23136,0xCBA00EAE
493,0,452970,452.970,0,0,OK,4619.2,4619.2,4619.2,4619.2,4619.2,4619.2,4619.2,4619.2,4619.2,0.00,4619.2,4619.2,4619.2,0.80,791.2,1031.6,791.2,4105.6,2406.6,4111.6,4110.6,2406.6,4111.6,768.2,532.8,522.8,10316,1798.8,5128,11424,1809.8,791.2,17928,0x93087CC2
494,0,453072,453.072,0,0,OK,4628.2,4619.2,4619.2,4619.2,4619.2,4619.2,4619.2,4619.2,4619.2,0.00,4619.2,4619.2,4619.2,0.80,1031.6,1031.6,791.2,2171.2,2407.6,4111.6,2406.6,2407.6,4111.6,527.8,272.4,262.4,7812,1808.8,2624,13828,1559.4,1292.0,10416,0x8A0A0F67
495,0,453173,453.173,0,0,OK,4623.2,4619.2,4619.2,4619.2,4619.2,4619.2,4619.2,4619.2,4619.2,0.00,4619.2,4619.2,4619.2,0.80,791.2,791.2,791.2,4105.6,4110.6,4110.6,4110.6,4110.6,4110.6,277.4,262.4,522.8,7812,1808.8,2624,13928,2050.2,1031.6,10456,0xA95AC1D3
496,0,453275,453.275,0,0,OK,4626.2,4619.2,4619.2,4619.2,4619.2,4619.2,4619.2,4619.2,4619.2,0.00,4619.2,4619.2,4619.2,232.76,791.2,791.2,1031.6,4105.6,4110.6,2406.6,4111.6,4110.6,2406.6,278.4,522.8,272.4,7912,1558.4,2624,16432,1809.8,1292.0,18028,0xD1160A93
497,0,453377,453.377,0,0,OK,4619.2,4619.2,4619.2,4619.2,4619.2,4619.2,4619.2,4619.2,4619.2,0.00,4619.2,4619.2,4619.2,232.76,791.2,791.2,791.2,4105.6,4110.6,4110.6,4110.6,4110.6,4110.6,267.4,512.8,532.8,7712,2059.2,2624,19136,2050.2,1292.0,17928,0xC0956C05
498,0,453478,453.478,0,0,OK,4627.2,4619.2,4619.2,4619.2,4619.2,4619.2,4619.2,4619.2,4619.2,0.00,4619.2,4619.2,4619.2,0.80,1031.6,791.2,791.2,2171.2,4111.6,4110.6,2406.6,4111.6,4110.6,527.8,262.4,532.8,7812,1558.4,5128,16432,1809.8,1282.0,7852,0xD2A17527
499,0,453580,453.580,0,0,OK,4628.2,4619.2,4619.2,4619.2,4619.2,4619.2,4619.2,4619.2,4619.2,0.00,4619.2,4619.2,4619.2,231.76,1031.6,1031.6,1031.6,2171.2,2407.6,2407.6,2407.6,2407.6,2407.6,528.8,272.4,532.8,10316,1798.8,2624,16432,2050.2,1292.0,2644,0xF7AD016D
500,0,453682,453.682,0,0,OK,4623.2,4619.2,4619.2,4619.2,4619.2,4619.2,4619.2,4619.2,4619.2,0.00,4619.2,4619.2,4619.2,231.76,1031.6,791.2,791.2,2171.2,4111.6,4110.6,2406.6,4111.6,4110.6,277.4,262.4,532.8,5308,1558.4,2724,13928,1809.8,1031.6,18028,0xC26106CA
501,0,453783,453.783,0,0,OK,4623.2,4619.2,4619.2,4619.2,4619.2,4619.2,4619.2,4619.2,4619.2,0.00,4619.2,4619.2,4619.2,231.76,791.2,791.2,791.2,4105.6,4110.6,4110.6,4110.6,4110.6,4110.6,267.4,522.8,522.8,7812,1558.4,2724,16532,1559.4,1292.0,12920,0xE95B83EF
502,0,453885,453.885,0,0,OK,4625.2,4619.2,4619.2,4619.2,4619.2,4619.2,4619.2,4619.2,4619.2,0.00,4619.2,4619.2,4619.2,0.80,791.2,1031.6,791.2,4105.6,2406.6,4111.6,4110.6,2406.6,4111.6,768.2,262.4,262.4,7712,1808.8,5128,21540,2060.2,1282.0,20532,0x66FDF198
503,0,453987,453.987,0,0,OK,4622.2,4619.2,4619.2,4619.2,4619.2,4619.2,4619.2,4619.2,4619.2,0.00,4619.2,4619.2,4619.2,232.76,1031.6,1031.6,791.2,2171.2,2407.6,4111.6,2406.6,2407.6,4111.6,768.2,522.8,262.4,7912,1558.4,2724,16632,2050.2,1292.0,7752,0xAC888A33
504,0,454088,454.088,0,0,OK,4628.2,4619.2,4619.2,4619.2,4619.2,4619.2,4619.2,4619.2,4619.2,0.00,4619.2,4619.2,4619.2,232.76,791.2,791.2,791.2,4105.6,4110.6,4110.6,4110.6,4110.6,4110.6,277.4,512.8,532.8,10316,2059.2,5228,14028,1559.4,1292.0,7912,0x89245AC8
505,0,454190,454.190,0,0,OK,4619.2,4619.2,4619.2,4619.2,4619.2,4619.2,4619.2,4619.2,4619.2,0.00,4619.2,4619.2,4619.2,0.80,1031.6,1031.6,1031.6,2171.2,2407.6,2407.6,2407.6,2407.6,2407.6,769.2,512.8,522.8,7812,1558.4,2624,19136,2050.2,1041.6,140,0x0025E999
506,0,454292,454.292,0,0,OK,4624.2,4619.2,4619.2,4619.2,4619.2,4619.2,4619.2,4619.2,4619.2,0.00,4619.2,4619.2,4619.2,232.76,1031.6,1031.6,791.2,2171.2,2407.6,4111.6,2406.6,2407.6,4111.6,277.4,532.8,532.8,7712,1808.8,5328,19036,1799.8,1041.6,12860,0x3F547407
507,0,454393,454.393,0,0,OK,4628.2,4619.2,4619.2,4619.2,4619.2,4619.2,4619.2,4619.2,4619.2,0.00,4619.2,4619.2,4619.2,231.76,791.2,791.2,791.2,4105.6,4110.6,4110.6,4110.6,4110.6,4110.6,527.8,262.4,532.8,7712,2059.2,5228,11424,1559.4,1292.0,20632,0x21D4B08C
508,0,454495,454.495,0,0,OK,4626.2,4619.2,4619.2,4619.2,4619.2,4619.2,4619.2,4619.2,4619.2,0.00,4619.2,4619.2,4619.2,0.80,791.2,791.2,1031.6,4105.6,4110.6,2406.6,4111.6,4110.6,2406.6,518.8,532.8,272.4,7812,1558.4,5328,13828,1809.8,1031.6,12860,0x79D8246B
509,0,454597,454.597,0,0,OK,4620.2,4619.2,4619.2,4619.2,4619.2,4619.2,4619.2,4619.2,4619.2,0.00,4619.2,4619.2,4619.2,0.80,791.2,1031.6,1031.6,4105.6,2406.6,2407.6,4111.6,2406.6,2407.6,268.4,532.8,522.8,7712,1558.4,5128,19036,1799.8,1041.6,23136,0xD1DD7712
510,0,454698,454.698,0,0,OK,4622.2,4619.2,4619.2,4619.2,4619.2,4619.2,4619.2,4619.2,4619.2,0.00,4619.2,4619.2,4619.2,231.76,1031.6,791.2,1031.6,2171.2,4111.6,2406.6,2407.6,4111.6,2406.6,518.8,512.8,262.4,7912,1558.4,2624,21540,2050.2,791.2,5348,0x6BE36E36
511,0,454800,454.800,0,0,OK,4624.2,4619.2,4619.2,4619.2,4619.2,4619.2,4619.2,4619.2,4619.2,0.00,4619.2,4619.2,4619.2,231.76,791.2,1031.6,1031.6,4105.6,2406.6,2407.6,4111.6,2406.6,2407.6,769.2,532.8,272.4,5308,1798.8,5328,19136,2050.2,1031.6,7912,0x194B4CFD
512,0,454902,454.902,0,0,OK,4622.2,4619.2,4619.2,4619.2,4619.2,4619.2,4619.2,4619.2,4619.2,0.00,4619.2,4619.2,4619.2,231.76,791.2,1031.6,791.2,4105.6,2406.6,4111.6,4110.6,2406.6,4111.6,768.2,532.8,522.8,7912,1558.4,5128,19136,2060.2,1041.6,10256,0x7ED1B2A7
513,0,455003,455.003,0,0,OK,4623.2,4619.2,4619.2,4619.2,4619.2,4619.2,4619.2,4619.2,4619.2,0.00,4619.2,4619.2,4619.2,232.76,791.2,791.2,1031.6,4105.6,4110.6,2406.6,4111.6,4110.6,2406.6,769.2,512.8,532.8,5308,1808.8,2624,14028,2050.2,1292.0,15424,0xD9D31B1C
514,0,455105,455.105,0,0,OK,4623.2,4619.2,4619.2,4619.2,4619.2,4619.2,4619.2,4619.2,4619.2,0.00,4619.2,4619.2,4619.2,232.76,1031.6,1031.6,1031.6,2171.2,2407.6,2407.6,2407.6,2407.6,2407.6,278.4,512.8,262.4,10316,2049.2,5228,16632,2050.2,1282.0,10416,0x98F85692
515,0,455207,455.207,0,0,OK,4620.2,4619.2,4619.2,4619.2,4619.2,4619.2,4619.2,4619.2,4619.2,0.00,4619.2,4619.2,4619.2,232.76,1031.6,1031.6,791.2,2171.2,2407.6,4111.6,2406.6,2407.6,4111.6,768.2,272.4,512.8,5308,1798.8,2624,21540,2060.2,1031.6,7912,0x92B5165A
516,0,455308,455.308,0,0,OK,4625.2,4619.2,4619.2,4619.2,4619.2,4619.2,4619.2,4619.2,4619.2,0.00,4619.2,4619.2,4619.2,232.76,1031.6,1031.6,1031.6,2171.2,2407.6,2407.6,2407.6,2407.6,2407.6,268.4,532.8,522.8,7912,1558.4,5128,13928,2060.2,1292.0,15424,0x59111258
517,0,455410,455.410,0,0,OK,4623.2,4619.2,4619.2,4619.2,4619.2,4619.2,4619.2,4619.2,4619.2,0.00,4619.2,4619.2,4619.2,231.76,1031.6,791.2,1031.6,2171.2,4111.6,2406.6,2407.6,4111.6,2406.6,769.2,272.4,272.4,7812,2059.2,2624,16532,2060.2,1292.0,12820,0x7C8F46EB
518,0,455512,455.512,0,0,OK,4619.2,4619.2,4619.2,4619.2,4619.2,4619.2,4619.2,4619.2,4619.2,0.00,4619.2,4619.2,4619.2,232.76,1031.6,1031.6,1031.6,2171.2,2407.6,2407.6,2407.6,2407.6,2407.6,278.4,262.4,532.8,7812,2059.2,5128,16532,2050.2,1282.0,23136,0x43FE552B
519,0,455613,455.613,0,0,OK,4624.2,4619.2,4619.2,4619.2,4619.2,4619.2,4619.2,4619.2,4619.2,0.00,4619.2,4619.2,4619.2,231.76,1031.6,1031.6,791.2,2171.2,2407.6,4111.6,2406.6,2407.6,4111.6,267.4,512.8,522.8,5308,2049.2,2624,13828,1559.4,1041.6,2744,0x265F7940
520,0,455715,455.715,0,0,OK,4620.2,4619.2,4619.2,4619.2,4619.2,4619.2,4619.2,4619.2,4619.2,0.00,4619.2,4619.2,4619.2,232.76,791.2,1031.6,1031.6,4105.6,2406.6,2407.6,4111.6,2406.6,2407.6,268.4,512.8,262.4,7712,1798.8,2624,13928,2050.2,1282.0,20732,0x7F8F7953
521,0,455817,455.817,0,0,OK,4625.2,4619.2,4619.2,4619.2,4619.2,4619.2,4619.2,4619.2,4619.2,0.00,4619.2,4619.2,4619.2,232.76,1031.6,791.2,1031.6,2171.2,4111.6,2406.6,2407.6,4111.6,2406.6,518.8,512.8,272.4,7712,2059.2,2724,19136,2050.2,1041.6,15524,0x67E7695D
522,0,455918,455.918,0,0,OK,4626.2,4619.2,4619.2,4619.2,4619.2,4619.2,4619.2,4619.2,4619.2,0.00,4619.2,4619.2,4619.2,231.76,791.2,1031.6,791.2,4105.6,2406.6,4111.6,4110.6,2406.6,4111.6,267.4,532.8,262.4,7712,1808.8,2624,19036,1559.4,1282.0,10316,0x700D5AAF
523,0,456020,456.020,0,0,OK,4623.2,4619.2,4619.2,4619.2,4619.2,4619.2,4619.2,4619.2,4619.2,0.00,4619.2,4619.2,4619.2,231.76,1031.6,1031.6,791.2,2171.2,2407.6,4111.6,2406.6,2407.6,4111.6,517.8,532.8,522.8,7712,1558.4,5328,16632,1559.4,1031.6,10316,0x5270655D
524,0,456122,456.122,0,0,OK,4622.2,4619.2,4619.2,4619.2,4619.2,4619.2,4619.2,4619.2,4619.2,0.00,4619.2,4619.2,4619.2,231.76,1031.6,1031.6,1031.6,2171.2,2407.6,2407.6,2407.6,2407.6,2407.6,769.2,532.8,272.4,10316,1798.8,5128,19036,1799.8,1282.0,20632,0xEAD9AA64
525,0,456223,456.223,0,0,OK,4621.2,4619.2,4619.2,4619.2,4619.2,4619.2,4619.2,4619.2,4619.2,0.00,4619.2,4619.2,4619.2,232.76,1031.6,1031.6,1031.6,2171.2,2407.6,2407.6,2407.6,2407.6,2407.6,528.8,272.4,522.8,5308,1798.8,5328,14028,2050.2,1041.6,20532,0xC0736864
526,0,456325,456.325,0,0,OK,4622.2,4619.2,4619.2,4619.2,4619.2,4619.2,4619.2,4619.2,4619.2,0.00,4619.2,4619.2,4619.2,232.76,791.2,791.2,791.2,4105.6,4110.6,4110.6,4110.6,4110.6,4110.6,527.8,272.4,532.8,7712,1558.4,2624,16532,2050.2,791.2,5148,0x03F1EF67
527,0,456426,456.426,0,0,OK,4621.2,4619.2,4619.2,4619.2,4619.2,4619.2,4619.2,4619.2,4619.2,0.00,4619.2,4619.2,4619.2,232.76,1031.6,1031.6,1031.6,2171.2,2407.6,2407.6,2407.6,2407.6,2407.6,278.4,532.8,522.8,7712,1558.4,2624,13928,2060.2,1292.0,240,0x7BE124C0
528,0,456528,456.528,0,0,OK,4624.2,4619.2,4619.2,4619.2,4619.2,4619.2,4619.2,4619.2,4619.2,0.00,4619.2,4619.2,4619.2,0.80,1031.6,791.2,1031.6,2171.2,4111.6,2406.6,2407.6,4111.6,2406.6,528.8,272.4,512.8,10316,2059.2,5128,13928,2060.2,1031.6,7852,0xB4D0CB6A
529,0,456630,456.630,0,0,OK,4621.2,4619.2,4619.2,4619.2,4619.2,4619.2,4619.2,4619.2,4619.2,0.00,4619.2,4619.2,4619.2,232.76,1031.6,1031.6,1031.6,2171.2,2407.6,2407.6,2407.6,2407.6,2407.6,769.2,532.8,532.8,7812,1798.8,2624,19136,1799.8,1041.6,13020,0x5D8CC282
530,0,456731,456.731,0,0,OK,4625.2,4619.2,4619.2,4619.2,4619.2,4619.2,4619.2,4619.2,4619.2,0.00,4619.2,4619.2,4619.2,232.76,791.2,1031.6,791.2,4105.6,2406.6,4111.6,4110.6,2406.6,4111.6,517.8,262.4,262.4,7912,1558.4,2724,16432,2050.2,1041.6,240,0xACFE4FF7
531,0,456833,456.833,0,0,OK,4622.2,4619.2,4619.2,4619.2,4619.2,4619.2,4619.2,4619.2,4619.2,0.00,4619.2,4619.2,4619.2,232.76,1031.6,791.2,1031.6,2171.2,4111.6,2406.6,2407.6,4111.6,2406.6,268.4,272.4,272.4,7912,2049.2,5328,14028,2050.2,1292.0,10456,0x2A3E2656
532,0,456935,456.935,0,0,OK,4620.2,4619.2,4619.2,4619.2,4619.2,4619.2,4619.2,4619.2,4619.2,0.00,4619.2,4619.2,4619.2,0.80,1031.6,1031.6,791.2,2171.2,2407.6,4111.6,2406.6,2407.6,4111.6,277.4,522.8,532.8,10316,2059.2,5228,16532,2050.2,1292.0,10316,0x3093836F
533,0,457036,457.036,0,0,OK,4628.2,4619.2,4619.2,4619.2,4619.2,4619.2,4619.2,4619.2,4619.2,0.00,4619.2,4619.2,4619.2,231.76,1031.6,1031.6,1031.6,2171.2,2407.6,2407.6,2407.6,2407.6,2407.6,518.8,262.4,522.8,7812,2059.2,5128,11424,1799.8,1031.6,10456,0x86E84207
534,0,457138,457.138,0,0,OK,4627.2,4619.2,4619.2,4619.2,4619.2,4619.2,4619.2,4619.2,4619.2,0.00,4619.2,4619.2,4619.2,0.80,1031.6,791.2,791.2,2171.2,4111.6,4110.6,2406.6,4111.6,4110.6,277.4,522.8,262.4,7912,1808.8,5228,16432,1809.8,1292.0,12860,0x9F1305AB
535,0,457240,457.240,0,0,OK,4621.2,4619.2,4619.2,4619.2,4619.2,4619.2,4619.2,4619.2,4619.2,0.00,4619.2,4619.2,4619.2,231.76,791.2,791.2,1031.6,4105.6,4110.6,2406.6,4111.6,4110.6,2406.6,528.8,512.8,272.4,5308,2059.2,2724,14028,1799.8,1282.0,5348,0x863C475F
536,0,457341,457.341,0,0,OK,4623.2,4619.2,4619.2,4619.2,4619.2,4619.2,4619.2,4619.2,4619.2,0.00,4619.2,4619.2,4619.2,0.80,791.2,1031.6,1031.6,4105.6,2406.6,2407.6,4111.6,2406.6,2407.6,769.2,522.8,532.8,7812,1808.8,2724,16632,2060.2,1282.0,10416,0x0650BA38
537,0,457443,457.443,0,0,OK,4625.2,4619.2,4619.2,4619.2,4619.2,4619.2,4619.2,4619.2,4619.2,0.00,4619.2,4619.2,4619.2,231.76,1031.6,1031.6,791.2,2171.2,2407.6,4111.6,2406.6,2407.6,4111.6,517.8,512.8,522.8,10316,1558.4,5228,19136,1799.8,1041.6,12860,0x05522DCD
538,0,457545,457.545,0,0,OK,4623.2,4619.2,4619.2,4619.2,4619.2,4619.2,4619.2,4619.2,4619.2,0.00,4619.2,4619.2,4619.2,232.76,791.2,1031.6,1031.6,4105.6,2406.6,2407.6,4111.6,2406.6,2407.6,528.8,532.8,512.8,7712,1808.8,2624,21540,1809.8,1292.0,240,0xB0203155
539,0,457646,457.646,0,0,OK,4620.2,4619.2,4619.2,4619.2,4619.2,4619.2,4619.2,4619.2,4619.2,0.00,4619.2,4619.2,4619.2,231.76,1031.6,1031.6,791.2,2171.2,2407.6,4111.6,2406.6,2407.6,4111.6,277.4,272.4,522.8,5308,2059.2,2724,11424,2050.2,1292.0,15424,0x376E4A0C
540,0,457748,457.748,0,0,OK,4627.2,4619.2,4619.2,4619.2,4619.2,4619.2,4619.2,4619.2,4619.2,0.00,4619.2,4619.2,4619.2,231.76,791.2,1031.6,1031.6,4105.6,2406.6,2407.6,4111.6,2406.6,2407.6,278.4,522.8,522.8,7912,1558.4,2724,16632,1809.8,1041.6,13020,0xEA6E41BA
541,0,457849,457.849,0,0,OK,4627.2,4619.2,4619.2,4619.2,4619.2,4619.2,4619.2,4619.2,4619.2,0.00,4619.2,4619.2,4619.2,0.80,1031.6,1031.6,791.2,2171.2,2407.6,4111.6,2406.6,2407.6,4111.6,267.4,512.8,532.8,7912,1558.4,2724,19136,1559.4,1292.0,7752,0xF5A9F0EC
542,0,457951,457.951,0,0,OK,4621.2,4619.2,4619.2,4619.2,4619.2,4619.2,4619.2,4619.2,4619.2,0.00,4619.2,4619.2,4619.2,0.80,1031.6,791.2,791.2,2171.2,4111.6,4110.6,2406.6,4111.6,4110.6,267.4,272.4,512.8,7912,1798.8,2724,16532,1809.8,1041.6,5348,0x654EB6F4
543,0,458053,458.053,0,0,OK,4621.2,4619.2,4619.2,4619.2,4619.2,4619.2,4619.2,4619.2,4619.2,0.00,4619.2,4619.2,4619.2,231.76,791.2,791.2,1031.6,4105.6,4110.6,2406.6,4111.6,4110.6,2406.6,769.2,522.8,512.8,7712,1808.8,5228,19036,1809.8,1282.0,10416,0x1C09F7CA
544,0,458154,458.154,0,0,OK,4627.2,4619.2,4619.2,4619.2,4619.2,4619.2,4619.2,4619.2,4619.2,0.00,4619.2,4619.2,4619.2,232.76,791.2,791.2,1031.6,4105.6,4110.6,2406.6,4111.6,4110.6,2406.6,769.2,522.8,512.8,5308,1558.4,5328,16532,1809.8,791.2,12820,0x268202FD
545,0,458256,458.256,0,0,OK,4621.2,4619.2,4619.2,4619.2,4619.2,4619.2,4619.2,4619.2,4619.2,0.00,4619.2,4619.2,4619.2,232.76,791.2,1031.6,791.2,4105.6,2406.6,4111.6,4110.6,2406.6,4111.6,277.4,272.4,522.8,7712,2049.2,2624,14028,1799.8,1031.6,7852,0x9EDAB80E
546,0,458358,458.358,0,0,OK,4624.2,4619.2,4619.2,4619.2,4619.2,4619.2,4619.2,4619.2,4619.2,0.00,4619.2,4619.2,4619.2,0.80,1031.6,791.2,791.2,2171.2,4111.6,4110.6,2406.6,4111.6,4110.6,768.2,532.8,522.8,10316,1798.8,5228,19136,1559.4,1041.6,5248,0x1561DB2E
547,0,458459,458.459,0,0,OK,4623.2,4619.2,4619.2,4619.2,4619.2,4619.2,4619.2,4619.2,4619.2,0.00,4619.2,4619.2,4619.2,232.76,791.2,791.2,791.2,4105.6,4110.6,4110.6,4110.6,4110.6,4110.6,277.4,532.8,532.8,7812,2049.2,5228,21540,1559.4,791.2,23236,0x40199C51
548,0,458561,458.561,0,0,OK,4619.2,4619.2,4619.2,4619.2,4619.2,4619.2,4619.2,4619.2,4619.2,0.00,4619.2,4619.2,4619.2,232.76,1031.6,791.2,1031.6,2171.2,4111.6,2406.6,2407.6,4111.6,2406.6,528.8,512.8,512.8,10316,1798.8,5228,13928,1559.4,1031.6,20632,0x6B900C0E
549,0,458663,458.663,0,0,OK,4621.2,4619.2,4619.2,4619.2,4619.2,4619.2,4619.2,4619.2,4619.2,0.00,4619.2,4619.2,4619.2,231.76,791.2,1031.6,1031.6,4105.6,2406.6,2407.6,4111.6,2406.6,2407.6,518.8,262.4,522.8,10316,1558.4,2724,16532,1809.8,791.2,12820,0x2E31EE23
550,0,458764,458.764,0,0,OK,4621.2,4619.2,4619.2,4619.2,4619.2,4619.2,4619.2,4619.2,4619.2,0.00,4619.2,4619.2,4619.2,231.76,791.2,1031.6,1031.6,4105.6,2406.6,2407.6,4111.6,2406.6,2407.6,769.2,522.8,262.4,7912,1808.8,5228,16432,2060.2,791.2,10416,0x2B7BADAB
551,0,458866,458.866,0,0,OK,4627.2,4619.2,4619.2,4619.2,4619.2,4619.2,4619.2,4619.2,4619.2,0.00,4619.2,4619.2,4619.2,0.80,791.2,791.2,791.2,4105.6,4110.6,4110.6,4110.6,4110.6,4110.6,277.4,262.4,512.8,7812,2059.2,5128,16632,2060.2,1031.6,18028,0xEEFB9B08
552,0,458968,458.968,0,0,OK,4620.2,4619.2,4619.2,4619.2,4619.2,4619.2,4619.2,4619.2,4619.2,0.00,4619.2,4619.2,4619.2,0.80,1031.6,791.2,791.2,2171.2,4111.6,4110.6,2406.6,4111.6,4110.6,267.4,272.4,532.8,7812,1798.8,5128,16432,1559.4,791.2,240,0x9ACCBF1E
553,0,459069,459.069,0,0,OK,4625.2,4619.2,4619.2,4619.2,4619.2,4619.2,4619.2,4619.2,4619.2,0.00,4619.2,4619.2,4619.2,0.80,1031.6,1031.6,791.2,2171.2,2407.6,4111.6,2406.6,2407.6,4111.6,517.8,262.4,262.4,7912,2059.2,2624,19136,1809.8,1041.6,18028,0xC7928E43
554,0,459171,459.171,0,0,OK,4623.2,4619.2,4619.2,4619.2,4619.2,4619.2,4619.2,4619.2,4619.2,0.00,4619.2,4619.2,4619.2,232.76,791.2,1031.6,1031.6,4105.6,2406.6,2407.6,4111.6,2406.6,2407.6,528.8,512.8,272.4,10316,1798.8,2724,11424,2050.2,1292.0,23236,0xFFA837E4
555,0,459272,459.272,0,0,OK,4626.2,4619.2,4619.2,4619.2,4619.2,4619.2,4619.2,4619.2,4619.2,0.00,4619.2,4619.2,4619.2,0.80,791.2,791.2,1031.6,4105.6,4110.6,2406.6,4111.6,4110.6,2406.6,278.4,262.4,532.8,5308,2059.2,2624,16532,1809.8,1292.0,17928,0xA616A470
556,0,459374,459.374,0,0,OK,4625.2,4619.2,4619.2,4619.2,4619.2,4619.2,4619.2,4619.2,4619.2,0.00,4619.2,4619.2,4619.2,232.76,791.2,1031.6,1031.6,4105.6,2406.6,2407.6,4111.6,2406.6,2407.6,769.2,522.8,512.8,5308,1558.4,5128,16632,2050.2,1292.0,10256,0xF393D452
557,0,459476,459.476,0,0,OK,4625.2,4619.2,4619.2,4619.2,4619.2,4619.2,4619.2,4619.2,4619.2,0.00,4619.2,4619.2,4619.2,231.76,1031.6,1031.6,1031.6,2171.2,2407.6,2407.6,2407.6,2407.6,2407.6,769.2,522.8,522.8,7912,1808.8,2724,13928,2060.2,1041.6,13020,0x4F4EF5A8
558,0,459578,459.578,0,0,OK,4627.2,4619.2,4619.2,4619.2,4619.2,4619.2,4619.2,4619.2,4619.2,0.00,4619.2,4619.2,4619.2,0.80,791.2,1031.6,791.2,4105.6,2406.6,4111.6,4110.6,2406.6,4111.6,527.8,272.4,532.8,10316,1558.4,5128,13828,2060.2,791.2,5348,0x49BF50E2
559,0,459679,459.679,0,0,OK,4626.2,4619.2,4619.2,4619.2,4619.2,4619.2,4619.2,4619.2,4619.2,0.00,4619.2,4619.2,4619.2,231.76,1031.6,791.2,791.2,2171.2,4111.6,4110.6,2406.6,4111.6,4110.6,267.4,512.8,522.8,10316,1808.8,2724,19036,1799.8,1041.6,23236,0xE2010539
560,0,459781,459.781,0,0,OK,4627.2,4619.2,4619.2,4619.2,4619.2,4619.2,4619.2,4619.2,4619.2,0.00,4619.2,4619.2,4619.2,231.76,791.2,791.2,1031.6,4105.6,4110.6,2406.6,4111.6,4110.6,2406.6,528.8,532.8,512.8,5308,1808.8,2624,16432,2050.2,1282.0,5348,0xD577A848
561,0,459883,459.883,0,0,OK,4619.2,4619.2,4619.2,4619.2,4619.2,4619.2,4619.2,4619.2,4619.2,0.00,4619.2,4619.2,4619.2,231.76,791.2,1031.6,791.2,4105.6,2406.6,4111.6,4110.6,2406.6,4111.6,277.4,532.8,272.4,7712,1798.8,5328,16432,2060.2,1292.0,240,0x9A0063EF
562,0,459984,459.984,0,0,OK,4619.2,4619.2,4619.2,4619.2,4619.2,4619.2,4619.2,4619.2,4619.2,0.00,4619.2,4619.2,4619.2,231.76,1031.6,1031.6,791.2,2171.2,2407.6,4111.6,2406.6,2407.6,4111.6,277.4,532.8,522.8,7712,1558.4,2624,16432,2050.2,1041.6,12860,0x4A493613
563,0,460086,460.086,0,0,OK,4619.2,4619.2,4619.2,4619.2,4619.2,4619.2,4619.2,4619.2,4619.2,0.00,4619.2,4619.2,4619.2,231.76,791.2,791.2,1031.6,4105.6,4110.6,2406.6,4111.6,4110.6,2406.6,518.8,522.8,512.8,7912,1808.8,5228,13928,2050.2,1282.0,10316,0x782224C1
564,0,460188,460.188,0,0,OK,4619.2,4619.2,4619.2,4619.2,4619.2,4619.2,4619.2,4619.2,4619.2,0.00,4619.2,4619.2,4619.2,232.76,791.2,791.2,791.2,4105.6,4110.6,4110.6,4110.6,4110.6,4110.6,267.4,262.4,272.4,7912,2059.2,5328,13828,1809.8,791.2,15524,0x4B3C4BA6
565,0,460290,460.290,0,0,OK,4623.2,4619.2,4619.2,4619.2,4619.2,4619.2,4619.2,4619.2,4619.2,0.00,4619.2,4619.2,4619.2,0.80,1031.6,1031.6,1031.6,2171.2,2407.6,2407.6,2407.6,2407.6,2407.6,278.4,522.8,262.4,5308,1808.8,5228,16432,2060.2,1031.6,2744,0xB6C00CFC
566,0,460391,460.391,0,0,OK,4625.2,4619.2,4619.2,4619.2,4619.2,4619.2,4619.2,4619.2,4619.2,0.00,4619.2,4619.2,4619.2,0.80,791.2,791.2,1031.6,4105.6,4110.6,2406.6,4111.6,4110.6,2406.6,278.4,522.8,532.8,7912,2059.2,2724,14028,2050.2,1041.6,240,0xFA58249E
567,0,460493,460.493,0,0,OK,4622.2,4619.2,4619.2,4619.2,4619.2,4619.2,4619.2,4619.2,4619.2,0.00,4619.2,4619.2,4619.2,231.76,791.2,1031.6,1031.6,4105.6,2406.6,2407.6,4111.6,2406.6,2407.6,268.4,262.4,522.8,10316,2049.2,2724,13828,1799.8,1282.0,23236,0x956D2EDC
568,0,460595,460.595,0,0,OK,4625.2,4619.2,4619.2,4619.2,4619.2,4619.2,4619.2,4619.2,4619.2,0.00,4619.2,4619.2,4619.2,0.80,791.2,791.2,791.2,4105.6,4110.6,4110.6,4110.6,4110.6,4110.6,527.8,522.8,532.8,10316,2049.2,5128,16432,2050.2,1282.0,7752,0x8302C7C7
569,0,460696,460.696,0,0,OK,4619.2,4619.2,4619.2,4619.2,4619.2,4619.2,4619.2,4619.2,4619.2,0.00,4619.2,4619.2,4619.2,0.80,791.2,791.2,1031.6,4105.6,4110.6,2406.6,4111.6,4110.6,2406.6,278.4,262.4,272.4,10316,2059.2,5228,21540,1809.8,1041.6,5148,0x6FFB114B
570,0,460798,460.798,0,0,OK,4627.2,4619.2,4619.2,4619.2,4619.2,4619.2,4619.2,4619.2,4619.2,0.00,4619.2,4619.2,4619.2,0.80,1031.6,1031.6,791.2,2171.2,2407.6,4111.6,2406.6,2407.6,4111.6,517.8,262.4,262.4,7812,2049.2,5328,13828,2050.2,1031.6,7852,0xA7526794
571,0,460900,460.900,0,0,OK,4625.2,4619.2,4619.2,4619.2,4619.2,4619.2,4619.2,4619.2,4619.2,0.00,4619.2,4619.2,4619.2,232.76,1031.6,791.2,1031.6,2171.2,4111.6,2406.6,2407.6,4111.6,2406.6,278.4,512.8,522.8,7712,2059.2,5228,21540,1799.8,1292.0,12860,0xBBBD8298
572,0,461001,461.001,0,0,OK,4625.2,4619.2,4619.2,4619.2,4619.2,4619.2,4619.2,4619.2,4619.2,0.00,4619.2,4619.2,4619.2,231.76,1031.6,791.2,1031.6,2171.2,4111.6,2406.6,2407.6,4111.6,2406.6,518.8,522.8,532.8,10316,1808.8,2724,16432,1799.8,1292.0,140,0x37D9BF05
573,0,461103,461.103,0,0,OK,4623.2,4619.2,4619.2,4619.2,4619.2,4619.2,4619.2,4619.2,4619.2,0.00,4619.2,4619.2,4619.2,0.80,1031.6,791.2,791.2,2171.2,4111.6,4110.6,2406.6,4111.6,4110.6,517.8,272.4,272.4,5308,1558.4,2724,19136,2060.2,1041.6,5348,0x9094C0FE
574,0,461205,461.205,0,0,OK,4619.2,4619.2,4619.2,4619.2,4619.2,4619.2,4619.2,4619.2,4619.2,0.00,4619.2,4619.2,4619.2,232.76,791.2,791.2,791.2,4105.6,4110.6,4110.6,4110.6,4110.6,4110.6,517.8,512.8,532.8,7912,1558.4,5328,13928,1559.4,1031.6,7912,0xB466C0C3
575,0,461306,461.306,0,0,OK,4626.2,4619.2,4619.2,4619.2,4619.2,4619.2,4619.2,4619.2,4619.2,0.00,4619.2,4619.2,4619.2,232.76,791.2,791.2,1031.6,4105.6,4110.6,2406.6,4111.6,4110.6,2406.6,278.4,272.4,272.4,7712,1558.4,5228,19036,2060.2,791.2,10316,0xC6920D91
576,0,461408,461.408,0,0,OK,4620.2,4619.2,4619.2,4619.2,4619.2,4619.2,4619.2,4619.2,4619.2,0.00,4619.2,4619.2,4619.2,231.76,791.2,791.2,1031.6,4105.6,4110.6,2406.6,4111.6,4110.6,2406.6,278.4,272.4,532.8,7712,1798.8,2724,21540,1809.8,1041.6,15424,0x1A023E34
577,0,461510,461.510,0,0,OK,4621.2,4619.2,4619.2,4619.2,4619.2,4619.2,4619.2,4619.2,4619.2,0.00,4619.2,4619.2,4619.2,231.76,791.2,1031.6,791.2,4105.6,2406.6,4111.6,4110.6,2406.6,4111.6,277.4,512.8,262.4,7812,1808.8,2724,13928,2060.2,1292.0,2744,0xE9F6209B
578,0,461611,461.611,0,0,OK,4627.2,4619.2,4619.2,4619.2,4619.2,4619.2,4619.2,4619.2,4619.2,0.00,4619.2,4619.2,4619.2,231.76,791.2,791.2,791.2,4105.6,4110.6,4110.6,4110.6,4110.6,4110.6,267.4,272.4,262.4,7812,2059.2,5328,13928,2060.2,1041.6,17928,0x1E033AD7
579,0,461713,461.713,0,0,OK,4626.2,4619.2,4619.2,4619.2,4619.2,4619.2,4619.2,4619.2,4619.2,0.00,4619.2,4619.2,4619.2,231.76,1031.6,791.2,791.2,2171.2,4111.6,4110.6,2406.6,4111.6,4110.6,267.4,532.8,532.8,5308,1558.4,2624,16532,1809.8,791.2,2744,0x8C3B77DD
580,0,461815,461.815,0,0,OK,4625.2,4619.2,4619.2,4619.2,4619.2,4619.2,4619.2,4619.2,4619.2,0.00,4619.2,4619.2,4619.2,231.76,1031.6,791.2,1031.6,2171.2,4111.6,2406.6,2407.6,4111.6,2406.6,528.8,522.8,532.8,10316,1808.8,5228,16432,1809.8,1041.6,12920,0xD76FA97D
581,0,461916,461.916,0,0,OK,4623.2,4619.2,4619.2,4619.2,4619.2,4619.2,4619.2,4619.2,4619.2,0.00,4619.2,4619.2,4619.2,231.76,791.2,1031.6,791.2,4105.6,2406.6,4111.6,4110.6,2406.6,4111.6,527.8,272.4,262.4,7912,1798.8,5128,21540,1809.8,1282.0,15524,0xF012FEB8
582,0,462018,462.018,0,0,OK,4625.2,4619.2,4619.2,4619.2,4619.2,4619.2,4619.2,4619.2,4619.2,0.00,4619.2,4619.2,4619.2,0.80,1031.6,791.2,791.2,2171.2,4111.6,4110.6,2406.6,4111.6,4110.6,267.4,262.4,272.4,7912,1808.8,5328,19136,2050.2,1292.0,7752,0x4531FCFB
583,0,462120,462.120,0,0,OK,4624.2,4619.2,4619.2,4619.2,4619.2,4619.2,4619.2,4619.2,4619.2,0.00,4619.2,4619.2,4619.2,0.80,1031.6,791.2,791.2,2171.2,4111.6,4110.6,2406.6,4111.6,4110.6,277.4,532.8,262.4,5308,1558.4,5128,11424,1809.8,1282.0,12920,0xFB29A64A
584,0,462221,462.221,0,0,OK,4626.2,4619.2,4619.2,4619.2,4619.2,4619.2,4619.2,4619.2,4619.2,0.00,4619.2,4619.2,4619.2,231.76,791.2,1031.6,1031.6,4105.6,2406.6,2407.6,4111.6,2406.6,2407.6,278.4,522.8,512.8,7712,1558.4,5328,16632,1799.8,1292.0,5248,0x05752716
585,0,462323,462.323,0,0,OK,4622.2,4619.2,4619.2,4619.2,4619.2,4619.2,4619.2,4619.2,4619.2,0.00,4619.2,4619.2,4619.2,231.76,791.2,1031.6,791.2,4105.6,2406.6,4111.6,4110.6,2406.6,4111.6,517.8,532.8,522.8,5308,2049.2,2624,19136,1809.8,791.2,18128,0xC357E94B
586,0,462425,462.425,0,0,OK,4627.2,4619.2,4619.2,4619.2,4619.2,4619.2,4619.2,4619.2,4619.2,0.00,4619.2,4619.2,4619.2,231.76,1031.6,1031.6,1031.6,2171.2,2407.6,2407.6,2407.6,2407.6,2407.6,268.4,512.8,522.8,7712,2059.2,2624,14028,2050.2,1282.0,5348,0x9A45994C
587,0,462526,462.526,0,0,OK,4628.2,4619.2,4619.2,4619.2,4619.2,4619.2,4619.2,4619.2,4619.2,0.00,4619.2,4619.2,4619.2,232.76,1031.6,791.2,791.2,2171.2,4111.6,4110.6,2406.6,4111.6,4110.6,277.4,522.8,522.8,7812,2059.2,5228,19136,2050.2,1041.6,5348,0x5DA884C4
588,0,462628,462.628,0,0,OK,4621.2,4619.2,4619.2,4619.2,4619.2,4619.2,4619.2,4619.2,4619.2,0.00,4619.2,4619.2,4619.2,231.76,791.2,1031.6,1031.6,4105.6,2406.6,2407.6,4111.6,2406.6,2407.6,528.8,262.4,532.8,5308,2059.2,5228,14028,1809.8,791.2,17928,0xC6F5A41A
589,0,462730,462.730,0,0,OK,4619.2,4619.2,4619.2,4619.2,4619.2,4619.2,4619.2,4619.2,4619.2,0.00,4619.2,4619.2,4619.2,232.76,1031.6,791.2,791.2,2171.2,4111.6,4110.6,2406.6,4111.6,4110.6,267.4,522.8,512.8,10316,2049.2,5328,21540,1799.8,791.2,7912,0x0E394C8E
590,0,462832,462.832,0,0,OK,4620.2,4619.2,4619.2,4619.2,4619.2,4619.2,4619.2,4619.2,4619.2,0.00,4619.2,4619.2,4619.2,232.76,1031.6,791.2,791.2,2171.2,4111.6,4110.6,2406.6,4111.6,4110.6,277.4,532.8,272.4,7712,2049.2,2624,16632,2060.2,1041.6,18028,0x0627CD20
591,0,462933,462.933,0,0,OK,4622.2,4619.2,4619.2,4619.2,4619.2,4619.2,4619.2,4619.2,4619.2,0.00,4619.2,4619.2,4619.2,232.76,1031.6,791.2,791.2,2171.2,4111.6,4110.6,2406.6,4111.6,4110.6,527.8,272.4,512.8,7812,2059.2,5128,19136,1809.8,1282.0,20532,0x6D439FEC
592,0,463035,463.035,0,0,OK,4623.2,4619.2,4619.2,4619.2,4619.2,4619.2,4619.2,4619.2,4619.2,0.00,4619.2,4619.2,4619.2,0.80,1031.6,1031.6,791.2,2171.2,2407.6,4111.6,2406.6,2407.6,4111.6,267.4,532.8,272.4,10316,1798.8,2724,16632,1559.4,1041.6,10316,0xBC8755FE
593,0,463137,463.137,0,0,OK,4628.2,4619.2,4619.2,4619.2,4619.2,4619.2,4619.2,4619.2,4619.2,0.00,4619.2,4619.2,4619.2,0.80,1031.6,791.2,791.2,2171.2,4111.6,4110.6,2406.6,4111.6,4110.6,517.8,512.8,272.4,7712,2049.2,5128,14028,2060.2,1292.0,15524,0x1C67BA70
594,0,463238,463.238,0,0,OK,4623.2,4619.2,4619.2,4619.2,4619.2,4619.2,4619.2,4619.2,4619.2,0.00,4619.2,4619.2,4619.2,0.80,1031.6,791.2,1031.6,2171.2,4111.6,2406.6,2407.6,4111.6,2406.6,769.2,532.8,522.8,7712,1558.4,5328,13828,1559.4,1292.0,23236,0xFFC6CD7F
595,0,463340,463.340,0,0,OK,4621.2,4619.2,4619.2,4619.2,4619.2,4619.2,4619.2,4619.2,4619.2,0.00,4619.2,4619.2,4619.2,0.80,791.2,791.2,1031.6,4105.6,4110.6,2406.6,4111.6,4110.6,2406.6,518.8,272.4,262.4,7712,2059.2,2724,13928,1809.8,1292.0,20632,0x7B979B60
596,0,463442,463.442,0,0,OK,4620.2,4619.2,4619.2,4619.2,4619.2,4619.2,4619.2,4619.2,4619.2,0.00,4619.2,4619.2,4619.2,231.76,791.2,791.2,1031.6,4105.6,4110.6,2406.6,4111.6,4110.6,2406.6,769.2,532.8,532.8,7712,1808.8,2724,13828,2060.2,1041.6,20532,0x56D2B92A
597,0,463543,463.543,0,0,OK,4626.2,4619.2,4619.2,4619.2,4619.2,4619.2,4619.2,4619.2,4619.2,0.00,4619.2,4619.2,4619.2,232.76,791.2,791.2,791.2,4105.6,4110.6,4110.6,4110.6,4110.6,4110.6,527.8,512.8,522.8,7712,1558.4,2724,16532,1559.4,1292.0,5248,0x0DF4895A
598,0,463645,463.645,0,0,OK,4623.2,4619.2,4619.2,4619.2,4619.2,4619.2,4619.2,4619.2,4619.2,0.00,4619.2,4619.2,4619.2,231.76,1031.6,791.2,791.2,2171.2,4111.6,4110.6,2406.6,4111.6,4110.6,768.2,532.8,522.8,7912,1558.4,5328,16532,1809.8,791.2,5248,0x3976D134
599,0,463747,463.747,0,0,OK,4628.2,4619.2,4619.2,4619.2,4619.2,4619.2,4619.2,4619.2,4619.2,0.00,4619.2,4619.2,4619.2,232.76,791.2,1031.6,791.2,4105.6,2406.6,4111.6,4110.6,2406.6,4111.6,527.8,272.4,522.8,7812,2059.2,2724,21540,1799.8,1041.6,7752,0xC3D2FB27
600,0,463848,463.848,0,0,OK,4623.2,4619.2,4619.2,4619.2,4619.2,4619.2,4619.2,4619.2,4619.2,0.00,4619.2,4619.2,4619.2,231.76,1031.6,791.2,791.2,2171.2,4111.6,4110.6,2406.6,4111.6,4110.6,768.2,522.8,272.4,7712,1558.4,5228,14028,1799.8,1282.0,5148,0x7EE1C3F3
601,0,463950,463.950,0,0,OK,4628.2,4619.2,4619.2,4619.2,4619.2,4619.2,4619.2,4619.2,4619.2,0.00,4619.2,4619.2,4619.2,231.76,1031.6,1031.6,791.2,2171.2,2407.6,4111.6,2406.6,2407.6,4111.6,267.4,532.8,262.4,5308,1798.8,5328,16532,2050.2,1292.0,140,0xC4FAF990
602,0,464052,464.052,0,0,OK,4624.2,4619.2,4619.2,4619.2,4619.2,4619.2,4619.2,4619.2,4619.2,0.00,4619.2,4619.2,4619.2,231.76,1031.6,791.2,1031.6,2171.2,4111.6,2406.6,2407.6,4111.6,2406.6,268.4,262.4,512.8,5308,1798.8,2624,14028,1559.4,791.2,20732,0x3339FD82
603,0,464153,464.153,0,0,OK,4623.2,4619.2,4619.2,4619.2,4619.2,4619.2,4619.2,4619.2,4619.2,0.00,4619.2,4619.2,4619.2,0.80,791.2,1031.6,1031.6,4105.6,2406.6,2407.6,4111.6,2406.6,2407.6,268.4,262.4,272.4,7712,1798.8,5328,19136,2050.2,1282.0,17928,0x0CC8559C
604,0,464255,464.255,0,0,OK,4624.2,4619.2,4619.2,4619.2,4619.2,4619.2,4619.2,4619.2,4619.2,0.00,4619.2,4619.2,4619.2,232.76,1031.6,791.2,1031.6,2171.2,4111.6,2406.6,2407.6,4111.6,2406.6,528.8,522.8,532.8,10316,2049.2,5228,11424,1809.8,1292.0,2744,0x0260FE4D
605,0,464357,464.357,0,0,OK,4628.2,4619.2,4619.2,4619.2,4619.2,4619.2,4619.2,4619.2,4619.2,0.00,4619.2,4619.2,4619.2,232.76,1031.6,791.2,791.2,2171.2,4111.6,4110.6,2406.6,4111.6,4110.6,527.8,262.4,262.4,7812,1558.4,5128,19136,2060.2,1282.0,17928,0x494F99A6
606,0,464458,464.458,0,0,OK,4621.2,4619.2,4619.2,4619.2,4619.2,4619.2,4619.2,4619.2,4619.2,0.00,4619.2,4619.2,4619.2,231.76,791.2,1031.6,1031.6,4105.6,2406.6,2407.6,4111.6,2406.6,2407.6,769.2,262.4,272.4,7912,2049.2,5128,14028,1809.8,791.2,15524,0x69901DAC
607,0,464560,464.560,0,0,OK,4626.2,4619.2,4619.2,4619.2,4619.2,4619.2,4619.2,4619.2,4619.2,0.00,4619.2,4619.2,4619.2,232.76,791.2,1031.6,791.2,4105.6,2406.6,4111.6,4110.6,2406.6,4111.6,527.8,512.8,272.4,10316,1808.8,5228,16532,1809.8,1041.6,2644,0x91B0A5CA
608,0,464662,464.662,0,0,OK,4623.2,4619.2,4619.2,4619.2,4619.2,4619.2,4619.2,4619.2,4619.2,0.00,4619.2,4619.2,4619.2,0.80,791.2,1031.6,791.2,4105.6,2406.6,4111.6,4110.6,2406.6,4111.6,517.8,512.8,532.8,7812,2049.2,2624,11424,2050.2,791.2,2644,0x417A8AE2
609,0,464764,464.764,0,0,OK,4624.2,4619.2,4619.2,4619.2,4619.2,4619.2,4619.2,4619.2,4619.2,0.00,4619.2,4619.2,4619.2,232.76,791.2,1031.6,791.2,4105.6,2406.6,4111.6,4110.6,2406.6,4111.6,517.8,532.8,272.4,7912,1798.8,5228,19136,2050.2,1031.6,20632,0xBFE732AF
610,0,464865,464.865,0,0,OK,4621.2,4619.2,4619.2,4619.2,4619.2,4619.2,4619.2,4619.2,4619.2,0.00,4619.2,4619.2,4619.2,232.76,1031.6,1031.6,791.2,2171.2,2407.6,4111.6,2406.6,2407.6,4111.6,517.8,262.4,512.8,7912,2049.2,5228,16532,2060.2,1292.0,10316,0xAF587DE8
611,0,464967,464.967,0,0,OK,4625.2,4619.2,4619.2,4619.2,4619.2,4619.2,4619.2,4619.2,4619.2,0.00,4619.2,4619.2,4619.2,231.76,1031.6,1031.6,1031.6,2171.2,2407.6,2407.6,2407.6,2407.6,2407.6,518.8,522.8,512.8,7812,2059.2,5228,13928,1809.8,791.2,18128,0x052067ED
612,0,465069,465.069,0,0,OK,4619.2,4619.2,4619.2,4619.2,4619.2,4619.2,4619.2,4619.2,4619.2,0.00,4619.2,4619.2,4619.2,231.76,1031.6,791.2,1031.6,2171.2,4111.6,2406.6,2407.6,4111.6,2406.6,268.4,512.8,272.4,7912,1808.8,5228,13828,2060.2,1282.0,13020,0x8DC5D468
613,0,465170,465.170,0,0,OK,4627.2,4619.2,4619.2,4619.2,4619.2,4619.2,4619.2,4619.2,4619.2,0.00,4619.2,4619.2,4619.2,231.76,791.2,791.2,791.2,4105.6,4110.6,4110.6,4110.6,4110.6,4110.6,768.2,262.4,512.8,7912,2059.2,5228,14028,2060.2,1292.0,5148,0x88F9DB58
614,0,465272,465.272,0,0,OK,4626.2,4619.2,4619.2,4619.2,4619.2,4619.2,4619.2,4619.2,4619.2,0.00,4619.2,4619.2,4619.2,232.76,1031.6,1031.6,1031.6,2171.2,2407.6,2407.6,2407.6,2407.6,2407.6,278.4,272.4,272.4,7712,2049.2,5228,11424,2050.2,1041.6,20532,0x4F9FD043
615,0,465374,465.374,0,0,OK,4620.2,4619.2,4619.2,4619.2,4619.2,4619.2,4619.2,4619.2,4619.2,0.00,4619.2,4619.2,4619.2,0.80,1031.6,1031.6,791.2,2171.2,2407.6,4111.6,2406.6,2407.6,4111.6,277.4,522.8,512.8,7712,1558.4,5128,19136,2060.2,1292.0,140,0xCCE82548
616,0,465475,465.475,0,0,OK,4622.2,4619.2,4619.2,4619.2,4619.2,4619.2,4619.2,4619.2,4619.2,0.00,4619.2,4619.2,4619.2,231.76,791.2,791.2,1031.6,4105.6,4110.6,2406.6,4111.6,4110.6,2406.6,518.8,272.4,522.8,5308,2049.2,2624,16632,2060.2,1292.0,40,0x5C8A4D5E
617,0,465577,465.577,0,0,OK,4627.2,4619.2,4619.2,4619.2,4619.2,4619.2,4619.2,4619.2,4619.2,0.00,4619.2,4619.2,4619.2,232.76,791.2,791.2,1031.6,4105.6,4110.6,2406.6,4111.6,4110.6,2406.6,278.4,262.4,522.8,7912,1798.8,2624,13828,2050.2,1031.6,20632,0x6C8DCEDD
618,0,465679,465.679,0,0,OK,4622.2,4619.2,4619.2,4619.2,4619.2,4619.2,4619.2,4619.2,4619.2,0.00,4619.2,4619.2,4619.2,0.80,1031.6,791.2,1031.6,2171.2,4111.6,2406.6,2407.6,4111.6,2406.6,268.4,512.8,272.4,5308,1558.4,2624,19136,1809.8,791.2,20532,0xCB24093E
619,0,465780,465.780,0,0,OK,4625.2,4619.2,4619.2,4619.2,4619.2,4619.2,4619.2,4619.2,4619.2,0.00,4619.2,4619.2,4619.2,0.80,1031.6,1031.6,791.2,2171.2,2407.6,4111.6,2406.6,2407.6,4111.6,768.2,522.8,272.4,5308,1798.8,5328,16632,1809.8,1041.6,40,0x72EE7DF5
620,0,465882,465.882,0,0,OK,4627.2,4619.2,4619.2,4619.2,4619.2,4619.2,4619.2,4619.2,4619.2,0.00,4619.2,4619.2,4619.2,232.76,1031.6,1031.6,791.2,2171.2,2407.6,4111.6,2406.6,2407.6,4111.6,267.4,532.8,512.8,7912,1808.8,2724,11424,1559.4,1282.0,5348,0x6101FB9B
621,0,465984,465.984,0,0,OK,4619.2,4619.2,4619.2,4619.2,4619.2,4619.2,4619.2,4619.2,4619.2,0.00,4619.2,4619.2,4619.2,232.76,1031.6,791.2,791.2,2171.2,4111.6,4110.6,2406.6,4111.6,4110.6,267.4,512.8,522.8,7812,1808.8,5228,19136,1559.4,791.2,5248,0xBC392378
622,0,466085,466.085,0,0,OK,4624.2,4619.2,4619.2,4619.2,4619.2,4619.2,4619.2,4619.2,4619.2,0.00,4619.2,4619.2,4619.2,0.80,1031.6,791.2,1031.6,2171.2,4111.6,2406.6,2407.6,4111.6,2406.6,268.4,272.4,272.4,5308,2049.2,5128,16532,2050.2,1282.0,140,0x7B6A73D2
623,0,466187,466.187,0,0,OK,4620.2,4619.2,4619.2,4619.2,4619.2,4619.2,4619.2,4619.2,4619.2,0.00,4619.2,4619.2,4619.2,231.76,1031.6,1031.6,791.2,2171.2,2407.6,4111.6,2406.6,2407.6,4111.6,267.4,522.8,262.4,5308,2049.2,2724,13828,2050.2,1292.0,12920,0x788EB084
624,0,466289,466.289,0,0,OK,4619.2,4619.2,4619.2,4619.2,4619.2,4619.2,4619.2,4619.2,4619.2,0.00,4619.2,4619.2,4619.2,232.76,1031.6,1031.6,791.2,2171.2,2407.6,4111.6,2406.6,2407.6,4111.6,267.4,272.4,532.8,7912,2049.2,2724,14028,2060.2,1292.0,10356,0x8B90C3BA
625,0,466391,466.391,0,0,OK,4620.2,4619.2,4619.2,4619.2,4619.2,4619.2,4619.2,4619.2,4619.2,0.00,4619.2,4619.2,4619.2,0.80,791.2,791.2,791.2,4105.6,4110.6,4110.6,4110.6,4110.6,4110.6,277.4,512.8,272.4,5308,2059.2,5128,19136,1799.8,791.2,10456,0x87918730
626,0,466492,466.492,0,0,OK,4622.2,4619.2,4619.2,4619.2,4619.2,4619.2,4619.2,4619.2,4619.2,0.00,4619.2,4619.2,4619.2,232.76,1031.6,791.2,791.2,2171.2,4111.6,4110.6,2406.6,4111.6,4110.6,527.8,272.4,262.4,7712,2049.2,5128,21540,2060.2,1282.0,7852,0xE558FB41
627,0,466594,466.594,0,0,OK,4622.2,4619.2,4619.2,4619.2,4619.2,4619.2,4619.2,4619.2,4619.2,0.00,4619.2,4619.2,4619.2,232.76,791.2,791.2,791.2,4105.6,4110.6,4110.6,4110.6,4110.6,4110.6,267.4,272.4,512.8,7712,1808.8,5228,19136,2050.2,1292.0,7852,0x1220FFCE
628,0,466696,466.696,0,0,OK,4621.2,4619.2,4619.2,4619.2,4619.2,4619.2,4619.2,4619.2,4619.2,0.00,4619.2,4619.2,4619.2,0.80,1031.6,791.2,791.2,2171.2,4111.6,4110.6,2406.6,4111.6,4110.6,267.4,272.4,272.4,5308,1808.8,5128,11424,2060.2,791.2,5248,0xCEFAFEDB
629,0,466797,466.797,0,0,OK,4625.2,4619.2,4619.2,4619.2,4619.2,4619.2,4619.2,4619.2,4619.2,0.00,4619.2,4619.2,4619.2,232.76,791.2,791.2,791.2,4105.6,4110.6,4110.6,4110.6,4110.6,4110.6,277.4,262.4,522.8,10316,1558.4,5228,13928,1799.8,1031.6,12920,0x552D824C
630,0,466899,466.899,0,0,OK,4624.2,4619.2,4619.2,4619.2,4619.2,4619.2,4619.2,4619.2,4619.2,0.00,4619.2,4619.2,4619.2,232.76,791.2,1031.6,1031.6,4105.6,2406.6,2407.6,4111.6,2406.6,2407.6,518.8,522.8,262.4,10316,2049.2,2624,13928,1559.4,1282.0,140,0x92F976FE
631,0,467001,467.001,0,0,OK,4627.2,4619.2,4619.2,4619.2,4619.2,4619.2,4619.2,4619.2,4619.2,0.00,4619.2,4619.2,4619.2,232.76,791.2,1031.6,1031.6,4105.6,2406.6,2407.6,4111.6,2406.6,2407.6,769.2,532.8,272.4,7712,2059.2,2724,11424,2060.2,1041.6,140,0x04117F43
632,0,467102,467.102,0,0,OK,4626.2,4619.2,4619.2,4619.2,4619.2,4619.2,4619.2,4619.2,4619.2,0.00,4619.2,4619.2,4619.2,231.76,791.2,1031.6,791.2,4105.6,2406.6,4111.6,4110.6,2406.6,4111.6,277.4,262.4,262.4,10316,1798.8,5328,11424,1809.8,1292.0,2644,0x4544921E
633,0,467204,467.204,0,0,OK,4619.2,4619.2,4619.2,4619.2,4619.2,4619.2,4619.2,4619.2,4619.2,0.00,4619.2,4619.2,4619.2,231.76,1031.6,791.2,791.2,2171.2,4111.6,4110.6,2406.6,4111.6,4110.6,267.4,272.4,272.4,7812,1808.8,2624,16632,2060.2,1292.0,23236,0x21A07EC9
634,0,467305,467.305,0,0,OK,4619.2,4619.2,4619.2,4619.2,4619.2,4619.2,4619.2,4619.2,4619.2,0.00,4619.2,4619.2,4619.2,232.76,1031.6,1031.6,1031.6,2171.2,2407.6,2407.6,2407.6,2407.6,2407.6,769.2,512.8,532.8,7712,2059.2,5328,13928,2050.2,791.2,7752,0x38B45FAE
635,0,467407,467.407,0,0,OK,4619.2,4619.2,4619.2,4619.2,4619.2,4619.2,4619.2,4619.2,4619.2,0.00,4619.2,4619.2,4619.2,232.76,791.2,791.2,1031.6,4105.6,4110.6,2406.6,4111.6,4110.6,2406.6,518.8,272.4,532.8,7812,2059.2,5228,16432,1799.8,1041.6,12920,0x643A923D
636,0,467509,467.509,0,0,OK,4626.2,4619.2,4619.2,4619.2,4619.2,4619.2,4619.2,4619.2,4619.2,0.00,4619.2,4619.2,4619.2,231.76,1031.6,791.2,791.2,2171.2,4111.6,4110.6,2406.6,4111.6,4110.6,267.4,272.4,522.8,7812,1798.8,5328,13928,1809.8,1041.6,15524,0x52A314A6
637,0,467610,467.610,0,0,OK,4621.2,4619.2,4619.2,4619.2,4619.2,4619.2,4619.2,4619.2,4619.2,0.00,4619.2,4619.2,4619.2,231.76,1031.6,1031.6,791.2,2171.2,2407.6,4111.6,2406.6,2407.6,4111.6,527.8,272.4,262.4,7712,2059.2,5228,16432,2060.2,1292.0,2644,0x08232A4D
638,0,467712,467.712,0,0,OK,4624.2,4619.2,4619.2,4619.2,4619.2,4619.2,4619.2,4619.2,4619.2,0.00,4619.2,4619.2,4619.2,0.80,1031.6,1031.6,1031.6,2171.2,2407.6,2407.6,2407.6,2407.6,2407.6,528.8,522.8,272.4,7912,1808.8,2624,16532,1809.8,1292.0,140,0x6B191386
639,0,467814,467.814,0,0,OK,4619.2,4619.2,4619.2,4619.2,4619.2,4619.2,4619.2,4619.2,4619.2,0.00,4619.2,4619.2,4619.2,0.80,791.2,1031.6,1031.6,4105.6,2406.6,2407.6,4111.6,2406.6,2407.6,769.2,512.8,262.4,10316,2059.2,5328,19136,2050.2,791.2,12820,0x4B74AEE4
640,0,467915,467.915,0,0,OK,4619.2,4619.2,4619.2,4619.2,4619.2,4619.2,4619.2,4619.2,4619.2,0.00,4619.2,4619.2,4619.2,231.76,791.2,791.2,1031.6,4105.6,4110.6,2406.6,4111.6,4110.6,2406.6,268.4,512.8,532.8,5308,1808.8,2624,16532,2060.2,1041.6,7852,0xBC853CE1
641,0,468017,468.017,0,0,OK,4623.2,4619.2,4619.2,4619.2,4619.2,4619.2,4619.2,4619.2,4619.2,0.00,4619.2,4619.2,4619.2,0.80,791.2,1031.6,791.2,4105.6,2406.6,4111.6,4110.6,2406.6,4111.6,277.4,522.8,522.8,10316,1558.4,2624,21540,1799.8,791.2,10356,0xB113A8FE
642,0,468119,468.119,0,0,OK,4620.2,4619.2,4619.2,4619.2,4619.2,4619.2,4619.2,4619.2,4619.2,0.00,4619.2,4619.2,4619.2,0.80,1031.6,791.2,1031.6,2171.2,4111.6,2406.6,2407.6,4111.6,2406.6,518.8,512.8,272.4,10316,2059.2,5328,19036,1799.8,1292.0,20532,0x65107015
643,0,468220,468.220,0,0,OK,4620.2,4619.2,4619.2,4619.2,4619.2,4619.2,4619.2,4619.2,4619.2,0.00,4619.2,4619.2,4619.2,232.76,791.2,791.2,1031.6,4105.6,4110.6,2406.6,4111.6,4110.6,2406.6,278.4,512.8,532.8,7712,1798.8,5328,13828,1809.8,1031.6,20532,0x99FB8279
644,0,468322,468.322,0,0,OK,4624.2,4619.2,4619.2,4619.2,4619.2,4619.2,4619.2,4619.2,4619.2,0.00,4619.2,4619.2,4619.2,0.80,1031.6,791.2,791.2,2171.2,4111.6,4110.6,2406.6,4111.6,4110.6,517.8,272.4,262.4,7912,2049.2,5128,21540,2060.2,1041.6,7912,0xE605E905
645,0,468423,468.423,0,0,OK,4624.2,4619.2,4619.2,4619.2,4619.2,4619.2,4619.2,4619.2,4619.2,0.00,4619.2,4619.2,4619.2,0.80,791.2,1031.6,791.2,4105.6,2406.6,4111.6,4110.6,2406.6,4111.6,267.4,522.8,262.4,10316,1558.4,5328,16432,2060.2,1031.6,7852,0x320174F1
646,0,468525,468.525,0,0,OK,4628.2,4619.2,4619.2,4619.2,4619.2,4619.2,4619.2,4619.2,4619.2,0.00,4619.2,4619.2,4619.2,231.76,791.2,791.2,1031.6,4105.6,4110.6,2406.6,4111.6,4110.6,2406.6,268.4,262.4,272.4,7712,1808.8,2624,11424,2050.2,1041.6,5148,0x190B713A
647,0,468627,468.627,0,0,OK,4622.2,4619.2,4619.2,4619.2,4619.2,4619.2,4619.2,4619.2,4619.2,0.00,4619.2,4619.2,4619.2,0.80,1031.6,791.2,791.2,2171.2,4111.6,4110.6,2406.6,4111.6,4110.6,267.4,262.4,522.8,7812,1558.4,5228,16532,1559.4,1031.6,23136,0xE48010B7
648,0,468728,468.728,0,0,OK,4623.2,4619.2,4619.2,4619.2,4619.2,4619.2,4619.2,4619.2,4619.2,0.00,4619.2,4619.2,4619.2,232.76,791.2,1031.6,1031.6,4105.6,2406.6,2407.6,4111.6,2406.6,2407.6,528.8,522.8,512.8,7812,1558.4,2724,13828,2050.2,1041.6,10356,0x72672F1F
649,0,468830,468.830,0,0,OK,4619.2,4619.2,4619.2,4619.2,4619.2,4619.2,4619.2,4619.2,4619.2,0.00,4619.2,4619.2,4619.2,232.76,791.2,791.2,1031.6,4105.6,4110.6,2406.6,4111.6,4110.6,2406.6,518.8,512.8,262.4,7712,2049.2,2624,16432,2060.2,1031.6,2644,0x24007362
650,0,468932,468.932,0,0,OK,4620.2,4619.2,4619.2,4619.2,4619.2,4619.2,4619.2,4619.2,4619.2,0.00,4619.2,4619.2,4619.2,231.76,1031.6,1031.6,791.2,2171.2,2407.6,4111.6,2406.6,2407.6,4111.6,517.8,262.4,262.4,7912,2049.2,2624,13828,1799.8,1282.0,20532,0xFB5464B8
651,0,469033,469.033,0,0,OK,4622.2,4619.2,4619.2,4619.2,4619.2,4619.2,4619.2,4619.2,4619.2,0.00,4619.2,4619.2,4619.2,0.80,1031.6,791.2,791.2,2171.2,4111.6,4110.6,2406.6,4111.6,4110.6,267.4,522.8,522.8,5308,2059.2,2724,21540,2050.2,1031.6,240,0xE9EBC233
652,0,469135,469.135,0,0,OK,4622.2,4619.2,4619.2,4619.2,4619.2,4619.2,4619.2,4619.2,4619.2,0.00,4619.2,4619.2,4619.2,231.76,1031.6,1031.6,1031.6,2171.2,2407.6,2407.6,2407.6,2407.6,2407.6,769.2,512.8,272.4,7712,2059.2,5328,16532,1799.8,1031.6,10416,0xCA6B7BAA
653,0,469236,469.236,0,0,OK,4622.2,4619.2,4619.2,4619.2,4619.2,4619.2,4619.2,4619.2,4619.2,0.00,4619.2,4619.2,4619.2,0.80,1031.6,1031.6,791.2,2171.2,2407.6,4111.6,2406.6,2407.6,4111.6,517.8,532.8,512.8,5308,2059.2,5328,11424,2050.2,1282.0,20632,0x5EB48B64
654,0,469338,469.338,0,0,OK,4622.2,4619.2,4619.2,4619.2,4619.2,4619.2,4619.2,4619.2,4619.2,0.00,4619.2,4619.2,4619.2,232.76,791.2,1031.6,1031.6,4105.6,2406.6,2407.6,4111.6,2406.6,2407.6,278.4,522.8,272.4,7812,1558.4,5128,13828,2060.2,1031.6,240,0x3C887A1E
655,0,469440,469.440,0,0,OK,4619.2,4619.2,4619.2,4619.2,4619.2,4619.2,4619.2,4619.2,4619.2,0.00,4619.2,4619.2,4619.2,0.80,791.2,1031.6,1031.6,4105.6,2406.6,2407.6,4111.6,2406.6,2407.6,769.2,272.4,512.8,10316,2049.2,2624,13828,1799.8,791.2,2644,0x806237F5
656,0,469542,469.542,0,0,OK,4621.2,4619.2,4619.2,4619.2,4619.2,4619.2,4619.2,4619.2,4619.2,0.00,4619.2,4619.2,4619.2,232.76,1031.6,1031.6,1031.6,2171.2,2407.6,2407.6,2407.6,2407.6,2407.6,769.2,512.8,532.8,7912,2059.2,5228,13828,1799.8,1041.6,10356,0xF827FD34
657,0,469643,469.643,0,0,OK,4628.2,4619.2,4619.2,4619.2,4619.2,4619.2,4619.2,4619.2,4619.2,0.00,4619.2,4619.2,4619.2,231.76,791.2,791.2,1031.6,4105.6,4110.6,2406.6,4111.6,4110.6,2406.6,518.8,272.4,532.8,10316,1558.4,5328,14028,1799.8,791.2,10416,0xDF71A90D
658,0,469745,469.745,0,0,OK,4628.2,4619.2,4619.2,4619.2,4619.2,4619.2,4619.2,4619.2,4619.2,0.00,4619.2,4619.2,4619.2,232.76,791.2,791.2,791.2,4105.6,4110.6,4110.6,4110.6,4110.6,4110.6,517.8,262.4,272.4,7912,2049.2,2724,19136,2060.2,1292.0,7852,0xB7ECA5A3
659,0,469846,469.846,0,0,OK,4626.2,4619.2,4619.2,4619.2,4619.2,4619.2,4619.2,4619.2,4619.2,0.00,4619.2,4619.2,4619.2,231.76,1031.6,791.2,791.2,2171.2,4111.6,4110.6,2406.6,4111.6,4110.6,527.8,532.8,532.8,10316,1798.8,5228,16532,1559.4,1282.0,10316,0x35EE2177
660,0,469948,469.948,0,0,OK,4619.2,4619.2,4619.2,4619.2,4619.2,4619.2,4619.2,4619.2,4619.2,0.00,4619.2,4619.2,4619.2,231.76,1031.6,1031.6,791.2,2171.2,2407.6,4111.6,2406.6,2407.6,4111.6,267.4,522.8,532.8,7712,1808.8,2724,16532,1559.4,1031.6,23236,0xE9DB2AFB
661,0,470050,470.050,0,0,OK,4623.2,4619.2,4619.2,4619.2,4619.2,4619.2,4619.2,4619.2,4619.2,0.00,4619.2,4619.2,4619.2,231.76,791.2,1031.6,1031.6,4105.6,2406.6,2407.6,4111.6,2406.6,2407.6,278.4,532.8,512.8,10316,1798.8,5228,13928,1809.8,1282.0,10316,0x0B1AB8CC
662,0,470151,470.151,0,0,OK,4625.2,4619.2,4619.2,4619.2,4619.2,4619.2,4619.2,4619.2,4619.2,0.00,4619.2,4619.2,4619.2,232.76,791.2,791.2,1031.6,4105.6,4110.6,2406.6,4111.6,4110.6,2406.6,268.4,512.8,262.4,7912,1558.4,5328,19036,1809.8,1292.0,15524,0x15262D74
663,0,470253,470.253,0,0,OK,4625.2,4619.2,4619.2,4619.2,4619.2,4619.2,4619.2,4619.2,4619.2,0.00,4619.2,4619.2,4619.2,0.80,791.2,791.2,791.2,4105.6,4110.6,4110.6,4110.6,4110.6,4110.6,527.8,522.8,512.8,7812,2049.2,2624,13928,2060.2,1292.0,240,0x0A7B0453
664,0,470355,470.355,0,0,OK,4626.2,4619.2,4619.2,4619.2,4619.2,4619.2,4619.2,4619.2,4619.2,0.00,4619.2,4619.2,4619.2,231.76,1031.6,1031.6,1031.6,2171.2,2407.6,2407.6,2407.6,2407.6,2407.6,518.8,272.4,522.8,5308,1808.8,5328,14028,1809.8,1282.0,17928,0xF9CBA9EB
665,0,470456,470.456,0,0,OK,4624.2,4619.2,4619.2,4619.2,4619.2,4619.2,4619.2,4619.2,4619.2,0.00,4619.2,4619.2,4619.2,232.76,1031.6,791.2,1031.6,2171.2,4111.6,2406.6,2407.6,4111.6,2406.6,769.2,272.4,522.8,7912,2059.2,2724,21540,2060.2,1031.6,10316,0x1038CA14
666,0,470558,470.558,0,0,OK,4621.2,4619.2,4619.2,4619.2,4619.2,4619.2,4619.2,4619.2,4619.2,0.00,4619.2,4619.2,4619.2,231.76,1031.6,1031.6,791.2,2171.2,2407.6,4111.6,2406.6,2407.6,4111.6,277.4,532.8,272.4,7912,1798.8,5228,19136,1809.8,1041.6,10416,0xA6C2584E
667,0,470660,470.660,0,0,OK,4624.2,4619.2,4619.2,4619.2,4619.2,4619.2,4619.2,4619.2,4619.2,0.00,4619.2,4619.2,4619.2,232.76,1031.6,1031.6,1031.6,2171.2,2407.6,2407.6,2407.6,2407.6,2407.6,268.4,262.4,512.8,5308,2059.2,2624,16632,1809.8,1041.6,2644,0x05FFF57E
668,0,470761,470.761,0,0,OK,4621.2,4619.2,4619.2,4619.2,4619.2,4619.2,4619.2,4619.2,4619.2,0.00,4619.2,4619.2,4619.2,0.80,791.2,791.2,791.2,4105.6,4110.6,4110.6,4110.6,4110.6,4110.6,267.4,532.8,262.4,7712,1808.8,5128,16632,1559.4,1031.6,20732,0x4DF616D0
669,0,470863,470.863,0,0,OK,4628.2,4619.2,4619.2,4619.2,4619.2,4619.2,4619.2,4619.2,4619.2,0.00,4619.2,4619.2,4619.2,231.76,791.2,1031.6,1031.6,4105.6,2406.6,2407.6,4111.6,2406.6,2407.6,769.2,512.8,532.8,7712,2059.2,2724,14028,1799.8,1292.0,23236,0x98F9D64A
670,0,470965,470.965,0,0,OK,4627.2,4619.2,4619.2,4619.2,4619.2,4619.2,4619.2,4619.2,4619.2,0.00,4619.2,4619.2,4619.2,0.80,791.2,791.2,1031.6,4105.6,4110.6,2406.6,4111.6,4110.6,2406.6,278.4,532.8,522.8,7712,2049.2,2624,19136,1809.8,791.2,40,0x31346378
671,0,471066,471.066,0,0,OK,4621.2,4619.2,4619.2,4619.2,4619.2,4619.2,4619.2,4619.2,4619.2,0.00,4619.2,4619.2,4619.2,232.76,791.2,791.2,1031.6,4105.6,4110.6,2406.6,4111.6,4110.6,2406.6,769.2,532.8,512.8,7812,1798.8,5228,14028,2060.2,1041.6,18028,0x027605D4
672,0,471168,471.168,0,0,OK,4621.2,4619.2,4619.2,4619.2,4619.2,4619.2,4619.2,4619.2,4619.2,0.00,4619.2,4619.2,4619.2,0.80,791.2,791.2,791.2,4105.6,4110.6,4110.6,4110.6,4110.6,4110.6,267.4,262.4,512.8,7712,2059.2,5328,13828,2050.2,1292.0,2744,0x57BF7D8B
673,0,471270,471.270,0,0,OK,4622.2,4619.2,4619.2,4619.2,4619.2,4619.2,4619.2,4619.2,4619.2,0.00,4619.2,4619.2,4619.2,232.76,791.2,1031.6,1031.6,4105.6,2406.6,2407.6,4111.6,2406.6,2407.6,769.2,262.4,522.8,7712,2049.2,5128,19036,1809.8,1282.0,2744,0xD6ADB11E
674,0,471371,471.371,0,0,OK,4625.2,4619.2,4619.2,4619.2,4619.2,4619.2,4619.2,4619.2,4619.2,0.00,4619.2,4619.2,4619.2,0.80,1031.6,791.2,1031.6,2171.2,4111.6,2406.6,2407.6,4111.6,2406.6,278.4,262.4,532.8,7712,2059.2,5328,19036,2050.2,1292.0,7912,0x914F5181
675,0,471473,471.473,0,0,OK,4621.2,4619.2,4619.2,4619.2,4619.2,4619.2,4619.2,4619.2,4619.2,0.00,4619.2,4619.2,4619.2,0.80,1031.6,1031.6,1031.6,2171.2,2407.6,2407.6,2407.6,2407.6,2407.6,278.4,512.8,512.8,10316,2059.2,5228,19136,1559.4,1282.0,13020,0xF1627C61
676,0,471575,471.575,0,0,OK,4624.2,4619.2,4619.2,4619.2,4619.2,4619.2,4619.2,4619.2,4619.2,0.00,4619.2,4619.2,4619.2,0.80,1031.6,791.2,791.2,2171.2,4111.6,4110.6,2406.6,4111.6,4110.6,527.8,272.4,532.8,7712,2049.2,5228,13828,2060.2,1041.6,7852,0x92FB519F
677,0,471676,471.676,0,0,OK,4624.2,4619.2,4619.2,4619.2,4619.2,4619.2,4619.2,4619.2,4619.2,0.00,4619.2,4619.2,4619.2,0.80,791.2,1031.6,1031.6,4105.6,2406.6,2407.6,4111.6,2406.6,2407.6,528.8,262.4,272.4,7912,1808.8,5228,16532,1809.8,1031.6,7752,0xBE2B8BA2
678,0,471778,471.778,0,0,OK,4626.2,4619.2,4619.2,4619.2,4619.2,4619.2,4619.2,4619.2,4619.2,0.00,4619.2,4619.2,4619.2,231.76,1031.6,791.2,1031.6,2171.2,4111.6,2406.6,2407.6,4111.6,2406.6,518.8,512.8,262.4,10316,1558.4,5228,11424,2050.2,1031.6,20732,0x5F0F0F35
679,0,471880,471.880,0,0,OK,4626.2,4619.2,4619.2,4619.2,4619.2,4619.2,4619.2,4619.2,4619.2,0.00,4619.2,4619.2,4619.2,0.80,1031.6,791.2,1031.6,2171.2,4111.6,2406.6,2407.6,4111.6,2406.6,518.8,512.8,512.8,10316,1798.8,5128,13928,1559.4,1031.6,5348,0xEB64D544
680,0,471981,471.981,0,0,OK,4626.2,4619.2,4619.2,4619.2,4619.2,4619.2,4619.2,4619.2,4619.2,0.00,4619.2,4619.2,4619.2,231.76,791.2,1031.6,791.2,4105.6,2406.6,4111.6,4110.6,2406.6,4111.6,527.8,262.4,272.4,10316,1798.8,5128,21540,1799.8,791.2,15524,0xAAA4CC65
681,0,472083,472.083,0,0,OK,4628.2,4619.2,4619.2,4619.2,4619.2,4619.2,4619.2,4619.2,4619.2,0.00,4619.2,4619.2,4619.2,231.76,1031.6,791.2,791.2,2171.2,4111.6,4110.6,2406.6,4111.6,4110.6,277.4,512.8,262.4,10316,1558.4,2724,14028,2060.2,1282.0,12820,0x56AB3C02
682,0,472185,472.185,0,0,OK,4627.2,4619.2,4619.2,4619.2,4619.2,4619.2,4619.2,4619.2,4619.2,0.00,4619.2,4619.2,4619.2,0.80,1031.6,791.2,1031.6,2171.2,4111.6,2406.6,2407.6,4111.6,2406.6,518.8,262.4,512.8,5308,2049.2,5328,19136,2050.2,1041.6,23136,0xDA724C04
683,0,472287,472.287,0,0,OK,4627.2,4619.2,4619.2,4619.2,4619.2,4619.2,4619.2,4619.2,4619.2,0.00,4619.2,4619.2,4619.2,0.80,1031.6,1031.6,1031.6,2171.2,2407.6,2407.6,2407.6,2407.6,2407.6,268.4,522.8,532.8,7912,1808.8,5228,19036,2060.2,1031.6,2644,0x82ED4B60
684,0,472388,472.388,0,0,OK,4626.2,4619.2,4619.2,4619.2,4619.2,4619.2,4619.2,4619.2,4619.2,0.00,4619.2,4619.2,4619.2,0.80,791.2,1031.6,1031.6,4105.6,2406.6,2407.6,4111.6,2406.6,2407.6,268.4,532.8,522.8,5308,2059.2,5228,14028,1559.4,1282.0,10456,0xED5DA6FE
685,0,472490,472.490,0,0,OK,4628.2,4619.2,4619.2,4619.2,4619.2,4619.2,4619.2,4619.2,4619.2,0.00,4619.2,4619.2,4619.2,232.76,791.2,791.2,1031.6,4105.6,4110.6,2406.6,4111.6,4110.6,2406.6,518.8,522.8,262.4,7712,2059.2,2624,13928,1809.8,1031.6,240,0xE7409EC7
686,0,472592,472.592,0,0,OK,4624.2,4619.2,4619.2,4619.2,4619.2,4619.2,4619.2,4619.2,4619.2,0.00,4619.2,4619.2,4619.2,232.76,791.2,791.2,791.2,4105.6,4110.6,4110.6,4110.6,4110.6,4110.6,277.4,532.8,512.8,7912,1558.4,2624,16632,1799.8,1292.0,18028,0x557838A8
687,0,472693,472.693,0,0,OK,4628.2,4619.2,4619.2,4619.2,4619.2,4619.2,4619.2,4619.2,4619.2,0.00,4619.2,4619.2,4619.2,0.80,1031.6,791.2,791.2,2171.2,4111.6,4110.6,2406.6,4111.6,4110.6,768.2,532.8,272.4,7712,2059.2,5228,16632,1809.8,1292.0,5248,0x8AB28F23
688,0,472795,472.795,0,0,OK,4626.2,4619.2,4619.2,4619.2,4619.2,4619.2,4619.2,4619.2,4619.2,0.00,4619.2,4619.2,4619.2,232.76,791.2,1031.6,1031.6,4105.6,2406.6,2407.6,4111.6,2406.6,2407.6,268.4,262.4,512.8,7912,2059.2,5228,16432,2060.2,791.2,10356,0x94168649
689,0,472897,472.897,0,0,OK,4624.2,4619.2,4619.2,4619.2,4619.2,4619.2,4619.2,4619.2,4619.2,0.00,4619.2,4619.2,4619.2,231.76,1031.6,1031.6,1031.6,2171.2,2407.6,2407.6,2407.6,2407.6,2407.6,278.4,272.4,522.8,7812,1798.8,2624,11424,1809.8,791.2,18128,0x4275457D
690,0,472998,472.998,0,0,OK,4624.2,4619.2,4619.2,4619.2,4619.2,4619.2,4619.2,4619.2,4619.2,0.00,4619.2,4619.2,4619.2,0.80,1031.6,791.2,791.2,2171.2,4111.6,4110.6,2406.6,4111.6,4110.6,277.4,522.8,262.4,7712,2059.2,5128,11424,2060.2,791.2,10356,0x470F2199
691,0,473100,473.100,0,0,OK,4626.2,4619.2,4619.2,4619.2,4619.2,4619.2,4619.2,4619.2,4619.2,0.00,4619.2,4619.2,4619.2,231.76,791.2,791.2,1031.6,4105.6,4110.6,2406.6,4111.6,4110.6,2406.6,769.2,522.8,262.4,10316,1798.8,5228,13928,1799.8,791.2,10456,0xE194A4F0
692,0,473202,473.202,0,0,OK,4626.2,4619.2,4619.2,4619.2,4619.2,4619.2,4619.2,4619.2,4619.2,0.00,4619.2,4619.2,4619.2,0.80,791.2,1031.6,1031.6,4105.6,2406.6,2407.6,4111.6,2406.6,2407.6,268.4,512.8,532.8,7912,1558.4,2724,21540,1799.8,1041.6,20732,0xF670B2F3
693,0,473303,473.303,0,0,OK,4626.2,4619.2,4619.2,4619.2,4619.2,4619.2,4619.2,4619.2,4619.2,0.00,4619.2,4619.2,4619.2,232.76,791.2,1031.6,1031.6,4105.6,2406.6,2407.6,4111.6,2406.6,2407.6,278.4,522.8,522.8,7712,2049.2,2724,13828,1799.8,1031.6,13020,0x6E336B78
694,0,473405,473.405,0,0,OK,4619.2,4619.2,4619.2,4619.2,4619.2,4619.2,4619.2,4619.2,4619.2,0.00,4619.2,4619.2,4619.2,0.80,791.2,1031.6,1031.6,4105.6,2406.6,2407.6,4111.6,2406.6,2407.6,278.4,272.4,532.8,7912,1808.8,2624,19136,2060.2,791.2,5148,0xA068B141
695,0,473507,473.507,0,0,OK,4628.2,4619.2,4619.2,4619.2,4619.2,4619.2,4619.2,4619.2,4619.2,0.00,4619.2,4619.2,4619.2,232.76,1031.6,791.2,1031.6,2171.2,4111.6,2406.6,2407.6,4111.6,2406.6,278.4,272.4,512.8,7812,1558.4,5128,13828,2060.2,791.2,5248,0xFC4B6A1C
696,0,473608,473.608,0,0,OK,4621.2,4619.2,4619.2,4619.2,4619.2,4619.2,4619.2,4619.2,4619.2,0.00,4619.2,4619.2,4619.2,0.80,791.2,791.2,1031.6,4105.6,4110.6,2406.6,4111.6,4110.6,2406.6,769.2,262.4,522.8,7712,2059.2,5128,13928,1799.8,1031.6,7912,0x9030D607
697,0,473710,473.710,0,0,OK,4627.2,4619.2,4619.2,4619.2,4619.2,4619.2,4619.2,4619.2,4619.2,0.00,4619.2,4619.2,4619.2,231.76,1031.6,1031.6,1031.6,2171.2,2407.6,2407.6,2407.6,2407.6,2407.6,518.8,532.8,512.8,5308,1558.4,5228,16432,1559.4,1282.0,18128,0x6F478077
698,0,473812,473.812,0,0,OK,4625.2,4619.2,4619.2,4619.2,4619.2,4619.2,4619.2,4619.2,4619.2,0.00,4619.2,4619.2,4619.2,232.76,791.2,791.2,791.2,4105.6,4110.6,4110.6,4110.6,4110.6,4110.6,527.8,512.8,512.8,7912,1808.8,5228,19036,1799.8,1292.0,5248,0xFCF20699
699,0,473913,473.913,0,0,OK,4624.2,4619.2,4619.2,4619.2,4619.2,4619.2,4619.2,4619.2,4619.2,0.00,4619.2,4619.2,4619.2,231.76,791.2,1031.6,1031.6,4105.6,2406.6,2407.6,4111.6,2406.6,2407.6,518.8,532.8,532.8,10316,1808.8,5228,13928,1559.4,1282.0,20732,0x8F81CB45
700,0,474015,474.015,0,0,OK,4628.2,4619.2,4619.2,4619.2,4619.2,4619.2,4619.2,4619.2,4619.2,0.00,4619.2,4619.2,4619.2,231.76,791.2,1031.6,791.2,4105.6,2406.6,4111.6,4110.6,2406.6,4111.6,768.2,522.8,532.8,10316,1808.8,2724,16632,1559.4,1292.0,15524,0x0250416E
701,0,474117,474.117,0,0,OK,4626.2,4619.2,4619.2,4619.2,4619.2,4619.2,4619.2,4619.2,4619.2,0.00,4619.2,4619.2,4619.2,232.76,1031.6,791.2,1031.6,2171.2,4111.6,2406.6,2407.6,4111.6,2406.6,278.4,512.8,272.4,7812,2049.2,2624,19136,1809.8,1282.0,40,0x65B7087D
702,0,474218,474.218,0,0,OK,4619.2,4619.2,4619.2,4619.2,4619.2,4619.2,4619.2,4619.2,4619.2,0.00,4619.2,4619.2,4619.2,232.76,791.2,1031.6,1031.6,4105.6,2406.6,2407.6,4111.6,2406.6,2407.6,278.4,522.8,512.8,7712,2049.2,2624,19036,2060.2,1031.6,10456,0x1BF79851
703,0,474320,474.320,0,0,OK,4625.2,4619.2,4619.2,4619.2,4619.2,4619.2,4619.2,4619.2,4619.2,0.00,4619.2,4619.2,4619.2,0.80,791.2,1031.6,1031.6,4105.6,2406.6,2407.6,4111.6,2406.6,2407.6,528.8,272.4,522.8,7912,1808.8,5228,19036,1559.4,1031.6,12860,0x3E7F5A1F
704,0,474421,474.421,0,0,OK,4627.2,4619.2,4619.2,4619.2,4619.2,4619.2,4619.2,4619.2,4619.2,0.00,4619.2,4619.2,4619.2,0.80,1031.6,1031.6,791.2,2171.2,2407.6,4111.6,2406.6,2407.6,4111.6,527.8,522.8,532.8,7712,1558.4,5128,13928,2060.2,791.2,10256,0x0DC8ECE9
705,0,474523,474.523,0,0,OK,4622.2,4619.2,4619.2,4619.2,4619.2,4619.2,4619.2,4619.2,4619.2,0.00,4619.2,4619.2,4619.2,0.80,1031.6,791.2,791.2,2171.2,4111.6,4110.6,2406.6,4111.6,4110.6,267.4,262.4,532.8,10316,1798.8,5328,13928,2050.2,791.2,10256,0x21CA68B4
706,0,474625,474.625,0,0,OK,4621.2,4619.2,4619.2,4619.2,4619.2,4619.2,4619.2,4619.2,4619.2,0.00,4619.2,4619.2,4619.2,232.76,791.2,791.2,1031.6,4105.6,4110.6,2406.6,4111.6,4110.6,2406.6,278.4,272.4,532.8,5308,1798.8,5228,13828,2050.2,1282.0,12860,0x5653C91E
707,0,474726,474.726,0,0,OK,4626.2,4619.2,4619.2,4619.2,4619.2,4619.2,4619.2,4619.2,4619.2,0.00,4619.2,4619.2,4619.2,0.80,791.2,1031.6,1031.6,4105.6,2406.6,2407.6,4111.6,2406.6,2407.6,528.8,532.8,512.8,7912,2059.2,5128,19036,1799.8,1282.0,10316,0x8B4E86A8
708,0,474828,474.828,0,0,OK,4624.2,4619.2,4619.2,4619.2,4619.2,4619.2,4619.2,4619.2,4619.2,0.00,4619.2,4619.2,4619.2,0.80,791.2,791.2,1031.6,4105.6,4110.6,2406.6,4111.6,4110.6,2406.6,278.4,272.4,272.4,10316,1798.8,5128,19036,1559.4,1041.6,13020,0xFD17A236
709,0,474930,474.930,0,0,OK,4619.2,4619.2,4619.2,4619.2,4619.2,4619.2,4619.2,4619.2,4619.2,0.00,4619.2,4619.2,4619.2,231.76,1031.6,1031.6,1031.6,2171.2,2407.6,2407.6,2407.6,2407.6,2407.6,528.8,522.8,532.8,5308,2059.2,5128,16532,1799.8,1041.6,20532,0xBC7FE27C
710,0,475031,475.031,0,0,OK,4623.2,4619.2,4619.2,4619.2,4619.2,4619.2,4619.2,4619.2,4619.2,0.00,4619.2,4619.2,4619.2,231.76,1031.6,1031.6,791.2,2171.2,2407.6,4111.6,2406.6,2407.6,4111.6,267.4,532.8,512.8,10316,1558.4,5128,11424,2060.2,791.2,5248,0xFCD0AD76
711,0,475133,475.133,0,0,OK,4622.2,4619.2,4619.2,4619.2,4619.2,4619.2,4619.2,4619.2,4619.2,0.00,4619.2,4619.2,4619.2,232.76,791.2,1031.6,791.2,4105.6,2406.6,4111.6,4110.6,2406.6,4111.6,277.4,272.4,262.4,7912,1798.8,5328,19136,2060.2,1292.0,12860,0x3380500D
712,0,475235,475.235,0,0,OK,4625.2,4619.2,4619.2,4619.2,4619.2,4619.2,4619.2,4619.2,4619.2,0.00,4619.2,4619.2,4619.2,232.76,791.2,1031.6,791.2,4105.6,2406.6,4111.6,4110.6,2406.6,4111.6,277.4,272.4,532.8,7812,2059.2,5328,19136,2060.2,1292.0,10316,0x1DF84BF4
713,0,475336,475.336,0,0,OK,4619.2,4619.2,4619.2,4619.2,4619.2,4619.2,4619.2,4619.2,4619.2,0.00,4619.2,4619.2,4619.2,231.76,1031.6,791.2,1031.6,2171.2,4111.6,2406.6,2407.6,4111.6,2406.6,528.8,522.8,272.4,7912,2059.2,5328,19136,1559.4,1292.0,23136,0x70EB5F31
714,0,475438,475.438,0,0,OK,4620.2,4619.2,4619.2,4619.2,4619.2,4619.2,4619.2,4619.2,4619.2,0.00,4619.2,4619.2,4619.2,231.76,1031.6,791.2,791.2,2171.2,4111.6,4110.6,2406.6,4111.6,4110.6,277.4,512.8,522.8,5308,1798.8,5228,19036,1809.8,1031.6,10316,0xDB84F329
715,0,475540,475.540,0,0,OK,4619.2,4619.2,4619.2,4619.2,4619.2,4619.2,4619.2,4619.2,4619.2,0.00,4619.2,4619.2,4619.2,231.76,1031.6,791.2,791.2,2171.2,4111.6,4110.6,2406.6,4111.6,4110.6,277.4,522.8,262.4,5308,1798.8,2624,11424,2050.2,1041.6,5248,0x079A8592
716,0,475641,475.641,0,0,OK,4619.2,4619.2,4619.2,4619.2,4619.2,4619.2,4619.2,4619.2,4619.2,0.00,4619.2,4619.2,4619.2,0.80,1031.6,791.2,791.2,2171.2,4111.6,4110.6,2406.6,4111.6,4110.6,517.8,262.4,512.8,10316,1798.8,2724,16532,1799.8,1292.0,12860,0x1C6C0D42
717,0,475743,475.743,0,0,OK,4620.2,4619.2,4619.2,4619.2,4619.2,4619.2,4619.2,4619.2,4619.2,0.00,4619.2,4619.2,4619.2,0.80,1031.6,791.2,791.2,2171.2,4111.6,4110.6,2406.6,4111.6,4110.6,277.4,262.4,532.8,7712,1798.8,2724,11424,1799.8,1031.6,40,0x9E8EB7BB
718,0,475845,475.845,0,0,OK,4627.2,4619.2,4619.2,4619.2,4619.2,4619.2,4619.2,4619.2,4619.2,0.00,4619.2,4619.2,4619.2,0.80,1031.6,791.2,791.2,2171.2,4111.6,4110.6,2406.6,4111.6,4110.6,517.8,262.4,522.8,5308,2059.2,5228,11424,2050.2,1282.0,7852,0xA5F04871
719,0,475946,475.946,0,0,OK,4628.2,4619.2,4619.2,4619.2,4619.2,4619.2,4619.2,4619.2,4619.2,0.00,4619.2,4619.2,4619.2,231.76,1031.6,791.2,1031.6,2171.2,4111.6,2406.6,2407.6,4111.6,2406.6,769.2,522.8,512.8,10316,2059.2,5328,19036,2050.2,1292.0,10456,0x6CDFDC4F
720,0,476048,476.048,0,0,OK,4622.2,4619.2,4619.2,4619.2,4619.2,4619.2,4619.2,4619.2,4619.2,0.00,4619.2,4619.2,4619.2,0.80,1031.6,791.2,791.2,2171.2,4111.6,4110.6,2406.6,4111.6,4110.6,267.4,512.8,532.8,7812,2049.2,5328,13828,1559.4,1041.6,5348,0x34763CE9
721,0,476150,476.150,0,0,OK,4622.2,4619.2,4619.2,4619.2,4619.2,4619.2,4619.2,4619.2,4619.2,0.00,4619.2,4619.2,4619.2,232.76,791.2,1031.6,791.2,4105.6,2406.6,4111.6,4110.6,2406.6,4111.6,277.4,512.8,522.8,7712,1558.4,2724,19136,1799.8,1041.6,2744,0x3B8D24E1
722,0,476251,476.251,0,0,OK,4627.2,4619.2,4619.2,4619.2,4619.2,4619.2,4619.2,4619.2,4619.2,0.00,4619.2,4619.2,4619.2,232.76,1031.6,791.2,791.2,2171.2,4111.6,4110.6,2406.6,4111.6,4110.6,527.8,272.4,532.8,7712,2059.2,2724,19036,2060.2,1292.0,13020,0xA4AEBD61
723,0,476353,476.353,0,0,OK,4627.2,4619.2,4619.2,4619.2,4619.2,4619.2,4619.2,4619.2,4619.2,0.00,4619.2,4619.2,4619.2,0.80,791.2,791.2,1031.6,4105.6,4110.6,2406.6,4111.6,4110.6,2406.6,769.2,262.4,522.8,5308,1808.8,5228,13828,1799.8,1292.0,10256,0x6A92BC3E
724,0,476455,476.455,0,0,OK,4621.2,4619.2,4619.2,4619.2,4619.2,4619.2,4619.2,4619.2,4619.2,0.00,4619.2,4619.2,4619.2,232.76,791.2,791.2,791.2,4105.6,4110.6,4110.6,4110.6,4110.6,4110.6,527.8,512.8,262.4,7712,1798.8,5228,21540,1799.8,1282.0,5248,0x24816F80
725,0,476556,476.556,0,0,OK,4625.2,4619.2,4619.2,4619.2,4619.2,4619.2,4619.2,4619.2,4619.2,0.00,4619.2,4619.2,4619.2,0.80,1031.6,791.2,1031.6,2171.2,4111.6,2406.6,2407.6,4111.6,2406.6,268.4,262.4,272.4,10316,2049.2,2624,13928,1799.8,1282.0,18128,0xC8B82CA8
726,0,476658,476.658,0,0,OK,4619.2,4619.2,4619.2,4619.2,4619.2,4619.2,4619.2,4619.2,4619.2,0.00,4619.2,4619.2,4619.2,0.80,1031.6,1031.6,791.2,2171.2,2407.6,4111.6,2406.6,2407.6,4111.6,768.2,262.4,512.8,7712,1808.8,5128,19036,1809.8,1031.6,20732,0x0A5DDE5C
727,0,476759,476.759,0,0,OK,4623.2,4619.2,4619.2,4619.2,4619.2,4619.2,4619.2,4619.2,4619.2,0.00,4619.2,4619.2,4619.2,0.80,791.2,791.2,791.2,4105.6,4110.6,4110.6,4110.6,4110.6,4110.6,277.4,262.4,262.4,7912,2059.2,2624,19036,1799.8,1292.0,2644,0x03116D51
728,0,476861,476.861,0,0,OK,4624.2,4619.2,4619.2,4619.2,4619.2,4619.2,4619.2,4619.2,4619.2,0.00,4619.2,4619.2,4619.2,231.76,791.2,791.2,791.2,4105.6,4110.6,4110.6,4110.6,4110.6,4110.6,267.4,512.8,262.4,7812,1558.4,5228,19136,2050.2,1041.6,5248,0x8B38FF44
729,0,476963,476.963,0,0,OK,4621.2,4619.2,4619.2,4619.2,4619.2,4619.2,4619.2,4619.2,4619.2,0.00,4619.2,4619.2,4619.2,232.76,1031.6,791.2,1031.6,2171.2,4111.6,2406.6,2407.6,4111.6,2406.6,518.8,262.4,272.4,10316,2059.2,5228,19136,2060.2,1282.0,20632,0xA04EF414
730,0,477064,477.064,0,0,OK,4627.2,4619.2,4619.2,4619.2,4619.2,4619.2,4619.2,4619.2,4619.2,0.00,4619.2,4619.2,4619.2,231.76,791.2,791.2,1031.6,4105.6,4110.6,2406.6,4111.6,4110.6,2406.6,268.4,272.4,532.8,7812,1558.4,2724,16532,1799.8,1282.0,7752,0xA44EFC0B
731,0,477166,477.166,0,0,OK,4624.2,4619.2,4619.2,4619.2,4619.2,4619.2,4619.2,4619.2,4619.2,0.00,4619.2,4619.2,4619.2,231.76,791.2,1031.6,1031.6,4105.6,2406.6,2407.6,4111.6,2406.6,2407.6,268.4,522.8,272.4,7812,1808.8,5228,19036,2060.2,791.2,20532,0xCF4EDC9F
732,0,477268,477.268,0,0,OK,4624.2,4619.2,4619.2,4619.2,4619.2,4619.2,4619.2,4619.2,4619.2,0.00,4619.2,4619.2,4619.2,0.80,791.2,791.2,791.2,4105.6,4110.6,4110.6,4110.6,4110.6,4110.6,517.8,272.4,272.4,10316,2049.2,2624,19036,1809.8,791.2,17928,0xC9E412AC
733,0,477369,477.369,0,0,OK,4620.2,4619.2,4619.2,4619.2,4619.2,4619.2,4619.2,4619.2,4619.2,0.00,4619.2,4619.2,4619.2,231.76,791.2,1031.6,791.2,4105.6,2406.6,4111.6,4110.6,2406.6,4111.6,277.4,522.8,522.8,7912,2059.2,5128,16432,1809.8,1292.0,12820,0x4E1C70CA
734,0,477471,477.471,0,0,OK,4623.2,4619.2,4619.2,4619.2,4619.2,4619.2,4619.2,4619.2,4619.2,0.00,4619.2,4619.2,4619.2,0.80,1031.6,791.2,791.2,2171.2,4111.6,4110.6,2406.6,4111.6,4110.6,768.2,522.8,512.8,7812,1798.8,2624,19036,1799.8,1041.6,18128,0x57DC3CDC
735,0,477572,477.572,0,0,OK,4622.2,4619.2,4619.2,4619.2,4619.2,4619.2,4619.2,4619.2,4619.2,0.00,4619.2,4619.2,4619.2,231.76,1031.6,1031.6,791.2,2171.2,2407.6,4111.6,2406.6,2407.6,4111.6,527.8,532.8,522.8,10316,2059.2,2624,11424,1809.8,1282.0,140,0xAD09CB00
736,0,477674,477.674,0,0,OK,4621.2,4619.2,4619.2,4619.2,4619.2,4619.2,4619.2,4619.2,4619.2,0.00,4619.2,4619.2,4619.2,231.76,791.2,1031.6,791.2,4105.6,2406.6,4111.6,4110.6,2406.6,4111.6,768.2,522.8,522.8,7812,2059.2,2624,13928,1799.8,1282.0,17928,0xAE7FAA5C
737,0,477776,477.776,0,0,OK,4627.2,4619.2,4619.2,4619.2,4619.2,4619.2,4619.2,4619.2,4619.2,0.00,4619.2,4619.2,4619.2,232.76,1031.6,1031.6,1031.6,2171.2,2407.6,2407.6,2407.6,2407.6,2407.6,518.8,272.4,272.4,7812,1558.4,2724,21540,1799.8,1031.6,10456,0xB3AD2185
738,0,477877,477.877,0,0,OK,4627.2,4619.2,4619.2,4619.2,4619.2,4619.2,4619.2,4619.2,4619.2,0.00,4619.2,4619.2,4619.2,232.76,791.2,1031.6,791.2,4105.6,2406.6,4111.6,4110.6,2406.6,4111.6,517.8,512.8,272.4,7912,1798.8,5128,11424,2060.2,1041.6,5148,0x3A825087
739,0,477979,477.979,0,0,OK,4620.2,4619.2,4619.2,4619.2,4619.2,4619.2,4619.2,4619.2,4619.2,0.00,4619.2,4619.2,4619.2,232.76,1031.6,1031.6,1031.6,2171.2,2407.6,2407.6,2407.6,2407.6,2407.6,518.8,532.8,522.8,7712,1558.4,5328,19136,1559.4,1031.6,12820,0xE786FF31
740,0,478080,478.080,0,0,OK,4624.2,4619.2,4619.2,4619.2,4619.2,4619.2,4619.2,4619.2,4619.2,0.00,4619.2,4619.2,4619.2,232.76,1031.6,791.2,791.2,2171.2,4111.6,4110.6,2406.6,4111.6,4110.6,527.8,272.4,532.8,7812,2049.2,2724,16532,2050.2,1041.6,10256,0x4D1DE1E4
741,0,478182,478.182,0,0,OK,4627.2,4619.2,4619.2,4619.2,4619.2,4619.2,4619.2,4619.2,4619.2,0.00,4619.2,4619.2,4619.2,232.76,1031.6,791.2,791.2,2171.2,4111.6,4110.6,2406.6,4111.6,4110.6,527.8,262.4,512.8,7912,2059.2,2624,21540,1799.8,1292.0,13020,0xF6941F68
742,0,478284,478.284,0,0,OK,4621.2,4619.2,4619.2,4619.2,4619.2,4619.2,4619.2,4619.2,4619.2,0.00,4619.2,4619.2,4619.2,0.80,791.2,791.2,1031.6,4105.6,4110.6,2406.6,4111.6,4110.6,2406.6,278.4,532.8,522.8,7812,1558.4,5228,11424,2050.2,1031.6,7852,0x63477134
743,0,478385,478.385,0,0,OK,4619.2,4619.2,4619.2,4619.2,4619.2,4619.2,4619.2,4619.2,4619.2,0.00,4619.2,4619.2,4619.2,0.80,1031.6,791.2,791.2,2171.2,4111.6,4110.6,2406.6,4111.6,4110.6,277.4,272.4,532.8,7712,2049.2,5228,14028,2060.2,791.2,7852,0x616348E8
744,0,478487,478.487,0,0,OK,4626.2,4619.2,4619.2,4619.2,4619.2,4619.2,4619.2,4619.2,4619.2,0.00,4619.2,4619.2,4619.2,232.76,791.2,1031.6,1031.6,4105.6,2406.6,2407.6,4111.6,2406.6,2407.6,278.4,272.4,512.8,7812,1808.8,5328,13928,1799.8,1041.6,7912,0xE52F554E
745,0,478588,478.588,0,0,OK,4625.2,4619.2,4619.2,4619.2,4619.2,4619.2,4619.2,4619.2,4619.2,0.00,4619.2,4619.2,4619.2,231.76,791.2,791.2,1031.6,4105.6,4110.6,2406.6,4111.6,4110.6,2406.6,769.2,522.8,522.8,10316,1798.8,5128,19136,1799.8,1041.6,15424,0x0B58FF60
746,0,478690,478.690,0,0,OK,4625.2,4619.2,4619.2,4619.2,4619.2,4619.2,4619.2,4619.2,4619.2,0.00,4619.2,4619.2,4619.2,0.80,1031.6,791.2,791.2,2171.2,4111.6,4110.6,2406.6,4111.6,4110.6,768.2,272.4,532.8,7812,2049.2,5128,19036,1799.8,791.2,5248,0x5F79E370
747,0,478792,478.792,0,0,OK,4625.2,4619.2,4619.2,4619.2,4619.2,4619.2,4619.2,4619.2,4619.2,0.00,4619.2,4619.2,4619.2,0.80,791.2,1031.6,791.2,4105.6,2406.6,4111.6,4110.6,2406.6,4111.6,527.8,522.8,512.8,10316,1798.8,5128,16632,1809.8,791.2,40,0x4CB72F88
748,0,478893,478.893,0,0,OK,4619.2,4619.2,4619.2,4619.2,4619.2,4619.2,4619.2,4619.2,4619.2,0.00,4619.2,4619.2,4619.2,232.76,1031.6,791.2,1031.6,2171.2,4111.6,2406.6,2407.6,4111.6,2406.6,518.8,532.8,532.8,7912,2059.2,5128,14028,1559.4,1282.0,13020,0x4911B03C
749,0,478995,478.995,0,0,OK,4622.2,4619.2,4619.2,4619.2,4619.2,4619.2,4619.2,4619.2,4619.2,0.00,4619.2,4619.2,4619.2,0.80,791.2,1031.6,1031.6,4105.6,2406.6,2407.6,4111.6,2406.6,2407.6,278.4,262.4,512.8,10316,1808.8,5228,16432,1559.4,1041.6,10416,0xD346AC69
750,0,479097,479.097,0,0,OK,4619.2,4619.2,4619.2,4619.2,4619.2,4619.2,4619.2,4619.2,4619.2,0.00,4619.2,4619.2,4619.2,0.80,791.2,791.2,1031.6,4105.6,4110.6,2406.6,4111.6,4110.6,2406.6,769.2,262.4,272.4,7912,1558.4,5128,13828,1559.4,791.2,10456,0x046E3F8F
751,0,479198,479.198,0,0,OK,4621.2,4619.2,4619.2,4619.2,4619.2,4619.2,4619.2,4619.2,4619.2,0.00,4619.2,4619.2,4619.2,0.80,1031.6,791.2,1031.6,2171.2,4111.6,2406.6,2407.6,4111.6,2406.6,278.4,272.4,522.8,7712,1558.4,5228,13828,1809.8,1031.6,12920,0x3FBB1855
752,0,479300,479.300,0,0,OK,4619.2,4619.2,4619.2,4619.2,4619.2,4619.2,4619.2,4619.2,4619.2,0.00,4619.2,4619.2,4619.2,232.76,791.2,791.2,1031.6,4105.6,4110.6,2406.6,4111.6,4110.6,2406.6,278.4,522.8,272.4,10316,1808.8,5128,14028,1559.4,1031.6,40,0x11DE5273
753,0,479401,479.401,0,0,OK,4628.2,4619.2,4619.2,4619.2,4619.2,4619.2,4619.2,4619.2,4619.2,0.00,4619.2,4619.2,4619.2,0.80,1031.6,1031.6,1031.6,2171.2,2407.6,2407.6,2407.6,2407.6,2407.6,518.8,272.4,522.8,7812,1798.8,5328,21540,1559.4,1282.0,7912,0xB714BFFD
754,0,479503,479.503,0,0,OK,4624.2,4619.2,4619.2,4619.2,4619.2,4619.2,4619.2,4619.2,4619.2,0.00,4619.2,4619.2,4619.2,231.76,1031.6,791.2,1031.6,2171.2,4111.6,2406.6,2407.6,4111.6,2406.6,278.4,262.4,272.4,7812,2049.2,2624,19136,1809.8,1282.0,20532,0x2D298C00
755,0,479605,479.605,0,0,OK,4627.2,4619.2,4619.2,4619.2,4619.2,4619.2,4619.2,4619.2,4619.2,0.00,4619.2,4619.2,4619.2,231.76,1031.6,791.2,1031.6,2171.2,4111.6,2406.6,2407.6,4111.6,2406.6,528.8,512.8,512.8,7712,2049.2,5328,13828,1799.8,1031.6,2644,0xDD689EF2
756,0,479706,479.706,0,0,OK,4623.2,4619.2,4619.2,4619.2,4619.2,4619.2,4619.2,4619.2,4619.2,0.00,4619.2,4619.2,4619.2,232.76,791.2,791.2,1031.6,4105.6,4110.6,2406.6,4111.6,4110.6,2406.6,278.4,512.8,532.8,5308,2049.2,5128,19136,2050.2,1292.0,15524,0x2693668E
757,0,479808,479.808,0,0,OK,4626.2,4619.2,4619.2,4619.2,4619.2,4619.2,4619.2,4619.2,4619.2,0.00,4619.2,4619.2,4619.2,231.76,791.2,1031.6,791.2,4105.6,2406.6,4111.6,4110.6,2406.6,4111.6,517.8,272.4,522.8,7812,2049.2,2724,16632,1559.4,1031.6,5248,0x5BF66B6E
758,0,479910,479.910,0,0,OK,4623.2,4619.2,4619.2,4619.2,4619.2,4619.2,4619.2,4619.2,4619.2,0.00,4619.2,4619.2,4619.2,232.76,791.2,1031.6,1031.6,4105.6,2406.6,2407.6,4111.6,2406.6,2407.6,518.8,532.8,532.8,10316,2059.2,5228,13928,2060.2,1282.0,15424,0x262AF390
759,0,480011,480.011,0,0,OK,4627.2,4619.2,4619.2,4619.2,4619.2,4619.2,4619.2,4619.2,4619.2,0.00,4619.2,4619.2,4619.2,0.80,791.2,1031.6,791.2,4105.6,2406.6,4111.6,4110.6,2406.6,4111.6,768.2,272.4,532.8,7712,2049.2,5328,11424,2050.2,1041.6,23136,0x44C35EC9
760,0,480113,480.113,0,0,OK,4620.2,4619.2,4619.2,4619.2,4619.2,4619.2,4619.2,4619.2,4619.2,0.00,4619.2,4619.2,4619.2,231.76,1031.6,1031.6,1031.6,2171.2,2407.6,2407.6,2407.6,2407.6,2407.6,528.8,272.4,532.8,7712,1558.4,5128,21540,1809.8,1292.0,15424,0x11E2E7CF
761,0,480215,480.215,0,0,OK,4624.2,4619.2,4619.2,4619.2,4619.2,4619.2,4619.2,4619.2,4619.2,0.00,4619.2,4619.2,4619.2,231.76,791.2,1031.6,1031.6,4105.6,2406.6,2407.6,4111.6,2406.6,2407.6,518.8,512.8,262.4,7912,2049.2,2624,13828,2050.2,1031.6,15524,0xDD11277F
762,0,480316,480.316,0,0,OK,4619.2,4619.2,4619.2,4619.2,4619.2,4619.2,4619.2,4619.2,4619.2,0.00,4619.2,4619.2,4619.2,0.80,1031.6,791.2,791.2,2171.2,4111.6,4110.6,2406.6,4111.6,4110.6,527.8,272.4,532.8,7712,1808.8,5328,13928,1799.8,1282.0,40,0xE14D41D0
763,0,480418,480.418,0,0,OK,4628.2,4619.2,4619.2,4619.2,4619.2,4619.2,4619.2,4619.2,4619.2,0.00,4619.2,4619.2,4619.2,232.76,791.2,791.2,1031.6,4105.6,4110.6,2406.6,4111.6,4110.6,2406.6,268.4,262.4,262.4,5308,2059.2,5228,21540,2050.2,1282.0,7752,0x1271C3A2
764,0,480520,480.520,0,0,OK,4621.2,4619.2,4619.2,4619.2,4619.2,4619.2,4619.2,4619.2,4619.2,0.00,4619.2,4619.2,4619.2,231.76,791.2,791.2,1031.6,4105.6,4110.6,2406.6,4111.6,4110.6,2406.6,518.8,272.4,522.8,7912,1798.8,5228,16532,1559.4,791.2,17928,0xE8FC451C
765,0,480621,480.621,0,0,OK,4619.2,4619.2,4619.2,4619.2,4619.2,4619.2,4619.2,4619.2,4619.2,0.00,4619.2,4619.2,4619.2,0.80,1031.6,1031.6,1031.6,2171.2,2407.6,2407.6,2407.6,2407.6,2407.6,769.2,522.8,512.8,7712,2059.2,2624,16432,1799.8,1292.0,17928,0x56E25314
766,0,480723,480.723,0,0,OK,4625.2,4619.2,4619.2,4619.2,4619.2,4619.2,4619.2,4619.2,4619.2,0.00,4619.2,4619.2,4619.2,231.76,791.2,791.2,1031.6,4105.6,4110.6,2406.6,4111.6,4110.6,2406.6,528.8,532.8,522.8,5308,1558.4,5328,21540,1559.4,1041.6,15524,0x6C387761
767,0,480825,480.825,0,0,OK,4626.2,4619.2,4619.2,4619.2,4619.2,4619.2,4619.2,4619.2,4619.2,0.00,4619.2,4619.2,4619.2,231.76,1031.6,791.2,791.2,2171.2,4111.6,4110.6,2406.6,4111.6,4110.6,517.8,522.8,262.4,7712,1558.4,5128,14028,1559.4,1292.0,2744,0xBB4CD892
768,0,480926,480.926,0,0,OK,4624.2,4619.2,4619.2,4619.2,4619.2,4619.2,4619.2,4619.2,4619.2,0.00,4619.2,4619.2,4619.2,0.80,1031.6,1031.6,791.2,2171.2,2407.6,4111.6,2406.6,2407.6,4111.6,768.2,272.4,532.8,7712,1798.8,2624,13928,2050.2,1041.6,23236,0x2C1287D0
769,0,481028,481.028,0,0,OK,4620.2,4619.2,4619.2,4619.2,4619.2,4619.2,4619.2,4619.2,4619.2,0.00,4619.2,4619.2,4619.2,231.76,1031.6,791.2,791.2,2171.2,4111.6,4110.6,2406.6,4111.6,4110.6,768.2,272.4,262.4,7912,1808.8,2724,19136,1809.8,1292.0,2744,0x844B3A94
770,0,481130,481.130,0,0,OK,4626.2,4619.2,4619.2,4619.2,4619.2,4619.2,4619.2,4619.2,4619.2,0.00,4619.2,4619.2,4619.2,231.76,1031.6,1031.6,791.2,2171.2,2407.6,4111.6,2406.6,2407.6,4111.6,768.2,512.8,532.8,7912,1808.8,2724,16532,1799.8,1282.0,10356,0x57199C64
771,0,481231,481.231,0,0,OK,4626.2,4619.2,4619.2,4619.2,4619.2,4619.2,4619.2,4619.2,4619.2,0.00,4619.2,4619.2,4619.2,232.76,791.2,791.2,791.2,4105.6,4110.6,4110.6,4110.6,4110.6,4110.6,768.2,262.4,532.8,5308,2059.2,2624,14028,1799.8,1292.0,20632,0xEFC334DD
772,0,481333,481.333,0,0,OK,4627.2,4619.2,4619.2,4619.2,4619.2,4619.2,4619.2,4619.2,4619.2,0.00,4619.2,4619.2,4619.2,231.76,791.2,791.2,791.2,4105.6,4110.6,4110.6,4110.6,4110.6,4110.6,768.2,272.4,512.8,7812,1558.4,2724,14028,1799.8,791.2,10416,0x84239B05
773,0,481434,481.434,0,0,OK,4623.2,4619.2,4619.2,4619.2,4619.2,4619.2,4619.2,4619.2,4619.2,0.00,4619.2,4619.2,4619.2,232.76,1031.6,1031.6,791.2,2171.2,2407.6,4111.6,2406.6,2407.6,4111.6,277.4,512.8,512.8,10316,2059.2,2624,13828,1559.4,1282.0,2744,0x0A601A4B
774,0,481536,481.536,0,0,OK,4626.2,4619.2,4619.2,4619.2,4619.2,4619.2,4619.2,4619.2,4619.2,0.00,4619.2,4619.2,4619.2,231.76,791.2,1031.6,791.2,4105.6,2406.6,4111.6,4110.6,2406.6,4111.6,527.8,512.8,522.8,7912,1558.4,5328,13828,2060.2,1282.0,7912,0xC34F5F92
775,0,481638,481.638,0,0,OK,4628.2,4619.2,4619.2,4619.2,4619.2,4619.2,4619.2,4619.2,4619.2,0.00,4619.2,4619.2,4619.2,232.76,791.2,1031.6,1031.6,4105.6,2406.6,2407.6,4111.6,2406.6,2407.6,268.4,522.8,272.4,7712,2059.2,5128,11424,2050.2,1041.6,10256,0x01928044
776,0,481739,481.739,0,0,OK,4626.2,4619.2,4619.2,4619.2,4619.2,4619.2,4619.2,4619.2,4619.2,0.00,4619.2,4619.2,4619.2,0.80,1031.6,1031.6,1031.6,2171.2,2407.6,2407.6,2407.6,2407.6,2407.6,268.4,532.8,522.8,10316,1808.8,5228,16532,1809.8,1292.0,10316,0xF392BF15
777,0,481841,481.841,0,0,OK,4621.2,4619.2,4619.2,4619.2,4619.2,4619.2,4619.2,4619.2,4619.2,0.00,4619.2,4619.2,4619.2,231.76,1031.6,791.2,1031.6,2171.2,4111.6,2406.6,2407.6,4111.6,2406.6,528.8,532.8,272.4,7912,2059.2,2624,14028,1559.4,1031.6,10416,0x867CC69A
778,0,481943,481.943,0,0,OK,4625.2,4619.2,4619.2,4619.2,4619.2,4619.2,4619.2,4619.2,4619.2,0.00,4619.2,4619.2,4619.2,231.76,1031.6,791.2,1031.6,2171.2,4111.6,2406.6,2407.6,4111.6,2406.6,528.8,512.8,532.8,5308,1558.4,2724,13928,1559.4,1031.6,18028,0x05E9166E
779,0,482044,482.044,0,0,OK,4628.2,4619.2,4619.2,4619.2,4619.2,4619.2,4619.2,4619.2,4619.2,0.00,4619.2,4619.2,4619.2,231.76,1031.6,791.2,1031.6,2171.2,4111.6,2406.6,2407.6,4111.6,2406.6,518.8,262.4,532.8,7712,1798.8,5128,16532,2050.2,1282.0,10356,0x2BFBF3BB
780,0,482146,482.146,0,0,OK,4628.2,4619.2,4619.2,4619.2,4619.2,4619.2,4619.2,4619.2,4619.2,0.00,4619.2,4619.2,4619.2,231.76,791.2,791.2,1031.6,4105.6,4110.6,2406.6,4111.6,4110.6,2406.6,528.8,522.8,272.4,7912,1798.8,5128,16532,2060.2,1292.0,17928,0x179B793F
781,0,482248,482.248,0,0,OK,4628.2,4619.2,4619.2,4619.2,4619.2,4619.2,4619.2,4619.2,4619.2,0.00,4619.2,4619.2,4619.2,232.76,791.2,791.2,791.2,4105.6,4110.6,4110.6,4110.6,4110.6,4110.6,267.4,522.8,262.4,7812,1558.4,5328,16432,1799.8,1031.6,5348,0x89B393F3
782,0,482349,482.349,0,0,OK,4622.2,4619.2,4619.2,4619.2,4619.2,4619.2,4619.2,4619.2,4619.2,0.00,4619.2,4619.2,4619.2,232.76,791.2,791.2,791.2,4105.6,4110.6,4110.6,4110.6,4110.6,4110.6,517.8,272.4,532.8,7812,1558.4,5128,13828,2050.2,1292.0,15524,0xB7435105
783,0,482451,482.451,0,0,OK,4626.2,4619.2,4619.2,4619.2,4619.2,4619.2,4619.2,4619.2,4619.2,0.00,4619.2,4619.2,4619.2,0.80,1031.6,791.2,1031.6,2171.2,4111.6,2406.6,2407.6,4111.6,2406.6,518.8,512.8,522.8,10316,1558.4,2624,19136,1559.4,791.2,10256,0x673646CB
784,0,482553,482.553,0,0,OK,4627.2,4619.2,4619.2,4619.2,4619.2,4619.2,4619.2,4619.2,4619.2,0.00,4619.2,4619.2,4619.2,0.80,1031.6,791.2,791.2,2171.2,4111.6,4110.6,2406.6,4111.6,4110.6,267.4,512.8,512.8,5308,2059.2,5228,13828,1799.8,1041.6,2644,0x6BE6B8BC
785,0,482654,482.654,0,0,OK,4621.2,4619.2,4619.2,4619.2,4619.2,4619.2,4619.2,4619.2,4619.2,0.00,4619.2,4619.2,4619.2,232.76,791.2,791.2,791.2,4105.6,4110.6,4110.6,4110.6,4110.6,4110.6,517.8,512.8,532.8,7912,2049.2,5128,11424,1559.4,1041.6,20532,0x4AA0553C
786,0,482756,482.756,0,0,OK,4620.2,4619.2,4619.2,4619.2,4619.2,4619.2,4619.2,4619.2,4619.2,0.00,4619.2,4619.2,4619.2,231.76,791.2,1031.6,791.2,4105.6,2406.6,4111.6,4110.6,2406.6,4111.6,517.8,272.4,272.4,7912,1808.8,2724,16632,2050.2,791.2,12820,0x204F87AF
787,0,482857,482.857,0,0,OK,4624.2,4619.2,4619.2,4619.2,4619.2,4619.2,4619.2,4619.2,4619.2,0.00,4619.2,4619.2,4619.2,0.80,791.2,791.2,1031.6,4105.6,4110.6,2406.6,4111.6,4110.6,2406.6,268.4,512.8,512.8,5308,1558.4,5228,19136,2060.2,1041.6,10456,0xB26DC859
788,0,482959,482.959,0,0,OK,4627.2,4619.2,4619.2,4619.2,4619.2,4619.2,4619.2,4619.2,4619.2,0.00,4619.2,4619.2,4619.2,0.80,1031.6,1031.6,791.2,2171.2,2407.6,4111.6,2406.6,2407.6,4111.6,768.2,262.4,532.8,7912,1808.8,5328,16432,1799.8,1282.0,23236,0x7729AF24
789,0,483061,483.061,0,0,OK,4620.2,4619.2,4619.2,4619.2,4619.2,4619.2,4619.2,4619.2,4619.2,0.00,4619.2,4619.2,4619.2,232.76,1031.6,1031.6,791.2,2171.2,2407.6,4111.6,2406.6,2407.6,4111.6,277.4,522.8,522.8,7712,1798.8,5228,11424,1809.8,1282.0,10356,0xF3ACFC39
790,0,483162,483.162,0,0,OK,4628.2,4619.2,4619.2,4619.2,4619.2,4619.2,4619.2,4619.2,4619.2,0.00,4619.2,4619.2,4619.2,232.76,791.2,791.2,791.2,4105.6,4110.6,4110.6,4110.6,4110.6,4110.6,267.4,512.8,512.8,7912,2059.2,5228,14028,1809.8,1282.0,240,0xFB0FAECF
791,0,483264,483.264,0,0,OK,4628.2,4619.2,4619.2,4619.2,4619.2,4619.2,4619.2,4619.2,4619.2,0.00,4619.2,4619.2,4619.2,232.76,1031.6,791.2,791.2,2171.2,4111.6,4110.6,2406.6,4111.6,4110.6,277.4,272.4,262.4,5308,1798.8,2624,13828,1799.8,1292.0,20732,0x58025112
792,0,483366,483.366,0,0,OK,4622.2,4619.2,4619.2,4619.2,4619.2,4619.2,4619.2,4619.2,4619.2,0.00,4619.2,4619.2,4619.2,231.76,1031.6,1031.6,1031.6,2171.2,2407.6,2407.6,2407.6,2407.6,2407.6,528.8,532.8,272.4,7912,2049.2,5228,11424,1559.4,1041.6,10416,0x515D272D
793,0,483467,483.467,0,0,OK,4626.2,4619.2,4619.2,4619.2,4619.2,4619.2,4619.2,4619.2,4619.2,0.00,4619.2,4619.2,4619.2,0.80,1031.6,1031.6,1031.6,2171.2,2407.6,2407.6,2407.6,2407.6,2407.6,268.4,512.8,272.4,7812,2059.2,5228,13828,1559.4,1282.0,2644,0xE9F713C4
794,0,483569,483.569,0,0,OK,4622.2,4619.2,4619.2,4619.2,4619.2,4619.2,4619.2,4619.2,4619.2,0.00,4619.2,4619.2,4619.2,0.80,1031.6,1031.6,791.2,2171.2,2407.6,4111.6,2406.6,2407.6,4111.6,267.4,522.8,512.8,7712,1808.8,5128,21540,1809.8,1031.6,40,0xE0FCD74C
795,0,483671,483.671,0,0,OK,4627.2,4619.2,4619.2,4619.2,4619.2,4619.2,4619.2,4619.2,4619.2,0.00,4619.2,4619.2,4619.2,231.76,791.2,791.2,1031.6,4105.6,4110.6,2406.6,4111.6,4110.6,2406.6,278.4,272.4,262.4,10316,2049.2,5228,16532,2050.2,791.2,5148,0x6D285823
796,0,483772,483.772,0,0,OK,4622.2,4619.2,4619.2,4619.2,4619.2,4619.2,4619.2,4619.2,4619.2,0.00,4619.2,4619.2,4619.2,232.76,791.2,791.2,791.2,4105.6,4110.6,4110.6,4110.6,4110.6,4110.6,517.8,532.8,522.8,10316,1798.8,5128,16432,2050.2,1041.6,13020,0x346A3F98
797,0,483874,483.874,0,0,OK,4625.2,4619.2,4619.2,4619.2,4619.2,4619.2,4619.2,4619.2,4619.2,0.00,4619.2,4619.2,4619.2,231.76,1031.6,1031.6,1031.6,2171.2,2407.6,2407.6,2407.6,2407.6,2407.6,769.2,512.8,512.8,7912,2049.2,2624,19036,2050.2,1292.0,20632,0x8D7F45D9
798,0,483976,483.976,0,0,OK,4628.2,4619.2,4619.2,4619.2,4619.2,4619.2,4619.2,4619.2,4619.2,0.00,4619.2,4619.2,4619.2,232.76,791.2,1031.6,791.2,4105.6,2406.6,4111.6,4110.6,2406.6,4111.6,277.4,512.8,272.4,7712,2049.2,2724,16432,1809.8,1292.0,15524,0x07C67245
799,0,484077,484.077,0,0,OK,4621.2,4619.2,4619.2,4619.2,4619.2,4619.2,4619.2,4619.2,4619.2,0.00,4619.2,4619.2,4619.2,0.80,791.2,791.2,791.2,4105.6,4110.6,4110.6,4110.6,4110.6,4110.6,527.8,512.8,262.4,7812,2059.2,2624,11424,1799.8,1031.6,10456,0x863524B3
800,0,484179,484.179,0,0,OK,4626.2,4619.2,4619.2,4619.2,4619.2,4619.2,4619.2,4619.2,4619.2,0.00,4619.2,4619.2,4619.2,231.76,1031.6,791.2,1031.6,2171.2,4111.6,2406.6,2407.6,4111.6,2406.6,518.8,532.8,532.8,7812,2059.2,5128,14028,1809.8,1282.0,5348,0x1CA7723B
801,0,484281,484.281,0,0,OK,4624.2,4619.2,4619.2,4619.2,4619.2,4619.2,4619.2,4619.2,4619.2,0.00,4619.2,4619.2,4619.2,0.80,1031.6,1031.6,791.2,2171.2,2407.6,4111.6,2406.6,2407.6,4111.6,527.8,272.4,262.4,10316,1558.4,2624,16432,2060.2,1031.6,7852,0x1A6CB88A
802,0,484382,484.382,0,0,OK,4626.2,4619.2,4619.2,4619.2,4619.2,4619.2,4619.2,4619.2,4619.2,0.00,4619.2,4619.2,4619.2,231.76,1031.6,1031.6,791.2,2171.2,2407.6,4111.6,2406.6,2407.6,4111.6,527.8,522.8,532.8,7912,1798.8,5328,21540,2060.2,1282.0,23136,0xEDD8326A
803,0,484484,484.484,0,0,OK,4623.2,4619.2,4619.2,4619.2,4619.2,4619.2,4619.2,4619.2,4619.2,0.00,4619.2,4619.2,4619.2,231.76,1031.6,1031.6,1031.6,2171.2,2407.6,2407.6,2407.6,2407.6,2407.6,518.8,262.4,262.4,5308,1798.8,5128,11424,2060.2,791.2,240,0x8DF9EDB7
804,0,484585,484.585,0,0,OK,4620.2,4619.2,4619.2,4619.2,4619.2,4619.2,4619.2,4619.2,4619.2,0.00,4619.2,4619.2,4619.2,232.76,1031.6,791.2,791.2,2171.2,4111.6,4110.6,2406.6,4111.6,4110.6,517.8,532.8,532.8,5308,2059.2,5228,16432,2060.2,1031.6,17928,0x35B7DCB1
805,0,484687,484.687,0,0,OK,4623.2,4619.2,4619.2,4619.2,4619.2,4619.2,4619.2,4619.2,4619.2,0.00,4619.2,4619.2,4619.2,231.76,791.2,791.2,1031.6,4105.6,4110.6,2406.6,4111.6,4110.6,2406.6,518.8,262.4,522.8,7912,1558.4,5128,19036,2050.2,1041.6,10416,0x15D81FC3
806,0,484789,484.789,0,0,OK,4628.2,4619.2,4619.2,4619.2,4619.2,4619.2,4619.2,4619.2,4619.2,0.00,4619.2,4619.2,4619.2,231.76,791.2,1031.6,791.2,4105.6,2406.6,4111.6,4110.6,2406.6,4111.6,267.4,512.8,262.4,7912,1798.8,5328,14028,1559.4,791.2,7852,0xF1999259
807,0,484890,484.890,0,0,OK,4627.2,4619.2,4619.2,4619.2,4619.2,4619.2,4619.2,4619.2,4619.2,0.00,4619.2,4619.2,4619.2,0.80,791.2,791.2,1031.6,4105.6,4110.6,2406.6,4111.6,4110.6,2406.6,769.2,532.8,512.8,7912,1808.8,2624,11424,1809.8,1282.0,10256,0x9ACD457E
808,0,484992,484.992,0,0,OK,4621.2,4619.2,4619.2,4619.2,4619.2,4619.2,4619.2,4619.2,4619.2,0.00,4619.2,4619.2,4619.2,0.80,1031.6,791.2,1031.6,2171.2,4111.6,2406.6,2407.6,4111.6,2406.6,518.8,532.8,512.8,10316,1558.4,5128,14028,1809.8,791.2,7752,0x812BB40C
809,0,485094,485.094,0,0,OK,4622.2,4619.2,4619.2,4619.2,4619.2,4619.2,4619.2,4619.2,4619.2,0.00,4619.2,4619.2,4619.2,231.76,1031.6,1031.6,791.2,2171.2,2407.6,4111.6,2406.6,2407.6,4111.6,277.4,512.8,522.8,7812,1798.8,2624,16532,2050.2,1031.6,12920,0x2FD1FDF7
810,0,485195,485.195,0,0,OK,4624.2,4619.2,4619.2,4619.2,4619.2,4619.2,4619.2,4619.2,4619.2,0.00,4619.2,4619.2,4619.2,0.80,791.2,791.2,1031.6,4105.6,4110.6,2406.6,4111.6,4110.6,2406.6,268.4,522.8,512.8,7812,2059.2,2724,16632,2050.2,1031.6,10356,0x86C938A3
811,0,485297,485.297,0,0,OK,4623.2,4619.2,4619.2,4619.2,4619.2,4619.2,4619.2,4619.2,4619.2,0.00,4619.2,4619.2,4619.2,232.76,1031.6,1031.6,1031.6,2171.2,2407.6,2407.6,2407.6,2407.6,2407.6,528.8,522.8,532.8,7812,1798.8,5328,11424,1799.8,1282.0,20732,0x3D1F0917
812,0,485399,485.399,0,0,OK,4627.2,4619.2,4619.2,4619.2,4619.2,4619.2,4619.2,4619.2,4619.2,0.00,4619.2,4619.2,4619.2,231.76,791.2,791.2,1031.6,4105.6,4110.6,2406.6,4111.6,4110.6,2406.6,528.8,262.4,522.8,7912,2059.2,2624,19136,1809.8,1031.6,15424,0x20517722
813,0,485500,485.500,0,0,OK,4627.2,4619.2,4619.2,4619.2,4619.2,4619.2,4619.2,4619.2,4619.2,0.00,4619.2,4619.2,4619.2,0.80,1031.6,791.2,1031.6,2171.2,4111.6,2406.6,2407.6,4111.6,2406.6,518.8,262.4,532.8,10316,2059.2,2624,16532,1809.8,791.2,7752,0x57712533
814,0,485602,485.602,0,0,OK,4622.2,4619.2,4619.2,4619.2,4619.2,4619.2,4619.2,4619.2,4619.2,0.00,4619.2,4619.2,4619.2,0.80,1031.6,791.2,1031.6,2171.2,4111.6,2406.6,2407.6,4111.6,2406.6,518.8,262.4,272.4,7912,1558.4,5128,13928,2050.2,1292.0,10356,0x2039D539
815,0,485703,485.703,0,0,OK,4621.2,4619.2,4619.2,4619.2,4619.2,4619.2,4619.2,4619.2,4619.2,0.00,4619.2,4619.2,4619.2,0.80,1031.6,1031.6,791.2,2171.2,2407.6,4111.6,2406.6,2407.6,4111.6,527.8,532.8,532.8,7712,2059.2,5328,19136,2050.2,791.2,20732,0x067EB719
816,0,485805,485.805,0,0,OK,4621.2,4619.2,4619.2,4619.2,4619.2,4619.2,4619.2,4619.2,4619.2,0.00,4619.2,4619.2,4619.2,232.76,1031.6,791.2,791.2,2171.2,4111.6,4110.6,2406.6,4111.6,4110.6,517.8,262.4,272.4,7812,2059.2,2624,16632,2060.2,1292.0,7852,0xB47774CF
817,0,485907,485.907,0,0,OK,4622.2,4619.2,4619.2,4619.2,4619.2,4619.2,4619.2,4619.2,4619.2,0.00,4619.2,4619.2,4619.2,232.76,1031.6,791.2,1031.6,2171.2,4111.6,2406.6,2407.6,4111.6,2406.6,278.4,262.4,512.8,7812,2059.2,5128,19136,2060.2,1292.0,13020,0x24378A9B
818,0,486008,486.008,0,0,OK,4619.2,4619.2,4619.2,4619.2,4619.2,4619.2,4619.2,4619.2,4619.2,0.00,4619.2,4619.2,4619.2,231.76,791.2,791.2,1031.6,4105.6,4110.6,2406.6,4111.6,4110.6,2406.6,769.2,522.8,532.8,10316,1558.4,2724,14028,1559.4,1041.6,2744,0xF991A223
819,0,486110,486.110,0,0,OK,4619.2,4619.2,4619.2,4619.2,4619.2,4619.2,4619.2,4619.2,4619.2,0.00,4619.2,4619.2,4619.2,0.80,791.2,791.2,791.2,4105.6,4110.6,4110.6,4110.6,4110.6,4110.6,267.4,512.8,262.4,7912,2049.2,2624,16432,1809.8,1041.6,12820,0xF91F15EC
820,0,486212,486.212,0,0,OK,4619.2,4619.2,4619.2,4619.2,4619.2,4619.2,4619.2,4619.2,4619.2,0.00,4619.2,4619.2,4619.2,0.80,1031.6,791.2,791.2,2171.2,4111.6,4110.6,2406.6,4111.6,4110.6,267.4,272.4,532.8,7712,1798.8,5228,16632,1799.8,1041.6,20632,0xD4CAC210
821,0,486314,486.314,0,0,OK,4619.2,4619.2,4619.2,4619.2,4619.2,4619.2,4619.2,4619.2,4619.2,0.00,4619.2,4619.2,4619.2,231.76,1031.6,1031.6,1031.6,2171.2,2407.6,2407.6,2407.6,2407.6,2407.6,528.8,512.8,272.4,7912,1558.4,5128,16532,2050.2,1292.0,23136,0x53845874
822,0,486415,486.415,0,0,OK,4620.2,4619.2,4619.2,4619.2,4619.2,4619.2,4619.2,4619.2,4619.2,0.00,4619.2,4619.2,4619.2,0.80,791.2,791.2,1031.6,4105.6,4110.6,2406.6,4111.6,4110.6,2406.6,528.8,272.4,262.4,5308,1798.8,5328,19136,1799.8,1282.0,20732,0x9D4A0C99
823,0,486517,486.517,0,0,OK,4621.2,4619.2,4619.2,4619.2,4619.2,4619.2,4619.2,4619.2,4619.2,0.00,4619.2,4619.2,4619.2,231.76,791.2,1031.6,791.2,4105.6,2406.6,4111.6,4110.6,2406.6,4111.6,768.2,532.8,512.8,7812,2059.2,2724,16532,1799.8,791.2,5248,0x10D56DE0
824,0,486618,486.618,0,0,OK,4625.2,4619.2,4619.2,4619.2,4619.2,4619.2,4619.2,4619.2,4619.2,0.00,4619.2,4619.2,4619.2,232.76,1031.6,791.2,1031.6,2171.2,4111.6,2406.6,2407.6,4111.6,2406.6,769.2,522.8,512.8,7712,1558.4,5128,16432,1809.8,1292.0,40,0xD6131DAE
825,0,486720,486.720,0,0,OK,4624.2,4619.2,4619.2,4619.2,4619.2,4619.2,4619.2,4619.2,4619.2,0.00,4619.2,4619.2,4619.2,0.80,791.2,791.2,791.2,4105.6,4110.6,4110.6,4110.6,4110.6,4110.6,267.4,512.8,262.4,7812,1798.8,2724,16432,1559.4,791.2,5248,0xF04ACFBF
826,0,486822,486.822,0,0,OK,4625.2,4619.2,4619.2,4619.2,4619.2,4619.2,4619.2,4619.2,4619.2,0.00,4619.2,4619.2,4619.2,0.80,791.2,791.2,791.2,4105.6,4110.6,4110.6,4110.6,4110.6,4110.6,768.2,512.8,272.4,7912,1798.8,5328,19136,1559.4,791.2,10356,0x00D9B59C
827,0,486923,486.923,0,0,OK,4621.2,4619.2,4619.2,4619.2,4619.2,4619.2,4619.2,4619.2,4619.2,0.00,4619.2,4619.2,4619.2,231.76,791.2,791.2,1031.6,4105.6,4110.6,2406.6,4111.6,4110.6,2406.6,528.8,262.4,532.8,10316,1798.8,5328,14028,1559.4,791.2,12920,0x2231CA1B
828,0,487025,487.025,0,0,OK,4628.2,4619.2,4619.2,4619.2,4619.2,4619.2,4619.2,4619.2,4619.2,0.00,4619.2,4619.2,4619.2,0.80,791.2,1031.6,791.2,4105.6,2406.6,4111.6,4110.6,2406.6,4111.6,768.2,522.8,272.4,7912,1558.4,5328,13928,1799.8,791.2,5348,0x61CCF3D0
829,0,487127,487.127,0,0,OK,4628.2,4619.2,4619.2,4619.2,4619.2,4619.2,4619.2,4619.2,4619.2,0.00,4619.2,4619.2,4619.2,232.76,791.2,1031.6,791.2,4105.6,2406.6,4111.6,4110.6,2406.6,4111.6,527.8,532.8,272.4,7712,1808.8,5128,11424,1559.4,1292.0,10256,0x4541E08E
830,0,487228,487.228,0,0,OK,4625.2,4619.2,4619.2,4619.2,4619.2,4619.2,4619.2,4619.2,4619.2,0.00,4619.2,4619.2,4619.2,231.76,1031.6,1031.6,1031.6,2171.2,2407.6,2407.6,2407.6,2407.6,2407.6,268.4,262.4,532.8,10316,1798.8,2724,11424,2050.2,1292.0,2744,0x4413819D
831,0,487330,487.330,0,0,OK,4627.2,4619.2,4619.2,4619.2,4619.2,4619.2,4619.2,4619.2,4619.2,0.00,4619.2,4619.2,4619.2,231.76,791.2,1031.6,1031.6,4105.6,2406.6,2407.6,4111.6,2406.6,2407.6,528.8,522.8,512.8,7712,1798.8,5328,14028,1799.8,1031.6,5248,0xC190BBF8
832,0,487432,487.432,0,0,OK,4623.2,4619.2,4619.2,4619.2,4619.2,4619.2,4619.2,4619.2,4619.2,0.00,4619.2,4619.2,4619.2,232.76,1031.6,1031.6,1031.6,2171.2,2407.6,2407.6,2407.6,2407.6,2407.6,278.4,262.4,532.8,7912,1798.8,5128,21540,1809.8,1031.6,18028,0x1F1CD1E9
833,0,487533,487.533,0,0,OK,4623.2,4619.2,4619.2,4619.2,4619.2,4619.2,4619.2,4619.2,4619.2,0.00,4619.2,4619.2,4619.2,0.80,1031.6,1031.6,1031.6,2171.2,2407.6,2407.6,2407.6,2407.6,2407.6,518.8,532.8,522.8,7712,2049.2,5328,21540,1799.8,791.2,2644,0x81794BEA
834,0,487635,487.635,0,0,OK,4626.2,4619.2,4619.2,4619.2,4619.2,4619.2,4619.2,4619.2,4619.2,0.00,4619.2,4619.2,4619.2,231.76,1031.6,791.2,1031.6,2171.2,4111.6,2406.6,2407.6,4111.6,2406.6,528.8,262.4,522.8,7812,1808.8,2624,16432,1559.4,1041.6,12820,0xC3489635
835,0,487736,487.736,0,0,OK,4621.2,4619.2,4619.2,4619.2,4619.2,4619.2,4619.2,4619.2,4619.2,0.00,4619.2,4619.2,4619.2,232.76,1031.6,1031.6,791.2,2171.2,2407.6,4111.6,2406.6,2407.6,4111.6,517.8,532.8,532.8,7712,1798.8,2624,19036,2050.2,1041.6,23236,0xB39281AA
836,0,487838,487.838,0,0,OK,4626.2,4619.2,4619.2,4619.2,4619.2,4619.2,4619.2,4619.2,4619.2,0.00,4619.2,4619.2,4619.2,0.80,1031.6,791.2,1031.6,2171.2,4111.6,2406.6,2407.6,4111.6,2406.6,528.8,512.8,512.8,7712,1798.8,2624,16432,2060.2,1041.6,10256,0x4FACDA93
837,0,487939,487.939,0,0,OK,4627.2,4619.2,4619.2,4619.2,4619.2,4619.2,4619.2,4619.2,4619.2,0.00,4619.2,4619.2,4619.2,0.80,1031.6,1031.6,1031.6,2171.2,2407.6,2407.6,2407.6,2407.6,2407.6,528.8,262.4,512.8,7712,1558.4,5228,11424,2050.2,1292.0,18128,0xAF15BFB7
838,0,488041,488.041,0,0,OK,4628.2,4619.2,4619.2,4619.2,4619.2,4619.2,4619.2,4619.2,4619.2,0.00,4619.2,4619.2,4619.2,231.76,791.2,1031.6,1031.6,4105.6,2406.6,2407.6,4111.6,2406.6,2407.6,528.8,512.8,272.4,7712,1798.8,2624,16432,1809.8,1282.0,10456,0x7B8FD89C
839,0,488143,488.143,0,0,OK,4627.2,4619.2,4619.2,4619.2,4619.2,4619.2,4619.2,4619.2,4619.2,0.00,4619.2,4619.2,4619.2,0.80,791.2,791.2,1031.6,4105.6,4110.6,2406.6,4111.6,4110.6,2406.6,769.2,272.4,512.8,10316,2059.2,2624,14028,1799.8,1031.6,2644,0x9A6B658A
840,0,488244,488.244,0,0,OK,4627.2,4619.2,4619.2,4619.2,4619.2,4619.2,4619.2,4619.2,4619.2,0.00,4619.2,4619.2,4619.2,232.76,791.2,791.2,1031.6,4105.6,4110.6,2406.6,4111.6,4110.6,2406.6,268.4,532.8,522.8,7712,2049.2,2724,21540,1799.8,1041.6,23236,0x8DCE229E
841,0,488346,488.346,0,0,OK,4626.2,4619.2,4619.2,4619.2,4619.2,4619.2,4619.2,4619.2,4619.2,0.00,4619.2,4619.2,4619.2,0.80,1031.6,1031.6,1031.6,2171.2,2407.6,2407.6,2407.6,2407.6,2407.6,528.8,522.8,262.4,7912,1808.8,2724,16632,2060.2,1031.6,20732,0xE205CE6F
842,0,488448,488.448,0,0,OK,4626.2,4619.2,4619.2,4619.2,4619.2,4619.2,4619.2,4619.2,4619.2,0.00,4619.2,4619.2,4619.2,0.80,791.2,791.2,791.2,4105.6,4110.6,4110.6,4110.6,4110.6,4110.6,517.8,272.4,262.4,10316,1798.8,5128,19036,2050.2,1041.6,240,0x58E95987
843,0,488549,488.549,0,0,OK,4621.2,4619.2,4619.2,4619.2,4619.2,4619.2,4619.2,4619.2,4619.2,0.00,4619.2,4619.2,4619.2,0.80,791.2,791.2,791.2,4105.6,4110.6,4110.6,4110.6,4110.6,4110.6,517.8,262.4,272.4,10316,1808.8,5328,11424,2050.2,1282.0,12920,0x5FB48839
844,0,488651,488.651,0,0,OK,4628.2,4619.2,4619.2,4619.2,4619.2,4619.2,4619.2,4619.2,4619.2,0.00,4619.2,4619.2,4619.2,232.76,791.2,791.2,1031.6,4105.6,4110.6,2406.6,4111.6,4110.6,2406.6,528.8,522.8,532.8,7712,1558.4,5228,16532,1809.8,1292.0,10456,0x45561007
845,0,488753,488.753,0,0,OK,4627.2,4619.2,4619.2,4619.2,4619.2,4619.2,4619.2,4619.2,4619.2,0.00,4619.2,4619.2,4619.2,0.80,1031.6,791.2,1031.6,2171.2,4111.6,2406.6,2407.6,4111.6,2406.6,268.4,262.4,262.4,7712,1558.4,5128,11424,1799.8,1292.0,2744,0xD71ECC55
846,0,488854,488.854,0,0,OK,4622.2,4619.2,4619.2,4619.2,4619.2,4619.2,4619.2,4619.2,4619.2,0.00,4619.2,4619.2,4619.2,231.76,1031.6,791.2,791.2,2171.2,4111.6,4110.6,2406.6,4111.6,4110.6,267.4,522.8,522.8,5308,2059.2,5128,21540,1799.8,791.2,20632,0x4DE32A04
847,0,488956,488.956,0,0,OK,4619.2,4619.2,4619.2,4619.2,4619.2,4619.2,4619.2,4619.2,4619.2,0.00,4619.2,4619.2,4619.2,231.76,791.2,1031.6,1031.6,4105.6,2406.6,2407.6,4111.6,2406.6,2407.6,518.8,272.4,532.8,7912,2059.2,5128,11424,1809.8,1282.0,20532,0x4E053AB1
848,0,489058,489.058,0,0,OK,4627.2,4619.2,4619.2,4619.2,4619.2,4619.2,4619.2,4619.2,4619.2,0.00,4619.2,4619.2,4619.2,232.76,791.2,791.2,791.2,4105.6,4110.6,4110.6,4110.6,4110.6,4110.6,277.4,272.4,272.4,10316,2059.2,2724,19036,1559.4,1041.6,240,0xF2B0C054
849,0,489159,489.159,0,0,OK,4626.2,4619.2,4619.2,4619.2,4619.2,4619.2,4619.2,4619.2,4619.2,0.00,4619.2,4619.2,4619.2,231.76,1031.6,791.2,1031.6,2171.2,4111.6,2406.6,2407.6,4111.6,2406.6,278.4,532.8,262.4,5308,1558.4,5228,19036,2060.2,1292.0,7852,0x44A87A39
850,0,489261,489.261,0,0,OK,4627.2,4619.2,4619.2,4619.2,4619.2,4619.2,4619.2,4619.2,4619.2,0.00,4619.2,4619.2,4619.2,232.76,791.2,791.2,791.2,4105.6,4110.6,4110.6,4110.6,4110.6,4110.6,527.8,262.4,532.8,7712,1558.4,5328,19136,1799.8,1292.0,12860,0xD5F72FAE
851,0,489363,489.363,0,0,OK,4621.2,4619.2,4619.2,4619.2,4619.2,4619.2,4619.2,4619.2,4619.2,0.00,4619.2,4619.2,4619.2,232.76,791.2,791.2,791.2,4105.6,4110.6,4110.6,4110.6,4110.6,4110.6,768.2,262.4,512.8,10316,1808.8,5328,19036,2050.2,1041.6,20632,0xB19ACA1C
852,0,489464,489.464,0,0,OK,4621.2,4619.2,4619.2,4619.2,4619.2,4619.2,4619.2,4619.2,4619.2,0.00,4619.2,4619.2,4619.2,232.76,791.2,1031.6,791.2,4105.6,2406.6,4111.6,4110.6,2406.6,4111.6,527.8,512.8,262.4,10316,1808.8,2724,16632,1809.8,1292.0,20632,0xBBBC3D3F
853,0,489566,489.566,0,0,OK,4623.2,4619.2,4619.2,4619.2,4619.2,4619.2,4619.2,4619.2,4619.2,0.00,4619.2,4619.2,4619.2,0.80,791.2,1031.6,1031.6,4105.6,2406.6,2407.6,4111.6,2406.6,2407.6,268.4,532.8,522.8,7912,1808.8,2624,14028,1799.8,1292.0,20732,0xEDBF4A28
854,0,489667,489.667,0,0,OK,4625.2,4619.2,4619.2,4619.2,4619.2,4619.2,4619.2,4619.2,4619.2,0.00,4619.2,4619.2,4619.2,231.76,1031.6,1031.6,791.2,2171.2,2407.6,4111.6,2406.6,2407.6,4111.6,768.2,262.4,522.8,7712,1798.8,2624,16632,2060.2,791.2,10416,0x75BDD7B4
855,0,489769,489.769,0,0,OK,4628.2,4619.2,4619.2,4619.2,4619.2,4619.2,4619.2,4619.2,4619.2,0.00,4619.2,4619.2,4619.2,231.76,1031.6,1031.6,1031.6,2171.2,2407.6,2407.6,2407.6,2407.6,2407.6,278.4,272.4,512.8,7712,2059.2,2624,16432,1799.8,791.2,7852,0x2A0BC6DF
856,0,489871,489.871,0,0,OK,4623.2,4619.2,4619.2,4619.2,4619.2,4619.2,4619.2,4619.2,4619.2,0.00,4619.2,4619.2,4619.2,0.80,1031.6,1031.6,791.2,2171.2,2407.6,4111.6,2406.6,2407.6,4111.6,768.2,262.4,512.8,5308,1558.4,2624,16532,1809.8,1041.6,2644,0x34081FF2
857,0,489972,489.972,0,0,OK,4619.2,4619.2,4619.2,4619.2,4619.2,4619.2,4619.2,4619.2,4619.2,0.00,4619.2,4619.2,4619.2,231.76,1031.6,1031.6,791.2,2171.2,2407.6,4111.6,2406.6,2407.6,4111.6,527.8,272.4,512.8,7712,2049.2,5128,14028,1559.4,1292.0,23236,0xC604DF05
858,0,490074,490.074,0,0,OK,4625.2,4619.2,4619.2,4619.2,4619.2,4619.2,4619.2,4619.2,4619.2,0.00,4619.2,4619.2,4619.2,0.80,1031.6,1031.6,1031.6,2171.2,2407.6,2407.6,2407.6,2407.6,2407.6,268.4,532.8,532.8,7912,1808.8,5228,14028,1799.8,791.2,7752,0xB129C8D7
859,0,490175,490.175,0,0,OK,4622.2,4619.2,4619.2,4619.2,4619.2,4619.2,4619.2,4619.2,4619.2,0.00,4619.2,4619.2,4619.2,232.76,1031.6,1031.6,791.2,2171.2,2407.6,4111.6,2406.6,2407.6,4111.6,267.4,522.8,262.4,10316,1798.8,5328,19136,2050.2,1292.0,140,0x325BCC8E
860,0,490277,490.277,0,0,OK,4623.2,4619.2,4619.2,4619.2,4619.2,4619.2,4619.2,4619.2,4619.2,0.00,4619.2,4619.2,4619.2,231.76,1031.6,1031.6,791.2,2171.2,2407.6,4111.6,2406.6,2407.6,4111.6,517.8,522.8,272.4,7712,1808.8,5228,14028,1809.8,1031.6,10416,0xE027D998
861,0,490379,490.379,0,0,OK,4626.2,4619.2,4619.2,4619.2,4619.2,4619.2,4619.2,4619.2,4619.2,0.00,4619.2,4619.2,4619.2,231.76,1031.6,1031.6,1031.6,2171.2,2407.6,2407.6,2407.6,2407.6,2407.6,278.4,532.8,532.8,7812,1558.4,2624,13928,1799.8,1292.0,2644,0xA63EA7E8
862,0,490480,490.480,0,0,OK,4628.2,4619.2,4619.2,4619.2,4619.2,4619.2,4619.2,4619.2,4619.2,0.00,4619.2,4619.2,4619.2,232.76,791.2,791.2,1031.6,4105.6,4110.6,2406.6,4111.6,4110.6,2406.6,769.2,532.8,262.4,10316,1558.4,5328,19036,1809.8,791.2,17928,0xEA774C13
863,0,490582,490.582,0,0,OK,4624.2,4619.2,4619.2,4619.2,4619.2,4619.2,4619.2,4619.2,4619.2,0.00,4619.2,4619.2,4619.2,232.76,1031.6,791.2,791.2,2171.2,4111.6,4110.6,2406.6,4111.6,4110.6,267.4,532.8,522.8,7812,1558.4,2724,21540,1809.8,791.2,12920,0x8291AB54
864,0,490683,490.683,0,0,OK,4626.2,4619.2,4619.2,4619.2,4619.2,4619.2,4619.2,4619.2,4619.2,0.00,4619.2,4619.2,4619.2,232.76,1031.6,1031.6,791.2,2171.2,2407.6,4111.6,2406.6,2407.6,4111.6,768.2,272.4,522.8,7812,2049.2,5228,13928,2060.2,1292.0,10316,0xC6969F63
865,0,490785,490.785,0,0,OK,4620.2,4619.2,4619.2,4619.2,4619.2,4619.2,4619.2,4619.2,4619.2,0.00,4619.2,4619.2,4619.2,0.80,1031.6,791.2,1031.6,2171.2,4111.6,2406.6,2407.6,4111.6,2406.6,528.8,522.8,262.4,10316,1808.8,5128,16632,2060.2,1292.0,20532,0x0534DDEB
866,0,490887,490.887,0,0,OK,4622.2,4619.2,4619.2,4619.2,4619.2,4619.2,4619.2,4619.2,4619.2,0.00,4619.2,4619.2,4619.2,0.80,791.2,1031.6,1031.6,4105.6,2406.6,2407.6,4111.6,2406.6,2407.6,769.2,522.8,272.4,10316,1798.8,5328,16632,2050.2,1292.0,140,0x461E7EC9
867,0,490988,490.988,0,0,OK,4628.2,4619.2,4619.2,4619.2,4619.2,4619.2,4619.2,4619.2,4619.2,0.00,4619.2,4619.2,4619.2,232.76,791.2,791.2,1031.6,4105.6,4110.6,2406.6,4111.6,4110.6,2406.6,518.8,272.4,512.8,5308,1558.4,5228,11424,2050.2,791.2,240,0x51C8483D
868,0,491090,491.090,0,0,OK,4623.2,4619.2,4619.2,4619.2,4619.2,4619.2,4619.2,4619.2,4619.2,0.00,4619.2,4619.2,4619.2,231.76,1031.6,791.2,1031.6,2171.2,4111.6,2406.6,2407.6,4111.6,2406.6,268.4,262.4,262.4,10316,1808.8,2624,16632,2060.2,1292.0,2644,0xAF21C53A
869,0,491191,491.191,0,0,OK,4621.2,4619.2,4619.2,4619.2,4619.2,4619.2,4619.2,4619.2,4619.2,0.00,4619.2,4619.2,4619.2,231.76,791.2,1031.6,791.2,4105.6,2406.6,4111.6,4110.6,2406.6,4111.6,768.2,512.8,262.4,7812,2059.2,2624,16632,1809.8,1292.0,10456,0xC3BAD3FC
870,0,491293,491.293,0,0,OK,4625.2,4619.2,4619.2,4619.2,4619.2,4619.2,4619.2,4619.2,4619.2,0.00,4619.2,4619.2,4619.2,231.76,1031.6,1031.6,791.2,2171.2,2407.6,4111.6,2406.6,2407.6,4111.6,267.4,262.4,522.8,7912,1558.4,5328,16632,2050.2,791.2,17928,0x8A328F95
871,0,491395,491.395,0,0,OK,4619.2,4619.2,4619.2,4619.2,4619.2,4619.2,4619.2,4619.2,4619.2,0.00,4619.2,4619.2,4619.2,0.80,1031.6,791.2,791.2,2171.2,4111.6,4110.6,2406.6,4111.6,4110.6,517.8,272.4,512.8,7912,2059.2,5328,21540,2060.2,1282.0,20732,0x4815B7D6
872,0,491496,491.496,0,0,OK,4628.2,4619.2,4619.2,4619.2,4619.2,4619.2,4619.2,4619.2,4619.2,0.00,4619.2,4619.2,4619.2,231.76,1031.6,791.2,791.2,2171.2,4111.6,4110.6,2406.6,4111.6,4110.6,277.4,272.4,262.4,7712,2049.2,5128,19136,1809.8,1031.6,10316,0xD0FD11A8
873,0,491598,491.598,0,0,OK,4626.2,4619.2,4619.2,4619.2,4619.2,4619.2,4619.2,4619.2,4619.2,0.00,4619.2,4619.2,4619.2,231.76,1031.6,791.2,1031.6,2171.2,4111.6,2406.6,2407.6,4111.6,2406.6,528.8,512.8,272.4,5308,1808.8,2624,16432,1799.8,1282.0,7752,0xF4316BB4
874,0,491700,491.700,0,0,OK,4621.2,4619.2,4619.2,4619.2,4619.2,4619.2,4619.2,4619.2,4619.2,0.00,4619.2,4619.2,4619.2,0.80,791.2,1031.6,791.2,4105.6,2406.6,4111.6,4110.6,2406.6,4111.6,277.4,272.4,532.8,7812,1558.4,5328,19136,1799.8,1041.6,5148,0x1A6A54C5
875,0,491801,491.801,0,0,OK,4627.2,4619.2,4619.2,4619.2,4619.2,4619.2,4619.2,4619.2,4619.2,0.00,4619.2,4619.2,4619.2,232.76,791.2,791.2,791.2,4105.6,4110.6,4110.6,4110.6,4110.6,4110.6,527.8,522.8,262.4,5308,1798.8,5128,21540,1559.4,1292.0,10316,0xDCEF5215
876,0,491903,491.903,0,0,OK,4619.2,4619.2,4619.2,4619.2,4619.2,4619.2,4619.2,4619.2,4619.2,0.00,4619.2,4619.2,4619.2,231.76,1031.6,791.2,1031.6,2171.2,4111.6,2406.6,2407.6,4111.6,2406.6,769.2,522.8,262.4,10316,1558.4,2724,16532,1559.4,1041.6,13020,0x0248C91D
877,0,492004,492.004,0,0,OK,4625.2,4619.2,4619.2,4619.2,4619.2,4619.2,4619.2,4619.2,4619.2,0.00,4619.2,4619.2,4619.2,0.80,791.2,1031.6,791.2,4105.6,2406.6,4111.6,4110.6,2406.6,4111.6,277.4,522.8,262.4,10316,1798.8,2624,19136,1559.4,1282.0,18128,0x6162B871
878,0,492106,492.106,0,0,OK,4623.2,4619.2,4619.2,4619.2,4619.2,4619.2,4619.2,4619.2,4619.2,0.00,4619.2,4619.2,4619.2,232.76,1031.6,1031.6,1031.6,2171.2,2407.6,2407.6,2407.6,2407.6,2407.6,518.8,522.8,532.8,7912,2059.2,2624,11424,2060.2,791.2,23236,0x82D7ECD7
879,0,492208,492.208,0,0,OK,4620.2,4619.2,4619.2,4619.2,4619.2,4619.2,4619.2,4619.2,4619.2,0.00,4619.2,4619.2,4619.2,0.80,1031.6,1031.6,791.2,2171.2,2407.6,4111.6,2406.6,2407.6,4111.6,527.8,532.8,512.8,5308,2059.2,2724,19036,2050.2,1292.0,12920,0x8981CFAF
880,0,492309,492.309,0,0,OK,4625.2,4619.2,4619.2,4619.2,4619.2,4619.2,4619.2,4619.2,4619.2,0.00,4619.2,4619.2,4619.2,232.76,1031.6,791.2,791.2,2171.2,4111.6,4110.6,2406.6,4111.6,4110.6,527.8,262.4,532.8,7812,1798.8,5228,16532,1559.4,1031.6,5148,0x4C715381
881,0,492411,492.411,0,0,OK,4623.2,4619.2,4619.2,4619.2,4619.2,4619.2,4619.2,4619.2,4619.2,0.00,4619.2,4619.2,4619.2,0.80,791.2,791.2,791.2,4105.6,4110.6,4110.6,4110.6,4110.6,4110.6,768.2,272.4,522.8,10316,1798.8,2624,14028,1559.4,1282.0,10316,0xE07A30B9
882,0,492512,492.512,0,0,OK,4622.2,4619.2,4619.2,4619.2,4619.2,4619.2,4619.2,4619.2,4619.2,0.00,4619.2,4619.2,4619.2,231.76,791.2,791.2,791.2,4105.6,4110.6,4110.6,4110.6,4110.6,4110.6,267.4,522.8,532.8,7812,1558.4,2724,11424,1559.4,1041.6,10356,0x772AF96A
883,0,492614,492.614,0,0,OK,4622.2,4619.2,4619.2,4619.2,4619.2,4619.2,4619.2,4619.2,4619.2,0.00,4619.2,4619.2,4619.2,0.80,1031.6,1031.6,791.2,2171.2,2407.6,4111.6,2406.6,2407.6,4111.6,517.8,522.8,272.4,10316,2059.2,2724,16632,2050.2,1282.0,12820,0x4B129F1F
884,0,492716,492.716,0,0,OK,4620.2,4619.2,4619.2,4619.2,4619.2,4619.2,4619.2,4619.2,4619.2,0.00,4619.2,4619.2,4619.2,0.80,1031.6,1031.6,791.2,2171.2,2407.6,4111.6,2406.6,2407.6,4111.6,768.2,532.8,262.4,7712,2049.2,2724,19036,1799.8,791.2,17928,0x77FF7E0D
885,0,492817,492.817,0,0,OK,4625.2,4619.2,4619.2,4619.2,4619.2,4619.2,4619.2,4619.2,4619.2,0.00,4619.2,4619.2,4619.2,231.76,1031.6,1031.6,791.2,2171.2,2407.6,4111.6,2406.6,2407.6,4111.6,277.4,532.8,262.4,10316,1558.4,2624,14028,2060.2,791.2,240,0x9D3E4368
886,0,492919,492.919,0,0,OK,4625.2,4619.2,4619.2,4619.2,4619.2,4619.2,4619.2,4619.2,4619.2,0.00,4619.2,4619.2,4619.2,232.76,791.2,791.2,1031.6,4105.6,4110.6,2406.6,4111.6,4110.6,2406.6,769.2,272.4,532.8,7712,1798.8,5328,13928,1809.8,1282.0,10416,0x73817DDA
887,0,493021,493.021,0,0,OK,4625.2,4619.2,4619.2,4619.2,4619.2,4619.2,4619.2,4619.2,4619.2,0.00,4619.2,4619.2,4619.2,232.76,1031.6,1031.6,1031.6,2171.2,2407.6,2407.6,2407.6,2407.6,2407.6,268.4,532.8,522.8,7912,2059.2,2624,16532,1559.4,1282.0,15524,0xAB555C44
888,0,493122,493.122,0,0,OK,4626.2,4619.2,4619.2,4619.2,4619.2,4619.2,4619.2,4619.2,4619.2,0.00,4619.2,4619.2,4619.2,0.80,1031.6,1031.6,1031.6,2171.2,2407.6,2407.6,2407.6,2407.6,2407.6,268.4,532.8,262.4,7712,2059.2,2624,13928,2060.2,1041.6,18028,0x6E1B1916
889,0,493224,493.224,0,0,OK,4621.2,4619.2,4619.2,4619.2,4619.2,4619.2,4619.2,4619.2,4619.2,0.00,4619.2,4619.2,4619.2,0.80,791.2,1031.6,1031.6,4105.6,2406.6,2407.6,4111.6,2406.6,2407.6,268.4,262.4,512.8,7912,2049.2,5228,11424,1809.8,1031.6,10356,0xA4D1B273
890,0,493325,493.325,0,0,OK,4621.2,4619.2,4619.2,4619.2,4619.2,4619.2,4619.2,4619.2,4619.2,0.00,4619.2,4619.2,4619.2,0.80,791.2,791.2,791.2,4105.6,4110.6,4110.6,4110.6,4110.6,4110.6,517.8,522.8,522.8,7712,1558.4,2624,16532,1559.4,1292.0,240,0x577EEE56
891,0,493427,493.427,0,0,OK,4626.2,4619.2,4619.2,4619.2,4619.2,4619.2,4619.2,4619.2,4619.2,0.00,4619.2,4619.2,4619.2,231.76,791.2,791.2,791.2,4105.6,4110.6,4110.6,4110.6,4110.6,4110.6,768.2,532.8,262.4,10316,2049.2,2724,21540,1799.8,1041.6,140,0xEDF2961C
892,0,493529,493.529,0,0,OK,4622.2,4619.2,4619.2,4619.2,4619.2,4619.2,4619.2,4619.2,4619.2,0.00,4619.2,4619.2,4619.2,0.80,1031.6,1031.6,1031.6,2171.2,2407.6,2407.6,2407.6,2407.6,2407.6,518.8,262.4,512.8,10316,1808.8,5228,19136,2050.2,791.2,10316,0x50BC464E
893,0,493630,493.630,0,0,OK,4622.2,4619.2,4619.2,4619.2,4619.2,4619.2,4619.2,4619.2,4619.2,0.00,4619.2,4619.2,4619.2,232.76,1031.6,791.2,1031.6,2171.2,4111.6,2406.6,2407.6,4111.6,2406.6,769.2,522.8,272.4,10316,2059.2,5228,11424,2050.2,1031.6,40,0x04A2E9F2
894,0,493732,493.732,0,0,OK,4627.2,4619.2,4619.2,4619.2,4619.2,4619.2,4619.2,4619.2,4619.2,0.00,4619.2,4619.2,4619.2,0.80,791.2,791.2,1031.6,4105.6,4110.6,2406.6,4111.6,4110.6,2406.6,528.8,522.8,512.8,5308,1558.4,5128,16532,1559.4,1031.6,15424,0x7F7D6899
895,0,493833,493.833,0,0,OK,4624.2,4619.2,4619.2,4619.2,4619.2,4619.2,4619.2,4619.2,4619.2,0.00,4619.2,4619.2,4619.2,0.80,791.2,1031.6,791.2,4105.6,2406.6,4111.6,4110.6,2406.6,4111.6,768.2,512.8,262.4,5308,1808.8,5328,14028,2050.2,1292.0,12860,0x409C41E1
896,0,493935,493.935,0,0,OK,4626.2,4619.2,4619.2,4619.2,4619.2,4619.2,4619.2,4619.2,4619.2,0.00,4619.2,4619.2,4619.2,0.80,791.2,791.2,791.2,4105.6,4110.6,4110.6,4110.6,4110.6,4110.6,267.4,272.4,262.4,7912,1798.8,5328,16432,1559.4,791.2,240,0xF8EDF02A
897,0,494037,494.037,0,0,OK,4626.2,4619.2,4619.2,4619.2,4619.2,4619.2,4619.2,4619.2,4619.2,0.00,4619.2,4619.2,4619.2,231.76,791.2,1031.6,1031.6,4105.6,2406.6,2407.6,4111.6,2406.6,2407.6,528.8,512.8,272.4,7812,2059.2,2724,19036,1799.8,1292.0,20532,0x029EDBCD
898,0,494138,494.138,0,0,OK,4628.2,4619.2,4619.2,4619.2,4619.2,4619.2,4619.2,4619.2,4619.2,0.00,4619.2,4619.2,4619.2,231.76,1031.6,1031.6,791.2,2171.2,2407.6,4111.6,2406.6,2407.6,4111.6,277.4,272.4,532.8,10316,1798.8,5328,14028,1559.4,791.2,140,0x33456C04
899,0,494240,494.240,0,0,OK,4624.2,4619.2,4619.2,4619.2,4619.2,4619.2,4619.2,4619.2,4619.2,0.00,4619.2,4619.2,4619.2,0.80,791.2,791.2,791.2,4105.6,4110.6,4110.6,4110.6,4110.6,4110.6,267.4,532.8,522.8,5308,1798.8,5128,16632,2050.2,791.2,12820,0xE1151E92
900,0,494342,494.342,0,0,OK,4623.2,4619.2,4619.2,4619.2,4619.2,4619.2,4619.2,4619.2,4619.2,0.00,4619.2,4619.2,4619.2,0.80,791.2,791.2,791.2,4105.6,4110.6,4110.6,4110.6,4110.6,4110.6,527.8,272.4,262.4,7712,2059.2,2724,13928,1809.8,1031.6,15424,0x666C51B6
901,0,494443,494.443,0,0,OK,4625.2,4619.2,4619.2,4619.2,4619.2,4619.2,4619.2,4619.2,4619.2,0.00,4619.2,4619.2,4619.2,0.80,791.2,1031.6,1031.6,4105.6,2406.6,2407.6,4111.6,2406.6,2407.6,769.2,262.4,262.4,7712,1808.8,2624,13828,2050.2,791.2,15524,0xC8283BB2
902,0,494545,494.545,0,0,OK,4626.2,4619.2,4619.2,4619.2,4619.2,4619.2,4619.2,4619.2,4619.2,0.00,4619.2,4619.2,4619.2,0.80,1031.6,1031.6,1031.6,2171.2,2407.6,2407.6,2407.6,2407.6,2407.6,769.2,512.8,512.8,7812,2049.2,2624,19036,2050.2,1282.0,18028,0x72A1AAE5
903,0,494646,494.646,0,0,OK,4623.2,4619.2,4619.2,4619.2,4619.2,4619.2,4619.2,4619.2,4619.2,0.00,4619.2,4619.2,4619.2,232.76,1031.6,1031.6,1031.6,2171.2,2407.6,2407.6,2407.6,2407.6,2407.6,769.2,522.8,532.8,7912,2059.2,5328,13828,1809.8,1292.0,2744,0x690C7D2E
904,0,494748,494.748,0,0,OK,4623.2,4619.2,4619.2,4619.2,4619.2,4619.2,4619.2,4619.2,4619.2,0.00,4619.2,4619.2,4619.2,232.76,1031.6,1031.6,791.2,2171.2,2407.6,4111.6,2406.6,2407.6,4111.6,517.8,272.4,272.4,7712,1798.8,5228,11424,1799.8,1292.0,15524,0x030C6A81
905,0,494850,494.850,0,0,OK,4626.2,4619.2,4619.2,4619.2,4619.2,4619.2,4619.2,4619.2,4619.2,0.00,4619.2,4619.2,4619.2,231.76,1031.6,791.2,1031.6,2171.2,4111.6,2406.6,2407.6,4111.6,2406.6,278.4,512.8,532.8,7712,2049.2,2724,16532,2060.2,1282.0,5148,0xEFF4FFE8
906,0,494951,494.951,0,0,OK,4620.2,4619.2,4619.2,4619.2,4619.2,4619.2,4619.2,4619.2,4619.2,0.00,4619.2,4619.2,4619.2,232.76,791.2,1031.6,1031.6,4105.6,2406.6,2407.6,4111.6,2406.6,2407.6,278.4,522.8,272.4,7712,1798.8,5328,13828,1799.8,1041.6,2744,0x9BE34A4A
907,0,495053,495.053,0,0,OK,4628.2,4619.2,4619.2,4619.2,4619.2,4619.2,4619.2,4619.2,4619.2,0.00,4619.2,4619.2,4619.2,232.76,791.2,1031.6,1031.6,4105.6,2406.6,2407.6,4111.6,2406.6,2407.6,528.8,532.8,522.8,7912,2059.2,5228,21540,2050.2,1041.6,17928,0x16011603
908,0,495155,495.155,0,0,OK,4626.2,4619.2,4619.2,4619.2,4619.2,4619.2,4619.2,4619.2,4619.2,0.00,4619.2,4619.2,4619.2,231.76,791.2,791.2,791.2,4105.6,4110.6,4110.6,4110.6,4110.6,4110.6,517.8,532.8,532.8,7712,2059.2,2624,16632,1799.8,1282.0,10256,0x03EAA7BA
909,0,495256,495.256,0,0,OK,4623.2,4619.2,4619.2,4619.2,4619.2,4619.2,4619.2,4619.2,4619.2,0.00,4619.2,4619.2,4619.2,0.80,1031.6,1031.6,1031.6,2171.2,2407.6,2407.6,2407.6,2407.6,2407.6,518.8,262.4,272.4,5308,1558.4,2624,19036,1559.4,1282.0,10256,0x7DFFF7A4
910,0,495358,495.358,0,0,OK,4619.2,4619.2,4619.2,4619.2,4619.2,4619.2,4619.2,4619.2,4619.2,0.00,4619.2,4619.2,4619.2,0.80,1031.6,791.2,791.2,2171.2,4111.6,4110.6,2406.6,4111.6,4110.6,517.8,522.8,272.4,7712,1798.8,2624,16632,2060.2,1031.6,23236,0x7711B7F7
911,0,495459,495.459,0,0,OK,4627.2,4619.2,4619.2,4619.2,4619.2,4619.2,4619.2,4619.2,4619.2,0.00,4619.2,4619.2,4619.2,231.76,791.2,791.2,791.2,4105.6,4110.6,4110.6,4110.6,4110.6,4110.6,267.4,272.4,532.8,7812,2049.2,5328,19036,2060.2,1292.0,140,0x64DF1C8F
912,0,495561,495.561,0,0,OK,4626.2,4619.2,4619.2,4619.2,4619.2,4619.2,4619.2,4619.2,4619.2,0.00,4619.2,4619.2,4619.2,0.80,791.2,791.2,791.2,4105.6,4110.6,4110.6,4110.6,4110.6,4110.6,527.8,532.8,272.4,10316,2049.2,2624,19036,1559.4,1031.6,12820,0xDB9530C0
913,0,495663,495.663,0,0,OK,4626.2,4619.2,4619.2,4619.2,4619.2,4619.2,4619.2,4619.2,4619.2,0.00,4619.2,4619.2,4619.2,232.76,1031.6,1031.6,1031.6,2171.2,2407.6,2407.6,2407.6,2407.6,2407.6,528.8,262.4,272.4,5308,1558.4,2724,21540,2060.2,1282.0,10256,0xC495A118
914,0,495764,495.764,0,0,OK,4627.2,4619.2,4619.2,4619.2,4619.2,4619.2,4619.2,4619.2,4619.2,0.00,4619.2,4619.2,4619.2,0.80,791.2,1031.6,1031.6,4105.6,2406.6,2407.6,4111.6,2406.6,2407.6,769.2,532.8,522.8,7912,2059.2,2724,16532,1559.4,1031.6,13020,0x3019BDCF
915,0,495866,495.866,0,0,OK,4627.2,4619.2,4619.2,4619.2,4619.2,4619.2,4619.2,4619.2,4619.2,0.00,4619.2,4619.2,4619.2,231.76,1031.6,791.2,1031.6,2171.2,4111.6,2406.6,2407.6,4111.6,2406.6,769.2,272.4,532.8,7912,2049.2,2724,21540,1809.8,791.2,15424,0x2F4C8B17
916,0,495968,495.968,0,0,OK,4620.2,4619.2,4619.2,4619.2,4619.2,4619.2,4619.2,4619.2,4619.2,0.00,4619.2,4619.2,4619.2,232.76,1031.6,1031.6,1031.6,2171.2,2407.6,2407.6,2407.6,2407.6,2407.6,769.2,532.8,522.8,5308,1558.4,2724,16432,1799.8,1041.6,40,0x411B6B97
917,0,496069,496.069,0,0,OK,4621.2,4619.2,4619.2,4619.2,4619.2,4619.2,4619.2,4619.2,4619.2,0.00,4619.2,4619.2,4619.2,231.76,791.2,1031.6,1031.6,4105.6,2406.6,2407.6,4111.6,2406.6,2407.6,528.8,532.8,512.8,7812,1798.8,2624,13928,1559.4,1282.0,12860,0x593D4B96
918,0,496171,496.171,0,0,OK,4626.2,4619.2,4619.2,4619.2,4619.2,4619.2,4619.2,4619.2,4619.2,0.00,4619.2,4619.2,4619.2,0.80,791.2,1031.6,1031.6,4105.6,2406.6,2407.6,4111.6,2406.6,2407.6,518.8,512.8,532.8,7812,1808.8,5328,19036,1799.8,1282.0,10256,0x363D5B23
919,0,496272,496.272,0,0,OK,4624.2,4619.2,4619.2,4619.2,4619.2,4619.2,4619.2,4619.2,4619.2,0.00,4619.2,4619.2,4619.2,231.76,1031.6,1031.6,791.2,2171.2,2407.6,4111.6,2406.6,2407.6,4111.6,517.8,532.8,532.8,7712,1808.8,5228,19036,2050.2,1041.6,5348,0xA8B3DCBC
920,0,496374,496.374,0,0,OK,4620.2,4619.2,4619.2,4619.2,4619.2,4619.2,4619.2,4619.2,4619.2,0.00,4619.2,4619.2,4619.2,0.80,791.2,791.2,1031.6,4105.6,4110.6,2406.6,4111.6,4110.6,2406.6,518.8,522.8,522.8,7812,2059.2,5328,16432,1799.8,1031.6,2644,0x1C880C79
921,0,496476,496.476,0,0,OK,4622.2,4619.2,4619.2,4619.2,4619.2,4619.2,4619.2,4619.2,4619.2,0.00,4619.2,4619.2,4619.2,231.76,1031.6,1031.6,1031.6,2171.2,2407.6,2407.6,2407.6,2407.6,2407.6,278.4,272.4,262.4,7912,2059.2,5228,11424,1799.8,1041.6,5248,0xBBFF5FD3
922,0,496577,496.577,0,0,OK,4626.2,4619.2,4619.2,4619.2,4619.2,4619.2,4619.2,4619.2,4619.2,0.00,4619.2,4619.2,4619.2,231.76,791.2,791.2,791.2,4105.6,4110.6,4110.6,4110.6,4110.6,4110.6,768.2,272.4,512.8,7912,2059.2,5228,13928,1799.8,1031.6,18028,0x3C5C5F1E
923,0,496679,496.679,0,0,OK,4626.2,4619.2,4619.2,4619.2,4619.2,4619.2,4619.2,4619.2,4619.2,0.00,4619.2,4619.2,4619.2,231.76,1031.6,1031.6,791.2,2171.2,2407.6,4111.6,2406.6,2407.6,4111.6,768.2,262.4,512.8,7712,1798.8,2724,16632,1559.4,1041.6,140,0x7BC8A4A9
924,0,496781,496.781,0,0,OK,4625.2,4619.2,4619.2,4619.2,4619.2,4619.2,4619.2,4619.2,4619.2,0.00,4619.2,4619.2,4619.2,231.76,791.2,791.2,1031.6,4105.6,4110.6,2406.6,4111.6,4110.6,2406.6,518.8,512.8,512.8,7812,1808.8,2724,16432,1809.8,791.2,10356,0xA56F4E67
925,0,496882,496.882,0,0,OK,4626.2,4619.2,4619.2,4619.2,4619.2,4619.2,4619.2,4619.2,4619.2,0.00,4619.2,4619.2,4619.2,231.76,1031.6,1031.6,1031.6,2171.2,2407.6,2407.6,2407.6,2407.6,2407.6,528.8,272.4,532.8,7912,2059.2,2724,13828,1559.4,1282.0,23136,0xA4BD1F43
926,0,496984,496.984,0,0,OK,4623.2,4619.2,4619.2,4619.2,4619.2,4619.2,4619.2,4619.2,4619.2,0.00,4619.2,4619.2,4619.2,232.76,791.2,791.2,1031.6,4105.6,4110.6,2406.6,4111.6,4110.6,2406.6,769.2,522.8,522.8,7712,2059.2,2724,16632,1799.8,1031.6,10316,0xB133398E
927,0,497086,497.086,0,0,OK,4626.2,4619.2,4619.2,4619.2,4619.2,4619.2,4619.2,4619.2,4619.2,0.00,4619.2,4619.2,4619.2,231.76,1031.6,791.2,1031.6,2171.2,4111.6,2406.6,2407.6,4111.6,2406.6,769.2,262.4,512.8,5308,1558.4,5228,19036,2050.2,1282.0,40,0xA0A61340
928,0,497187,497.187,0,0,OK,4626.2,4619.2,4619.2,4619.2,4619.2,4619.2,4619.2,4619.2,4619.2,0.00,4619.2,4619.2,4619.2,231.76,791.2,791.2,1031.6,4105.6,4110.6,2406.6,4111.6,4110.6,2406.6,518.8,532.8,272.4,7812,2059.2,5328,14028,2050.2,1031.6,140,0xFF06E4F0
929,0,497289,497.289,0,0,OK,4623.2,4619.2,4619.2,4619.2,4619.2,4619.2,4619.2,4619.2,4619.2,0.00,4619.2,4619.2,4619.2,0.80,791.2,791.2,1031.6,4105.6,4110.6,2406.6,4111.6,4110.6,2406.6,769.2,522.8,532.8,5308,2049.2,2724,16432,1559.4,1031.6,2744,0x8D30ADE8
930,0,497390,497.390,0,0,OK,4626.2,4619.2,4619.2,4619.2,4619.2,4619.2,4619.2,4619.2,4619.2,0.00,4619.2,4619.2,4619.2,231.76,791.2,791.2,1031.6,4105.6,4110.6,2406.6,4111.6,4110.6,2406.6,528.8,532.8,512.8,7712,1808.8,5128,16632,1559.4,1292.0,7752,0xA176AC96
931,0,497492,497.492,0,0,OK,4621.2,4619.2,4619.2,4619.2,4619.2,4619.2,4619.2,4619.2,4619.2,0.00,4619.2,4619.2,4619.2,232.76,1031.6,791.2,1031.6,2171.2,4111.6,2406.6,2407.6,4111.6,2406.6,268.4,262.4,272.4,7912,2049.2,5228,14028,2050.2,1282.0,17928,0x17334DC8
932,0,497594,497.594,0,0,OK,4626.2,4619.2,4619.2,4619.2,4619.2,4619.2,4619.2,4619.2,4619.2,0.00,4619.2,4619.2,4619.2,0.80,791.2,1031.6,791.2,4105.6,2406.6,4111.6,4110.6,2406.6,4111.6,267.4,512.8,272.4,5308,2059.2,5228,11424,1809.8,1041.6,7912,0xA9A89BBA
933,0,497695,497.695,0,0,OK,4627.2,4619.2,4619.2,4619.2,4619.2,4619.2,4619.2,4619.2,4619.2,0.00,4619.2,4619.2,4619.2,231.76,1031.6,1031.6,1031.6,2171.2,2407.6,2407.6,2407.6,2407.6,2407.6,769.2,272.4,532.8,7912,2049.2,2624,16632,1809.8,791.2,40,0xAF78D0AB
934,0,497797,497.797,0,0,OK,4626.2,4619.2,4619.2,4619.2,4619.2,4619.2,4619.2,4619.2,4619.2,0.00,4619.2,4619.2,4619.2,232.76,1031.6,791.2,1031.6,2171.2,4111.6,2406.6,2407.6,4111.6,2406.6,769.2,272.4,512.8,7712,1798.8,5228,21540,1559.4,1031.6,10256,0xBC1C3168
935,0,497899,497.899,0,0,OK,4619.2,4619.2,4619.2,4619.2,4619.2,4619.2,4619.2,4619.2,4619.2,0.00,4619.2,4619.2,4619.2,232.76,791.2,1031.6,791.2,4105.6,2406.6,4111.6,4110.6,2406.6,4111.6,768.2,262.4,262.4,7712,2059.2,5328,16432,1559.4,1282.0,7912,0x695421A2
936,0,498000,498.000,0,0,OK,4620.2,4619.2,4619.2,4619.2,4619.2,4619.2,4619.2,4619.2,4619.2,0.00,4619.2,4619.2,4619.2,0.80,1031.6,791.2,791.2,2171.2,4111.6,4110.6,2406.6,4111.6,4110.6,517.8,532.8,512.8,7912,2049.2,5228,11424,1559.4,1031.6,5148,0xA1B2E459
937,0,498102,498.102,0,0,OK,4622.2,4619.2,4619.2,4619.2,4619.2,4619.2,4619.2,4619.2,4619.2,0.00,4619.2,4619.2,4619.2,231.76,791.2,1031.6,791.2,4105.6,2406.6,4111.6,4110.6,2406.6,4111.6,517.8,522.8,512.8,10316,2049.2,5328,21540,1809.8,1292.0,7852,0xE4703785
938,0,498204,498.204,0,0,OK,4621.2,4619.2,4619.2,4619.2,4619.2,4619.2,4619.2,4619.2,4619.2,0.00,4619.2,4619.2,4619.2,0.80,1031.6,791.2,1031.6,2171.2,4111.6,2406.6,2407.6,4111.6,2406.6,769.2,272.4,532.8,7712,1558.4,5128,19136,1799.8,1041.6,5148,0x28C1D403
939,0,498305,498.305,0,0,OK,4621.2,4619.2,4619.2,4619.2,4619.2,4619.2,4619.2,4619.2,4619.2,0.00,4619.2,4619.2,4619.2,231.76,791.2,1031.6,791.2,4105.6,2406.6,4111.6,4110.6,2406.6,4111.6,768.2,532.8,522.8,10316,1558.4,5128,19136,2050.2,1041.6,140,0xA88C02BC
940,0,498407,498.407,0,0,OK,4625.2,4619.2,4619.2,4619.2,4619.2,4619.2,4619.2,4619.2,4619.2,0.00,4619.2,4619.2,4619.2,232.76,1031.6,1031.6,1031.6,2171.2,2407.6,2407.6,2407.6,2407.6,2407.6,528.8,262.4,512.8,7712,1798.8,2724,16532,2050.2,791.2,17928,0x08645D43
941,0,498509,498.509,0,0,OK,4622.2,4619.2,4619.2,4619.2,4619.2,4619.2,4619.2,4619.2,4619.2,0.00,4619.2,4619.2,4619.2,232.76,791.2,791.2,1031.6,4105.6,4110.6,2406.6,4111.6,4110.6,2406.6,268.4,532.8,262.4,5308,2059.2,5228,11424,1799.8,1292.0,18028,0x17BA307B
942,0,498610,498.610,0,0,OK,4628.2,4619.2,4619.2,4619.2,4619.2,4619.2,4619.2,4619.2,4619.2,0.00,4619.2,4619.2,4619.2,232.76,791.2,1031.6,1031.6,4105.6,2406.6,2407.6,4111.6,2406.6,2407.6,528.8,272.4,272.4,7912,1558.4,2624,16632,2060.2,1292.0,12820,0x8305D71B
943,0,498712,498.712,0,0,OK,4621.2,4619.2,4619.2,4619.2,4619.2,4619.2,4619.2,4619.2,4619.2,0.00,4619.2,4619.2,4619.2,0.80,1031.6,1031.6,791.2,2171.2,2407.6,4111.6,2406.6,2407.6,4111.6,517.8,262.4,262.4,5308,1558.4,5328,14028,2050.2,791.2,18028,0xC660F178
944,0,498814,498.814,0,0,OK,4624.2,4619.2,4619.2,4619.2,4619.2,4619.2,4619.2,4619.2,4619.2,0.00,4619.2,4619.2,4619.2,232.76,1031.6,1031.6,791.2,2171.2,2407.6,4111.6,2406.6,2407.6,4111.6,267.4,522.8,272.4,5308,2049.2,5128,19036,2050.2,1031.6,20632,0x4D81DE97
945,0,498915,498.915,0,0,OK,4625.2,4619.2,4619.2,4619.2,4619.2,4619.2,4619.2,4619.2,4619.2,0.00,4619.2,4619.2,4619.2,232.76,791.2,791.2,1031.6,4105.6,4110.6,2406.6,4111.6,4110.6,2406.6,278.4,532.8,512.8,7812,1798.8,2624,19036,2060.2,1041.6,5248,0x84BDAC1A
946,0,499017,499.017,0,0,OK,4624.2,4619.2,4619.2,4619.2,4619.2,4619.2,4619.2,4619.2,4619.2,0.00,4619.2,4619.2,4619.2,232.76,1031.6,1031.6,1031.6,2171.2,2407.6,2407.6,2407.6,2407.6,2407.6,769.2,272.4,272.4,5308,2059.2,5128,19136,2060.2,1031.6,5148,0x30DDC5B9
947,0,499119,499.119,0,0,OK,4627.2,4619.2,4619.2,4619.2,4619.2,4619.2,4619.2,4619.2,4619.2,0.00,4619.2,4619.2,4619.2,0.80,1031.6,1031.6,1031.6,2171.2,2407.6,2407.6,2407.6,2407.6,2407.6,278.4,512.8,522.8,7812,1558.4,2724,16432,2060.2,1031.6,10456,0xDE8A87D9
948,0,499220,499.220,0,0,OK,4623.2,4619.2,4619.2,4619.2,4619.2,4619.2,4619.2,4619.2,4619.2,0.00,4619.2,4619.2,4619.2,231.76,1031.6,791.2,791.2,2171.2,4111.6,4110.6,2406.6,4111.6,4110.6,277.4,262.4,512.8,7712,2049.2,2724,21540,2050.2,1282.0,12860,0x3A018028
949,0,499322,499.322,0,0,OK,4625.2,4619.2,4619.2,4619.2,4619.2,4619.2,4619.2,4619.2,4619.2,0.00,4619.2,4619.2,4619.2,232.76,1031.6,1031.6,791.2,2171.2,2407.6,4111.6,2406.6,2407.6,4111.6,517.8,272.4,512.8,5308,2059.2,5328,13828,1809.8,1292.0,5148,0xD2726542
950,0,499424,499.424,0,0,OK,4619.2,4619.2,4619.2,4619.2,4619.2,4619.2,4619.2,4619.2,4619.2,0.00,4619.2,4619.2,4619.2,0.80,791.2,791.2,791.2,4105.6,4110.6,4110.6,4110.6,4110.6,4110.6,768.2,532.8,272.4,5308,2059.2,5228,11424,2050.2,1292.0,17928,0x59590FD8
951,0,499525,499.525,0,0,OK,4627.2,4619.2,4619.2,4619.2,4619.2,4619.2,4619.2,4619.2,4619.2,0.00,4619.2,4619.2,4619.2,232.76,1031.6,1031.6,791.2,2171.2,2407.6,4111.6,2406.6,2407.6,4111.6,267.4,522.8,532.8,7912,1798.8,2624,13828,1799.8,791.2,15424,0xEA289F69
952,0,499627,499.627,0,0,OK,4619.2,4619.2,4619.2,4619.2,4619.2,4619.2,4619.2,4619.2,4619.2,0.00,4619.2,4619.2,4619.2,231.76,791.2,1031.6,1031.6,4105.6,2406.6,2407.6,4111.6,2406.6,2407.6,528.8,512.8,532.8,5308,2049.2,2624,16632,1799.8,1031.6,7912,0xA7D431B6
953,0,499729,499.729,0,0,OK,4624.2,4619.2,4619.2,4619.2,4619.2,4619.2,4619.2,4619.2,4619.2,0.00,4619.2,4619.2,4619.2,232.76,791.2,1031.6,1031.6,4105.6,2406.6,2407.6,4111.6,2406.6,2407.6,769.2,512.8,512.8,5308,1558.4,5228,11424,2050.2,1041.6,18028,0xCB3BB13E
954,0,499830,499.830,0,0,OK,4619.2,4619.2,4619.2,4619.2,4619.2,4619.2,4619.2,4619.2,4619.2,0.00,4619.2,4619.2,4619.2,0.80,791.2,791.2,1031.6,4105.6,4110.6,2406.6,4111.6,4110.6,2406.6,528.8,522.8,272.4,7912,2059.2,2624,16632,1809.8,1041.6,23136,0x46A43B2F
955,0,499932,499.932,0,0,OK,4626.2,4619.2,4619.2,4619.2,4619.2,4619.2,4619.2,4619.2,4619.2,0.00,4619.2,4619.2,4619.2,0.80,791.2,791.2,791.2,4105.6,4110.6,4110.6,4110.6,4110.6,4110.6,517.8,262.4,522.8,10316,1558.4,2724,19036,2050.2,1031.6,12820,0x8D83B704
956,0,500034,500.034,0,0,OK,4622.2,4619.2,4619.2,4619.2,4619.2,4619.2,4619.2,4619.2,4619.2,0.00,4619.2,4619.2,4619.2,0.80,1031.6,1031.6,791.2,2171.2,2407.6,4111.6,2406.6,2407.6,4111.6,768.2,532.8,532.8,7812,2059.2,2724,16532,2050.2,1041.6,7912,0xBAF54175
957,0,500136,500.136,0,0,OK,4622.2,4619.2,4619.2,4619.2,4619.2,4619.2,4619.2,4619.2,4619.2,0.00,4619.2,4619.2,4619.2,231.76,791.2,791.2,791.2,4105.6,4110.6,4110.6,4110.6,4110.6,4110.6,517.8,262.4,272.4,7712,2059.2,5328,16432,2060.2,1282.0,12920,0xB7ED5809
958,0,500237,500.237,0,0,OK,4628.2,4619.2,4619.2,4619.2,4619.2,4619.2,4619.2,4619.2,4619.2,0.00,4619.2,4619.2,4619.2,232.76,1031.6,791.2,791.2,2171.2,4111.6,4110.6,2406.6,4111.6,4110.6,768.2,262.4,262.4,7912,1798.8,2724,13828,1559.4,1031.6,23236,0x82AE06E3
959,0,500339,500.339,0,0,OK,4624.2,4619.2,4619.2,4619.2,4619.2,4619.2,4619.2,4619.2,4619.2,0.00,4619.2,4619.2,4619.2,0.80,1031.6,791.2,791.2,2171.2,4111.6,4110.6,2406.6,4111.6,4110.6,517.8,272.4,522.8,7912,2059.2,5228,16532,1799.8,791.2,10356,0x0F7809F6
960,0,500440,500.440,0,0,OK,4622.2,4619.2,4619.2,4619.2,4619.2,4619.2,4619.2,4619.2,4619.2,0.00,4619.2,4619.2,4619.2,0.80,791.2,1031.6,791.2,4105.6,2406.6,4111.6,4110.6,2406.6,4111.6,267.4,522.8,522.8,7712,1558.4,2624,16432,2050.2,1041.6,2644,0xAF59E79E
961,0,500542,500.542,0,0,OK,4624.2,4619.2,4619.2,4619.2,4619.2,4619.2,4619.2,4619.2,4619.2,0.00,4619.2,4619.2,4619.2,0.80,1031.6,791.2,791.2,2171.2,4111.6,4110.6,2406.6,4111.6,4110.6,267.4,522.8,272.4,7812,1798.8,5328,13928,1559.4,791.2,40,0x8B818BD3
962,0,500643,500.643,0,0,OK,4626.2,4619.2,4619.2,4619.2,4619.2,4619.2,4619.2,4619.2,4619.2,0.00,4619.2,4619.2,4619.2,232.76,1031.6,1031.6,791.2,2171.2,2407.6,4111.6,2406.6,2407.6,4111.6,517.8,512.8,262.4,7712,1798.8,2624,13928,2050.2,791.2,2644,0xCE6125F2
963,0,500745,500.745,0,0,OK,4625.2,4619.2,4619.2,4619.2,4619.2,4619.2,4619.2,4619.2,4619.2,0.00,4619.2,4619.2,4619.2,231.76,1031.6,1031.6,791.2,2171.2,2407.6,4111.6,2406.6,2407.6,4111.6,517.8,512.8,522.8,7912,1558.4,5128,14028,1809.8,1041.6,10456,0xF43E1AF4
964,0,500847,500.847,0,0,OK,4623.2,4619.2,4619.2,4619.2,4619.2,4619.2,4619.2,4619.2,4619.2,0.00,4619.2,4619.2,4619.2,0.80,1031.6,1031.6,1031.6,2171.2,2407.6,2407.6,2407.6,2407.6,2407.6,528.8,272.4,262.4,10316,1798.8,5128,16532,1809.8,791.2,5248,0x9E316DB7
965,0,500948,500.948,0,0,OK,4621.2,4619.2,4619.2,4619.2,4619.2,4619.2,4619.2,4619.2,4619.2,0.00,4619.2,4619.2,4619.2,0.80,1031.6,1031.6,1031.6,2171.2,2407.6,2407.6,2407.6,2407.6,2407.6,278.4,272.4,532.8,5308,1558.4,5328,14028,2060.2,791.2,10316,0xB577232D
966,0,501050,501.050,0,0,OK,4625.2,4619.2,4619.2,4619.2,4619.2,4619.2,4619.2,4619.2,4619.2,0.00,4619.2,4619.2,4619.2,0.80,791.2,1031.6,1031.6,4105.6,2406.6,2407.6,4111.6,2406.6,2407.6,518.8,512.8,262.4,7812,1808.8,5328,11424,2060.2,1282.0,12860,0x25FD3E97
967,0,501151,501.151,0,0,OK,4622.2,4619.2,4619.2,4619.2,4619.2,4619.2,4619.2,4619.2,4619.2,0.00,4619.2,4619.2,4619.2,231.76,791.2,791.2,1031.6,4105.6,4110.6,2406.6,4111.6,4110.6,2406.6,528.8,272.4,522.8,10316,1558.4,2624,13828,2050.2,1031.6,20732,0x904AB1EB
968,0,501253,501.253,0,0,OK,4625.2,4619.2,4619.2,4619.2,4619.2,4619.2,4619.2,4619.2,4619.2,0.00,4619.2,4619.2,4619.2,0.80,791.2,791.2,1031.6,4105.6,4110.6,2406.6,4111.6,4110.6,2406.6,528.8,512.8,522.8,7912,1808.8,5228,19136,1809.8,1282.0,5148,0x0A9ADFA0
969,0,501355,501.355,0,0,OK,4619.2,4619.2,4619.2,4619.2,4619.2,4619.2,4619.2,4619.2,4619.2,0.00,4619.2,4619.2,4619.2,0.80,791.2,1031.6,1031.6,4105.6,2406.6,2407.6,4111.6,2406.6,2407.6,528.8,272.4,272.4,7712,1798.8,2624,16532,1799.8,1292.0,20732,0x37B1773F
970,0,501456,501.456,0,0,OK,4621.2,4619.2,4619.2,4619.2,4619.2,4619.2,4619.2,4619.2,4619.2,0.00,4619.2,4619.2,4619.2,0.80,1031.6,1031.6,1031.6,2171.2,2407.6,2407.6,2407.6,2407.6,2407.6,518.8,262.4,532.8,7712,2059.2,5328,11424,1809.8,1041.6,7852,0x65B0FEEB
971,0,501558,501.558,0,0,OK,4627.2,4619.2,4619.2,4619.2,4619.2,4619.2,4619.2,4619.2,4619.2,0.00,4619.2,4619.2,4619.2,0.80,1031.6,791.2,791.2,2171.2,4111.6,4110.6,2406.6,4111.6,4110.6,527.8,512.8,532.8,5308,2049.2,5328,16532,1799.8,1282.0,10256,0x1BD23716
972,0,501660,501.660,0,0,OK,4624.2,4619.2,4619.2,4619.2,4619.2,4619.2,4619.2,4619.2,4619.2,0.00,4619.2,4619.2,4619.2,0.80,791.2,791.2,791.2,4105.6,4110.6,4110.6,4110.6,4110.6,4110.6,267.4,512.8,512.8,7812,2049.2,5128,13928,1559.4,791.2,10416,0x5A2EDA1C
973,0,501761,501.761,0,0,OK,4623.2,4619.2,4619.2,4619.2,4619.2,4619.2,4619.2,4619.2,4619.2,0.00,4619.2,4619.2,4619.2,232.76,791.2,791.2,791.2,4105.6,4110.6,4110.6,4110.6,4110.6,4110.6,527.8,262.4,532.8,7712,1798.8,2624,16432,1809.8,1041.6,13020,0x78BE8BA5
974,0,501863,501.863,0,0,OK,4626.2,4619.2,4619.2,4619.2,4619.2,4619.2,4619.2,4619.2,4619.2,0.00,4619.2,4619.2,4619.2,232.76,791.2,1031.6,791.2,4105.6,2406.6,4111.6,4110.6,2406.6,4111.6,768.2,522.8,272.4,7812,2059.2,2624,16532,2060.2,1041.6,10356,0x71A7EF47
975,0,501964,501.964,0,0,OK,4622.2,4619.2,4619.2,4619.2,4619.2,4619.2,4619.2,4619.2,4619.2,0.00,4619.2,4619.2,4619.2,231.76,791.2,791.2,1031.6,4105.6,4110.6,2406.6,4111.6,4110.6,2406.6,528.8,522.8,522.8,7912,1558.4,2624,21540,2060.2,1282.0,7912,0x0F0488AC
976,0,502066,502.066,0,0,OK,4628.2,4619.2,4619.2,4619.2,4619.2,4619.2,4619.2,4619.2,4619.2,0.00,4619.2,4619.2,4619.2,232.76,1031.6,791.2,791.2,2171.2,4111.6,4110.6,2406.6,4111.6,4110.6,768.2,522.8,512.8,10316,2049.2,5128,13828,2050.2,791.2,18028,0x98D7E0A4
977,0,502168,502.168,0,0,OK,4623.2,4619.2,4619.2,4619.2,4619.2,4619.2,4619.2,4619.2,4619.2,0.00,4619.2,4619.2,4619.2,232.76,791.2,1031.6,791.2,4105.6,2406.6,4111.6,4110.6,2406.6,4111.6,517.8,262.4,272.4,5308,1798.8,2624,13928,2050.2,1282.0,17928,0xEBF4BD99
978,0,502269,502.269,0,0,OK,4627.2,4619.2,4619.2,4619.2,4619.2,4619.2,4619.2,4619.2,4619.2,0.00,4619.2,4619.2,4619.2,0.80,791.2,1031.6,1031.6,4105.6,2406.6,2407.6,4111.6,2406.6,2407.6,528.8,512.8,512.8,7812,1558.4,2724,21540,1559.4,1282.0,7852,0x65391A53
979,0,502371,502.371,0,0,OK,4627.2,4619.2,4619.2,4619.2,4619.2,4619.2,4619.2,4619.2,4619.2,0.00,4619.2,4619.2,4619.2,231.76,791.2,791.2,791.2,4105.6,4110.6,4110.6,4110.6,4110.6,4110.6,277.4,512.8,262.4,5308,2059.2,5228,16632,1809.8,1292.0,140,0x7E632654
980,0,502473,502.473,0,0,OK,4620.2,4619.2,4619.2,4619.2,4619.2,4619.2,4619.2,4619.2,4619.2,0.00,4619.2,4619.2,4619.2,0.80,791.2,791.2,791.2,4105.6,4110.6,4110.6,4110.6,4110.6,4110.6,277.4,272.4,532.8,7912,2059.2,2724,16532,1809.8,1292.0,18128,0xB6600BBF
981,0,502574,502.574,0,0,OK,4623.2,4619.2,4619.2,4619.2,4619.2,4619.2,4619.2,4619.2,4619.2,0.00,4619.2,4619.2,4619.2,231.76,791.2,791.2,791.2,4105.6,4110.6,4110.6,4110.6,4110.6,4110.6,277.4,532.8,512.8,5308,1808.8,5128,13928,1799.8,1282.0,240,0xF90602A9
982,0,502676,502.676,0,0,OK,4619.2,4619.2,4619.2,4619.2,4619.2,4619.2,4619.2,4619.2,4619.2,0.00,4619.2,4619.2,4619.2,0.80,1031.6,1031.6,1031.6,2171.2,2407.6,2407.6,2407.6,2407.6,2407.6,528.8,532.8,532.8,7812,1798.8,2624,21540,1799.8,1031.6,7912,0x0A568DC6
983,0,502778,502.778,0,0,OK,4626.2,4619.2,4619.2,4619.2,4619.2,4619.2,4619.2,4619.2,4619.2,0.00,4619.2,4619.2,4619.2,232.76,1031.6,791.2,1031.6,2171.2,4111.6,2406.6,2407.6,4111.6,2406.6,268.4,532.8,262.4,5308,1798.8,5128,21540,1559.4,1282.0,10316,0xCD5C03AE
984,0,502879,502.879,0,0,OK,4619.2,4619.2,4619.2,4619.2,4619.2,4619.2,4619.2,4619.2,4619.2,0.00,4619.2,4619.2,4619.2,0.80,1031.6,1031.6,791.2,2171.2,2407.6,4111.6,2406.6,2407.6,4111.6,517.8,272.4,532.8,7812,2059.2,5328,21540,1799.8,1292.0,23236,0x012E99DB
985,0,502981,502.981,0,0,OK,4624.2,4619.2,4619.2,4619.2,4619.2,4619.2,4619.2,4619.2,4619.2,0.00,4619.2,4619.2,4619.2,232.76,1031.6,1031.6,1031.6,2171.2,2407.6,2407.6,2407.6,2407.6,2407.6,268.4,272.4,262.4,7812,1808.8,5328,13828,1799.8,1041.6,7752,0x11803644
986,0,503082,503.082,0,0,OK,4620.2,4619.2,4619.2,4619.2,4619.2,4619.2,4619.2,4619.2,4619.2,0.00,4619.2,4619.2,4619.2,0.80,791.2,791.2,1031.6,4105.6,4110.6,2406.6,4111.6,4110.6,2406.6,769.2,512.8,512.8,10316,1558.4,5128,16532,2060.2,1292.0,5348,0xCA0BD612
987,0,503184,503.184,0,0,OK,4626.2,4619.2,4619.2,4619.2,4619.2,4619.2,4619.2,4619.2,4619.2,0.00,4619.2,4619.2,4619.2,232.76,791.2,1031.6,1031.6,4105.6,2406.6,2407.6,4111.6,2406.6,2407.6,528.8,262.4,262.4,7912,1808.8,5228,19136,2050.2,1292.0,20632,0x0FAB376D
988,0,503286,503.286,0,0,OK,4623.2,4619.2,4619.2,4619.2,4619.2,4619.2,4619.2,4619.2,4619.2,0.00,4619.2,4619.2,4619.2,231.76,1031.6,1031.6,791.2,2171.2,2407.6,4111.6,2406.6,2407.6,4111.6,517.8,262.4,272.4,7812,1558.4,5128,16632,1799.8,1041.6,13020,0x464D1B21
989,0,503387,503.387,0,0,OK,4628.2,4619.2,4619.2,4619.2,4619.2,4619.2,4619.2,4619.2,4619.2,0.00,4619.2,4619.2,4619.2,0.80,1031.6,791.2,791.2,2171.2,4111.6,4110.6,2406.6,4111.6,4110.6,267.4,532.8,532.8,7912,1798.8,2724,16532,1799.8,1282.0,7752,0xC59BD842
990,0,503489,503.489,0,0,OK,4621.2,4619.2,4619.2,4619.2,4619.2,4619.2,4619.2,4619.2,4619.2,0.00,4619.2,4619.2,4619.2,0.80,1031.6,1031.6,791.2,2171.2,2407.6,4111.6,2406.6,2407.6,4111.6,277.4,512.8,262.4,5308,1798.8,2624,19136,2050.2,1292.0,18028,0x1F918B93
991,0,503591,503.591,0,0,OK,4619.2,4619.2,4619.2,4619.2,4619.2,4619.2,4619.2,4619.2,4619.2,0.00,4619.2,4619.2,4619.2,0.80,1031.6,1031.6,1031.6,2171.2,2407.6,2407.6,2407.6,2407.6,2407.6,268.4,512.8,532.8,5308,1808.8,5228,13828,2060.2,1031.6,18028,0x2138F013
992,0,503692,503.692,0,0,OK,4624.2,4619.2,4619.2,4619.2,4619.2,4619.2,4619.2,4619.2,4619.2,0.00,4619.2,4619.2,4619.2,0.80,791.2,791.2,791.2,4105.6,4110.6,4110.6,4110.6,4110.6,4110.6,768.2,522.8,512.8,7712,1808.8,5228,16532,2050.2,1292.0,17928,0x224E04AB
993,0,503794,503.794,0,0,OK,4623.2,4619.2,4619.2,4619.2,4619.2,4619.2,4619.2,4619.2,4619.2,0.00,4619.2,4619.2,4619.2,232.76,791.2,791.2,1031.6,4105.6,4110.6,2406.6,4111.6,4110.6,2406.6,278.4,262.4,262.4,7912,2059.2,5228,11424,2050.2,791.2,7752,0xA074BDC6
994,0,503895,503.895,0,0,OK,4627.2,4619.2,4619.2,4619.2,4619.2,4619.2,4619.2,4619.2,4619.2,0.00,4619.2,4619.2,4619.2,0.80,791.2,791.2,791.2,4105.6,4110.6,4110.6,4110.6,4110.6,4110.6,768.2,512.8,262.4,10316,1808.8,5328,13928,1799.8,1041.6,17928,0xF04E9B9B
995,0,503997,503.997,0,0,OK,4626.2,4619.2,4619.2,4619.2,4619.2,4619.2,4619.2,4619.2,4619.2,0.00,4619.2,4619.2,4619.2,232.76,1031.6,791.2,791.2,2171.2,4111.6,4110.6,2406.6,4111.6,4110.6,277.4,532.8,522.8,7812,1808.8,5328,21540,1809.8,791.2,2644,0xA46B8229
996,0,504099,504.099,0,0,OK,4628.2,4619.2,4619.2,4619.2,4619.2,4619.2,4619.2,4619.2,4619.2,0.00,4619.2,4619.2,4619.2,232.76,791.2,791.2,791.2,4105.6,4110.6,4110.6,4110.6,4110.6,4110.6,267.4,532.8,522.8,7912,1558.4,5328,14028,1809.8,1041.6,7912,0x321CEBA0
997,0,504200,504.200,0,0,OK,4627.2,4619.2,4619.2,4619.2,4619.2,4619.2,4619.2,4619.2,4619.2,0.00,4619.2,4619.2,4619.2,231.76,791.2,791.2,791.2,4105.6,4110.6,4110.6,4110.6,4110.6,4110.6,267.4,262.4,262.4,7712,2049.2,2724,13928,1809.8,1292.0,13020,0xB33F00DF
998,0,504302,504.302,0,0,OK,4620.2,4619.2,4619.2,4619.2,4619.2,4619.2,4619.2,4619.2,4619.2,0.00,4619.2,4619.2,4619.2,232.76,1031.6,1031.6,791.2,2171.2,2407.6,4111.6,2406.6,2407.6,4111.6,267.4,272.4,262.4,10316,2059.2,2624,11424,2050.2,1041.6,10316,0x483301A3
999,0,504404,504.404,0,0,OK,4627.2,4619.2,4619.2,4619.2,4619.2,4619.2,4619.2,4619.2,4619.2,0.00,4619.2,4619.2,4619.2,232.76,791.2,1031.6,791.2,4105.6,2406.6,4111.6,4110.6,2406.6,4111.6,527.8,532.8,512.8,7812,1808.8,2624,19036,2050.2,1031.6,15524,0x85D21103
1000,0,504505,504.505,0,0,OK,4624.2,4619.2,4619.2,4619.2,4619.2,4619.2,4619.2,4619.2,4619.2,0.00,4619.2,4619.2,4619.2,0.80,1031.6,1031.6,1031.6,2171.2,2407.6,2407.6,2407.6,2407.6,2407.6,769.2,512.8,522.8,10316,2049.2,5128,14028,2050.2,1031.6,5148,0x28C0B1A5
1001,0,504607,504.607,0,0,OK,4624.2,4619.2,4619.2,4619.2,4619.2,4619.2,4619.2,4619.2,4619.2,0.00,4619.2,4619.2,4619.2,0.80,1031.6,791.2,791.2,2171.2,4111.6,4110.6,2406.6,4111.6,4110.6,768.2,532.8,532.8,5308,1798.8,2624,13828,2060.2,1031.6,10456,0xDF27AF66
1002,0,504708,504.708,0,0,OK,4627.2,4619.2,4619.2,4619.2,4619.2,4619.2,4619.2,4619.2,4619.2,0.00,4619.2,4619.2,4619.2,0.80,791.2,1031.6,1031.6,4105.6,2406.6,2407.6,4111.6,2406.6,2407.6,268.4,262.4,262.4,7812,2059.2,2724,16632,1799.8,1041.6,20532,0x2368F40B
1003,0,504810,504.810,0,0,OK,4623.2,4619.2,4619.2,4619.2,4619.2,4619.2,4619.2,4619.2,4619.2,0.00,4619.2,4619.2,4619.2,231.76,1031.6,1031.6,1031.6,2171.2,2407.6,2407.6,2407.6,2407.6,2407.6,518.8,512.8,522.8,7912,1558.4,2624,19136,2060.2,1041.6,23136,0x099B5143
1004,0,504912,504.912,0,0,OK,4627.2,4619.2,4619.2,4619.2,4619.2,4619.2,4619.2,4619.2,4619.2,0.00,4619.2,4619.2,4619.2,231.76,1031.6,1031.6,791.2,2171.2,2407.6,4111.6,2406.6,2407.6,4111.6,267.4,532.8,512.8,10316,1558.4,5228,11424,2050.2,1282.0,23136,0xC3F7FE69
1005,0,505013,505.013,0,0,OK,4622.2,4619.2,4619.2,4619.2,4619.2,4619.2,4619.2,4619.2,4619.2,0.00,4619.2,4619.2,4619.2,232.76,1031.6,1031.6,791.2,2171.2,2407.6,4111.6,2406.6,2407.6,4111.6,277.4,522.8,512.8,7912,2059.2,5328,16432,1809.8,1041.6,5248,0x7A9DF1BF
1006,0,505115,505.115,0,0,OK,4628.2,4619.2,4619.2,4619.2,4619.2,4619.2,4619.2,4619.2,4619.2,0.00,4619.2,4619.2,4619.2,0.80,791.2,791.2,791.2,4105.6,4110.6,4110.6,4110.6,4110.6,4110.6,527.8,512.8,272.4,10316,1798.8,5328,14028,1559.4,791.2,140,0x69A249F0
1007,0,505217,505.217,0,0,OK,4625.2,4619.2,4619.2,4619.2,4619.2,4619.2,4619.2,4619.2,4619.2,0.00,4619.2,4619.2,4619.2,231.76,791.2,1031.6,1031.6,4105.6,2406.6,2407.6,4111.6,2406.6,2407.6,528.8,262.4,272.4,7912,2049.2,2724,19036,1809.8,1292.0,20632,0xEA0C60CF
1008,0,505318,505.318,0,0,OK,4623.2,4619.2,4619.2,4619.2,4619.2,4619.2,4619.2,4619.2,4619.2,0.00,4619.2,4619.2,4619.2,232.76,791.2,1031.6,1031.6,4105.6,2406.6,2407.6,4111.6,2406.6,2407.6,528.8,272.4,262.4,7712,2049.2,5328,11424,2060.2,1031.6,5148,0xD4F7A7C0
1009,0,505420,505.420,0,0,OK,4620.2,4619.2,4619.2,4619.2,4619.2,4619.2,4619.2,4619.2,4619.2,0.00,4619.2,4619.2,4619.2,231.76,791.2,1031.6,791.2,4105.6,2406.6,4111.6,4110.6,2406.6,4111.6,267.4,262.4,272.4,10316,1798.8,5228,16432,1799.8,1041.6,5248,0xB0C856FA
1010,0,505522,505.522,0,0,OK,4622.2,4619.2,4619.2,4619.2,4619.2,4619.2,4619.2,4619.2,4619.2,0.00,4619.2,4619.2,4619.2,0.80,791.2,1031.6,1031.6,4105.6,2406.6,2407.6,4111.6,2406.6,2407.6,518.8,512.8,272.4,5308,2059.2,5328,21540,1809.8,791.2,240,0x7A6B8541
1011,0,505623,505.623,0,0,OK,4623.2,4619.2,4619.2,4619.2,4619.2,4619.2,4619.2,4619.2,4619.2,0.00,4619.2,4619.2,4619.2,0.80,1031.6,1031.6,791.2,2171.2,2407.6,4111.6,2406.6,2407.6,4111.6,527.8,512.8,512.8,7712,2059.2,2624,21540,2050.2,1041.6,17928,0x68E18FC6
1012,0,505725,505.725,0,0,OK,4627.2,4619.2,4619.2,4619.2,4619.2,4619.2,4619.2,4619.2,4619.2,0.00,4619.2,4619.2,4619.2,232.76,791.2,1031.6,1031.6,4105.6,2406.6,2407.6,4111.6,2406.6,2407.6,518.8,262.4,262.4,5308,2059.2,2724,21540,1799.8,1282.0,18028,0x29B84CD8
1013,0,505827,505.827,0,0,OK,4627.2,4619.2,4619.2,4619.2,4619.2,4619.2,4619.2,4619.2,4619.2,0.00,4619.2,4619.2,4619.2,232.76,791.2,1031.6,1031.6,4105.6,2406.6,2407.6,4111.6,2406.6,2407.6,769.2,262.4,522.8,7812,2049.2,2624,21540,2050.2,1292.0,13020,0x953BE8C3
1014,0,505928,505.928,0,0,OK,4625.2,4619.2,4619.2,4619.2,4619.2,4619.2,4619.2,4619.2,4619.2,0.00,4619.2,4619.2,4619.2,0.80,1031.6,791.2,1031.6,2171.2,4111.6,2406.6,2407.6,4111.6,2406.6,769.2,522.8,512.8,10316,1808.8,2724,19036,1799.8,1282.0,23236,0xBC3163F4
1015,0,506030,506.030,0,0,OK,4623.2,4619.2,4619.2,4619.2,4619.2,4619.2,4619.2,4619.2,4619.2,0.00,4619.2,4619.2,4619.2,232.76,1031.6,791.2,1031.6,2171.2,4111.6,2406.6,2407.6,4111.6,2406.6,278.4,532.8,532.8,10316,1558.4,5228,19136,1799.8,1041.6,12860,0x0BEAE547
1016,0,506132,506.132,0,0,OK,4626.2,4619.2,4619.2,4619.2,4619.2,4619.2,4619.2,4619.2,4619.2,0.00,4619.2,4619.2,4619.2,0.80,791.2,791.2,1031.6,4105.6,4110.6,2406.6,4111.6,4110.6,2406.6,268.4,532.8,532.8,10316,1798.8,5328,16632,1809.8,1292.0,10456,0x84C68FDE
1017,0,506233,506.233,0,0,OK,4624.2,4619.2,4619.2,4619.2,4619.2,4619.2,4619.2,4619.2,4619.2,0.00,4619.2,4619.2,4619.2,0.80,1031.6,791.2,1031.6,2171.2,4111.6,2406.6,2407.6,4111.6,2406.6,518.8,262.4,262.4,7912,2059.2,2724,14028,1559.4,1041.6,10416,0x38F80C25
1018,0,506335,506.335,0,0,OK,4622.2,4619.2,4619.2,4619.2,4619.2,4619.2,4619.2,4619.2,4619.2,0.00,4619.2,4619.2,4619.2,232.76,1031.6,1031.6,1031.6,2171.2,2407.6,2407.6,2407.6,2407.6,2407.6,268.4,272.4,262.4,7812,1808.8,5128,13928,2050.2,1282.0,10456,0xED4C4B28
1019,0,506437,506.437,0,0,OK,4623.2,4619.2,4619.2,4619.2,4619.2,4619.2,4619.2,4619.2,4619.2,0.00,4619.2,4619.2,4619.2,231.76,1031.6,1031.6,1031.6,2171.2,2407.6,2407.6,2407.6,2407.6,2407.6,769.2,272.4,512.8,7812,1808.8,5328,19136,1809.8,791.2,7912,0x1FB0A8EA
1020,0,506538,506.538,0,0,OK,4621.2,4619.2,4619.2,4619.2,4619.2,4619.2,4619.2,4619.2,4619.2,0.00,4619.2,4619.2,4619.2,232.76,791.2,1031.6,1031.6,4105.6,2406.6,2407.6,4111.6,2406.6,2407.6,278.4,272.4,522.8,5308,2059.2,5228,16632,1559.4,1282.0,10416,0x80178824
1021,0,506640,506.640,0,0,OK,4624.2,4619.2,4619.2,4619.2,4619.2,4619.2,4619.2,4619.2,4619.2,0.00,4619.2,4619.2,4619.2,232.76,791.2,791.2,1031.6,4105.6,4110.6,2406.6,4111.6,4110.6,2406.6,518.8,262.4,262.4,7912,1558.4,5128,11424,2060.2,1041.6,5248,0x3BE1F844
1022,0,506742,506.742,0,0,OK,4622.2,4619.2,4619.2,4619.2,4619.2,4619.2,4619.2,4619.2,4619.2,0.00,4619.2,4619.2,4619.2,0.80,1031.6,791.2,1031.6,2171.2,4111.6,2406.6,2407.6,4111.6,2406.6,518.8,512.8,262.4,7912,1558.4,5328,14028,1809.8,1041.6,13020,0x5C057E8F
1023,0,506843,506.843,0,0,OK,4627.2,4619.2,4619.2,4619.2,4619.2,4619.2,4619.2,4619.2,4619.2,0.00,4619.2,4619.2,4619.2,231.76,1031.6,791.2,1031.6,2171.2,4111.6,2406.6,2407.6,4111.6,2406.6,278.4,532.8,262.4,7812,2059.2,2624,21540,1799.8,791.2,13020,0x24A608D9
1024,0,506945,506.945,0,0,OK,4626.2,4619.2,4619.2,4619.2,4619.2,4619.2,4619.2,4619.2,4619.2,0.00,4619.2,4619.2,4619.2,231.76,1031.6,1031.6,791.2,2171.2,2407.6,4111.6,2406.6,2407.6,4111.6,768.2,522.8,532.8,5308,2059.2,2624,11424,1559.4,1031.6,7752,0x42477C0E
1025,0,507047,507.047,0,0,OK,4628.2,4619.2,4619.2,4619.2,4619.2,4619.2,4619.2,4619.2,4619.2,0.00,4619.2,4619.2,4619.2,232.76,791.2,791.2,791.2,4105.6,4110.6,4110.6,4110.6,4110.6,4110.6,527.8,262.4,262.4,7712,1558.4,5128,13828,1799.8,1031.6,5348,0x1BC7FC6E
1026,0,507148,507.148,0,0,OK,4621.2,4619.2,4619.2,4619.2,4619.2,4619.2,4619.2,4619.2,4619.2,0.00,4619.2,4619.2,4619.2,231.76,791.2,791.2,791.2,4105.6,4110.6,4110.6,4110.6,4110.6,4110.6,277.4,522.8,262.4,5308,1558.4,5228,16632,1559.4,1031.6,5348,0x1FFD1433
1027,0,507250,507.250,0,0,OK,4619.2,4619.2,4619.2,4619.2,4619.2,4619.2,4619.2,4619.2,4619.2,0.00,4619.2,4619.2,4619.2,0.80,1031.6,791.2,791.2,2171.2,4111.6,4110.6,2406.6,4111.6,4110.6,277.4,272.4,532.8,10316,1808.8,5328,21540,1559.4,1292.0,15524,0x55B8F49D
1028,0,507352,507.352,0,0,OK,4624.2,4619.2,4619.2,4619.2,4619.2,4619.2,4619.2,4619.2,4619.2,0.00,4619.2,4619.2,4619.2,0.80,791.2,791.2,1031.6,4105.6,4110.6,2406.6,4111.6,4110.6,2406.6,518.8,272.4,522.8,10316,1798.8,5128,11424,2050.2,1031.6,40,0xE7CE907D
1029,0,507453,507.453,0,0,OK,4622.2,4619.2,4619.2,4619.2,4619.2,4619.2,4619.2,4619.2,4619.2,0.00,4619.2,4619.2,4619.2,232.76,1031.6,1031.6,1031.6,2171.2,2407.6,2407.6,2407.6,2407.6,2407.6,528.8,512.8,532.8,5308,2059.2,5328,14028,1809.8,1282.0,7752,0x3F0FAD5E
1030,0,507555,507.555,0,0,OK,4623.2,4619.2,4619.2,4619.2,4619.2,4619.2,4619.2,4619.2,4619.2,0.00,4619.2,4619.2,4619.2,232.76,1031.6,791.2,791.2,2171.2,4111.6,4110.6,2406.6,4111.6,4110.6,768.2,522.8,532.8,7712,1808.8,5128,13828,1809.8,1031.6,17928,0xD6D9F6BA
1031,0,507657,507.657,0,0,OK,4628.2,4619.2,4619.2,4619.2,4619.2,4619.2,4619.2,4619.2,4619.2,0.00,4619.2,4619.2,4619.2,232.76,1031.6,791.2,791.2,2171.2,4111.6,4110.6,2406.6,4111.6,4110.6,267.4,532.8,532.8,7712,2049.2,2624,16532,1559.4,1041.6,15424,0x5A30E164
1032,0,507758,507.758,0,0,OK,4622.2,4619.2,4619.2,4619.2,4619.2,4619.2,4619.2,4619.2,4619.2,0.00,4619.2,4619.2,4619.2,232.76,791.2,791.2,791.2,4105.6,4110.6,4110.6,4110.6,4110.6,4110.6,517.8,262.4,262.4,7712,1808.8,5228,14028,1799.8,1031.6,12820,0x886EF505
1033,0,507860,507.860,0,0,OK,4622.2,4619.2,4619.2,4619.2,4619.2,4619.2,4619.2,4619.2,4619.2,0.00,4619.2,4619.2,4619.2,232.76,791.2,1031.6,791.2,4105.6,2406.6,4111.6,4110.6,2406.6,4111.6,267.4,512.8,272.4,7812,1558.4,5128,16632,2050.2,1292.0,10456,0xC3C1824B
1034,0,507961,507.961,0,0,OK,4621.2,4619.2,4619.2,4619.2,4619.2,4619.2,4619.2,4619.2,4619.2,0.00,4619.2,4619.2,4619.2,231.76,791.2,1031.6,1031.6,4105.6,2406.6,2407.6,4111.6,2406.6,2407.6,278.4,532.8,522.8,7812,1558.4,5228,21540,1809.8,1292.0,10456,0x4A6B51B0
1035,0,508063,508.063,0,0,OK,4627.2,4619.2,4619.2,4619.2,4619.2,4619.2,4619.2,4619.2,4619.2,0.00,4619.2,4619.2,4619.2,0.80,1031.6,1031.6,1031.6,2171.2,2407.6,2407.6,2407.6,2407.6,2407.6,268.4,262.4,272.4,5308,1808.8,2624,21540,2050.2,1031.6,7752,0xC935E0BF
1036,0,508165,508.165,0,0,OK,4620.2,4619.2,4619.2,4619.2,4619.2,4619.2,4619.2,4619.2,4619.2,0.00,4619.2,4619.2,4619.2,231.76,791.2,791.2,1031.6,4105.6,4110.6,2406.6,4111.6,4110.6,2406.6,268.4,262.4,272.4,10316,1558.4,5228,16532,1559.4,1031.6,40,0x93CD3F4C
1037,0,508266,508.266,0,0,OK,4620.2,4619.2,4619.2,4619.2,4619.2,4619.2,4619.2,4619.2,4619.2,0.00,4619.2,4619.2,4619.2,231.76,791.2,1031.6,791.2,4105.6,2406.6,4111.6,4110.6,2406.6,4111.6,768.2,522.8,512.8,5308,2049.2,5228,11424,1809.8,1292.0,7752,0x13908160
1038,0,508368,508.368,0,0,OK,4628.2,4619.2,4619.2,4619.2,4619.2,4619.2,4619.2,4619.2,4619.2,0.00,4619.2,4619.2,4619.2,231.76,791.2,1031.6,791.2,4105.6,2406.6,4111.6,4110.6,2406.6,4111.6,527.8,272.4,262.4,7712,1808.8,5228,13828,1799.8,1282.0,5348,0xCD3C9A28
1039,0,508470,508.470,0,0,OK,4620.2,4619.2,4619.2,4619.2,4619.2,4619.2,4619.2,4619.2,4619.2,0.00,4619.2,4619.2,4619.2,0.80,1031.6,791.2,791.2,2171.2,4111.6,4110.6,2406.6,4111.6,4110.6,527.8,262.4,272.4,7712,2059.2,5128,13828,2050.2,1031.6,10256,0x55203227
1040,0,508571,508.571,0,0,OK,4620.2,4619.2,4619.2,4619.2,4619.2,4619.2,4619.2,4619.2,4619.2,0.00,4619.2,4619.2,4619.2,232.76,1031.6,1031.6,791.2,2171.2,2407.6,4111.6,2406.6,2407.6,4111.6,517.8,522.8,262.4,7912,1798.8,2624,14028,1809.8,791.2,10416,0x2C377DCD
1041,0,508673,508.673,0,0,OK,4623.2,4619.2,4619.2,4619.2,4619.2,4619.2,4619.2,4619.2,4619.2,0.00,4619.2,4619.2,4619.2,0.80,791.2,1031.6,1031.6,4105.6,2406.6,2407.6,4111.6,2406.6,2407.6,518.8,272.4,532.8,7912,1558.4,2624,13828,1809.8,1041.6,40,0x5E95EC6B
1042,0,508775,508.775,0,0,OK,4621.2,4619.2,4619.2,4619.2,4619.2,4619.2,4619.2,4619.2,4619.2,0.00,4619.2,4619.2,4619.2,0.80,791.2,791.2,791.2,4105.6,4110.6,4110.6,4110.6,4110.6,4110.6,768.2,262.4,262.4,7812,1558.4,2624,21540,1559.4,1292.0,20632,0x97DF91E0
1043,0,508876,508.876,0,0,OK,4626.2,4619.2,4619.2,4619.2,4619.2,4619.2,4619.2,4619.2,4619.2,0.00,4619.2,4619.2,4619.2,231.76,1031.6,791.2,791.2,2171.2,4111.6,4110.6,2406.6,4111.6,4110.6,768.2,262.4,532.8,7912,1558.4,2624,13928,1809.8,1041.6,10316,0xC705DCF9
1044,0,508978,508.978,0,0,OK,4627.2,4619.2,4619.2,4619.2,4619.2,4619.2,4619.2,4619.2,4619.2,0.00,4619.2,4619.2,4619.2,0.80,1031.6,1031.6,1031.6,2171.2,2407.6,2407.6,2407.6,2407.6,2407.6,769.2,272.4,522.8,7712,1798.8,2624,16532,1799.8,1031.6,12820,0xC06CE556
1045,0,509080,509.080,0,0,OK,4625.2,4619.2,4619.2,4619.2,4619.2,4619.2,4619.2,4619.2,4619.2,0.00,4619.2,4619.2,4619.2,0.80,1031.6,1031.6,791.2,2171.2,2407.6,4111.6,2406.6,2407.6,4111.6,768.2,532.8,272.4,7812,1798.8,2724,14028,1799.8,1282.0,10456,0x943706B4
1046,0,509181,509.181,0,0,OK,4625.2,4619.2,4619.2,4619.2,4619.2,4619.2,4619.2,4619.2,4619.2,0.00,4619.2,4619.2,4619.2,231.76,791.2,1031.6,1031.6,4105.6,2406.6,2407.6,4111.6,2406.6,2407.6,268.4,522.8,522.8,7912,1558.4,5128,11424,1809.8,1292.0,23236,0x5414F409
1047,0,509283,509.283,0,0,OK,4619.2,4619.2,4619.2,4619.2,4619.2,4619.2,4619.2,4619.2,4619.2,0.00,4619.2,4619.2,4619.2,0.80,791.2,1031.6,1031.6,4105.6,2406.6,2407.6,4111.6,2406.6,2407.6,278.4,532.8,262.4,10316,1808.8,5128,19036,1809.8,1031.6,13020,0xAF722956
1048,0,509385,509.385,0,0,OK,4620.2,4619.2,4619.2,4619.2,4619.2,4619.2,4619.2,4619.2,4619.2,0.00,4619.2,4619.2,4619.2,231.76,791.2,1031.6,791.2,4105.6,2406.6,4111.6,4110.6,2406.6,4111.6,267.4,522.8,272.4,10316,1798.8,5328,16632,2050.2,1282.0,15524,0x8213C80E
1049,0,509486,509.486,0,0,OK,4622.2,4619.2,4619.2,4619.2,4619.2,4619.2,4619.2,4619.2,4619.2,0.00,4619.2,4619.2,4619.2,232.76,791.2,791.2,1031.6,4105.6,4110.6,2406.6,4111.6,4110.6,2406.6,769.2,272.4,532.8,7712,1798.8,5128,13928,1809.8,1041.6,10316,0x4C5C66F0
1050,0,509588,509.588,0,0,OK,4623.2,4619.2,4619.2,4619.2,4619.2,4619.2,4619.2,4619.2,4619.2,0.00,4619.2,4619.2,4619.2,231.76,1031.6,1031.6,791.2,2171.2,2407.6,4111.6,2406.6,2407.6,4111.6,768.2,512.8,512.8,7812,1798.8,5128,19036,1559.4,791.2,18028,0xA3F66D79
1051,0,509690,509.690,0,0,OK,4624.2,4619.2,4619.2,4619.2,4619.2,4619.2,4619.2,4619.2,4619.2,0.00,4619.2,4619.2,4619.2,231.76,791.2,1031.6,1031.6,4105.6,2406.6,2407.6,4111.6,2406.6,2407.6,278.4,262.4,512.8,7912,2059.2,5328,13828,2050.2,1031.6,10416,0xDA867EC2
1052,0,509791,509.791,0,0,OK,4628.2,4619.2,4619.2,4619.2,4619.2,4619.2,4619.2,4619.2,4619.2,0.00,4619.2,4619.2,4619.2,231.76,1031.6,1031.6,791.2,2171.2,2407.6,4111.6,2406.6,2407.6,4111.6,267.4,522.8,262.4,7912,1808.8,5128,19136,2050.2,1282.0,7852,0x6B4BD24F
1053,0,509893,509.893,0,0,OK,4624.2,4619.2,4619.2,4619.2,4619.2,4619.2,4619.2,4619.2,4619.2,0.00,4619.2,4619.2,4619.2,231.76,791.2,1031.6,1031.6,4105.6,2406.6,2407.6,4111.6,2406.6,2407.6,528.8,512.8,522.8,7812,2049.2,2624,19036,1799.8,1031.6,5248,0x93DD68E6
1054,0,509995,509.995,0,0,OK,4626.2,4619.2,4619.2,4619.2,4619.2,4619.2,4619.2,4619.2,4619.2,0.00,4619.2,4619.2,4619.2,0.80,1031.6,1031.6,1031.6,2171.2,2407.6,2407.6,2407.6,2407.6,2407.6,528.8,512.8,522.8,7812,1558.4,2624,16632,2050.2,791.2,2644,0xD510D09A
1055,0,510096,510.096,0,0,OK,4622.2,4619.2,4619.2,4619.2,4619.2,4619.2,4619.2,4619.2,4619.2,0.00,4619.2,4619.2,4619.2,231.76,1031.6,1031.6,1031.6,2171.2,2407.6,2407.6,2407.6,2407.6,2407.6,528.8,532.8,522.8,7712,2049.2,2724,21540,1559.4,1282.0,10356,0x73FD5A17
1056,0,510198,510.198,0,0,OK,4619.2,4619.2,4619.2,4619.2,4619.2,4619.2,4619.2,4619.2,4619.2,0.00,4619.2,4619.2,4619.2,0.80,1031.6,1031.6,1031.6,2171.2,2407.6,2407.6,2407.6,2407.6,2407.6,528.8,512.8,532.8,7812,2049.2,5128,16532,1809.8,1282.0,5248,0xCBCF4640
1057,0,510300,510.300,0,0,OK,4626.2,4619.2,4619.2,4619.2,4619.2,4619.2,4619.2,4619.2,4619.2,0.00,4619.2,4619.2,4619.2,0.80,791.2,791.2,1031.6,4105.6,4110.6,2406.6,4111.6,4110.6,2406.6,268.4,262.4,532.8,5308,2049.2,5328,21540,2050.2,791.2,7852,0x71780E46
1058,0,510401,510.401,0,0,OK,4621.2,4619.2,4619.2,4619.2,4619.2,4619.2,4619.2,4619.2,4619.2,0.00,4619.2,4619.2,4619.2,232.76,1031.6,1031.6,791.2,2171.2,2407.6,4111.6,2406.6,2407.6,4111.6,277.4,272.4,512.8,7712,2059.2,2624,14028,1559.4,791.2,10416,0x60DDE568
1059,0,510503,510.503,0,0,OK,4620.2,4619.2,4619.2,4619.2,4619.2,4619.2,4619.2,4619.2,4619.2,0.00,4619.2,4619.2,4619.2,0.80,1031.6,1031.6,791.2,2171.2,2407.6,4111.6,2406.6,2407.6,4111.6,527.8,512.8,522.8,7912,1798.8,2724,11424,1799.8,1292.0,2644,0x429D085B
1060,0,510605,510.605,0,0,OK,4628.2,4619.2,4619.2,4619.2,4619.2,4619.2,4619.2,4619.2,4619.2,0.00,4619.2,4619.2,4619.2,0.80,1031.6,791.2,791.2,2171.2,4111.6,4110.6,2406.6,4111.6,4110.6,277.4,272.4,532.8,10316,1808.8,5228,16532,1559.4,1292.0,20532,0x8EED0BD5
1061,0,510706,510.706,0,0,OK,4619.2,4619.2,4619.2,4619.2,4619.2,4619.2,4619.2,4619.2,4619.2,0.00,4619.2,4619.2,4619.2,232.76,791.2,791.2,1031.6,4105.6,4110.6,2406.6,4111.6,4110.6,2406.6,278.4,522.8,532.8,7712,1798.8,2624,14028,1809.8,791.2,18028,0xAC269DDF
1062,0,510808,510.808,0,0,OK,4623.2,4619.2,4619.2,4619.2,4619.2,4619.2,4619.2,4619.2,4619.2,0.00,4619.2,4619.2,4619.2,231.76,1031.6,1031.6,1031.6,2171.2,2407.6,2407.6,2407.6,2407.6,2407.6,518.8,272.4,522.8,5308,1808.8,2624,14028,1559.4,1031.6,10316,0xE8690F74
1063,0,510910,510.910,0,0,OK,4624.2,4619.2,4619.2,4619.2,4619.2,4619.2,4619.2,4619.2,4619.2,0.00,4619.2,4619.2,4619.2,0.80,791.2,791.2,1031.6,4105.6,4110.6,2406.6,4111.6,4110.6,2406.6,518.8,522.8,512.8,7912,1558.4,5328,13928,2060.2,791.2,40,0x73D42F56
1064,0,511011,511.011,0,0,OK,4621.2,4619.2,4619.2,4619.2,4619.2,4619.2,4619.2,4619.2,4619.2,0.00,4619.2,4619.2,4619.2,232.76,791.2,1031.6,791.2,4105.6,2406.6,4111.6,4110.6,2406.6,4111.6,277.4,522.8,512.8,7912,2059.2,2724,13928,2050.2,1041.6,23136,0x3386F249
1065,0,511113,511.113,0,0,OK,4625.2,4619.2,4619.2,4619.2,4619.2,4619.2,4619.2,4619.2,4619.2,0.00,4619.2,4619.2,4619.2,0.80,791.2,1031.6,791.2,4105.6,2406.6,4111.6,4110.6,2406.6,4111.6,527.8,272.4,512.8,10316,2059.2,5328,21540,2050.2,791.2,5148,0x0A21771E
1066,0,511215,511.215,0,0,OK,4627.2,4619.2,4619.2,4619.2,4619.2,4619.2,4619.2,4619.2,4619.2,0.00,4619.2,4619.2,4619.2,232.76,791.2,1031.6,791.2,4105.6,2406.6,4111.6,4110.6,2406.6,4111.6,527.8,262.4,532.8,7712,2059.2,2624,16432,1809.8,1031.6,15424,0x8B9BC89D
1067,0,511316,511.316,0,0,OK,4622.2,4619.2,4619.2,4619.2,4619.2,4619.2,4619.2,4619.2,4619.2,0.00,4619.2,4619.2,4619.2,231.76,1031.6,1031.6,1031.6,2171.2,2407.6,2407.6,2407.6,2407.6,2407.6,518.8,262.4,512.8,10316,1798.8,2724,13828,2060.2,1041.6,20632,0x753D7040
1068,0,511418,511.418,0,0,OK,4626.2,4619.2,4619.2,4619.2,4619.2,4619.2,4619.2,4619.2,4619.2,0.00,4619.2,4619.2,4619.2,232.76,791.2,1031.6,1031.6,4105.6,2406.6,2407.6,4111.6,2406.6,2407.6,769.2,262.4,522.8,10316,1558.4,2624,21540,2050.2,1031.6,10316,0x5AFD1FB2
1069,0,511520,511.520,0,0,OK,4627.2,4619.2,4619.2,4619.2,4619.2,4619.2,4619.2,4619.2,4619.2,0.00,4619.2,4619.2,4619.2,231.76,1031.6,791.2,1031.6,2171.2,4111.6,2406.6,2407.6,4111.6,2406.6,528.8,512.8,512.8,7812,1558.4,2724,16632,1809.8,1031.6,7912,0x11A478FB
1070,0,511621,511.621,0,0,OK,4626.2,4619.2,4619.2,4619.2,4619.2,4619.2,4619.2,4619.2,4619.2,0.00,4619.2,4619.2,4619.2,0.80,1031.6,1031.6,1031.6,2171.2,2407.6,2407.6,2407.6,2407.6,2407.6,769.2,522.8,512.8,7812,1558.4,2624,14028,2050.2,1041.6,20732,0xDBF66634
1071,0,511723,511.723,0,0,OK,4620.2,4619.2,4619.2,4619.2,4619.2,4619.2,4619.2,4619.2,4619.2,0.00,4619.2,4619.2,4619.2,232.76,791.2,1031.6,791.2,4105.6,2406.6,4111.6,4110.6,2406.6,4111.6,517.8,512.8,522.8,5308,1808.8,5228,14028,2050.2,1292.0,20732,0x8A8EE9AC
1072,0,511824,511.824,0,0,OK,4619.2,4619.2,4619.2,4619.2,4619.2,4619.2,4619.2,4619.2,4619.2,0.00,4619.2,4619.2,4619.2,0.80,1031.6,791.2,1031.6,2171.2,4111.6,2406.6,2407.6,4111.6,2406.6,278.4,532.8,532.8,7912,2049.2,2624,11424,1799.8,1292.0,17928,0x50DBC17B
1073,0,511926,511.926,0,0,OK,4623.2,4619.2,4619.2,4619.2,4619.2,4619.2,4619.2,4619.2,4619.2,0.00,4619.2,4619.2,4619.2,0.80,1031.6,1031.6,791.2,2171.2,2407.6,4111.6,2406.6,2407.6,4111.6,527.8,512.8,262.4,5308,1558.4,5328,19036,2060.2,1292.0,10256,0x477544FB
1074,0,512028,512.028,0,0,OK,4622.2,4619.2,4619.2,4619.2,4619.2,4619.2,4619.2,4619.2,4619.2,0.00,4619.2,4619.2,4619.2,232.76,791.2,791.2,791.2,4105.6,4110.6,4110.6,4110.6,4110.6,4110.6,267.4,272.4,532.8,10316,1808.8,5128,19136,1799.8,1282.0,20732,0x797D5C2D
1075,0,512129,512.129,0,0,OK,4619.2,4619.2,4619.2,4619.2,4619.2,4619.2,4619.2,4619.2,4619.2,0.00,4619.2,4619.2,4619.2,231.76,791.2,791.2,1031.6,4105.6,4110.6,2406.6,4111.6,4110.6,2406.6,518.8,512.8,272.4,7912,1558.4,5228,19136,1559.4,1292.0,20632,0x5DDA8673
1076,0,512231,512.231,0,0,OK,4626.2,4619.2,4619.2,4619.2,4619.2,4619.2,4619.2,4619.2,4619.2,0.00,4619.2,4619.2,4619.2,0.80,1031.6,791.2,1031.6,2171.2,4111.6,2406.6,2407.6,4111.6,2406.6,278.4,532.8,532.8,5308,2049.2,2724,16532,2050.2,1292.0,2744,0x519AA894
1077,0,512333,512.333,0,0,OK,4627.2,4619.2,4619.2,4619.2,4619.2,4619.2,4619.2,4619.2,4619.2,0.00,4619.2,4619.2,4619.2,231.76,1031.6,1031.6,1031.6,2171.2,2407.6,2407.6,2407.6,2407.6,2407.6,278.4,272.4,522.8,10316,2059.2,2724,13828,1809.8,1292.0,20732,0x026CB030
1078,0,512434,512.434,0,0,OK,4623.2,4619.2,4619.2,4619.2,4619.2,4619.2,4619.2,4619.2,4619.2,0.00,4619.2,4619.2,4619.2,0.80,791.2,1031.6,791.2,4105.6,2406.6,4111.6,4110.6,2406.6,4111.6,517.8,272.4,532.8,7912,1808.8,2624,13828,2060.2,1031.6,10416,0xFC42D6F2
1079,0,512536,512.536,0,0,OK,4626.2,4619.2,4619.2,4619.2,4619.2,4619.2,4619.2,4619.2,4619.2,0.00,4619.2,4619.2,4619.2,231.76,1031.6,791.2,1031.6,2171.2,4111.6,2406.6,2407.6,4111.6,2406.6,769.2,512.8,272.4,5308,2059.2,5328,11424,2050.2,1041.6,40,0x2F3F53C6
1080,0,512638,512.638,0,0,OK,4623.2,4619.2,4619.2,4619.2,4619.2,4619.2,4619.2,4619.2,4619.2,0.00,4619.2,4619.2,4619.2,0.80,791.2,791.2,1031.6,4105.6,4110.6,2406.6,4111.6,4110.6,2406.6,268.4,262.4,522.8,5308,1798.8,5128,16532,2060.2,1292.0,12860,0x74296EF4
1081,0,512739,512.739,0,0,OK,4628.2,4619.2,4619.2,4619.2,4619.2,4619.2,4619.2,4619.2,4619.2,0.00,4619.2,4619.2,4619.2,231.76,1031.6,1031.6,1031.6,2171.2,2407.6,2407.6,2407.6,2407.6,2407.6,528.8,532.8,532.8,10316,1808.8,2724,16432,1809.8,1041.6,10416,0x30996633
1082,0,512841,512.841,0,0,OK,4623.2,4619.2,4619.2,4619.2,4619.2,4619.2,4619.2,4619.2,4619.2,0.00,4619.2,4619.2,4619.2,231.76,791.2,1031.6,1031.6,4105.6,2406.6,2407.6,4111.6,2406.6,2407.6,769.2,532.8,532.8,7912,2049.2,5128,11424,2060.2,1031.6,140,0x40F2E7D8
1083,0,512943,512.943,0,0,OK,4628.2,4619.2,4619.2,4619.2,4619.2,4619.2,4619.2,4619.2,4619.2,0.00,4619.2,4619.2,4619.2,231.76,1031.6,1031.6,791.2,2171.2,2407.6,4111.6,2406.6,2407.6,4111.6,267.4,532.8,272.4,7912,1808.8,5228,21540,2050.2,1282.0,10356,0x759D3794
1084,0,513044,513.044,0,0,OK,4619.2,4619.2,4619.2,4619.2,4619.2,4619.2,4619.2,4619.2,4619.2,0.00,4619.2,4619.2,4619.2,231.76,791.2,1031.6,1031.6,4105.6,2406.6,2407.6,4111.6,2406.6,2407.6,268.4,532.8,512.8,7712,1808.8,5328,21540,1809.8,1031.6,10416,0x6AB0960F
1085,0,513146,513.146,0,0,OK,4620.2,4619.2,4619.2,4619.2,4619.2,4619.2,4619.2,4619.2,4619.2,0.00,4619.2,4619.2,4619.2,231.76,1031.6,791.2,1031.6,2171.2,4111.6,2406.6,2407.6,4111.6,2406.6,278.4,272.4,532.8,7812,1558.4,5228,21540,1799.8,1292.0,20732,0x2138A568
1086,0,513248,513.248,0,0,OK,4627.2,4619.2,4619.2,4619.2,4619.2,4619.2,4619.2,4619.2,4619.2,0.00,4619.2,4619.2,4619.2,232.76,1031.6,791.2,791.2,2171.2,4111.6,4110.6,2406.6,4111.6,4110.6,527.8,522.8,512.8,7712,2049.2,5128,19036,2050.2,1292.0,20732,0xA9F30A86
1087,0,513349,513.349,0,0,OK,4621.2,4619.2,4619.2,4619.2,4619.2,4619.2,4619.2,4619.2,4619.2,0.00,4619.2,4619.2,4619.2,0.80,1031.6,791.2,791.2,2171.2,4111.6,4110.6,2406.6,4111.6,4110.6,267.4,532.8,262.4,5308,1808.8,2624,16532,1559.4,1292.0,18128,0xBD51EA88
1088,0,513451,513.451,0,0,OK,4623.2,4619.2,4619.2,4619.2,4619.2,4619.2,4619.2,4619.2,4619.2,0.00,4619.2,4619.2,4619.2,0.80,1031.6,1031.6,791.2,2171.2,2407.6,4111.6,2406.6,2407.6,4111.6,527.8,512.8,262.4,7912,1558.4,5128,14028,1809.8,1031.6,240,0x1C2B4BF5
1089,0,513553,513.553,0,0,OK,4625.2,4619.2,4619.2,4619.2,4619.2,4619.2,4619.2,4619.2,4619.2,0.00,4619.2,4619.2,4619.2,231.76,1031.6,1031.6,791.2,2171.2,2407.6,4111.6,2406.6,2407.6,4111.6,267.4,262.4,272.4,10316,2049.2,2724,21540,1799.8,1292.0,5248,0x69131F27
1090,0,513654,513.654,0,0,OK,4620.2,4619.2,4619.2,4619.2,4619.2,4619.2,4619.2,4619.2,4619.2,0.00,4619.2,4619.2,4619.2,232.76,791.2,791.2,1031.6,4105.6,4110.6,2406.6,4111.6,4110.6,2406.6,268.4,522.8,272.4,7812,2059.2,2624,21540,1559.4,1041.6,140,0x1186A884
1091,0,513756,513.756,0,0,OK,4621.2,4619.2,4619.2,4619.2,4619.2,4619.2,4619.2,4619.2,4619.2,0.00,4619.2,4619.2,4619.2,231.76,1031.6,1031.6,791.2,2171.2,2407.6,4111.6,2406.6,2407.6,4111.6,527.8,272.4,512.8,7812,2049.2,5228,14028,2050.2,1282.0,40,0xC041ACFC
1092,0,513857,513.857,0,0,OK,4624.2,4619.2,4619.2,4619.2,4619.2,4619.2,4619.2,4619.2,4619.2,0.00,4619.2,4619.2,4619.2,0.80,1031.6,1031.6,791.2,2171.2,2407.6,4111.6,2406.6,2407.6,4111.6,267.4,532.8,272.4,7912,2049.2,2724,21540,1799.8,1041.6,5248,0xF8A850E9
1093,0,513959,513.959,0,0,OK,4620.2,4619.2,4619.2,4619.2,4619.2,4619.2,4619.2,4619.2,4619.2,0.00,4619.2,4619.2,4619.2,231.76,1031.6,791.2,791.2,2171.2,4111.6,4110.6,2406.6,4111.6,4110.6,517.8,522.8,272.4,7812,1798.8,5128,16632,1559.4,791.2,10316,0xCE610450
1094,0,514061,514.061,0,0,OK,4627.2,4619.2,4619.2,4619.2,4619.2,4619.2,4619.2,4619.2,4619.2,0.00,4619.2,4619.2,4619.2,231.76,791.2,791.2,1031.6,4105.6,4110.6,2406.6,4111.6,4110.6,2406.6,278.4,272.4,272.4,10316,1808.8,5128,16532,1799.8,1282.0,20632,0xE5DE77D7
1095,0,514162,514.162,0,0,OK,4627.2,4619.2,4619.2,4619.2,4619.2,4619.2,4619.2,4619.2,4619.2,0.00,4619.2,4619.2,4619.2,231.76,1031.6,1031.6,1031.6,2171.2,2407.6,2407.6,2407.6,2407.6,2407.6,268.4,532.8,272.4,5308,2049.2,2724,13928,2050.2,1282.0,15424,0x242B8358
1096,0,514264,514.264,0,0,OK,4619.2,4619.2,4619.2,4619.2,4619.2,4619.2,4619.2,4619.2,4619.2,0.00,4619.2,4619.2,4619.2,232.76,1031.6,791.2,791.2,2171.2,4111.6,4110.6,2406.6,4111.6,4110.6,768.2,522.8,512.8,7812,1798.8,5328,16532,2060.2,1041.6,23236,0x4E01C3A4
1097,0,514366,514.366,0,0,OK,4626.2,4619.2,4619.2,4619.2,4619.2,4619.2,4619.2,4619.2,4619.2,0.00,4619.2,4619.2,4619.2,0.80,791.2,791.2,791.2,4105.6,4110.6,4110.6,4110.6,4110.6,4110.6,277.4,522.8,532.8,5308,1558.4,2724,16632,1809.8,1031.6,12820,0x93F743DD
1098,0,514467,514.467,0,0,OK,4623.2,4619.2,4619.2,4619.2,4619.2,4619.2,4619.2,4619.2,4619.2,0.00,4619.2,4619.2,4619.2,231.76,791.2,791.2,791.2,4105.6,4110.6,4110.6,4110.6,4110.6,4110.6,527.8,532.8,272.4,10316,1808.8,5328,13928,2050.2,1031.6,2744,0xE3F29964
1099,0,514569,514.569,0,0,OK,4621.2,4619.2,4619.2,4619.2,4619.2,4619.2,4619.2,4619.2,4619.2,0.00,4619.2,4619.2,4619.2,231.76,791.2,791.2,791.2,4105.6,4110.6,4110.6,4110.6,4110.6,4110.6,527.8,512.8,512.8,7812,1798.8,5228,21540,1809.8,1031.6,240,0x48BBAD34
1100,0,514671,514.671,0,0,OK,4623.2,4619.2,4619.2,4619.2,4619.2,4619.2,4619.2,4619.2,4619.2,0.00,4619.2,4619.2,4619.2,232.76,791.2,791.2,1031.6,4105.6,4110.6,2406.6,4111.6,4110.6,2406.6,528.8,532.8,512.8,5308,1808.8,5128,11424,1799.8,1292.0,17928,0x7B0D3868
1101,0,514772,514.772,0,0,OK,4621.2,4619.2,4619.2,4619.2,4619.2,4619.2,4619.2,4619.2,4619.2,0.00,4619.2,4619.2,4619.2,0.80,791.2,1031.6,791.2,4105.6,2406.6,4111.6,4110.6,2406.6,4111.6,517.8,522.8,272.4,5308,2049.2,2624,19136,1799.8,1282.0,10456,0xBE7B7420
1102,0,514874,514.874,0,0,OK,4622.2,4619.2,4619.2,4619.2,4619.2,4619.2,4619.2,4619.2,4619.2,0.00,4619.2,4619.2,4619.2,232.76,1031.6,791.2,1031.6,2171.2,4111.6,2406.6,2407.6,4111.6,2406.6,278.4,262.4,262.4,5308,1798.8,2624,16632,2060.2,791.2,18128,0x4F0A367B
1103,0,514976,514.976,0,0,OK,4621.2,4619.2,4619.2,4619.2,4619.2,4619.2,4619.2,4619.2,4619.2,0.00,4619.2,4619.2,4619.2,0.80,1031.6,791.2,791.2,2171.2,4111.6,4110.6,2406.6,4111.6,4110.6,277.4,262.4,532.8,7812,2059.2,5328,13828,1559.4,1041.6,5248,0x61E322C3
1104,0,515077,515.077,0,0,OK,4620.2,4619.2,4619.2,4619.2,4619.2,4619.2,4619.2,4619.2,4619.2,0.00,4619.2,4619.2,4619.2,0.80,791.2,791.2,791.2,4105.6,4110.6,4110.6,4110.6,4110.6,4110.6,768.2,532.8,272.4,7912,1808.8,5228,16432,2050.2,1041.6,10316,0x0F9EEC96
1105,0,515179,515.179,0,0,OK,4619.2,4619.2,4619.2,4619.2,4619.2,4619.2,4619.2,4619.2,4619.2,0.00,4619.2,4619.2,4619.2,232.76,1031.6,791.2,1031.6,2171.2,4111.6,2406.6,2407.6,4111.6,2406.6,518.8,272.4,262.4,7712,2049.2,5128,11424,2050.2,1031.6,5248,0xBFCFAF8D
1106,0,515280,515.280,0,0,OK,4620.2,4619.2,4619.2,4619.2,4619.2,4619.2,4619.2,4619.2,4619.2,0.00,4619.2,4619.2,4619.2,0.80,791.2,791.2,791.2,4105.6,4110.6,4110.6,4110.6,4110.6,4110.6,768.2,262.4,262.4,7912,1808.8,2724,16432,1799.8,1041.6,140,0x96F65BAA
1107,0,515382,515.382,0,0,OK,4622.2,4619.2,4619.2,4619.2,4619.2,4619.2,4619.2,4619.2,4619.2,0.00,4619.2,4619.2,4619.2,231.76,1031.6,1031.6,791.2,2171.2,2407.6,4111.6,2406.6,2407.6,4111.6,267.4,532.8,512.8,7712,1808.8,5228,21540,2050.2,1282.0,7852,0x76F18CE0
1108,0,515484,515.484,0,0,OK,4622.2,4619.2,4619.2,4619.2,4619.2,4619.2,4619.2,4619.2,4619.2,0.00,4619.2,4619.2,4619.2,0.80,791.2,1031.6,791.2,4105.6,2406.6,4111.6,4110.6,2406.6,4111.6,527.8,522.8,512.8,5308,2049.2,2624,11424,1799.8,1041.6,7912,0x8EAEA7DA
1109,0,515585,515.585,0,0,OK,4622.2,4619.2,4619.2,4619.2,4619.2,4619.2,4619.2,4619.2,4619.2,0.00,4619.2,4619.2,4619.2,0.80,1031.6,791.2,791.2,2171.2,4111.6,4110.6,2406.6,4111.6,4110.6,517.8,262.4,522.8,10316,1808.8,5128,16432,1809.8,791.2,5348,0x3EA1AD01
1110,0,515687,515.687,0,0,OK,4627.2,4619.2,4619.2,4619.2,4619.2,4619.2,4619.2,4619.2,4619.2,0.00,4619.2,4619.2,4619.2,0.80,791.2,1031.6,1031.6,4105.6,2406.6,2407.6,4111.6,2406.6,2407.6,528.8,512.8,262.4,7812,2049.2,2724,16532,2060.2,1031.6,15424,0xBA74A0D0
1111,0,515789,515.789,0,0,OK,4619.2,4619.2,4619.2,4619.2,4619.2,4619.2,4619.2,4619.2,4619.2,0.00,4619.2,4619.2,4619.2,231.76,791.2,791.2,791.2,4105.6,4110.6,4110.6,4110.6,4110.6,4110.6,267.4,512.8,532.8,7812,1798.8,2724,16432,1799.8,1292.0,20732,0xAF69A990
1112,0,515890,515.890,0,0,OK,4626.2,4619.2,4619.2,4619.2,4619.2,4619.2,4619.2,4619.2,4619.2,0.00,4619.2,4619.2,4619.2,232.76,791.2,1031.6,1031.6,4105.6,2406.6,2407.6,4111.6,2406.6,2407.6,268.4,262.4,522.8,10316,2049.2,5228,19136,2050.2,1031.6,20532,0xC06484B1
1113,0,515992,515.992,0,0,OK,4625.2,4619.2,4619.2,4619.2,4619.2,4619.2,4619.2,4619.2,4619.2,0.00,4619.2,4619.2,4619.2,232.76,791.2,1031.6,1031.6,4105.6,2406.6,2407.6,4111.6,2406.6,2407.6,528.8,272.4,522.8,10316,1798.8,2724,13928,1799.8,1292.0,5148,0x618FD852
1114,0,516093,516.093,0,0,OK,4625.2,4619.2,4619.2,4619.2,4619.2,4619.2,4619.2,4619.2,4619.2,0.00,4619.2,4619.2,4619.2,0.80,791.2,791.2,1031.6,4105.6,4110.6,2406.6,4111.6,4110.6,2406.6,278.4,512.8,262.4,7712,1808.8,2724,19136,2060.2,791.2,18128,0xCFA53A7E
1115,0,516195,516.195,0,0,OK,4622.2,4619.2,4619.2,4619.2,4619.2,4619.2,4619.2,4619.2,4619.2,0.00,4619.2,4619.2,4619.2,231.76,1031.6,1031.6,791.2,2171.2,2407.6,4111.6,2406.6,2407.6,4111.6,527.8,532.8,262.4,10316,1808.8,2724,13928,1559.4,1031.6,20632,0xF5606EA2
1116,0,516297,516.297,0,0,OK,4619.2,4619.2,4619.2,4619.2,4619.2,4619.2,4619.2,4619.2,4619.2,0.00,4619.2,4619.2,4619.2,231.76,1031.6,791.2,791.2,2171.2,4111.6,4110.6,2406.6,4111.6,4110.6,267.4,262.4,522.8,10316,1798.8,5328,13828,1559.4,1041.6,20532,0x45E96F26
1117,0,516398,516.398,0,0,OK,4621.2,4619.2,4619.2,4619.2,4619.2,4619.2,4619.2,4619.2,4619.2,0.00,4619.2,4619.2,4619.2,232.76,1031.6,791.2,791.2,2171.2,4111.6,4110.6,2406.6,4111.6,4110.6,527.8,532.8,522.8,7912,1558.4,5328,21540,1799.8,1292.0,40,0xD7B3426E
1118,0,516500,516.500,0,0,OK,4622.2,4619.2,4619.2,4619.2,4619.2,4619.2,4619.2,4619.2,4619.2,0.00,4619.2,4619.2,4619.2,231.76,1031.6,1031.6,1031.6,2171.2,2407.6,2407.6,2407.6,2407.6,2407.6,769.2,262.4,262.4,5308,2059.2,5228,16432,1799.8,791.2,140,0x6B4088E8
1119,0,516601,516.601,0,0,OK,4627.2,4619.2,4619.2,4619.2,4619.2,4619.2,4619.2,4619.2,4619.2,0.00,4619.2,4619.2,4619.2,231.76,791.2,1031.6,1031.6,4105.6,2406.6,2407.6,4111.6,2406.6,2407.6,518.8,522.8,532.8,5308,2049.2,2624,16432,1799.8,1041.6,7752,0x99308FA7
1120,0,516703,516.703,0,0,OK,4628.2,4619.2,4619.2,4619.2,4619.2,4619.2,4619.2,4619.2,4619.2,0.00,4619.2,4619.2,4619.2,232.76,791.2,791.2,791.2,4105.6,4110.6,4110.6,4110.6,4110.6,4110.6,517.8,262.4,262.4,5308,1558.4,2624,21540,1799.8,791.2,240,0x0BE7D6E0
1121,0,516805,516.805,0,0,OK,4623.2,4619.2,4619.2,4619.2,4619.2,4619.2,4619.2,4619.2,4619.2,0.00,4619.2,4619.2,4619.2,0.80,791.2,791.2,1031.6,4105.6,4110.6,2406.6,4111.6,4110.6,2406.6,518.8,522.8,532.8,7912,1558.4,2624,16432,2060.2,1031.6,10416,0x29BB42E6
1122,0,516906,516.906,0,0,OK,4622.2,4619.2,4619.2,4619.2,4619.2,4619.2,4619.2,4619.2,4619.2,0.00,4619.2,4619.2,4619.2,232.76,791.2,1031.6,791.2,4105.6,2406.6,4111.6,4110.6,2406.6,4111.6,768.2,532.8,262.4,7812,1558.4,5328,19136,2050.2,1031.6,12920,0xE9B37362
1123,0,517008,517.008,0,0,OK,4620.2,4619.2,4619.2,4619.2,4619.2,4619.2,4619.2,4619.2,4619.2,0.00,4619.2,4619.2,4619.2,232.76,1031.6,1031.6,1031.6,2171.2,2407.6,2407.6,2407.6,2407.6,2407.6,518.8,522.8,262.4,10316,2059.2,5128,11424,1559.4,1282.0,5148,0x79CF19CF
1124,0,517109,517.109,0,0,OK,4628.2,4619.2,4619.2,4619.2,4619.2,4619.2,4619.2,4619.2,4619.2,0.00,4619.2,4619.2,4619.2,0.80,791.2,1031.6,1031.6,4105.6,2406.6,2407.6,4111.6,2406.6,2407.6,528.8,512.8,522.8,10316,1798.8,5228,19136,1809.8,1292.0,140,0x7AE36AA1
1125,0,517211,517.211,0,0,OK,4621.2,4619.2,4619.2,4619.2,4619.2,4619.2,4619.2,4619.2,4619.2,0.00,4619.2,4619.2,4619.2,232.76,1031.6,1031.6,791.2,2171.2,2407.6,4111.6,2406.6,2407.6,4111.6,527.8,522.8,532.8,7912,1558.4,2724,16532,2050.2,791.2,10456,0x9EF2DFA7
1126,0,517313,517.313,0,0,OK,4627.2,4619.2,4619.2,4619.2,4619.2,4619.2,4619.2,4619.2,4619.2,0.00,4619.2,4619.2,4619.2,231.76,1031.6,791.2,791.2,2171.2,4111.6,4110.6,2406.6,4111.6,4110.6,768.2,262.4,532.8,5308,2059.2,2724,13928,2050.2,1282.0,40,0x2D17F9C6
1127,0,517414,517.414,0,0,OK,4628.2,4619.2,4619.2,4619.2,4619.2,4619.2,4619.2,4619.2,4619.2,0.00,4619.2,4619.2,4619.2,232.76,1031.6,1031.6,791.2,2171.2,2407.6,4111.6,2406.6,2407.6,4111.6,267.4,522.8,512.8,7812,1798.8,5328,14028,1809.8,1282.0,2644,0x68F3C30A
1128,0,517516,517.516,0,0,OK,4621.2,4619.2,4619.2,4619.2,4619.2,4619.2,4619.2,4619.2,4619.2,0.00,4619.2,4619.2,4619.2,232.76,791.2,1031.6,1031.6,4105.6,2406.6,2407.6,4111.6,2406.6,2407.6,268.4,522.8,272.4,10316,2049.2,5328,19036,2060.2,1031.6,140,0xF69D41D3
1129,0,517617,517.617,0,0,OK,4624.2,4619.2,4619.2,4619.2,4619.2,4619.2,4619.2,4619.2,4619.2,0.00,4619.2,4619.2,4619.2,232.76,1031.6,1031.6,791.2,2171.2,2407.6,4111.6,2406.6,2407.6,4111.6,517.8,532.8,522.8,10316,1558.4,5128,19136,2050.2,1041.6,13020,0x6BD33D46
1130,0,517719,517.719,0,0,OK,4628.2,4619.2,4619.2,4619.2,4619.2,4619.2,4619.2,4619.2,4619.2,0.00,4619.2,4619.2,4619.2,0.80,1031.6,1031.6,1031.6,2171.2,2407.6,2407.6,2407.6,2407.6,2407.6,769.2,262.4,262.4,7812,2059.2,5328,16432,2060.2,1282.0,20632,0xFCD519E4
1131,0,517821,517.821,0,0,OK,4624.2,4619.2,4619.2,4619.2,4619.2,4619.2,4619.2,4619.2,4619.2,0.00,4619.2,4619.2,4619.2,232.76,1031.6,791.2,791.2,2171.2,4111.6,4110.6,2406.6,4111.6,4110.6,527.8,522.8,512.8,7912,1558.4,5328,19136,1809.8,1031.6,23136,0x9004B9FF
1132,0,517922,517.922,0,0,OK,4627.2,4619.2,4619.2,4619.2,4619.2,4619.2,4619.2,4619.2,4619.2,0.00,4619.2,4619.2,4619.2,0.80,1031.6,1031.6,1031.6,2171.2,2407.6,2407.6,2407.6,2407.6,2407.6,268.4,272.4,532.8,10316,1558.4,2624,21540,2050.2,791.2,7912,0xBBAE095F
1133,0,518024,518.024,0,0,OK,4622.2,4619.2,4619.2,4619.2,4619.2,4619.2,4619.2,4619.2,4619.2,0.00,4619.2,4619.2,4619.2,0.80,1031.6,1031.6,791.2,2171.2,2407.6,4111.6,2406.6,2407.6,4111.6,517.8,262.4,272.4,7712,1808.8,5228,16632,2060.2,791.2,23136,0xC41E0536
1134,0,518125,518.125,0,0,OK,4625.2,4619.2,4619.2,4619.2,4619.2,4619.2,4619.2,4619.2,4619.2,0.00,4619.2,4619.2,4619.2,232.76,1031.6,1031.6,1031.6,2171.2,2407.6,2407.6,2407.6,2407.6,2407.6,268.4,532.8,532.8,10316,1558.4,2724,19036,1559.4,791.2,2644,0x727F47D3
1135,0,518227,518.227,0,0,OK,4620.2,4619.2,4619.2,4619.2,4619.2,4619.2,4619.2,4619.2,4619.2,0.00,4619.2,4619.2,4619.2,0.80,1031.6,791.2,1031.6,2171.2,4111.6,2406.6,2407.6,4111.6,2406.6,528.8,512.8,522.8,7912,2049.2,5328,19136,1809.8,1292.0,15524,0xA40FC7A7
1136,0,518329,518.329,0,0,OK,4621.2,4619.2,4619.2,4619.2,4619.2,4619.2,4619.2,4619.2,4619.2,0.00,4619.2,4619.2,4619.2,231.76,1031.6,1031.6,1031.6,2171.2,2407.6,2407.6,2407.6,2407.6,2407.6,518.8,262.4,532.8,7812,2049.2,5228,14028,1559.4,791.2,7852,0xE6382FFF
1137,0,518430,518.430,0,0,OK,4627.2,4619.2,4619.2,4619.2,4619.2,4619.2,4619.2,4619.2,4619.2,0.00,4619.2,4619.2,4619.2,232.76,791.2,791.2,791.2,4105.6,4110.6,4110.6,4110.6,4110.6,4110.6,267.4,532.8,532.8,7712,1558.4,5328,13828,1559.4,1031.6,10356,0x5C4779B9
1138,0,518532,518.532,0,0,OK,4628.2,4619.2,4619.2,4619.2,4619.2,4619.2,4619.2,4619.2,4619.2,0.00,4619.2,4619.2,4619.2,0.80,791.2,791.2,1031.6,4105.6,4110.6,2406.6,4111.6,4110.6,2406.6,268.4,522.8,262.4,10316,2049.2,2724,16532,2060.2,1041.6,5348,0x0B33F697
1139,0,518633,518.633,0,0,OK,4627.2,4619.2,4619.2,4619.2,4619.2,4619.2,4619.2,4619.2,4619.2,0.00,4619.2,4619.2,4619.2,231.76,791.2,1031.6,1031.6,4105.6,2406.6,2407.6,4111.6,2406.6,2407.6,518.8,522.8,522.8,7812,1558.4,5328,11424,2060.2,791.2,7912,0x105A243F
1140,0,518735,518.735,0,0,OK,4619.2,4619.2,4619.2,4619.2,4619.2,4619.2,4619.2,4619.2,4619.2,0.00,4619.2,4619.2,4619.2,231.76,1031.6,791.2,1031.6,2171.2,4111.6,2406.6,2407.6,4111.6,2406.6,278.4,532.8,262.4,5308,1798.8,2724,11424,1809.8,1031.6,10356,0x7456EB89
1141,0,518837,518.837,0,0,OK,4624.2,4619.2,4619.2,4619.2,4619.2,4619.2,4619.2,4619.2,4619.2,0.00,4619.2,4619.2,4619.2,231.76,1031.6,1031.6,791.2,2171.2,2407.6,4111.6,2406.6,2407.6,4111.6,768.2,522.8,262.4,7912,1558.4,5128,16432,1809.8,791.2,18128,0x3D8F0AD1
1142,0,518938,518.938,0,0,OK,4621.2,4619.2,4619.2,4619.2,4619.2,4619.2,4619.2,4619.2,4619.2,0.00,4619.2,4619.2,4619.2,232.76,791.2,791.2,1031.6,4105.6,4110.6,2406.6,4111.6,4110.6,2406.6,268.4,522.8,522.8,10316,2059.2,5228,13928,1799.8,1041.6,20632,0xC6B2BA84
1143,0,519040,519.040,0,0,OK,4627.2,4619.2,4619.2,4619.2,4619.2,4619.2,4619.2,4619.2,4619.2,0.00,4619.2,4619.2,4619.2,0.80,791.2,1031.6,1031.6,4105.6,2406.6,2407.6,4111.6,2406.6,2407.6,518.8,272.4,532.8,7912,2059.2,5128,13828,1799.8,791.2,10256,0x452E76E7
1144,0,519141,519.141,0,0,OK,4625.2,4619.2,4619.2,4619.2,4619.2,4619.2,4619.2,4619.2,4619.2,0.00,4619.2,4619.2,4619.2,232.76,1031.6,791.2,1031.6,2171.2,4111.6,2406.6,2407.6,4111.6,2406.6,518.8,272.4,262.4,10316,1558.4,5228,14028,2050.2,1282.0,12820,0xFBA6FA01
1145,0,519243,519.243,0,0,OK,4627.2,4619.2,4619.2,4619.2,4619.2,4619.2,4619.2,4619.2,4619.2,0.00,4619.2,4619.2,4619.2,0.80,1031.6,791.2,1031.6,2171.2,4111.6,2406.6,2407.6,4111.6,2406.6,528.8,262.4,272.4,7812,1808.8,5328,21540,1799.8,1292.0,18128,0xFAA988E6
1146,0,519345,519.345,0,0,OK,4621.2,4619.2,4619.2,4619.2,4619.2,4619.2,4619.2,4619.2,4619.2,0.00,4619.2,4619.2,4619.2,232.76,1031.6,1031.6,1031.6,2171.2,2407.6,2407.6,2407.6,2407.6,2407.6,528.8,512.8,532.8,5308,1808.8,5228,21540,1799.8,1041.6,13020,0xDC3A8205
1147,0,519446,519.446,0,0,OK,4624.2,4619.2,4619.2,4619.2,4619.2,4619.2,4619.2,4619.2,4619.2,0.00,4619.2,4619.2,4619.2,231.76,791.2,791.2,1031.6,4105.6,4110.6,2406.6,4111.6,4110.6,2406.6,278.4,262.4,512.8,5308,1558.4,2724,13928,1799.8,791.2,12920,0x190D3891
1148,0,519548,519.548,0,0,OK,4619.2,4619.2,4619.2,4619.2,4619.2,4619.2,4619.2,4619.2,4619.2,0.00,4619.2,4619.2,4619.2,0.80,1031.6,1031.6,1031.6,2171.2,2407.6,2407.6,2407.6,2407.6,2407.6,268.4,532.8,262.4,5308,1798.8,5328,19036,2060.2,1041.6,40,0xACA370FF
1149,0,519649,519.649,0,0,OK,4622.2,4619.2,4619.2,4619.2,4619.2,4619.2,4619.2,4619.2,4619.2,0.00,4619.2,4619.2,4619.2,232.76,1031.6,791.2,791.2,2171.2,4111.6,4110.6,2406.6,4111.6,4110.6,267.4,532.8,272.4,7712,2059.2,5128,19036,1799.8,1292.0,140,0xD7B88276
1150,0,519751,519.751,0,0,OK,4624.2,4619.2,4619.2,4619.2,4619.2,4619.2,4619.2,4619.2,4619.2,0.00,4619.2,4619.2,4619.2,231.76,1031.6,1031.6,1031.6,2171.2,2407.6,2407.6,2407.6,2407.6,2407.6,769.2,532.8,272.4,7912,1808.8,5228,19136,1809.8,1031.6,7752,0xCF36E281
1151,0,519853,519.853,0,0,OK,4626.2,4619.2,4619.2,4619.2,4619.2,4619.2,4619.2,4619.2,4619.2,0.00,4619.2,4619.2,4619.2,231.76,791.2,791.2,1031.6,4105.6,4110.6,2406.6,4111.6,4110.6,2406.6,528.8,272.4,262.4,7912,2049.2,5128,13828,1559.4,1292.0,20732,0x3B2E0449
1152,0,519954,519.954,0,0,OK,4628.2,4619.2,4619.2,4619.2,4619.2,4619.2,4619.2,4619.2,4619.2,0.00,4619.2,4619.2,4619.2,231.76,1031.6,791.2,1031.6,2171.2,4111.6,2406.6,2407.6,4111.6,2406.6,769.2,512.8,262.4,10316,1798.8,5328,16432,2060.2,1031.6,20632,0xB9F1F4A5
1153,0,520056,520.056,0,0,OK,4624.2,4619.2,4619.2,4619.2,4619.2,4619.2,4619.2,4619.2,4619.2,0.00,4619.2,4619.2,4619.2,0.80,791.2,791.2,1031.6,4105.6,4110.6,2406.6,4111.6,4110.6,2406.6,518.8,272.4,272.4,7912,1558.4,5128,11424,1809.8,791.2,20732,0xD9E84B80
1154,0,520157,520.157,0,0,OK,4622.2,4619.2,4619.2,4619.2,4619.2,4619.2,4619.2,4619.2,4619.2,0.00,4619.2,4619.2,4619.2,0.80,791.2,1031.6,1031.6,4105.6,2406.6,2407.6,4111.6,2406.6,2407.6,769.2,512.8,272.4,10316,2059.2,2624,13828,1559.4,1041.6,12920,0x5D19412A
1155,0,520259,520.259,0,0,OK,4623.2,4619.2,4619.2,4619.2,4619.2,4619.2,4619.2,4619.2,4619.2,0.00,4619.2,4619.2,4619.2,231.76,791.2,1031.6,1031.6,4105.6,2406.6,2407.6,4111.6,2406.6,2407.6,769.2,272.4,272.4,10316,1808.8,2724,19136,2050.2,1292.0,140,0x45B03A4C
1156,0,520361,520.361,0,0,OK,4619.2,4619.2,4619.2,4619.2,4619.2,4619.2,4619.2,4619.2,4619.2,0.00,4619.2,4619.2,4619.2,232.76,1031.6,791.2,1031.6,2171.2,4111.6,2406.6,2407.6,4111.6,2406.6,518.8,522.8,532.8,7812,1808.8,5128,21540,1559.4,1031.6,20732,0x5791DE24
1157,0,520462,520.462,0,0,OK,4620.2,4619.2,4619.2,4619.2,4619.2,4619.2,4619.2,4619.2,4619.2,0.00,4619.2,4619.2,4619.2,231.76,1031.6,1031.6,791.2,2171.2,2407.6,4111.6,2406.6,2407.6,4111.6,517.8,272.4,512.8,5308,1798.8,2724,14028,2060.2,1041.6,18028,0x8BFB822F
1158,0,520564,520.564,0,0,OK,4620.2,4619.2,4619.2,4619.2,4619.2,4619.2,4619.2,4619.2,4619.2,0.00,4619.2,4619.2,4619.2,0.80,791.2,791.2,791.2,4105.6,4110.6,4110.6,4110.6,4110.6,4110.6,768.2,532.8,532.8,10316,2059.2,2624,13828,2050.2,1031.6,18128,0x451E1106
1159,0,520665,520.665,0,0,OK,4626.2,4619.2,4619.2,4619.2,4619.2,4619.2,4619.2,4619.2,4619.2,0.00,4619.2,4619.2,4619.2,232.76,1031.6,1031.6,791.2,2171.2,2407.6,4111.6,2406.6,2407.6,4111.6,527.8,522.8,272.4,5308,1808.8,2624,19136,2060.2,791.2,23136,0xE98CAC86
1160,0,520767,520.767,0,0,OK,4627.2,4619.2,4619.2,4619.2,4619.2,4619.2,4619.2,4619.2,4619.2,0.00,4619.2,4619.2,4619.2,231.76,791.2,791.2,791.2,4105.6,4110.6,4110.6,4110.6,4110.6,4110.6,277.4,522.8,532.8,10316,2049.2,2724,11424,1799.8,1041.6,2744,0x0A0C93C4
1161,0,520869,520.869,0,0,OK,4628.2,4619.2,4619.2,4619.2,4619.2,4619.2,4619.2,4619.2,4619.2,0.00,4619.2,4619.2,4619.2,232.76,1031.6,1031.6,1031.6,2171.2,2407.6,2407.6,2407.6,2407.6,2407.6,518.8,262.4,512.8,7912,1798.8,5128,16432,2060.2,1292.0,23136,0xF4AE17E1
1162,0,520970,520.970,0,0,OK,4626.2,4619.2,4619.2,4619.2,4619.2,4619.2,4619.2,4619.2,4619.2,0.00,4619.2,4619.2,4619.2,0.80,791.2,791.2,791.2,4105.6,4110.6,4110.6,4110.6,4110.6,4110.6,277.4,522.8,272.4,7712,2059.2,2624,13828,2050.2,1282.0,18128,0x6165475E
1163,0,521072,521.072,0,0,OK,4623.2,4619.2,4619.2,4619.2,4619.2,4619.2,4619.2,4619.2,4619.2,0.00,4619.2,4619.2,4619.2,0.80,1031.6,1031.6,791.2,2171.2,2407.6,4111.6,2406.6,2407.6,4111.6,768.2,272.4,522.8,7712,1808.8,5228,19136,1799.8,1292.0,240,0xEA20B9C8
1164,0,521174,521.174,0,0,OK,4625.2,4619.2,4619.2,4619.2,4619.2,4619.2,4619.2,4619.2,4619.2,0.00,4619.2,4619.2,4619.2,231.76,1031.6,791.2,1031.6,2171.2,4111.6,2406.6,2407.6,4111.6,2406.6,268.4,512.8,532.8,7812,1798.8,5128,16632,1809.8,791.2,15524,0xC2A4A0BC
1165,0,521275,521.275,0,0,OK,4622.2,4619.2,4619.2,4619.2,4619.2,4619.2,4619.2,4619.2,4619.2,0.00,4619.2,4619.2,4619.2,231.76,1031.6,791.2,791.2,2171.2,4111.6,4110.6,2406.6,4111.6,4110.6,517.8,522.8,532.8,7912,2049.2,5128,13828,1809.8,1282.0,20632,0x37681455
1166,0,521377,521.377,0,0,OK,4625.2,4619.2,4619.2,4619.2,4619.2,4619.2,4619.2,4619.2,4619.2,0.00,4619.2,4619.2,4619.2,0.80,791.2,791.2,1031.6,4105.6,4110.6,2406.6,4111.6,4110.6,2406.6,268.4,272.4,522.8,7912,1808.8,5128,13828,1809.8,1041.6,23236,0xC233C8C6
1167,0,521478,521.478,0,0,OK,4627.2,4619.2,4619.2,4619.2,4619.2,4619.2,4619.2,4619.2,4619.2,0.00,4619.2,4619.2,4619.2,0.80,791.2,1031.6,791.2,4105.6,2406.6,4111.6,4110.6,2406.6,4111.6,517.8,512.8,262.4,5308,1808.8,5228,13928,1809.8,1031.6,40,0xD021CEDC
1168,0,521580,521.580,0,0,OK,4621.2,4619.2,4619.2,4619.2,4619.2,4619.2,4619.2,4619.2,4619.2,0.00,4619.2,4619.2,4619.2,232.76,791.2,1031.6,791.2,4105.6,2406.6,4111.6,4110.6,2406.6,4111.6,527.8,522.8,512.8,10316,1558.4,5228,11424,1809.8,1282.0,2744,0x2334CA38
1169,0,521682,521.682,0,0,OK,4625.2,4619.2,4619.2,4619.2,4619.2,4619.2,4619.2,4619.2,4619.2,0.00,4619.2,4619.2,4619.2,231.76,1031.6,1031.6,1031.6,2171.2,2407.6,2407.6,2407.6,2407.6,2407.6,528.8,512.8,262.4,7912,1558.4,5328,13928,1559.4,1041.6,40,0xB035AB35
1170,0,521783,521.783,0,0,OK,4628.2,4619.2,4619.2,4619.2,4619.2,4619.2,4619.2,4619.2,4619.2,0.00,4619.2,4619.2,4619.2,232.76,791.2,791.2,1031.6,4105.6,4110.6,2406.6,4111.6,4110.6,2406.6,268.4,512.8,272.4,10316,2059.2,2724,16632,2050.2,1292.0,10416,0x03ECE20D
1171,0,521885,521.885,0,0,OK,4620.2,4619.2,4619.2,4619.2,4619.2,4619.2,4619.2,4619.2,4619.2,0.00,4619.2,4619.2,4619.2,0.80,791.2,791.2,791.2,4105.6,4110.6,4110.6,4110.6,4110.6,4110.6,267.4,272.4,272.4,5308,1808.8,5328,19136,2060.2,1031.6,40,0xE248C197
1172,0,521986,521.986,0,0,OK,4619.2,4619.2,4619.2,4619.2,4619.2,4619.2,4619.2,4619.2,4619.2,0.00,4619.2,4619.2,4619.2,0.80,791.2,791.2,1031.6,4105.6,4110.6,2406.6,4111.6,4110.6,2406.6,278.4,512.8,522.8,7712,2059.2,2724,19036,1559.4,1292.0,20632,0xA5F0713C
1173,0,522088,522.088,0,0,OK,4624.2,4619.2,4619.2,4619.2,4619.2,4619.2,4619.2,4619.2,4619.2,0.00,4619.2,4619.2,4619.2,232.76,791.2,791.2,1031.6,4105.6,4110.6,2406.6,4111.6,4110.6,2406.6,518.8,262.4,512.8,7912,1808.8,2724,16532,1809.8,1282.0,40,0xC22F618B
1174,0,522189,522.189,0,0,OK,4628.2,4619.2,4619.2,4619.2,4619.2,4619.2,4619.2,4619.2,4619.2,0.00,4619.2,4619.2,4619.2,0.80,1031.6,791.2,1031.6,2171.2,4111.6,2406.6,2407.6,4111.6,2406.6,528.8,272.4,512.8,10316,1798.8,5228,13928,2060.2,1282.0,20632,0x6CD30F56
1175,0,522291,522.291,0,0,OK,4619.2,4619.2,4619.2,4619.2,4619.2,4619.2,4619.2,4619.2,4619.2,0.00,4619.2,4619.2,4619.2,231.76,791.2,791.2,791.2,4105.6,4110.6,4110.6,4110.6,4110.6,4110.6,277.4,262.4,532.8,7712,2049.2,5128,13828,1559.4,1031.6,12920,0xB6AA4E19
1176,0,522393,522.393,0,0,OK,4622.2,4619.2,4619.2,4619.2,4619.2,4619.2,4619.2,4619.2,4619.2,0.00,4619.2,4619.2,4619.2,0.80,1031.6,1031.6,1031.6,2171.2,2407.6,2407.6,2407.6,2407.6,2407.6,518.8,532.8,522.8,7912,1808.8,5328,13828,1799.8,1282.0,15524,0xA45FBD70
1177,0,522494,522.494,0,0,OK,4620.2,4619.2,4619.2,4619.2,4619.2,4619.2,4619.2,4619.2,4619.2,0.00,4619.2,4619.2,4619.2,231.76,791.2,791.2,791.2,4105.6,4110.6,4110.6,4110.6,4110.6,4110.6,517.8,272.4,512.8,7712,1808.8,2624,19136,1559.4,1041.6,12820,0xB6E4B42C
1178,0,522596,522.596,0,0,OK,4624.2,4619.2,4619.2,4619.2,4619.2,4619.2,4619.2,4619.2,4619.2,0.00,4619.2,4619.2,4619.2,0.80,1031.6,1031.6,791.2,2171.2,2407.6,4111.6,2406.6,2407.6,4111.6,527.8,512.8,262.4,7812,1558.4,5128,14028,2050.2,791.2,10256,0x21C25CD2
1179,0,522697,522.697,0,0,OK,4620.2,4619.2,4619.2,4619.2,4619.2,4619.2,4619.2,4619.2,4619.2,0.00,4619.2,4619.2,4619.2,0.80,1031.6,1031.6,791.2,2171.2,2407.6,4111.6,2406.6,2407.6,4111.6,517.8,512.8,262.4,7812,1558.4,5228,16532,1809.8,1282.0,2644,0xF47F7AC7
1180,0,522799,522.799,0,0,OK,4621.2,4619.2,4619.2,4619.2,4619.2,4619.2,4619.2,4619.2,4619.2,0.00,4619.2,4619.2,4619.2,231.76,1031.6,1031.6,791.2,2171.2,2407.6,4111.6,2406.6,2407.6,4111.6,267.4,272.4,512.8,7912,2049.2,5228,13828,2060.2,1282.0,10316,0x94C48744
1181,0,522901,522.901,0,0,OK,4628.2,4619.2,4619.2,4619.2,4619.2,4619.2,4619.2,4619.2,4619.2,0.00,4619.2,4619.2,4619.2,0.80,1031.6,791.2,791.2,2171.2,4111.6,4110.6,2406.6,4111.6,4110.6,527.8,262.4,512.8,10316,1558.4,5128,14028,1809.8,1292.0,20732,0xAF475E46
1182,0,523002,523.002,0,0,OK,4621.2,4619.2,4619.2,4619.2,4619.2,4619.2,4619.2,4619.2,4619.2,0.00,4619.2,4619.2,4619.2,0.80,1031.6,791.2,1031.6,2171.2,4111.6,2406.6,2407.6,4111.6,2406.6,518.8,262.4,522.8,5308,1798.8,5328,14028,1809.8,1041.6,10256,0xF605100A
1183,0,523104,523.104,0,0,OK,4619.2,4619.2,4619.2,4619.2,4619.2,4619.2,4619.2,4619.2,4619.2,0.00,4619.2,4619.2,4619.2,0.80,791.2,791.2,1031.6,4105.6,4110.6,2406.6,4111.6,4110.6,2406.6,268.4,272.4,532.8,7712,1798.8,2624,19036,1809.8,1282.0,7912,0xBDE61B87
1184,0,523205,523.205,0,0,OK,4622.2,4619.2,4619.2,4619.2,4619.2,4619.2,4619.2,4619.2,4619.2,0.00,4619.2,4619.2,4619.2,232.76,791.2,1031.6,791.2,4105.6,2406.6,4111.6,4110.6,2406.6,4111.6,267.4,272.4,262.4,7912,1798.8,2724,16532,2060.2,791.2,18128,0xCB68E2E5
1185,0,523307,523.307,0,0,OK,4626.2,4619.2,4619.2,4619.2,4619.2,4619.2,4619.2,4619.2,4619.2,0.00,4619.2,4619.2,4619.2,232.76,791.2,791.2,1031.6,4105.6,4110.6,2406.6,4111.6,4110.6,2406.6,769.2,512.8,512.8,7912,1798.8,2724,16632,1799.8,1031.6,5248,0x9E5C041F
1186,0,523409,523.409,0,0,OK,4626.2,4619.2,4619.2,4619.2,4619.2,4619.2,4619.2,4619.2,4619.2,0.00,4619.2,4619.2,4619.2,232.76,1031.6,1031.6,791.2,2171.2,2407.6,4111.6,2406.6,2407.6,4111.6,267.4,532.8,512.8,7912,2049.2,5128,19036,1809.8,1292.0,20632,0x77414B2E
1187,0,523510,523.510,0,0,OK,4628.2,4619.2,4619.2,4619.2,4619.2,4619.2,4619.2,4619.2,4619.2,0.00,4619.2,4619.2,4619.2,231.76,1031.6,1031.6,1031.6,2171.2,2407.6,2407.6,2407.6,2407.6,2407.6,278.4,522.8,532.8,5308,2059.2,2724,13828,2060.2,1031.6,2644,0x89389B3F
1188,0,523612,523.612,0,0,OK,4626.2,4619.2,4619.2,4619.2,4619.2,4619.2,4619.2,4619.2,4619.2,0.00,4619.2,4619.2,4619.2,232.76,791.2,791.2,791.2,4105.6,4110.6,4110.6,4110.6,4110.6,4110.6,267.4,262.4,512.8,7912,1808.8,5128,21540,1809.8,1282.0,10356,0x3F51E570
1189,0,523714,523.714,0,0,OK,4620.2,4619.2,4619.2,4619.2,4619.2,4619.2,4619.2,4619.2,4619.2,0.00,4619.2,4619.2,4619.2,231.76,791.2,1031.6,1031.6,4105.6,2406.6,2407.6,4111.6,2406.6,2407.6,769.2,532.8,512.8,5308,2059.2,2624,19136,2050.2,1292.0,23236,0x6492A3AF
1190,0,523815,523.815,0,0,OK,4628.2,4619.2,4619.2,4619.2,4619.2,4619.2,4619.2,4619.2,4619.2,0.00,4619.2,4619.2,4619.2,232.76,1031.6,791.2,791.2,2171.2,4111.6,4110.6,2406.6,4111.6,4110.6,527.8,272.4,272.4,10316,1558.4,5228,19036,1559.4,1041.6,10456,0xF5C8D05D
1191,0,523917,523.917,0,0,OK,4619.2,4619.2,4619.2,4619.2,4619.2,4619.2,4619.2,4619.2,4619.2,0.00,4619.2,4619.2,4619.2,231.76,1031.6,1031.6,791.2,2171.2,2407.6,4111.6,2406.6,2407.6,4111.6,277.4,532.8,512.8,10316,1558.4,2724,16432,1799.8,1292.0,10416,0x5FE55024
1192,0,524018,524.018,0,0,OK,4623.2,4619.2,4619.2,4619.2,4619.2,4619.2,4619.2,4619.2,4619.2,0.00,4619.2,4619.2,4619.2,231.76,791.2,791.2,791.2,4105.6,4110.6,4110.6,4110.6,4110.6,4110.6,517.8,512.8,532.8,7712,1798.8,5328,13928,2050.2,1041.6,2644,0x2110092B
1193,0,524120,524.120,0,0,OK,4624.2,4619.2,4619.2,4619.2,4619.2,4619.2,4619.2,4619.2,4619.2,0.00,4619.2,4619.2,4619.2,0.80,1031.6,791.2,791.2,2171.2,4111.6,4110.6,2406.6,4111.6,4110.6,527.8,532.8,532.8,7712,2059.2,5128,14028,1559.4,1041.6,18028,0xB9AFC540
1194,0,524221,524.221,0,0,OK,4622.2,4619.2,4619.2,4619.2,4619.2,4619.2,4619.2,4619.2,4619.2,0.00,4619.2,4619.2,4619.2,231.76,791.2,791.2,1031.6,4105.6,4110.6,2406.6,4111.6,4110.6,2406.6,528.8,522.8,532.8,5308,1808.8,5328,11424,1559.4,1041.6,10316,0x114BD643
1195,0,524323,524.323,0,0,OK,4621.2,4619.2,4619.2,4619.2,4619.2,4619.2,4619.2,4619.2,4619.2,0.00,4619.2,4619.2,4619.2,0.80,1031.6,1031.6,1031.6,2171.2,2407.6,2407.6,2407.6,2407.6,2407.6,528.8,262.4,512.8,7812,1798.8,5328,21540,1559.4,1031.6,13020,0x990D09AE
1196,0,524425,524.425,0,0,OK,4620.2,4619.2,4619.2,4619.2,4619.2,4619.2,4619.2,4619.2,4619.2,0.00,4619.2,4619.2,4619.2,0.80,791.2,1031.6,1031.6,4105.6,2406.6,2407.6,4111.6,2406.6,2407.6,518.8,532.8,532.8,5308,2059.2,5228,21540,1799.8,1031.6,18128,0x54923CFF
1197,0,524526,524.526,0,0,OK,4622.2,4619.2,4619.2,4619.2,4619.2,4619.2,4619.2,4619.2,4619.2,0.00,4619.2,4619.2,4619.2,0.80,791.2,1031.6,791.2,4105.6,2406.6,4111.6,4110.6,2406.6,4111.6,267.4,522.8,532.8,7712,2059.2,2624,16532,2050.2,1031.6,10416,0x9E4A2DC7
1198,0,524628,524.628,0,0,OK,4620.2,4619.2,4619.2,4619.2,4619.2,4619.2,4619.2,4619.2,4619.2,0.00,4619.2,4619.2,4619.2,231.76,1031.6,1031.6,1031.6,2171.2,2407.6,2407.6,2407.6,2407.6,2407.6,528.8,512.8,262.4,7912,1798.8,5128,16532,1799.8,1041.6,5348,0x57C7F0BA
1199,0,524730,524.730,0,0,OK,4623.2,4619.2,4619.2,4619.2,4619.2,4619.2,4619.2,4619.2,4619.2,0.00,4619.2,4619.2,4619.2,232.76,791.2,1031.6,791.2,4105.6,2406.6,4111.6,4110.6,2406.6,4111.6,527.8,532.8,532.8,7812,1798.8,5328,21540,2050.2,1041.6,17928,0x1635EA05
1200,0,524831,524.831,0,0,OK,4620.2,4619.2,4619.2,4619.2,4619.2,4619.2,4619.2,4619.2,4619.2,0.00,4619.2,4619.2,4619.2,0.80,791.2,791.2,1031.6,4105.6,4110.6,2406.6,4111.6,4110.6,2406.6,518.8,532.8,262.4,7812,2049.2,2724,16432,1559.4,1041.6,18128,0xA3C97A5C
1201,0,524933,524.933,0,0,OK,4626.2,4619.2,4619.2,4619.2,4619.2,4619.2,4619.2,4619.2,4619.2,0.00,4619.2,4619.2,4619.2,232.76,1031.6,1031.6,1031.6,2171.2,2407.6,2407.6,2407.6,2407.6,2407.6,518.8,522.8,512.8,7812,1798.8,5128,14028,1799.8,1041.6,2744,0x4FF71F10
1202,0,525034,525.034,0,0,OK,4628.2,4619.2,4619.2,4619.2,4619.2,4619.2,4619.2,4619.2,4619.2,0.00,4619.2,4619.2,4619.2,232.76,791.2,1031.6,791.2,4105.6,2406.6,4111.6,4110.6,2406.6,4111.6,527.8,522.8,262.4,7912,1808.8,5228,19136,1559.4,791.2,15424,0x08DF1B9B
1203,0,525136,525.136,0,0,OK,4624.2,4619.2,4619.2,4619.2,4619.2,4619.2,4619.2,4619.2,4619.2,0.00,4619.2,4619.2,4619.2,231.76,1031.6,791.2,791.2,2171.2,4111.6,4110.6,2406.6,4111.6,4110.6,267.4,272.4,522.8,10316,1558.4,5228,16632,1559.4,1282.0,18028,0xDDBCF619
1204,0,525238,525.238,0,0,OK,4624.2,4619.2,4619.2,4619.2,4619.2,4619.2,4619.2,4619.2,4619.2,0.00,4619.2,4619.2,4619.2,232.76,1031.6,791.2,791.2,2171.2,4111.6,4110.6,2406.6,4111.6,4110.6,527.8,272.4,522.8,7812,2059.2,2724,21540,2050.2,1031.6,15424,0x4F2C1802
1205,0,525339,525.339,0,0,OK,4623.2,4619.2,4619.2,4619.2,4619.2,4619.2,4619.2,4619.2,4619.2,0.00,4619.2,4619.2,4619.2,0.80,791.2,791.2,1031.6,4105.6,4110.6,2406.6,4111.6,4110.6,2406.6,278.4,512.8,512.8,7912,1808.8,5328,13828,1809.8,1041.6,7852,0x6CA2CC48
1206,0,525441,525.441,0,0,OK,4619.2,4619.2,4619.2,4619.2,4619.2,4619.2,4619.2,4619.2,4619.2,0.00,4619.2,4619.2,4619.2,231.76,791.2,1031.6,1031.6,4105.6,2406.6,2407.6,4111.6,2406.6,2407.6,268.4,272.4,512.8,7712,2049.2,5228,19036,1559.4,1031.6,2644,0xA3E536BC
1207,0,525542,525.542,0,0,OK,4627.2,4619.2,4619.2,4619.2,4619.2,4619.2,4619.2,4619.2,4619.2,0.00,4619.2,4619.2,4619.2,231.76,791.2,791.2,791.2,4105.6,4110.6,4110.6,4110.6,4110.6,4110.6,517.8,272.4,522.8,10316,1558.4,2624,16432,2050.2,1292.0,5148,0x926A28DF
1208,0,525644,525.644,0,0,OK,4619.2,4619.2,4619.2,4619.2,4619.2,4619.2,4619.2,4619.2,4619.2,0.00,4619.2,4619.2,4619.2,0.80,1031.6,791.2,1031.6,2171.2,4111.6,2406.6,2407.6,4111.6,2406.6,268.4,522.8,532.8,5308,1558.4,5328,16632,1809.8,1041.6,7912,0x4EAEC8E3
1209,0,525746,525.746,0,0,OK,4628.2,4619.2,4619.2,4619.2,4619.2,4619.2,4619.2,4619.2,4619.2,0.00,4619.2,4619.2,4619.2,231.76,1031.6,1031.6,1031.6,2171.2,2407.6,2407.6,2407.6,2407.6,2407.6,278.4,532.8,272.4,7712,2049.2,5228,11424,1559.4,791.2,23236,0x6580CD19
1210,0,525847,525.847,0,0,OK,4620.2,4619.2,4619.2,4619.2,4619.2,4619.2,4619.2,4619.2,4619.2,0.00,4619.2,4619.2,4619.2,232.76,1031.6,791.2,1031.6,2171.2,4111.6,2406.6,2407.6,4111.6,2406.6,528.8,272.4,522.8,7912,1798.8,2724,13828,2060.2,1282.0,13020,0x9F40FC5B
1211,0,525949,525.949,0,0,OK,4621.2,4619.2,4619.2,4619.2,4619.2,4619.2,4619.2,4619.2,4619.2,0.00,4619.2,4619.2,4619.2,0.80,1031.6,1031.6,791.2,2171.2,2407.6,4111.6,2406.6,2407.6,4111.6,277.4,512.8,262.4,7812,1558.4,5328,21540,1799.8,1041.6,10356,0xCACA33D4
1212,0,526050,526.050,0,0,OK,4623.2,4619.2,4619.2,4619.2,4619.2,4619.2,4619.2,4619.2,4619.2,0.00,4619.2,4619.2,4619.2,232.76,1031.6,791.2,791.2,2171.2,4111.6,4110.6,2406.6,4111.6,4110.6,768.2,262.4,272.4,10316,2059.2,2624,16632,2050.2,1041.6,18028,0x100D4366
1213,0,526152,526.152,0,0,OK,4627.2,4619.2,4619.2,4619.2,4619.2,4619.2,4619.2,4619.2,4619.2,0.00,4619.2,4619.2,4619.2,232.76,1031.6,1031.6,791.2,2171.2,2407.6,4111.6,2406.6,2407.6,4111.6,527.8,532.8,262.4,7912,1558.4,2724,13828,2060.2,791.2,7752,0x1CEED4B2
1214,0,526254,526.254,0,0,OK,4619.2,4619.2,4619.2,4619.2,4619.2,4619.2,4619.2,4619.2,4619.2,0.00,4619.2,4619.2,4619.2,232.76,1031.6,791.2,791.2,2171.2,4111.6,4110.6,2406.6,4111.6,4110.6,277.4,522.8,522.8,7912,2049.2,2724,16632,2060.2,1292.0,10416,0x348900D0
1215,0,526355,526.355,0,0,OK,4627.2,4619.2,4619.2,4619.2,4619.2,4619.2,4619.2,4619.2,4619.2,0.00,4619.2,4619.2,4619.2,231.76,791.2,791.2,791.2,4105.6,4110.6,4110.6,4110.6,4110.6,4110.6,527.8,532.8,512.8,5308,1808.8,5128,16632,1809.8,1031.6,40,0xE87B2E3B
1216,0,526457,526.457,0,0,OK,4628.2,4619.2,4619.2,4619.2,4619.2,4619.2,4619.2,4619.2,4619.2,0.00,4619.2,4619.2,4619.2,232.76,1031.6,791.2,791.2,2171.2,4111.6,4110.6,2406.6,4111.6,4110.6,277.4,532.8,522.8,7912,1558.4,2624,16532,1809.8,791.2,15524,0xCE27D705
1217,0,526559,526.559,0,0,OK,4622.2,4619.2,4619.2,4619.2,4619.2,4619.2,4619.2,4619.2,4619.2,0.00,4619.2,4619.2,4619.2,231.76,791.2,791.2,1031.6,4105.6,4110.6,2406.6,4111.6,4110.6,2406.6,528.8,272.4,532.8,7712,1558.4,2624,14028,1799.8,1282.0,10456,0x8D394BBB
1218,0,526660,526.660,0,0,OK,4620.2,4619.2,4619.2,4619.2,4619.2,4619.2,4619.2,4619.2,4619.2,0.00,4619.2,4619.2,4619.2,232.76,791.2,1031.6,1031.6,4105.6,2406.6,2407.6,4111.6,2406.6,2407.6,528.8,262.4,512.8,10316,1798.8,5228,21540,1559.4,1282.0,20532,0x683A67CC
1219,0,526762,526.762,0,0,OK,4622.2,4619.2,4619.2,4619.2,4619.2,4619.2,4619.2,4619.2,4619.2,0.00,4619.2,4619.2,4619.2,231.76,791.2,791.2,1031.6,4105.6,4110.6,2406.6,4111.6,4110.6,2406.6,528.8,532.8,522.8,10316,2049.2,2724,13928,1559.4,1282.0,20532,0x885ADEA4
1220,0,526863,526.863,0,0,OK,4626.2,4619.2,4619.2,4619.2,4619.2,4619.2,4619.2,4619.2,4619.2,0.00,4619.2,4619.2,4619.2,231.76,791.2,1031.6,1031.6,4105.6,2406.6,2407.6,4111.6,2406.6,2407.6,518.8,532.8,272.4,7912,1798.8,5128,16432,1559.4,791.2,12920,0xF9D743D8
1221,0,526965,526.965,0,0,OK,4625.2,4619.2,4619.2,4619.2,4619.2,4619.2,4619.2,4619.2,4619.2,0.00,4619.2,4619.2,4619.2,232.76,1031.6,1031.6,1031.6,2171.2,2407.6,2407.6,2407.6,2407.6,2407.6,769.2,262.4,522.8,10316,2059.2,2624,19036,1559.4,1292.0,10316,0x489926DB
1222,0,527067,527.067,0,0,OK,4622.2,4619.2,4619.2,4619.2,4619.2,4619.2,4619.2,4619.2,4619.2,0.00,4619.2,4619.2,4619.2,231.76,1031.6,1031.6,791.2,2171.2,2407.6,4111.6,2406.6,2407.6,4111.6,517.8,272.4,532.8,7712,1808.8,2724,11424,2060.2,1031.6,7852,0x4D4D43B2
1223,0,527168,527.168,0,0,OK,4621.2,4619.2,4619.2,4619.2,4619.2,4619.2,4619.2,4619.2,4619.2,0.00,4619.2,4619.2,4619.2,232.76,791.2,791.2,1031.6,4105.6,4110.6,2406.6,4111.6,4110.6,2406.6,268.4,532.8,272.4,7912,2049.2,5328,11424,1799.8,1292.0,2744,0x3C76AC48
1224,0,527270,527.270,0,0,OK,4622.2,4619.2,4619.2,4619.2,4619.2,4619.2,4619.2,4619.2,4619.2,0.00,4619.2,4619.2,4619.2,0.80,1031.6,1031.6,791.2,2171.2,2407.6,4111.6,2406.6,2407.6,4111.6,527.8,532.8,512.8,7812,1798.8,2724,16432,2060.2,791.2,23136,0xD4BF3A3D
1225,0,527371,527.371,0,0,OK,4621.2,4619.2,4619.2,4619.2,4619.2,4619.2,4619.2,4619.2,4619.2,0.00,4619.2,4619.2,4619.2,232.76,1031.6,1031.6,1031.6,2171.2,2407.6,2407.6,2407.6,2407.6,2407.6,518.8,522.8,262.4,7912,2059.2,5228,13828,1559.4,1041.6,15424,0x42A657FE
1226,0,527473,527.473,0,0,OK,4625.2,4619.2,4619.2,4619.2,4619.2,4619.2,4619.2,4619.2,4619.2,0.00,4619.2,4619.2,4619.2,231.76,791.2,791.2,791.2,4105.6,4110.6,4110.6,4110.6,4110.6,4110.6,517.8,522.8,262.4,10316,1798.8,2724,16632,2060.2,1282.0,12920,0x6B3BC978
1227,0,527575,527.575,0,0,OK,4628.2,4619.2,4619.2,4619.2,4619.2,4619.2,4619.2,4619.2,4619.2,0.00,4619.2,4619.2,4619.2,0.80,791.2,791.2,1031.6,4105.6,4110.6,2406.6,4111.6,4110.6,2406.6,268.4,262.4,522.8,5308,2059.2,5228,13928,2060.2,1031.6,20532,0xC44567E4
1228,0,527676,527.676,0,0,OK,4627.2,4619.2,4619.2,4619.2,4619.2,4619.2,4619.2,4619.2,4619.2,0.00,4619.2,4619.2,4619.2,231.76,1031.6,1031.6,791.2,2171.2,2407.6,4111.6,2406.6,2407.6,4111.6,768.2,532.8,512.8,5308,2059.2,5328,16632,1559.4,791.2,12820,0xA181B851
1229,0,527778,527.778,0,0,OK,4622.2,4619.2,4619.2,4619.2,4619.2,4619.2,4619.2,4619.2,4619.2,0.00,4619.2,4619.2,4619.2,0.80,1031.6,1031.6,791.2,2171.2,2407.6,4111.6,2406.6,2407.6,4111.6,527.8,522.8,532.8,7912,1808.8,2724,16432,1799.8,1292.0,23236,0x2FFFAB78
1230,0,527879,527.879,0,0,OK,4622.2,4619.2,4619.2,4619.2,4619.2,4619.2,4619.2,4619.2,4619.2,0.00,4619.2,4619.2,4619.2,231.76,1031.6,1031.6,1031.6,2171.2,2407.6,2407.6,2407.6,2407.6,2407.6,278.4,272.4,532.8,7712,1808.8,5128,14028,2050.2,791.2,7912,0xB561CC24
1231,0,527981,527.981,0,0,OK,4620.2,4619.2,4619.2,4619.2,4619.2,4619.2,4619.2,4619.2,4619.2,0.00,4619.2,4619.2,4619.2,0.80,1031.6,1031.6,791.2,2171.2,2407.6,4111.6,2406.6,2407.6,4111.6,267.4,522.8,272.4,10316,2049.2,2724,16632,1809.8,1282.0,13020,0x94A5A483
1232,0,528082,528.082,0,0,OK,4622.2,4619.2,4619.2,4619.2,4619.2,4619.2,4619.2,4619.2,4619.2,0.00,4619.2,4619.2,4619.2,231.76,1031.6,791.2,1031.6,2171.2,4111.6,2406.6,2407.6,4111.6,2406.6,769.2,522.8,532.8,7712,1798.8,5328,16632,1809.8,1292.0,23136,0x9FA85F73
1233,0,528184,528.184,0,0,OK,4622.2,4619.2,4619.2,4619.2,4619.2,4619.2,4619.2,4619.2,4619.2,0.00,4619.2,4619.2,4619.2,232.76,1031.6,791.2,791.2,2171.2,4111.6,4110.6,2406.6,4111.6,4110.6,267.4,272.4,262.4,7912,2049.2,5128,19136,2060.2,1282.0,23236,0xE8D9F50C
1234,0,528286,528.286,0,0,OK,4624.2,4619.2,4619.2,4619.2,4619.2,4619.2,4619.2,4619.2,4619.2,0.00,4619.2,4619.2,4619.2,0.80,791.2,791.2,1031.6,4105.6,4110.6,2406.6,4111.6,4110.6,2406.6,528.8,512.8,262.4,5308,2059.2,5228,19136,2060.2,1292.0,10456,0xA555CDA0
1235,0,528387,528.387,0,0,OK,4627.2,4619.2,4619.2,4619.2,4619.2,4619.2,4619.2,4619.2,4619.2,0.00,4619.2,4619.2,4619.2,0.80,1031.6,1031.6,1031.6,2171.2,2407.6,2407.6,2407.6,2407.6,2407.6,278.4,262.4,522.8,7712,1558.4,5128,21540,1809.8,1031.6,15424,0x7FC7FE5B
1236,0,528489,528.489,0,0,OK,4623.2,4619.2,4619.2,4619.2,4619.2,4619.2,4619.2,4619.2,4619.2,0.00,4619.2,4619.2,4619.2,0.80,1031.6,1031.6,791.2,2171.2,2407.6,4111.6,2406.6,2407.6,4111.6,517.8,522.8,272.4,7712,1558.4,2724,19136,2050.2,791.2,7752,0x7D6666D9
1237,0,528590,528.590,0,0,OK,4626.2,4619.2,4619.2,4619.2,4619.2,4619.2,4619.2,4619.2,4619.2,0.00,4619.2,4619.2,4619.2,232.76,1031.6,1031.6,791.2,2171.2,2407.6,4111.6,2406.6,2407.6,4111.6,768.2,272.4,262.4,5308,1808.8,2724,16632,2060.2,1282.0,5148,0x0B8FE299
1238,0,528692,528.692,0,0,OK,4623.2,4619.2,4619.2,4619.2,4619.2,4619.2,4619.2,4619.2,4619.2,0.00,4619.2,4619.2,4619.2,232.76,791.2,791.2,791.2,4105.6,4110.6,4110.6,4110.6,4110.6,4110.6,277.4,512.8,512.8,7712,1798.8,2724,21540,1559.4,1031.6,23136,0x8AC32CF7
1239,0,528794,528.794,0,0,OK,4628.2,4619.2,4619.2,4619.2,4619.2,4619.2,4619.2,4619.2,4619.2,0.00,4619.2,4619.2,4619.2,232.76,791.2,791.2,791.2,4105.6,4110.6,4110.6,4110.6,4110.6,4110.6,768.2,272.4,532.8,10316,1808.8,2624,19136,2050.2,1292.0,140,0xAE76C2EF
1240,0,528895,528.895,0,0,OK,4624.2,4619.2,4619.2,4619.2,4619.2,4619.2,4619.2,4619.2,4619.2,0.00,4619.2,4619.2,4619.2,232.76,791.2,791.2,791.2,4105.6,4110.6,4110.6,4110.6,4110.6,4110.6,527.8,262.4,522.8,7912,1808.8,2624,13828,1559.4,1041.6,12920,0xA6567F26
1241,0,528997,528.997,0,0,OK,4621.2,4619.2,4619.2,4619.2,4619.2,4619.2,4619.2,4619.2,4619.2,0.00,4619.2,4619.2,4619.2,231.76,791.2,1031.6,1031.6,4105.6,2406.6,2407.6,4111.6,2406.6,2407.6,278.4,532.8,522.8,10316,2049.2,5328,11424,2060.2,1282.0,20532,0x58F7A284
1242,0,529098,529.098,0,0,OK,4619.2,4619.2,4619.2,4619.2,4619.2,4619.2,4619.2,4619.2,4619.2,0.00,4619.2,4619.2,4619.2,0.80,1031.6,1031.6,1031.6,2171.2,2407.6,2407.6,2407.6,2407.6,2407.6,528.8,262.4,272.4,10316,1558.4,5328,19036,1809.8,1292.0,18028,0x94D5F7D0
1243,0,529200,529.200,0,0,OK,4627.2,4619.2,4619.2,4619.2,4619.2,4619.2,4619.2,4619.2,4619.2,0.00,4619.2,4619.2,4619.2,231.76,1031.6,791.2,1031.6,2171.2,4111.6,2406.6,2407.6,4111.6,2406.6,268.4,532.8,262.4,5308,2049.2,5328,16532,1809.8,791.2,18028,0xCE049365
1244,0,529302,529.302,0,0,OK,4620.2,4619.2,4619.2,4619.2,4619.2,4619.2,4619.2,4619.2,4619.2,0.00,4619.2,4619.2,4619.2,231.76,1031.6,791.2,791.2,2171.2,4111.6,4110.6,2406.6,4111.6,4110.6,277.4,272.4,512.8,7812,1808.8,2624,16432,1809.8,791.2,20732,0x2AB9D675
1245,0,529403,529.403,0,0,OK,4622.2,4619.2,4619.2,4619.2,4619.2,4619.2,4619.2,4619.2,4619.2,0.00,4619.2,4619.2,4619.2,232.76,791.2,1031.6,1031.6,4105.6,2406.6,2407.6,4111.6,2406.6,2407.6,518.8,272.4,522.8,5308,1558.4,5128,19036,1809.8,1031.6,18128,0x6EEFA6F5
1246,0,529505,529.505,0,0,OK,4620.2,4619.2,4619.2,4619.2,4619.2,4619.2,4619.2,4619.2,4619.2,0.00,4619.2,4619.2,4619.2,231.76,1031.6,791.2,1031.6,2171.2,4111.6,2406.6,2407.6,4111.6,2406.6,518.8,522.8,532.8,7812,1558.4,2724,19036,1799.8,1282.0,18128,0x370E06C8
1247,0,529606,529.606,0,0,OK,4620.2,4619.2,4619.2,4619.2,4619.2,4619.2,4619.2,4619.2,4619.2,0.00,4619.2,4619.2,4619.2,232.76,791.2,791.2,1031.6,4105.6,4110.6,2406.6,4111.6,4110.6,2406.6,268.4,532.8,522.8,7812,2049.2,2624,16432,1799.8,791.2,15424,0x65C06A19
1248,0,529708,529.708,0,0,OK,4626.2,4619.2,4619.2,4619.2,4619.2,4619.2,4619.2,4619.2,4619.2,0.00,4619.2,4619.2,4619.2,231.76,1031.6,791.2,1031.6,2171.2,4111.6,2406.6,2407.6,4111.6,2406.6,268.4,532.8,522.8,10316,1558.4,2724,11424,2060.2,791.2,20732,0x197A4BA8
1249,0,529809,529.809,0,0,OK,4619.2,4619.2,4619.2,4619.2,4619.2,4619.2,4619.2,4619.2,4619.2,0.00,4619.2,4619.2,4619.2,231.76,1031.6,791.2,1031.6,2171.2,4111.6,2406.6,2407.6,4111.6,2406.6,268.4,532.8,522.8,7912,2049.2,2724,21540,1559.4,1282.0,7912,0x1780C93E
1250,0,529911,529.911,0,0,OK,4627.2,4619.2,4619.2,4619.2,4619.2,4619.2,4619.2,4619.2,4619.2,0.00,4619.2,4619.2,4619.2,232.76,791.2,791.2,1031.6,4105.6,4110.6,2406.6,4111.6,4110.6,2406.6,278.4,522.8,512.8,7812,2059.2,5228,21540,1809.8,1292.0,23136,0x8A2A0DFD
1251,0,530013,530.013,0,0,OK,4623.2,4619.2,4619.2,4619.2,4619.2,4619.2,4619.2,4619.2,4619.2,0.00,4619.2,4619.2,4619.2,0.80,1031.6,1031.6,1031.6,2171.2,2407.6,2407.6,2407.6,2407.6,2407.6,528.8,262.4,512.8,5308,1808.8,2724,21540,1799.8,1292.0,10316,0xA56342B4
1252,0,530114,530.114,0,0,OK,4626.2,4619.2,4619.2,4619.2,4619.2,4619.2,4619.2,4619.2,4619.2,0.00,4619.2,4619.2,4619.2,0.80,791.2,1031.6,1031.6,4105.6,2406.6,2407.6,4111.6,2406.6,2407.6,268.4,272.4,512.8,7712,1558.4,5228,16432,2050.2,1031.6,10316,0x44290EF2
1253,0,530216,530.216,0,0,OK,4622.2,4619.2,4619.2,4619.2,4619.2,4619.2,4619.2,4619.2,4619.2,0.00,4619.2,4619.2,4619.2,231.76,791.2,791.2,1031.6,4105.6,4110.6,2406.6,4111.6,4110.6,2406.6,518.8,262.4,532.8,5308,2059.2,5328,16632,1809.8,791.2,5148,0xAF509578
1254,0,530318,530.318,0,0,OK,4626.2,4619.2,4619.2,4619.2,4619.2,4619.2,4619.2,4619.2,4619.2,0.00,4619.2,4619.2,4619.2,232.76,791.2,791.2,1031.6,4105.6,4110.6,2406.6,4111.6,4110.6,2406.6,518.8,512.8,522.8,10316,1808.8,5228,14028,1809.8,1031.6,12920,0xF6CF947F
1255,0,530419,530.419,0,0,OK,4620.2,4619.2,4619.2,4619.2,4619.2,4619.2,4619.2,4619.2,4619.2,0.00,4619.2,4619.2,4619.2,232.76,1031.6,791.2,791.2,2171.2,4111.6,4110.6,2406.6,4111.6,4110.6,277.4,512.8,272.4,10316,1798.8,2624,13828,1559.4,1282.0,17928,0xEE5A24E9
1256,0,530521,530.521,0,0,OK,4622.2,4619.2,4619.2,4619.2,4619.2,4619.2,4619.2,4619.2,4619.2,0.00,4619.2,4619.2,4619.2,0.80,791.2,1031.6,791.2,4105.6,2406.6,4111.6,4110.6,2406.6,4111.6,267.4,532.8,522.8,5308,1558.4,5228,16532,1799.8,1031.6,240,0x6D52FA27
1257,0,530622,530.622,0,0,OK,4621.2,4619.2,4619.2,4619.2,4619.2,4619.2,4619.2,4619.2,4619.2,0.00,4619.2,4619.2,4619.2,0.80,791.2,791.2,791.2,4105.6,4110.6,4110.6,4110.6,4110.6,4110.6,267.4,532.8,262.4,7912,1808.8,5128,14028,2060.2,791.2,240,0x56CF2DE4
1258,0,530724,530.724,0,0,OK,4623.2,4619.2,4619.2,4619.2,4619.2,4619.2,4619.2,4619.2,4619.2,0.00,4619.2,4619.2,4619.2,0.80,791.2,1031.6,1031.6,4105.6,2406.6,2407.6,4111.6,2406.6,2407.6,268.4,522.8,522.8,10316,1808.8,2624,16432,2050.2,1031.6,20732,0x9A165EA4
1259,0,530825,530.825,0,0,OK,4627.2,4619.2,4619.2,4619.2,4619.2,4619.2,4619.2,4619.2,4619.2,0.00,4619.2,4619.2,4619.2,231.76,791.2,1031.6,791.2,4105.6,2406.6,4111.6,4110.6,2406.6,4111.6,527.8,512.8,262.4,7812,1558.4,2724,21540,2060.2,791.2,15424,0x208E3F1C
1260,0,530927,530.927,0,0,OK,4622.2,4619.2,4619.2,4619.2,4619.2,4619.2,4619.2,4619.2,4619.2,0.00,4619.2,4619.2,4619.2,232.76,791.2,791.2,791.2,4105.6,4110.6,4110.6,4110.6,4110.6,4110.6,267.4,532.8,262.4,7812,1558.4,5328,16432,2050.2,1292.0,10316,0x51A5A67A
1261,0,531029,531.029,0,0,OK,4625.2,4619.2,4619.2,4619.2,4619.2,4619.2,4619.2,4619.2,4619.2,0.00,4619.2,4619.2,4619.2,0.80,791.2,1031.6,1031.6,4105.6,2406.6,2407.6,4111.6,2406.6,2407.6,518.8,532.8,522.8,7812,2059.2,5128,13928,2050.2,791.2,13020,0xF792429E
1262,0,531130,531.130,0,0,OK,4622.2,4619.2,4619.2,4619.2,4619.2,4619.2,4619.2,4619.2,4619.2,0.00,4619.2,4619.2,4619.2,232.76,791.2,791.2,791.2,4105.6,4110.6,4110.6,4110.6,4110.6,4110.6,527.8,262.4,272.4,10316,1808.8,2624,19036,1799.8,791.2,2744,0xFAC32661
1263,0,531232,531.232,0,0,OK,4622.2,4619.2,4619.2,4619.2,4619.2,4619.2,4619.2,4619.2,4619.2,0.00,4619.2,4619.2,4619.2,231.76,791.2,791.2,1031.6,4105.6,4110.6,2406.6,4111.6,4110.6,2406.6,268.4,272.4,512.8,5308,2059.2,2724,19136,1799.8,1031.6,5348,0xDF13D850
1264,0,531334,531.334,0,0,OK,4624.2,4619.2,4619.2,4619.2,4619.2,4619.2,4619.2,4619.2,4619.2,0.00,4619.2,4619.2,4619.2,232.76,791.2,1031.6,1031.6,4105.6,2406.6,2407.6,4111.6,2406.6,2407.6,268.4,522.8,532.8,7912,2049.2,2724,21540,1809.8,1292.0,5248,0x59F98E26
1265,0,531435,531.435,0,0,OK,4626.2,4619.2,4619.2,4619.2,4619.2,4619.2,4619.2,4619.2,4619.2,0.00,4619.2,4619.2,4619.2,232.76,791.2,791.2,791.2,4105.6,4110.6,4110.6,4110.6,4110.6,4110.6,517.8,262.4,272.4,7712,1808.8,5228,13928,2060.2,1292.0,12920,0x2C045444
1266,0,531537,531.537,0,0,OK,4621.2,4619.2,4619.2,4619.2,4619.2,4619.2,4619.2,4619.2,4619.2,0.00,4619.2,4619.2,4619.2,231.76,791.2,791.2,791.2,4105.6,4110.6,4110.6,4110.6,4110.6,4110.6,527.8,522.8,512.8,7812,2059.2,5128,16432,2050.2,1031.6,240,0x2BF5A34D
1267,0,531638,531.638,0,0,OK,4624.2,4619.2,4619.2,4619.2,4619.2,4619.2,4619.2,4619.2,4619.2,0.00,4619.2,4619.2,4619.2,0.80,791.2,791.2,791.2,4105.6,4110.6,4110.6,4110.6,4110.6,4110.6,527.8,532.8,272.4,7912,2059.2,2724,13828,2060.2,1282.0,10456,0xE41AB3D6
1268,0,531740,531.740,0,0,OK,4621.2,4619.2,4619.2,4619.2,4619.2,4619.2,4619.2,4619.2,4619.2,0.00,4619.2,4619.2,4619.2,231.76,791.2,791.2,1031.6,4105.6,4110.6,2406.6,4111.6,4110.6,2406.6,278.4,272.4,512.8,10316,1798.8,2724,11424,2060.2,1041.6,12820,0xD16B0E95
1269,0,531841,531.841,0,0,OK,4622.2,4619.2,4619.2,4619.2,4619.2,4619.2,4619.2,4619.2,4619.2,0.00,4619.2,4619.2,4619.2,0.80,791.2,791.2,1031.6,4105.6,4110.6,2406.6,4111.6,4110.6,2406.6,518.8,512.8,272.4,7812,1808.8,5328,19136,1809.8,1041.6,15524,0xD581D2DE
1270,0,531943,531.943,0,0,OK,4626.2,4619.2,4619.2,4619.2,4619.2,4619.2,4619.2,4619.2,4619.2,0.00,4619.2,4619.2,4619.2,231.76,1031.6,1031.6,1031.6,2171.2,2407.6,2407.6,2407.6,2407.6,2407.6,769.2,532.8,512.8,5308,2049.2,5328,14028,1559.4,1031.6,20532,0xA31B19C0
1271,0,532044,532.044,0,0,OK,4620.2,4619.2,4619.2,4619.2,4619.2,4619.2,4619.2,4619.2,4619.2,0.00,4619.2,4619.2,4619.2,231.76,1031.6,791.2,791.2,2171.2,4111.6,4110.6,2406.6,4111.6,4110.6,267.4,272.4,262.4,7812,1558.4,5328,13828,2050.2,1031.6,23136,0x52B2ABC3
1272,0,532146,532.146,0,0,OK,4621.2,4619.2,4619.2,4619.2,4619.2,4619.2,4619.2,4619.2,4619.2,0.00,4619.2,4619.2,4619.2,0.80,791.2,1031.6,1031.6,4105.6,2406.6,2407.6,4111.6,2406.6,2407.6,528.8,522.8,272.4,7712,2049.2,5128,16532,1809.8,1041.6,10256,0x28D88386
1273,0,532248,532.248,0,0,OK,4623.2,4619.2,4619.2,4619.2,4619.2,4619.2,4619.2,4619.2,4619.2,0.00,4619.2,4619.2,4619.2,0.80,1031.6,791.2,1031.6,2171.2,4111.6,2406.6,2407.6,4111.6,2406.6,518.8,272.4,522.8,5308,2049.2,5228,16432,1559.4,1292.0,17928,0x35C4FB35
1274,0,532349,532.349,0,0,OK,4626.2,4619.2,4619.2,4619.2,4619.2,4619.2,4619.2,4619.2,4619.2,0.00,4619.2,4619.2,4619.2,0.80,791.2,1031.6,1031.6,4105.6,2406.6,2407.6,4111.6,2406.6,2407.6,268.4,272.4,272.4,7912,1808.8,2624,21540,1809.8,1292.0,10416,0x3B762A5F
1275,0,532451,532.451,0,0,OK,4625.2,4619.2,4619.2,4619.2,4619.2,4619.2,4619.2,4619.2,4619.2,0.00,4619.2,4619.2,4619.2,231.76,791.2,1031.6,1031.6,4105.6,2406.6,2407.6,4111.6,2406.6,2407.6,268.4,262.4,262.4,7712,2059.2,2724,16432,2050.2,1041.6,13020,0x27B7BAEB
1276,0,532552,532.552,0,0,OK,4624.2,4619.2,4619.2,4619.2,4619.2,4619.2,4619.2,4619.2,4619.2,0.00,4619.2,4619.2,4619.2,231.76,1031.6,1031.6,791.2,2171.2,2407.6,4111.6,2406.6,2407.6,4111.6,768.2,532.8,262.4,5308,1558.4,5228,11424,1559.4,1282.0,240,0xE7F9C1D0
1277,0,532654,532.654,0,0,OK,4628.2,4619.2,4619.2,4619.2,4619.2,4619.2,4619.2,4619.2,4619.2,0.00,4619.2,4619.2,4619.2,0.80,791.2,791.2,791.2,4105.6,4110.6,4110.6,4110.6,4110.6,4110.6,267.4,262.4,262.4,7912,1798.8,5228,13828,2060.2,791.2,15424,0xF7500FE9
1278,0,532756,532.756,0,0,OK,4628.2,4619.2,4619.2,4619.2,4619.2,4619.2,4619.2,4619.2,4619.2,0.00,4619.2,4619.2,4619.2,231.76,1031.6,1031.6,791.2,2171.2,2407.6,4111.6,2406.6,2407.6,4111.6,267.4,512.8,532.8,5308,1798.8,5228,21540,2060.2,1292.0,18028,0x957F1490
1279,0,532857,532.857,0,0,OK,4619.2,4619.2,4619.2,4619.2,4619.2,4619.2,4619.2,4619.2,4619.2,0.00,4619.2,4619.2,4619.2,231.76,1031.6,1031.6,1031.6,2171.2,2407.6,2407.6,2407.6,2407.6,2407.6,268.4,522.8,522.8,7812,1558.4,5128,16532,1799.8,1282.0,20532,0x86DC06CA
1280,0,532959,532.959,0,0,OK,4624.2,4619.2,4619.2,4619.2,4619.2,4619.2,4619.2,4619.2,4619.2,0.00,4619.2,4619.2,4619.2,231.76,791.2,1031.6,1031.6,4105.6,2406.6,2407.6,4111.6,2406.6,2407.6,769.2,272.4,522.8,5308,1558.4,5128,19136,2050.2,1031.6,23136,0x8C2FB044
1281,0,533060,533.060,0,0,OK,4624.2,4619.2,4619.2,4619.2,4619.2,4619.2,4619.2,4619.2,4619.2,0.00,4619.2,4619.2,4619.2,232.76,1031.6,791.2,1031.6,2171.2,4111.6,2406.6,2407.6,4111.6,2406.6,769.2,522.8,512.8,5308,1798.8,5328,14028,2060.2,791.2,5348,0x81FCF14E
1282,0,533162,533.162,0,0,OK,4621.2,4619.2,4619.2,4619.2,4619.2,4619.2,4619.2,4619.2,4619.2,0.00,4619.2,4619.2,4619.2,0.80,791.2,791.2,1031.6,4105.6,4110.6,2406.6,4111.6,4110.6,2406.6,268.4,272.4,272.4,10316,1558.4,2624,16432,2060.2,1031.6,18128,0x9A847A1F
1283,0,533263,533.263,0,0,OK,4620.2,4619.2,4619.2,4619.2,4619.2,4619.2,4619.2,4619.2,4619.2,0.00,4619.2,4619.2,4619.2,232.76,1031.6,1031.6,791.2,2171.2,2407.6,4111.6,2406.6,2407.6,4111.6,768.2,522.8,262.4,10316,1808.8,5128,11424,1559.4,791.2,10356,0xDAD7E7E2
1284,0,533365,533.365,0,0,OK,4624.2,4619.2,4619.2,4619.2,4619.2,4619.2,4619.2,4619.2,4619.2,0.00,4619.2,4619.2,4619.2,232.76,791.2,1031.6,791.2,4105.6,2406.6,4111.6,4110.6,2406.6,4111.6,768.2,272.4,522.8,7712,1798.8,2724,16432,1799.8,791.2,12860,0xB880395F
1285,0,533467,533.467,0,0,OK,4624.2,4619.2,4619.2,4619.2,4619.2,4619.2,4619.2,4619.2,4619.2,0.00,4619.2,4619.2,4619.2,232.76,791.2,791.2,791.2,4105.6,4110.6,4110.6,4110.6,4110.6,4110.6,768.2,262.4,272.4,5308,2059.2,2624,13828,2060.2,1292.0,5148,0x03B899EF
1286,0,533568,533.568,0,0,OK,4627.2,4619.2,4619.2,4619.2,4619.2,4619.2,4619.2,4619.2,4619.2,0.00,4619.2,4619.2,4619.2,231.76,1031.6,791.2,1031.6,2171.2,4111.6,2406.6,2407.6,4111.6,2406.6,528.8,262.4,522.8,5308,1808.8,5228,16532,1799.8,1041.6,10256,0xBA5E1DB2
1287,0,533670,533.670,0,0,OK,4619.2,4619.2,4619.2,4619.2,4619.2,4619.2,4619.2,4619.2,4619.2,0.00,4619.2,4619.2,4619.2,231.76,791.2,791.2,1031.6,4105.6,4110.6,2406.6,4111.6,4110.6,2406.6,528.8,512.8,262.4,7912,1558.4,5328,16632,1799.8,1282.0,10456,0xF3BE0E4A
1288,0,533771,533.771,0,0,OK,4622.2,4619.2,4619.2,4619.2,4619.2,4619.2,4619.2,4619.2,4619.2,0.00,4619.2,4619.2,4619.2,232.76,1031.6,791.2,791.2,2171.2,4111.6,4110.6,2406.6,4111.6,4110.6,768.2,522.8,522.8,7812,1798.8,5328,19136,1809.8,1292.0,10316,0x25874479
1289,0,533873,533.873,0,0,OK,4623.2,4619.2,4619.2,4619.2,4619.2,4619.2,4619.2,4619.2,4619.2,0.00,4619.2,4619.2,4619.2,232.76,1031.6,1031.6,1031.6,2171.2,2407.6,2407.6,2407.6,2407.6,2407.6,518.8,262.4,522.8,10316,2049.2,5128,16532,1809.8,1041.6,10356,0x8CC98AE2
1290,0,533974,533.974,0,0,OK,4628.2,4619.2,4619.2,4619.2,4619.2,4619.2,4619.2,4619.2,4619.2,0.00,4619.2,4619.2,4619.2,231.76,1031.6,791.2,791.2,2171.2,4111.6,4110.6,2406.6,4111.6,4110.6,267.4,262.4,512.8,10316,2049.2,5328,13828,2050.2,791.2,12920,0x08B5C170
1291,0,534076,534.076,0,0,OK,4620.2,4619.2,4619.2,4619.2,4619.2,4619.2,4619.2,4619.2,4619.2,0.00,4619.2,4619.2,4619.2,0.80,791.2,1031.6,1031.6,4105.6,2406.6,2407.6,4111.6,2406.6,2407.6,268.4,512.8,272.4,7712,2059.2,5228,13928,1559.4,1031.6,15424,0x5C1037EB
1292,0,534178,534.178,0,0,OK,4626.2,4619.2,4619.2,4619.2,4619.2,4619.2,4619.2,4619.2,4619.2,0.00,4619.2,4619.2,4619.2,231.76,791.2,791.2,1031.6,4105.6,4110.6,2406.6,4111.6,4110.6,2406.6,518.8,272.4,272.4,7812,1808.8,2724,14028,1559.4,1292.0,2644,0x15BE9BB9
1293,0,534279,534.279,0,0,OK,4624.2,4619.2,4619.2,4619.2,4619.2,4619.2,4619.2,4619.2,4619.2,0.00,4619.2,4619.2,4619.2,0.80,791.2,791.2,791.2,4105.6,4110.6,4110.6,4110.6,4110.6,4110.6,267.4,532.8,512.8,10316,2059.2,2624,14028,1559.4,1041.6,15524,0xDD36CCCD
1294,0,534381,534.381,0,0,OK,4624.2,4619.2,4619.2,4619.2,4619.2,4619.2,4619.2,4619.2,4619.2,0.00,4619.2,4619.2,4619.2,232.76,1031.6,1031.6,791.2,2171.2,2407.6,4111.6,2406.6,2407.6,4111.6,267.4,272.4,272.4,10316,2059.2,2724,19036,1809.8,1292.0,10416,0x1AEC1F05
1295,0,534482,534.482,0,0,OK,4623.2,4619.2,4619.2,4619.2,4619.2,4619.2,4619.2,4619.2,4619.2,0.00,4619.2,4619.2,4619.2,231.76,791.2,1031.6,791.2,4105.6,2406.6,4111.6,4110.6,2406.6,4111.6,517.8,532.8,262.4,7812,2059.2,5228,19136,2050.2,1041.6,5348,0x3F2D2C47
1296,0,534584,534.584,0,0,OK,4626.2,4619.2,4619.2,4619.2,4619.2,4619.2,4619.2,4619.2,4619.2,0.00,4619.2,4619.2,4619.2,0.80,791.2,1031.6,1031.6,4105.6,2406.6,2407.6,4111.6,2406.6,2407.6,769.2,262.4,272.4,5308,1808.8,5328,13828,2050.2,1282.0,10256,0xBA4277E0
1297,0,534686,534.686,0,0,OK,4625.2,4619.2,4619.2,4619.2,4619.2,4619.2,4619.2,4619.2,4619.2,0.00,4619.2,4619.2,4619.2,232.76,791.2,1031.6,1031.6,4105.6,2406.6,2407.6,4111.6,2406.6,2407.6,528.8,522.8,272.4,7812,2059.2,5228,19036,1559.4,1282.0,10456,0x7E6C0885
1298,0,534787,534.787,0,0,OK,4622.2,4619.2,4619.2,4619.2,4619.2,4619.2,4619.2,4619.2,4619.2,0.00,4619.2,4619.2,4619.2,232.76,791.2,791.2,791.2,4105.6,4110.6,4110.6,4110.6,4110.6,4110.6,527.8,512.8,532.8,7712,1808.8,2624,19136,2050.2,791.2,10356,0x67E55D14
1299,0,534889,534.889,0,0,OK,4627.2,4619.2,4619.2,4619.2,4619.2,4619.2,4619.2,4619.2,4619.2,0.00,4619.2,4619.2,4619.2,232.76,1031.6,1031.6,791.2,2171.2,2407.6,4111.6,2406.6,2407.6,4111.6,527.8,522.8,262.4,5308,2049.2,2724,16532,2050.2,1041.6,10356,0x83280BEF
1300,0,534990,534.990,0,0,OK,4624.2,4619.2,4619.2,4619.2,4619.2,4619.2,4619.2,4619.2,4619.2,0.00,4619.2,4619.2,4619.2,231.76,1031.6,791.2,1031.6,2171.2,4111.6,2406.6,2407.6,4111.6,2406.6,268.4,272.4,512.8,7812,1798.8,5228,16432,2060.2,1292.0,18028,0x8DD84B3C
1301,0,535092,535.092,0,0,OK,4628.2,4619.2,4619.2,4619.2,4619.2,4619.2,4619.2,4619.2,4619.2,0.00,4619.2,4619.2,4619.2,0.80,1031.6,1031.6,791.2,2171.2,2407.6,4111.6,2406.6,2407.6,4111.6,267.4,262.4,532.8,5308,1558.4,2724,19136,2060.2,1282.0,2744,0x85C7A4BA
1302,0,535194,535.194,0,0,OK,4621.2,4619.2,4619.2,4619.2,4619.2,4619.2,4619.2,4619.2,4619.2,0.00,4619.2,4619.2,4619.2,231.76,791.2,791.2,1031.6,4105.6,4110.6,2406.6,4111.6,4110.6,2406.6,769.2,532.8,262.4,7912,1798.8,5328,16532,2050.2,1031.6,40,0xF2FFDA08
1303,0,535295,535.295,0,0,OK,4628.2,4619.2,4619.2,4619.2,4619.2,4619.2,4619.2,4619.2,4619.2,0.00,4619.2,4619.2,4619.2,232.76,1031.6,1031.6,1031.6,2171.2,2407.6,2407.6,2407.6,2407.6,2407.6,518.8,262.4,532.8,7912,2049.2,5128,19036,1799.8,1031.6,140,0x27C7E2C1
1304,0,535397,535.397,0,0,OK,4622.2,4619.2,4619.2,4619.2,4619.2,4619.2,4619.2,4619.2,4619.2,0.00,4619.2,4619.2,4619.2,0.80,1031.6,791.2,791.2,2171.2,4111.6,4110.6,2406.6,4111.6,4110.6,517.8,262.4,262.4,10316,1798.8,2624,14028,1809.8,791.2,10316,0xED90BC22
1305,0,535499,535.499,0,0,OK,4620.2,4619.2,4619.2,4619.2,4619.2,4619.2,4619.2,4619.2,4619.2,0.00,4619.2,4619.2,4619.2,0.80,1031.6,1031.6,791.2,2171.2,2407.6,4111.6,2406.6,2407.6,4111.6,768.2,512.8,262.4,7912,1798.8,2624,19036,1809.8,1031.6,7852,0xCA391069
1306,0,535600,535.600,0,0,OK,4624.2,4619.2,4619.2,4619.2,4619.2,4619.2,4619.2,4619.2,4619.2,0.00,4619.2,4619.2,4619.2,231.76,791.2,1031.6,1031.6,4105.6,2406.6,2407.6,4111.6,2406.6,2407.6,528.8,272.4,522.8,5308,1798.8,5228,11424,2060.2,1292.0,23136,0x58E82E41
1307,0,535702,535.702,0,0,OK,4624.2,4619.2,4619.2,4619.2,4619.2,4619.2,4619.2,4619.2,4619.2,0.00,4619.2,4619.2,4619.2,0.80,791.2,1031.6,791.2,4105.6,2406.6,4111.6,4110.6,2406.6,4111.6,768.2,262.4,512.8,7912,2049.2,5328,16632,1799.8,1292.0,13020,0xA93E1064
1308,0,535803,535.803,0,0,OK,4619.2,4619.2,4619.2,4619.2,4619.2,4619.2,4619.2,4619.2,4619.2,0.00,4619.2,4619.2,4619.2,232.76,1031.6,791.2,791.2,2171.2,4111.6,4110.6,2406.6,4111.6,4110.6,267.4,522.8,262.4,10316,2049.2,2724,16432,2060.2,1292.0,10316,0xF3080CC1
1309,0,535905,535.905,0,0,OK,4619.2,4619.2,4619.2,4619.2,4619.2,4619.2,4619.2,4619.2,4619.2,0.00,4619.2,4619.2,4619.2,232.76,791.2,1031.6,1031.6,4105.6,2406.6,2407.6,4111.6,2406.6,2407.6,769.2,522.8,512.8,7712,1558.4,5328,11424,1559.4,1282.0,7752,0x64139242
1310,0,536007,536.007,0,0,OK,4619.2,4619.2,4619.2,4619.2,4619.2,4619.2,4619.2,4619.2,4619.2,0.00,4619.2,4619.2,4619.2,231.76,1031.6,791.2,791.2,2171.2,4111.6,4110.6,2406.6,4111.6,4110.6,768.2,262.4,272.4,5308,1558.4,2624,11424,1559.4,791.2,10456,0x81684C93
1311,0,536108,536.108,0,0,OK,4620.2,4619.2,4619.2,4619.2,4619.2,4619.2,4619.2,4619.2,4619.2,0.00,4619.2,4619.2,4619.2,231.76,1031.6,791.2,1031.6,2171.2,4111.6,2406.6,2407.6,4111.6,2406.6,278.4,272.4,522.8,7712,1558.4,2724,19036,1559.4,1041.6,23136,0x95FC1B47
1312,0,536210,536.210,0,0,OK,4627.2,4619.2,4619.2,4619.2,4619.2,4619.2,4619.2,4619.2,4619.2,0.00,4619.2,4619.2,4619.2,231.76,1031.6,1031.6,1031.6,2171.2,2407.6,2407.6,2407.6,2407.6,2407.6,528.8,532.8,512.8,5308,1808.8,2624,19136,1799.8,1031.6,13020,0x6D24A739
1313,0,536312,536.312,0,0,OK,4622.2,4619.2,4619.2,4619.2,4619.2,4619.2,4619.2,4619.2,4619.2,0.00,4619.2,4619.2,4619.2,232.76,791.2,1031.6,1031.6,4105.6,2406.6,2407.6,4111.6,2406.6,2407.6,769.2,512.8,262.4,7712,1558.4,2624,13928,1559.4,1031.6,18128,0x7E80CDE4
1314,0,536413,536.413,0,0,OK,4628.2,4619.2,4619.2,4619.2,4619.2,4619.2,4619.2,4619.2,4619.2,0.00,4619.2,4619.2,4619.2,231.76,1031.6,791.2,791.2,2171.2,4111.6,4110.6,2406.6,4111.6,4110.6,517.8,272.4,522.8,7912,1808.8,5128,19136,1799.8,1041.6,18128,0xCC33E09F
1315,0,536515,536.515,0,0,OK,4628.2,4619.2,4619.2,4619.2,4619.2,4619.2,4619.2,4619.2,4619.2,0.00,4619.2,4619.2,4619.2,232.76,1031.6,791.2,1031.6,2171.2,4111.6,2406.6,2407.6,4111.6,2406.6,278.4,512.8,522.8,7812,1558.4,2724,16632,2050.2,791.2,15424,0xD9F9CA71
1316,0,536617,536.617,0,0,OK,4628.2,4619.2,4619.2,4619.2,4619.2,4619.2,4619.2,4619.2,4619.2,0.00,4619.2,4619.2,4619.2,232.76,1031.6,791.2,791.2,2171.2,4111.6,4110.6,2406.6,4111.6,4110.6,768.2,272.4,262.4,10316,1808.8,2624,11424,1809.8,1292.0,10356,0xC937997F
1317,0,536718,536.718,0,0,OK,4619.2,4619.2,4619.2,4619.2,4619.2,4619.2,4619.2,4619.2,4619.2,0.00,4619.2,4619.2,4619.2,0.80,791.2,791.2,1031.6,4105.6,4110.6,2406.6,4111.6,4110.6,2406.6,528.8,262.4,512.8,7912,1798.8,2624,13828,1559.4,791.2,40,0xAC710F1E
1318,0,536820,536.820,0,0,OK,4626.2,4619.2,4619.2,4619.2,4619.2,4619.2,4619.2,4619.2,4619.2,0.00,4619.2,4619.2,4619.2,231.76,1031.6,1031.6,791.2,2171.2,2407.6,4111.6,2406.6,2407.6,4111.6,277.4,522.8,512.8,10316,2049.2,5128,19136,2050.2,1282.0,240,0x5C0CC8BC
1319,0,536922,536.922,0,0,OK,4621.2,4619.2,4619.2,4619.2,4619.2,4619.2,4619.2,4619.2,4619.2,0.00,4619.2,4619.2,4619.2,232.76,1031.6,1031.6,791.2,2171.2,2407.6,4111.6,2406.6,2407.6,4111.6,768.2,532.8,272.4,7812,2059.2,5328,16432,1809.8,1041.6,7752,0x00C04C90
1320,0,537023,537.023,0,0,OK,4623.2,4619.2,4619.2,4619.2,4619.2,4619.2,4619.2,4619.2,4619.2,0.00,4619.2,4619.2,4619.2,0.80,1031.6,791.2,791.2,2171.2,4111.6,4110.6,2406.6,4111.6,4110.6,527.8,262.4,522.8,7712,1558.4,5228,13928,1559.4,1041.6,5148,0x705D93C3
1321,0,537125,537.125,0,0,OK,4621.2,4619.2,4619.2,4619.2,4619.2,4619.2,4619.2,4619.2,4619.2,0.00,4619.2,4619.2,4619.2,231.76,1031.6,791.2,791.2,2171.2,4111.6,4110.6,2406.6,4111.6,4110.6,527.8,272.4,522.8,7912,1798.8,5328,21540,1799.8,1041.6,7852,0xA49324A0
1322,0,537226,537.226,0,0,OK,4626.2,4619.2,4619.2,4619.2,4619.2,4619.2,4619.2,4619.2,4619.2,0.00,4619.2,4619.2,4619.2,0.80,1031.6,1031.6,791.2,2171.2,2407.6,4111.6,2406.6,2407.6,4111.6,527.8,512.8,272.4,5308,1808.8,2724,13928,2050.2,1041.6,13020,0xEC05B42D
1323,0,537328,537.328,0,0,OK,4626.2,4619.2,4619.2,4619.2,4619.2,4619.2,4619.2,4619.2,4619.2,0.00,4619.2,4619.2,4619.2,232.76,1031.6,1031.6,1031.6,2171.2,2407.6,2407.6,2407.6,2407.6,2407.6,518.8,532.8,522.8,7912,1558.4,5328,16532,2050.2,1031.6,10416,0x396C7633
1324,0,537430,537.430,0,0,OK,4628.2,4619.2,4619.2,4619.2,4619.2,4619.2,4619.2,4619.2,4619.2,0.00,4619.2,4619.2,4619.2,0.80,791.2,791.2,791.2,4105.6,4110.6,4110.6,4110.6,4110.6,4110.6,527.8,522.8,272.4,7912,2059.2,2724,21540,2060.2,791.2,10456,0x59F01C3A
1325,0,537531,537.531,0,0,OK,4625.2,4619.2,4619.2,4619.2,4619.2,4619.2,4619.2,4619.2,4619.2,0.00,4619.2,4619.2,4619.2,0.80,791.2,1031.6,791.2,4105.6,2406.6,4111.6,4110.6,2406.6,4111.6,277.4,532.8,262.4,7812,1558.4,5328,21540,2060.2,1041.6,12820,0x6E572C83
1326,0,537633,537.633,0,0,OK,4627.2,4619.2,4619.2,4619.2,4619.2,4619.2,4619.2,4619.2,4619.2,0.00,4619.2,4619.2,4619.2,232.76,791.2,1031.6,791.2,4105.6,2406.6,4111.6,4110.6,2406.6,4111.6,517.8,262.4,272.4,10316,2059.2,2624,16632,2060.2,1041.6,23136,0x51348C18
1327,0,537735,537.735,0,0,OK,4623.2,4619.2,4619.2,4619.2,4619.2,4619.2,4619.2,4619.2,4619.2,0.00,4619.2,4619.2,4619.2,232.76,1031.6,791.2,791.2,2171.2,4111.6,4110.6,2406.6,4111.6,4110.6,267.4,512.8,272.4,10316,1558.4,2624,19136,1809.8,791.2,23236,0x2BA8E54F
1328,0,537836,537.836,0,0,OK,4622.2,4619.2,4619.2,4619.2,4619.2,4619.2,4619.2,4619.2,4619.2,0.00,4619.2,4619.2,4619.2,232.76,1031.6,791.2,1031.6,2171.2,4111.6,2406.6,2407.6,4111.6,2406.6,769.2,512.8,272.4,10316,1558.4,5328,21540,1559.4,791.2,10356,0xBD2AE060
1329,0,537938,537.938,0,0,OK,4626.2,4619.2,4619.2,4619.2,4619.2,4619.2,4619.2,4619.2,4619.2,0.00,4619.2,4619.2,4619.2,232.76,791.2,1031.6,791.2,4105.6,2406.6,4111.6,4110.6,2406.6,4111.6,517.8,272.4,512.8,7912,1808.8,2624,16432,1809.8,1292.0,23136,0xCF4A21CB
1330,0,538040,538.040,0,0,OK,4622.2,4619.2,4619.2,4619.2,4619.2,4619.2,4619.2,4619.2,4619.2,0.00,4619.2,4619.2,4619.2,232.76,791.2,791.2,791.2,4105.6,4110.6,4110.6,4110.6,4110.6,4110.6,527.8,512.8,512.8,10316,1798.8,5228,21540,2060.2,1031.6,5148,0xD2F37698
1331,0,538141,538.141,0,0,OK,4625.2,4619.2,4619.2,4619.2,4619.2,4619.2,4619.2,4619.2,4619.2,0.00,4619.2,4619.2,4619.2,0.80,1031.6,791.2,1031.6,2171.2,4111.6,2406.6,2407.6,4111.6,2406.6,278.4,512.8,512.8,7812,2049.2,2624,13828,2050.2,1031.6,7752,0x33F73612
1332,0,538243,538.243,0,0,OK,4624.2,4619.2,4619.2,4619.2,4619.2,4619.2,4619.2,4619.2,4619.2,0.00,4619.2,4619.2,4619.2,231.76,791.2,1031.6,1031.6,4105.6,2406.6,2407.6,4111.6,2406.6,2407.6,769.2,512.8,512.8,7812,2049.2,2724,16432,2060.2,1031.6,12860,0xCB534D8D
1333,0,538345,538.345,0,0,OK,4625.2,4619.2,4619.2,4619.2,4619.2,4619.2,4619.2,4619.2,4619.2,0.00,4619.2,4619.2,4619.2,0.80,1031.6,791.2,791.2,2171.2,4111.6,4110.6,2406.6,4111.6,4110.6,277.4,272.4,262.4,7912,2049.2,5228,16532,1559.4,1031.6,18028,0x9103A892
1334,0,538446,538.446,0,0,OK,4625.2,4619.2,4619.2,4619.2,4619.2,4619.2,4619.2,4619.2,4619.2,0.00,4619.2,4619.2,4619.2,232.76,1031.6,791.2,791.2,2171.2,4111.6,4110.6,2406.6,4111.6,4110.6,277.4,272.4,512.8,5308,1558.4,5128,16632,2060.2,1041.6,12920,0x02BFEDB5
1335,0,538548,538.548,0,0,OK,4626.2,4619.2,4619.2,4619.2,4619.2,4619.2,4619.2,4619.2,4619.2,0.00,4619.2,4619.2,4619.2,0.80,1031.6,1031.6,791.2,2171.2,2407.6,4111.6,2406.6,2407.6,4111.6,527.8,272.4,262.4,7812,1808.8,5128,13828,2050.2,1041.6,20532,0x23C05DF5
1336,0,538649,538.649,0,0,OK,4626.2,4619.2,4619.2,4619.2,4619.2,4619.2,4619.2,4619.2,4619.2,0.00,4619.2,4619.2,4619.2,231.76,1031.6,791.2,1031.6,2171.2,4111.6,2406.6,2407.6,4111.6,2406.6,518.8,512.8,512.8,7812,2059.2,5128,16532,1809.8,791.2,12860,0xB9747D02
1337,0,538751,538.751,0,0,OK,4624.2,4619.2,4619.2,4619.2,4619.2,4619.2,4619.2,4619.2,4619.2,0.00,4619.2,4619.2,4619.2,0.80,791.2,791.2,791.2,4105.6,4110.6,4110.6,4110.6,4110.6,4110.6,277.4,262.4,262.4,10316,1808.8,5328,16532,1809.8,791.2,12920,0xC7E33833
1338,0,538853,538.853,0,0,OK,4620.2,4619.2,4619.2,4619.2,4619.2,4619.2,4619.2,4619.2,4619.2,0.00,4619.2,4619.2,4619.2,232.76,1031.6,1031.6,1031.6,2171.2,2407.6,2407.6,2407.6,2407.6,2407.6,518.8,512.8,532.8,7812,1798.8,2624,21540,1559.4,1292.0,5148,0x116DE68D
1339,0,538954,538.954,0,0,OK,4626.2,4619.2,4619.2,4619.2,4619.2,4619.2,4619.2,4619.2,4619.2,0.00,4619.2,4619.2,4619.2,0.80,791.2,791.2,791.2,4105.6,4110.6,4110.6,4110.6,4110.6,4110.6,517.8,522.8,262.4,10316,1558.4,5128,14028,2060.2,1041.6,18128,0x1B138419
1340,0,539056,539.056,0,0,OK,4624.2,4619.2,4619.2,4619.2,4619.2,4619.2,4619.2,4619.2,4619.2,0.00,4619.2,4619.2,4619.2,0.80,791.2,791.2,791.2,4105.6,4110.6,4110.6,4110.6,4110.6,4110.6,517.8,522.8,272.4,10316,2059.2,5228,13828,2050.2,791.2,7852,0xE3F83EBF
1341,0,539157,539.157,0,0,OK,4625.2,4619.2,4619.2,4619.2,4619.2,4619.2,4619.2,4619.2,4619.2,0.00,4619.2,4619.2,4619.2,0.80,1031.6,1031.6,791.2,2171.2,2407.6,4111.6,2406.6,2407.6,4111.6,517.8,272.4,522.8,7712,1808.8,2624,16532,2060.2,1292.0,13020,0x0714B4FF
1342,0,539259,539.259,0,0,OK,4625.2,4619.2,4619.2,4619.2,4619.2,4619.2,4619.2,4619.2,4619.2,0.00,4619.2,4619.2,4619.2,231.76,791.2,1031.6,1031.6,4105.6,2406.6,2407.6,4111.6,2406.6,2407.6,268.4,532.8,272.4,7812,1808.8,5128,13828,1799.8,791.2,20732,0x458CA1FD
1343,0,539361,539.361,0,0,OK,4626.2,4619.2,4619.2,4619.2,4619.2,4619.2,4619.2,4619.2,4619.2,0.00,4619.2,4619.2,4619.2,0.80,791.2,1031.6,791.2,4105.6,2406.6,4111.6,4110.6,2406.6,4111.6,277.4,532.8,262.4,10316,2049.2,5328,19036,1809.8,1292.0,13020,0x209C80F5
1344,0,539462,539.462,0,0,OK,4628.2,4619.2,4619.2,4619.2,4619.2,4619.2,4619.2,4619.2,4619.2,0.00,4619.2,4619.2,4619.2,0.80,791.2,1031.6,1031.6,4105.6,2406.6,2407.6,4111.6,2406.6,2407.6,769.2,512.8,262.4,7712,1808.8,2724,19136,2050.2,791.2,23236,0x307F0210
1345,0,539564,539.564,0,0,OK,4626.2,4619.2,4619.2,4619.2,4619.2,4619.2,4619.2,4619.2,4619.2,0.00,4619.2,4619.2,4619.2,0.80,791.2,791.2,791.2,4105.6,4110.6,4110.6,4110.6,4110.6,4110.6,277.4,522.8,272.4,7712,2049.2,5128,14028,2060.2,791.2,12820,0x7A2677CB
1346,0,539666,539.666,0,0,OK,4621.2,4619.2,4619.2,4619.2,4619.2,4619.2,4619.2,4619.2,4619.2,0.00,4619.2,4619.2,4619.2,0.80,791.2,791.2,791.2,4105.6,4110.6,4110.6,4110.6,4110.6,4110.6,517.8,512.8,512.8,10316,2049.2,2724,14028,1559.4,1292.0,12860,0xD8623FCB
1347,0,539767,539.767,0,0,OK,4619.2,4619.2,4619.2,4619.2,4619.2,4619.2,4619.2,4619.2,4619.2,0.00,4619.2,4619.2,4619.2,0.80,791.2,791.2,1031.6,4105.6,4110.6,2406.6,4111.6,4110.6,2406.6,518.8,512.8,522.8,7712,2049.2,2724,13928,1809.8,1282.0,17928,0xB1FA8977
1348,0,539869,539.869,0,0,OK,4620.2,4619.2,4619.2,4619.2,4619.2,4619.2,4619.2,4619.2,4619.2,0.00,4619.2,4619.2,4619.2,231.76,791.2,1031.6,791.2,4105.6,2406.6,4111.6,4110.6,2406.6,4111.6,527.8,512.8,272.4,7712,2059.2,5128,19136,2050.2,791.2,23236,0xAC013971
1349,0,539970,539.970,0,0,OK,4619.2,4619.2,4619.2,4619.2,4619.2,4619.2,4619.2,4619.2,4619.2,0.00,4619.2,4619.2,4619.2,231.76,1031.6,791.2,791.2,2171.2,4111.6,4110.6,2406.6,4111.6,4110.6,768.2,512.8,532.8,5308,1798.8,5328,13828,1809.8,1041.6,15524,0x134A1B40
1350,0,540072,540.072,0,0,OK,4620.2,4619.2,4619.2,4619.2,4619.2,4619.2,4619.2,4619.2,4619.2,0.00,4619.2,4619.2,4619.2,231.76,1031.6,791.2,791.2,2171.2,4111.6,4110.6,2406.6,4111.6,4110.6,768.2,272.4,512.8,5308,1558.4,5128,14028,1559.4,1292.0,17928,0x3D3C3099
1351,0,540174,540.174,0,0,OK,4622.2,4619.2,4619.2,4619.2,4619.2,4619.2,4619.2,4619.2,4619.2,0.00,4619.2,4619.2,4619.2,0.80,1031.6,1031.6,1031.6,2171.2,2407.6,2407.6,2407.6,2407.6,2407.6,528.8,512.8,532.8,7912,2059.2,5328,16532,2060.2,1041.6,10456,0x92275E10
1352,0,540275,540.275,0,0,OK,4625.2,4619.2,4619.2,4619.2,4619.2,4619.2,4619.2,4619.2,4619.2,0.00,4619.2,4619.2,4619.2,232.76,1031.6,1031.6,1031.6,2171.2,2407.6,2407.6,2407.6,2407.6,2407.6,278.4,512.8,272.4,5308,1798.8,5228,19136,1809.8,1041.6,5248,0x237087E8
1353,0,540377,540.377,0,0,OK,4619.2,4619.2,4619.2,4619.2,4619.2,4619.2,4619.2,4619.2,4619.2,0.00,4619.2,4619.2,4619.2,0.80,791.2,791.2,791.2,4105.6,4110.6,4110.6,4110.6,4110.6,4110.6,267.4,272.4,522.8,7912,1558.4,2624,21540,2050.2,1031.6,15424,0xBD719C3B
1354,0,540479,540.479,0,0,OK,4619.2,4619.2,4619.2,4619.2,4619.2,4619.2,4619.2,4619.2,4619.2,0.00,4619.2,4619.2,4619.2,0.80,1031.6,791.2,791.2,2171.2,4111.6,4110.6,2406.6,4111.6,4110.6,517.8,512.8,512.8,7712,2059.2,5328,19136,1799.8,1031.6,10316,0xE5044A6F
1355,0,540580,540.580,0,0,OK,4624.2,4619.2,4619.2,4619.2,4619.2,4619.2,4619.2,4619.2,4619.2,0.00,4619.2,4619.2,4619.2,231.76,791.2,791.2,1031.6,4105.6,4110.6,2406.6,4111.6,4110.6,2406.6,528.8,522.8,512.8,5308,2049.2,5228,14028,1809.8,791.2,23136,0xB4C51F7F
1356,0,540682,540.682,0,0,OK,4625.2,4619.2,4619.2,4619.2,4619.2,4619.2,4619.2,4619.2,4619.2,0.00,4619.2,4619.2,4619.2,232.76,1031.6,791.2,1031.6,2171.2,4111.6,2406.6,2407.6,4111.6,2406.6,278.4,512.8,262.4,7812,1798.8,5128,16432,1809.8,791.2,7912,0x2EC17E79
1357,0,540784,540.784,0,0,OK,4621.2,4619.2,4619.2,4619.2,4619.2,4619.2,4619.2,4619.2,4619.2,0.00,4619.2,4619.2,4619.2,232.76,1031.6,791.2,1031.6,2171.2,4111.6,2406.6,2407.6,4111.6,2406.6,268.4,262.4,262.4,7712,1798.8,2724,19136,1809.8,791.2,10456,0xEFF47E38
1358,0,540885,540.885,0,0,OK,4620.2,4619.2,4619.2,4619.2,4619.2,4619.2,4619.2,4619.2,4619.2,0.00,4619.2,4619.2,4619.2,232.76,791.2,791.2,1031.6,4105.6,4110.6,2406.6,4111.6,4110.6,2406.6,518.8,272.4,532.8,7712,2049.2,5128,13828,1799.8,1041.6,20632,0x083D9168
1359,0,540987,540.987,0,0,OK,4623.2,4619.2,4619.2,4619.2,4619.2,4619.2,4619.2,4619.2,4619.2,0.00,4619.2,4619.2,4619.2,232.76,1031.6,791.2,791.2,2171.2,4111.6,4110.6,2406.6,4111.6,4110.6,267.4,532.8,522.8,7712,2049.2,5328,11424,1809.8,1041.6,2744,0xE342F5AE
1360,0,541089,541.089,0,0,OK,4622.2,4619.2,4619.2,4619.2,4619.2,4619.2,4619.2,4619.2,4619.2,0.00,4619.2,4619.2,4619.2,0.80,791.2,791.2,791.2,4105.6,4110.6,4110.6,4110.6,4110.6,4110.6,277.4,522.8,522.8,7812,1558.4,2624,16432,1559.4,1041.6,23136,0xD78455FD
1361,0,541190,541.190,0,0,OK,4627.2,4619.2,4619.2,4619.2,4619.2,4619.2,4619.2,4619.2,4619.2,0.00,4619.2,4619.2,4619.2,231.76,1031.6,791.2,1031.6,2171.2,4111.6,2406.6,2407.6,4111.6,2406.6,769.2,532.8,262.4,5308,1808.8,2624,11424,2050.2,1282.0,15424,0x374CC18B
1362,0,541292,541.292,0,0,OK,4622.2,4619.2,4619.2,4619.2,4619.2,4619.2,4619.2,4619.2,4619.2,0.00,4619.2,4619.2,4619.2,232.76,791.2,1031.6,791.2,4105.6,2406.6,4111.6,4110.6,2406.6,4111.6,768.2,532.8,532.8,5308,1798.8,2724,16432,1559.4,1041.6,40,0x7F208F66
1363,0,541394,541.394,0,0,OK,4623.2,4619.2,4619.2,4619.2,4619.2,4619.2,4619.2,4619.2,4619.2,0.00,4619.2,4619.2,4619.2,0.80,1031.6,791.2,1031.6,2171.2,4111.6,2406.6,2407.6,4111.6,2406.6,278.4,512.8,272.4,7812,2059.2,2624,19036,1559.4,791.2,12860,0x6DA910D8
1364,0,541495,541.495,0,0,OK,4620.2,4619.2,4619.2,4619.2,4619.2,4619.2,4619.2,4619.2,4619.2,0.00,4619.2,4619.2,4619.2,0.80,791.2,1031.6,1031.6,4105.6,2406.6,2407.6,4111.6,2406.6,2407.6,268.4,262.4,262.4,7712,1798.8,5128,16432,1809.8,1031.6,140,0x8DB09832
1365,0,541597,541.597,0,0,OK,4625.2,4619.2,4619.2,4619.2,4619.2,4619.2,4619.2,4619.2,4619.2,0.00,4619.2,4619.2,4619.2,232.76,1031.6,1031.6,791.2,2171.2,2407.6,4111.6,2406.6,2407.6,4111.6,277.4,272.4,512.8,10316,1558.4,2724,11424,1809.8,1282.0,12820,0x1D6D9A2D
1366,0,541698,541.698,0,0,OK,4622.2,4619.2,4619.2,4619.2,4619.2,4619.2,4619.2,4619.2,4619.2,0.00,4619.2,4619.2,4619.2,232.76,1031.6,791.2,1031.6,2171.2,4111.6,2406.6,2407.6,4111.6,2406.6,769.2,532.8,522.8,7712,1798.8,2624,13928,1809.8,1041.6,20632,0x48313C19
1367,0,541800,541.800,0,0,OK,4627.2,4619.2,4619.2,4619.2,4619.2,4619.2,4619.2,4619.2,4619.2,0.00,4619.2,4619.2,4619.2,231.76,791.2,791.2,1031.6,4105.6,4110.6,2406.6,4111.6,4110.6,2406.6,518.8,272.4,272.4,5308,1558.4,5328,13828,1809.8,791.2,7752,0xE0299A13
1368,0,541902,541.902,0,0,OK,4621.2,4619.2,4619.2,4619.2,4619.2,4619.2,4619.2,4619.2,4619.2,0.00,4619.2,4619.2,4619.2,231.76,791.2,1031.6,1031.6,4105.6,2406.6,2407.6,4111.6,2406.6,2407.6,518.8,532.8,532.8,5308,1808.8,5128,13928,1559.4,1292.0,20732,0x36DF4F68
1369,0,542003,542.003,0,0,OK,4621.2,4619.2,4619.2,4619.2,4619.2,4619.2,4619.2,4619.2,4619.2,0.00,4619.2,4619.2,4619.2,231.76,1031.6,1031.6,1031.6,2171.2,2407.6,2407.6,2407.6,2407.6,2407.6,769.2,532.8,522.8,7712,2049.2,2724,13828,1799.8,1282.0,13020,0xCF09D98F
1370,0,542105,542.105,0,0,OK,4626.2,4619.2,4619.2,4619.2,4619.2,4619.2,4619.2,4619.2,4619.2,0.00,4619.2,4619.2,4619.2,0.80,791.2,1031.6,1031.6,4105.6,2406.6,2407.6,4111.6,2406.6,2407.6,518.8,522.8,522.8,7712,1558.4,5228,21540,2050.2,1292.0,15524,0x95A0F531
1371,0,542207,542.207,0,0,OK,4628.2,4619.2,4619.2,4619.2,4619.2,4619.2,4619.2,4619.2,4619.2,0.00,4619.2,4619.2,4619.2,231.76,1031.6,791.2,791.2,2171.2,4111.6,4110.6,2406.6,4111.6,4110.6,527.8,522.8,522.8,7812,1808.8,2724,16432,2050.2,791.2,12860,0x08C53B49
1372,0,542308,542.308,0,0,OK,4624.2,4619.2,4619.2,4619.2,4619.2,4619.2,4619.2,4619.2,4619.2,0.00,4619.2,4619.2,4619.2,232.76,791.2,1031.6,791.2,4105.6,2406.6,4111.6,4110.6,2406.6,4111.6,517.8,512.8,512.8,7912,2059.2,5328,13928,1799.8,791.2,23236,0x5B8DBE8D
1373,0,542410,542.410,0,0,OK,4624.2,4619.2,4619.2,4619.2,4619.2,4619.2,4619.2,4619.2,4619.2,0.00,4619.2,4619.2,4619.2,231.76,791.2,1031.6,1031.6,4105.6,2406.6,2407.6,4111.6,2406.6,2407.6,528.8,512.8,532.8,7812,2049.2,5228,16532,2050.2,1031.6,17928,0xDC08A06B
1374,0,542511,542.511,0,0,OK,4620.2,4619.2,4619.2,4619.2,4619.2,4619.2,4619.2,4619.2,4619.2,0.00,4619.2,4619.2,4619.2,231.76,791.2,1031.6,1031.6,4105.6,2406.6,2407.6,4111.6,2406.6,2407.6,268.4,272.4,262.4,5308,2049.2,2724,16532,2060.2,1282.0,10456,0x0D5C0B8E
1375,0,542613,542.613,0,0,OK,4619.2,4619.2,4619.2,4619.2,4619.2,4619.2,4619.2,4619.2,4619.2,0.00,4619.2,4619.2,4619.2,0.80,1031.6,791.2,1031.6,2171.2,4111.6,2406.6,2407.6,4111.6,2406.6,518.8,512.8,272.4,7812,2059.2,2624,19036,2050.2,1292.0,5348,0xD84FC5E3
1376,0,542715,542.715,0,0,OK,4623.2,4619.2,4619.2,4619.2,4619.2,4619.2,4619.2,4619.2,4619.2,0.00,4619.2,4619.2,4619.2,0.80,1031.6,791.2,1031.6,2171.2,4111.6,2406.6,2407.6,4111.6,2406.6,518.8,512.8,512.8,5308,1558.4,5128,16532,2060.2,1041.6,10316,0x5DBCD191
1377,0,542816,542.816,0,0,OK,4627.2,4619.2,4619.2,4619.2,4619.2,4619.2,4619.2,4619.2,4619.2,0.00,4619.2,4619.2,4619.2,231.76,791.2,1031.6,791.2,4105.6,2406.6,4111.6,4110.6,2406.6,4111.6,267.4,522.8,272.4,10316,1798.8,5228,16632,1799.8,1041.6,20732,0xC3C74436
1378,0,542918,542.918,0,0,OK,4627.2,4619.2,4619.2,4619.2,4619.2,4619.2,4619.2,4619.2,4619.2,0.00,4619.2,4619.2,4619.2,231.76,791.2,1031.6,791.2,4105.6,2406.6,4111.6,4110.6,2406.6,4111.6,527.8,532.8,272.4,5308,1798.8,2724,19036,1809.8,1031.6,10356,0x60EA6D1E
1379,0,543020,543.020,0,0,OK,4624.2,4619.2,4619.2,4619.2,4619.2,4619.2,4619.2,4619.2,4619.2,0.00,4619.2,4619.2,4619.2,232.76,791.2,791.2,791.2,4105.6,4110.6,4110.6,4110.6,4110.6,4110.6,768.2,262.4,512.8,7812,2049.2,5328,19136,1559.4,1041.6,10416,0x7B65AAFF
1380,0,543121,543.121,0,0,OK,4627.2,4619.2,4619.2,4619.2,4619.2,4619.2,4619.2,4619.2,4619.2,0.00,4619.2,4619.2,4619.2,232.76,791.2,1031.6,791.2,4105.6,2406.6,4111.6,4110.6,2406.6,4111.6,517.8,532.8,522.8,7812,2059.2,5328,19136,1799.8,791.2,7752,0x5C0ED49F
1381,0,543223,543.223,0,0,OK,4620.2,4619.2,4619.2,4619.2,4619.2,4619.2,4619.2,4619.2,4619.2,0.00,4619.2,4619.2,4619.2,0.80,1031.6,1031.6,791.2,2171.2,2407.6,4111.6,2406.6,2407.6,4111.6,527.8,532.8,522.8,7812,2059.2,5328,14028,2060.2,1041.6,15424,0x74903E36
1382,0,543325,543.325,0,0,OK,4627.2,4619.2,4619.2,4619.2,4619.2,4619.2,4619.2,4619.2,4619.2,0.00,4619.2,4619.2,4619.2,231.76,791.2,1031.6,791.2,4105.6,2406.6,4111.6,4110.6,2406.6,4111.6,277.4,512.8,512.8,10316,1558.4,5128,13828,1809.8,1041.6,13020,0x99D05ADF
1383,0,543426,543.426,0,0,OK,4619.2,4619.2,4619.2,4619.2,4619.2,4619.2,4619.2,4619.2,4619.2,0.00,4619.2,4619.2,4619.2,0.80,791.2,791.2,1031.6,4105.6,4110.6,2406.6,4111.6,4110.6,2406.6,769.2,512.8,272.4,5308,2059.2,5228,19136,2060.2,1041.6,5248,0xF2F0EA68
1384,0,543528,543.528,0,0,OK,4620.2,4619.2,4619.2,4619.2,4619.2,4619.2,4619.2,4619.2,4619.2,0.00,4619.2,4619.2,4619.2,232.76,791.2,1031.6,1031.6,4105.6,2406.6,2407.6,4111.6,2406.6,2407.6,278.4,532.8,272.4,7812,2049.2,5128,19036,1799.8,1292.0,5148,0x0EE2DF1E
1385,0,543629,543.629,0,0,OK,4626.2,4619.2,4619.2,4619.2,4619.2,4619.2,4619.2,4619.2,4619.2,0.00,4619.2,4619.2,4619.2,232.76,791.2,791.2,791.2,4105.6,4110.6,4110.6,4110.6,4110.6,4110.6,277.4,262.4,522.8,7912,2049.2,2724,19036,2060.2,1041.6,17928,0xA7636C41
1386,0,543731,543.731,0,0,OK,4626.2,4619.2,4619.2,4619.2,4619.2,4619.2,4619.2,4619.2,4619.2,0.00,4619.2,4619.2,4619.2,231.76,1031.6,1031.6,1031.6,2171.2,2407.6,2407.6,2407.6,2407.6,2407.6,769.2,262.4,532.8,10316,2049.2,5328,16432,2060.2,1041.6,7852,0xE45ADD9F
1387,0,543833,543.833,0,0,OK,4623.2,4619.2,4619.2,4619.2,4619.2,4619.2,4619.2,4619.2,4619.2,0.00,4619.2,4619.2,4619.2,0.80,791.2,791.2,1031.6,4105.6,4110.6,2406.6,4111.6,4110.6,2406.6,518.8,512.8,522.8,7712,2049.2,5228,16532,2060.2,1041.6,5148,0xD7D4DF6A
1388,0,543934,543.934,0,0,OK,4619.2,4619.2,4619.2,4619.2,4619.2,4619.2,4619.2,4619.2,4619.2,0.00,4619.2,4619.2,4619.2,0.80,1031.6,1031.6,791.2,2171.2,2407.6,4111.6,2406.6,2407.6,4111.6,277.4,272.4,512.8,7912,1808.8,5128,16532,1799.8,1282.0,7852,0xE87A5D86
1389,0,544036,544.036,0,0,OK,4623.2,4619.2,4619.2,4619.2,4619.2,4619.2,4619.2,4619.2,4619.2,0.00,4619.2,4619.2,4619.2,232.76,1031.6,791.2,1031.6,2171.2,4111.6,2406.6,2407.6,4111.6,2406.6,769.2,522.8,522.8,7812,1808.8,5328,14028,2060.2,1292.0,10416,0x81A48CEB
1390,0,544138,544.138,0,0,OK,4621.2,4619.2,4619.2,4619.2,4619.2,4619.2,4619.2,4619.2,4619.2,0.00,4619.2,4619.2,4619.2,231.76,1031.6,791.2,1031.6,2171.2,4111.6,2406.6,2407.6,4111.6,2406.6,518.8,272.4,272.4,7812,2049.2,2724,13928,2050.2,1282.0,15424,0x3D9088EC
1391,0,544239,544.239,0,0,OK,4621.2,4619.2,4619.2,4619.2,4619.2,4619.2,4619.2,4619.2,4619.2,0.00,4619.2,4619.2,4619.2,232.76,791.2,791.2,791.2,4105.6,4110.6,4110.6,4110.6,4110.6,4110.6,267.4,262.4,522.8,7912,2059.2,5228,16632,1559.4,1031.6,7752,0x79159FB3
1392,0,544341,544.341,0,0,OK,4623.2,4619.2,4619.2,4619.2,4619.2,4619.2,4619.2,4619.2,4619.2,0.00,4619.2,4619.2,4619.2,232.76,1031.6,1031.6,791.2,2171.2,2407.6,4111.6,2406.6,2407.6,4111.6,517.8,522.8,532.8,7812,2049.2,5228,16432,2060.2,1031.6,23136,0xA57DB60A
1393,0,544443,544.443,0,0,OK,4619.2,4619.2,4619.2,4619.2,4619.2,4619.2,4619.2,4619.2,4619.2,0.00,4619.2,4619.2,4619.2,231.76,791.2,1031.6,1031.6,4105.6,2406.6,2407.6,4111.6,2406.6,2407.6,268.4,512.8,532.8,7712,1798.8,5228,11424,1799.8,1031.6,140,0x55A670F0
1394,0,544544,544.544,0,0,OK,4622.2,4619.2,4619.2,4619.2,4619.2,4619.2,4619.2,4619.2,4619.2,0.00,4619.2,4619.2,4619.2,232.76,791.2,1031.6,791.2,4105.6,2406.6,4111.6,4110.6,2406.6,4111.6,768.2,272.4,522.8,7712,1798.8,2624,21540,1799.8,1041.6,15524,0xC8E6D8C8
1395,0,544646,544.646,0,0,OK,4619.2,4619.2,4619.2,4619.2,4619.2,4619.2,4619.2,4619.2,4619.2,0.00,4619.2,4619.2,4619.2,0.80,791.2,791.2,791.2,4105.6,4110.6,4110.6,4110.6,4110.6,4110.6,277.4,272.4,272.4,5308,1808.8,5328,13828,2060.2,1292.0,23236,0xAE0CBC24
1396,0,544748,544.748,0,0,OK,4626.2,4619.2,4619.2,4619.2,4619.2,4619.2,4619.2,4619.2,4619.2,0.00,4619.2,4619.2,4619.2,232.76,791.2,791.2,1031.6,4105.6,4110.6,2406.6,4111.6,4110.6,2406.6,769.2,512.8,532.8,7912,1558.4,5128,16432,1559.4,1031.6,2744,0xBCCC3EE0
1397,0,544849,544.849,0,0,OK,4626.2,4619.2,4619.2,4619.2,4619.2,4619.2,4619.2,4619.2,4619.2,0.00,4619.2,4619.2,4619.2,231.76,1031.6,1031.6,791.2,2171.2,2407.6,4111.6,2406.6,2407.6,4111.6,517.8,532.8,512.8,5308,2049.2,5128,16432,2060.2,1041.6,7752,0x58DE2E28
1398,0,544951,544.951,0,0,OK,4627.2,4619.2,4619.2,4619.2,4619.2,4619.2,4619.2,4619.2,4619.2,0.00,4619.2,4619.2,4619.2,0.80,1031.6,791.2,791.2,2171.2,4111.6,4110.6,2406.6,4111.6,4110.6,768.2,512.8,512.8,7812,2049.2,5328,21540,1799.8,1031.6,2744,0x9270646F
1399,0,545053,545.053,0,0,OK,4623.2,4619.2,4619.2,4619.2,4619.2,4619.2,4619.2,4619.2,4619.2,0.00,4619.2,4619.2,4619.2,232.76,791.2,1031.6,1031.6,4105.6,2406.6,2407.6,4111.6,2406.6,2407.6,528.8,272.4,532.8,7812,1558.4,2724,16432,1809.8,1031.6,12860,0x2A72D0E2
1400,0,545154,545.154,0,0,OK,4620.2,4619.2,4619.2,4619.2,4619.2,4619.2,4619.2,4619.2,4619.2,0.00,4619.2,4619.2,4619.2,232.76,1031.6,791.2,1031.6,2171.2,4111.6,2406.6,2407.6,4111.6,2406.6,268.4,512.8,532.8,5308,1808.8,2624,16532,2050.2,791.2,7752,0x2949266B
1401,0,545256,545.256,0,0,OK,4621.2,4619.2,4619.2,4619.2,4619.2,4619.2,4619.2,4619.2,4619.2,0.00,4619.2,4619.2,4619.2,0.80,791.2,791.2,791.2,4105.6,4110.6,4110.6,4110.6,4110.6,4110.6,768.2,262.4,272.4,5308,2059.2,2624,13928,1809.8,1041.6,40,0xAED1E0CA
1402,0,545358,545.358,0,0,OK,4628.2,4619.2,4619.2,4619.2,4619.2,4619.2,4619.2,4619.2,4619.2,0.00,4619.2,4619.2,4619.2,0.80,1031.6,1031.6,791.2,2171.2,2407.6,4111.6,2406.6,2407.6,4111.6,277.4,272.4,272.4,7912,1798.8,2724,14028,2050.2,1041.6,18128,0x3B4B5DD6
1403,0,545459,545.459,0,0,OK,4626.2,4619.2,4619.2,4619.2,4619.2,4619.2,4619.2,4619.2,4619.2,0.00,4619.2,4619.2,4619.2,0.80,791.2,1031.6,791.2,4105.6,2406.6,4111.6,4110.6,2406.6,4111.6,517.8,532.8,512.8,7812,1808.8,2624,16432,1559.4,1282.0,2744,0x22E1ACC6
1404,0,545561,545.561,0,0,OK,4622.2,4619.2,4619.2,4619.2,4619.2,4619.2,4619.2,4619.2,4619.2,0.00,4619.2,4619.2,4619.2,0.80,1031.6,1031.6,1031.6,2171.2,2407.6,2407.6,2407.6,2407.6,2407.6,278.4,512.8,532.8,7912,1558.4,2624,11424,1559.4,1041.6,2744,0x922B4F9B
1405,0,545663,545.663,0,0,OK,4621.2,4619.2,4619.2,4619.2,4619.2,4619.2,4619.2,4619.2,4619.2,0.00,4619.2,4619.2,4619.2,231.76,791.2,1031.6,1031.6,4105.6,2406.6,2407.6,4111.6,2406.6,2407.6,278.4,522.8,272.4,10316,1558.4,2724,13828,1799.8,1041.6,7912,0x4F436FD4
1406,0,545764,545.764,0,0,OK,4626.2,4619.2,4619.2,4619.2,4619.2,4619.2,4619.2,4619.2,4619.2,0.00,4619.2,4619.2,4619.2,232.76,791.2,1031.6,791.2,4105.6,2406.6,4111.6,4110.6,2406.6,4111.6,527.8,512.8,262.4,7812,2059.2,2724,13828,1799.8,1031.6,15524,0xB075727C
1407,0,545866,545.866,0,0,OK,4624.2,4619.2,4619.2,4619.2,4619.2,4619.2,4619.2,4619.2,4619.2,0.00,4619.2,4619.2,4619.2,232.76,791.2,791.2,791.2,4105.6,4110.6,4110.6,4110.6,4110.6,4110.6,277.4,532.8,512.8,5308,1558.4,2624,13928,2050.2,1031.6,17928,0x91AC44A3
1408,0,545968,545.968,0,0,OK,4619.2,4619.2,4619.2,4619.2,4619.2,4619.2,4619.2,4619.2,4619.2,0.00,4619.2,4619.2,4619.2,0.80,1031.6,1031.6,791.2,2171.2,2407.6,4111.6,2406.6,2407.6,4111.6,517.8,262.4,262.4,7712,1558.4,2624,19036,1799.8,791.2,20532,0xA4C480A1
1409,0,546069,546.069,0,0,OK,4627.2,4619.2,4619.2,4619.2,4619.2,4619.2,4619.2,4619.2,4619.2,0.00,4619.2,4619.2,4619.2,232.76,791.2,1031.6,791.2,4105.6,2406.6,4111.6,4110.6,2406.6,4111.6,277.4,272.4,272.4,5308,2059.2,5328,13828,1559.4,1292.0,10316,0x111C3F1A
1410,0,546171,546.171,0,0,OK,4622.2,4619.2,4619.2,4619.2,4619.2,4619.2,4619.2,4619.2,4619.2,0.00,4619.2,4619.2,4619.2,0.80,791.2,791.2,1031.6,4105.6,4110.6,2406.6,4111.6,4110.6,2406.6,769.2,262.4,522.8,7712,1808.8,5228,16532,2060.2,1282.0,15524,0x24518419
1411,0,546273,546.273,0,0,OK,4621.2,4619.2,4619.2,4619.2,4619.2,4619.2,4619.2,4619.2,4619.2,0.00,4619.2,4619.2,4619.2,0.80,791.2,791.2,791.2,4105.6,4110.6,4110.6,4110.6,4110.6,4110.6,768.2,512.8,272.4,7812,1798.8,2724,14028,2060.2,1031.6,5248,0x1465911F
1412,0,546374,546.374,0,0,OK,4623.2,4619.2,4619.2,4619.2,4619.2,4619.2,4619.2,4619.2,4619.2,0.00,4619.2,4619.2,4619.2,232.76,1031.6,791.2,1031.6,2171.2,4111.6,2406.6,2407.6,4111.6,2406.6,528.8,262.4,272.4,7912,2049.2,5328,13928,2050.2,1031.6,10456,0x756CDE08
1413,0,546476,546.476,0,0,OK,4625.2,4619.2,4619.2,4619.2,4619.2,4619.2,4619.2,4619.2,4619.2,0.00,4619.2,4619.2,4619.2,232.76,1031.6,1031.6,1031.6,2171.2,2407.6,2407.6,2407.6,2407.6,2407.6,268.4,262.4,522.8,10316,1798.8,5228,13928,2060.2,791.2,7852,0x6B4661C7
1414,0,546578,546.578,0,0,OK,4625.2,4619.2,4619.2,4619.2,4619.2,4619.2,4619.2,4619.2,4619.2,0.00,4619.2,4619.2,4619.2,231.76,791.2,791.2,791.2,4105.6,4110.6,4110.6,4110.6,4110.6,4110.6,277.4,272.4,272.4,7812,1808.8,5328,21540,1799.8,791.2,40,0x225B3C2B
1415,0,546679,546.679,0,0,OK,4624.2,4619.2,4619.2,4619.2,4619.2,4619.2,4619.2,4619.2,4619.2,0.00,4619.2,4619.2,4619.2,0.80,791.2,1031.6,791.2,4105.6,2406.6,4111.6,4110.6,2406.6,4111.6,527.8,262.4,512.8,7812,2049.2,5128,13828,1809.8,1031.6,5348,0x8882416B
1416,0,546781,546.781,0,0,OK,4621.2,4619.2,4619.2,4619.2,4619.2,4619.2,4619.2,4619.2,4619.2,0.00,4619.2,4619.2,4619.2,232.76,1031.6,1031.6,1031.6,2171.2,2407.6,2407.6,2407.6,2407.6,2407.6,268.4,512.8,532.8,7712,1558.4,2624,11424,1559.4,1041.6,18128,0x8709DE4D
1417,0,546883,546.883,0,0,OK,4624.2,4619.2,4619.2,4619.2,4619.2,4619.2,4619.2,4619.2,4619.2,0.00,4619.2,4619.2,4619.2,0.80,1031.6,791.2,791.2,2171.2,4111.6,4110.6,2406.6,4111.6,4110.6,768.2,272.4,262.4,5308,2049.2,5228,16532,1559.4,1031.6,7752,0x4671AEC4
1418,0,546984,546.984,0,0,OK,4623.2,4619.2,4619.2,4619.2,4619.2,4619.2,4619.2,4619.2,4619.2,0.00,4619.2,4619.2,4619.2,0.80,1031.6,1031.6,1031.6,2171.2,2407.6,2407.6,2407.6,2407.6,2407.6,769.2,262.4,262.4,5308,1558.4,2624,21540,1559.4,791.2,5248,0xF2D93B30
1419,0,547086,547.086,0,0,OK,4627.2,4619.2,4619.2,4619.2,4619.2,4619.2,4619.2,4619.2,4619.2,0.00,4619.2,4619.2,4619.2,231.76,1031.6,1031.6,1031.6,2171.2,2407.6,2407.6,2407.6,2407.6,2407.6,518.8,522.8,512.8,10316,1558.4,5328,21540,2050.2,1282.0,23136,0x6B13AEC5
1420,0,547188,547.188,0,0,OK,4626.2,4619.2,4619.2,4619.2,4619.2,4619.2,4619.2,4619.2,4619.2,0.00,4619.2,4619.2,4619.2,231.76,791.2,791.2,1031.6,4105.6,4110.6,2406.6,4111.6,4110.6,2406.6,518.8,522.8,262.4,10316,2059.2,5128,16532,1799.8,1292.0,20532,0xBABC9103
1421,0,547289,547.289,0,0,OK,4620.2,4619.2,4619.2,4619.2,4619.2,4619.2,4619.2,4619.2,4619.2,0.00,4619.2,4619.2,4619.2,232.76,791.2,1031.6,1031.6,4105.6,2406.6,2407.6,4111.6,2406.6,2407.6,769.2,532.8,532.8,7712,1808.8,2624,21540,1809.8,791.2,5348,0x385CDAB0
1422,0,547391,547.391,0,0,OK,4625.2,4619.2,4619.2,4619.2,4619.2,4619.2,4619.2,4619.2,4619.2,0.00,4619.2,4619.2,4619.2,231.76,791.2,1031.6,791.2,4105.6,2406.6,4111.6,4110.6,2406.6,4111.6,267.4,532.8,262.4,5308,1798.8,5128,19036,2060.2,1282.0,20532,0x2DBB9478
1423,0,547493,547.493,0,0,OK,4628.2,4619.2,4619.2,4619.2,4619.2,4619.2,4619.2,4619.2,4619.2,0.00,4619.2,4619.2,4619.2,0.80,1031.6,791.2,1031.6,2171.2,4111.6,2406.6,2407.6,4111.6,2406.6,518.8,532.8,532.8,10316,1808.8,2724,13828,1809.8,791.2,5148,0x8C01067B
1424,0,547594,547.594,0,0,OK,4621.2,4619.2,4619.2,4619.2,4619.2,4619.2,4619.2,4619.2,4619.2,0.00,4619.2,4619.2,4619.2,0.80,1031.6,791.2,791.2,2171.2,4111.6,4110.6,2406.6,4111.6,4110.6,267.4,522.8,532.8,7812,2059.2,5328,13928,1799.8,1282.0,10456,0x71D76421
1425,0,547696,547.696,0,0,OK,4620.2,4619.2,4619.2,4619.2,4619.2,4619.2,4619.2,4619.2,4619.2,0.00,4619.2,4619.2,4619.2,231.76,1031.6,791.2,1031.6,2171.2,4111.6,2406.6,2407.6,4111.6,2406.6,278.4,512.8,262.4,10316,1798.8,5228,16632,1799.8,1292.0,10256,0xD41698CF
1426,0,547798,547.798,0,0,OK,4627.2,4619.2,4619.2,4619.2,4619.2,4619.2,4619.2,4619.2,4619.2,0.00,4619.2,4619.2,4619.2,0.80,1031.6,1031.6,791.2,2171.2,2407.6,4111.6,2406.6,2407.6,4111.6,768.2,532.8,512.8,7712,1558.4,5328,13828,1809.8,1292.0,23236,0x00CD2A9A
1427,0,547899,547.899,0,0,OK,4619.2,4619.2,4619.2,4619.2,4619.2,4619.2,4619.2,4619.2,4619.2,0.00,4619.2,4619.2,4619.2,231.76,791.2,791.2,1031.6,4105.6,4110.6,2406.6,4111.6,4110.6,2406.6,528.8,512.8,522.8,5308,1808.8,5328,16532,2050.2,1041.6,23236,0xC75570E9
1428,0,548001,548.001,0,0,OK,4620.2,4619.2,4619.2,4619.2,4619.2,4619.2,4619.2,4619.2,4619.2,0.00,4619.2,4619.2,4619.2,0.80,1031.6,791.2,1031.6,2171.2,4111.6,2406.6,2407.6,4111.6,2406.6,268.4,532.8,532.8,5308,1798.8,5328,13928,1799.8,1282.0,12860,0x9FF542DB
1429,0,548103,548.103,0,0,OK,4621.2,4619.2,4619.2,4619.2,4619.2,4619.2,4619.2,4619.2,4619.2,0.00,4619.2,4619.2,4619.2,0.80,1031.6,1031.6,791.2,2171.2,2407.6,4111.6,2406.6,2407.6,4111.6,277.4,262.4,522.8,7912,1558.4,5128,11424,1559.4,791.2,12920,0x8410C486
1430,0,548204,548.204,0,0,OK,4624.2,4619.2,4619.2,4619.2,4619.2,4619.2,4619.2,4619.2,4619.2,0.00,4619.2,4619.2,4619.2,231.76,791.2,791.2,791.2,4105.6,4110.6,4110.6,4110.6,4110.6,4110.6,768.2,532.8,262.4,7812,1558.4,2624,19036,1799.8,1041.6,23236,0xD084234C
1431,0,548306,548.306,0,0,OK,4628.2,4619.2,4619.2,4619.2,4619.2,4619.2,4619.2,4619.2,4619.2,0.00,4619.2,4619.2,4619.2,231.76,791.2,791.2,791.2,4105.6,4110.6,4110.6,4110.6,4110.6,4110.6,517.8,272.4,512.8,7912,1558.4,2624,19136,1809.8,1041.6,10256,0x29945213
1432,0,548408,548.408,0,0,OK,4626.2,4619.2,4619.2,4619.2,4619.2,4619.2,4619.2,4619.2,4619.2,0.00,4619.2,4619.2,4619.2,231.76,1031.6,1031.6,1031.6,2171.2,2407.6,2407.6,2407.6,2407.6,2407.6,769.2,522.8,272.4,5308,2059.2,5328,11424,1799.8,1031.6,7752,0x6136EBE2
1433,0,548509,548.509,0,0,OK,4620.2,4619.2,4619.2,4619.2,4619.2,4619.2,4619.2,4619.2,4619.2,0.00,4619.2,4619.2,4619.2,231.76,1031.6,791.2,791.2,2171.2,4111.6,4110.6,2406.6,4111.6,4110.6,517.8,532.8,262.4,7812,1808.8,5128,16632,1799.8,791.2,20732,0x78F0E14E
1434,0,548611,548.611,0,0,OK,4626.2,4619.2,4619.2,4619.2,4619.2,4619.2,4619.2,4619.2,4619.2,0.00,4619.2,4619.2,4619.2,231.76,791.2,791.2,791.2,4105.6,4110.6,4110.6,4110.6,4110.6,4110.6,517.8,512.8,532.8,7712,1558.4,2724,16532,1559.4,1292.0,12920,0xB1FBA6AB
1435,0,548713,548.713,0,0,OK,4626.2,4619.2,4619.2,4619.2,4619.2,4619.2,4619.2,4619.2,4619.2,0.00,4619.2,4619.2,4619.2,0.80,791.2,1031.6,1031.6,4105.6,2406.6,2407.6,4111.6,2406.6,2407.6,769.2,522.8,512.8,5308,2059.2,2724,13928,1809.8,791.2,7912,0x6B7B8848
1436,0,548814,548.814,0,0,OK,4626.2,4619.2,4619.2,4619.2,4619.2,4619.2,4619.2,4619.2,4619.2,0.00,4619.2,4619.2,4619.2,232.76,1031.6,1031.6,791.2,2171.2,2407.6,4111.6,2406.6,2407.6,4111.6,768.2,522.8,262.4,5308,1798.8,5328,11424,1799.8,1041.6,15524,0xF8FD8432
1437,0,548916,548.916,0,0,OK,4627.2,4619.2,4619.2,4619.2,4619.2,4619.2,4619.2,4619.2,4619.2,0.00,4619.2,4619.2,4619.2,0.80,791.2,1031.6,1031.6,4105.6,2406.6,2407.6,4111.6,2406.6,2407.6,278.4,532.8,262.4,5308,1798.8,2724,21540,1809.8,1041.6,10356,0x50BC722B
1438,0,549018,549.018,0,0,OK,4623.2,4619.2,4619.2,4619.2,4619.2,4619.2,4619.2,4619.2,4619.2,0.00,4619.2,4619.2,4619.2,0.80,1031.6,791.2,1031.6,2171.2,4111.6,2406.6,2407.6,4111.6,2406.6,769.2,272.4,532.8,10316,1558.4,5228,19136,1799.8,791.2,2744,0x74F7B26E
1439,0,549119,549.119,0,0,OK,4619.2,4619.2,4619.2,4619.2,4619.2,4619.2,4619.2,4619.2,4619.2,0.00,4619.2,4619.2,4619.2,231.76,791.2,1031.6,791.2,4105.6,2406.6,4111.6,4110.6,2406.6,4111.6,527.8,532.8,262.4,5308,1798.8,5128,16632,1809.8,1282.0,7752,0xA1870C0A
1440,0,549221,549.221,0,0,OK,4623.2,4619.2,4619.2,4619.2,4619.2,4619.2,4619.2,4619.2,4619.2,0.00,4619.2,4619.2,4619.2,231.76,1031.6,1031.6,1031.6,2171.2,2407.6,2407.6,2407.6,2407.6,2407.6,278.4,272.4,272.4,5308,2049.2,2724,16432,1799.8,1031.6,10456,0xF833F695
1441,0,549323,549.323,0,0,OK,4620.2,4619.2,4619.2,4619.2,4619.2,4619.2,4619.2,4619.2,4619.2,0.00,4619.2,4619.2,4619.2,232.76,1031.6,1031.6,791.2,2171.2,2407.6,4111.6,2406.6,2407.6,4111.6,768.2,272.4,522.8,10316,2059.2,5328,14028,1809.8,1282.0,7752,0x90D7ED31
1442,0,549424,549.424,0,0,OK,4623.2,4619.2,4619.2,4619.2,4619.2,4619.2,4619.2,4619.2,4619.2,0.00,4619.2,4619.2,4619.2,231.76,791.2,1031.6,1031.6,4105.6,2406.6,2407.6,4111.6,2406.6,2407.6,518.8,262.4,272.4,10316,1808.8,5128,11424,2060.2,791.2,2644,0x6770339B
1443,0,549526,549.526,0,0,OK,4620.2,4619.2,4619.2,4619.2,4619.2,4619.2,4619.2,4619.2,4619.2,0.00,4619.2,4619.2,4619.2,0.80,1031.6,1031.6,1031.6,2171.2,2407.6,2407.6,2407.6,2407.6,2407.6,769.2,532.8,532.8,7912,1558.4,5228,16532,1809.8,1031.6,5148,0xBEAACEDF
1444,0,549628,549.628,0,0,OK,4619.2,4619.2,4619.2,4619.2,4619.2,4619.2,4619.2,4619.2,4619.2,0.00,4619.2,4619.2,4619.2,0.80,1031.6,1031.6,1031.6,2171.2,2407.6,2407.6,2407.6,2407.6,2407.6,278.4,522.8,522.8,10316,1558.4,2624,14028,2060.2,1292.0,18028,0xB778EE1D
1445,0,549729,549.729,0,0,OK,4621.2,4619.2,4619.2,4619.2,4619.2,4619.2,4619.2,4619.2,4619.2,0.00,4619.2,4619.2,4619.2,0.80,1031.6,791.2,1031.6,2171.2,4111.6,2406.6,2407.6,4111.6,2406.6,528.8,532.8,532.8,10316,2049.2,2624,13828,1799.8,1041.6,2744,0xE44B1967
1446,0,549831,549.831,0,0,OK,4623.2,4619.2,4619.2,4619.2,4619.2,4619.2,4619.2,4619.2,4619.2,0.00,4619.2,4619.2,4619.2,0.80,791.2,1031.6,1031.6,4105.6,2406.6,2407.6,4111.6,2406.6,2407.6,278.4,512.8,532.8,7712,1798.8,2624,11424,1809.8,1292.0,12860,0x609DB380
1447,0,549933,549.933,0,0,OK,4627.2,4619.2,4619.2,4619.2,4619.2,4619.2,4619.2,4619.2,4619.2,0.00,4619.2,4619.2,4619.2,232.76,791.2,1031.6,791.2,4105.6,2406.6,4111.6,4110.6,2406.6,4111.6,768.2,262.4,522.8,7912,1808.8,5128,13928,1799.8,1041.6,10356,0xA62CB149
1448,0,550034,550.034,0,0,OK,4619.2,4619.2,4619.2,4619.2,4619.2,4619.2,4619.2,4619.2,4619.2,0.00,4619.2,4619.2,4619.2,0.80,791.2,1031.6,791.2,4105.6,2406.6,4111.6,4110.6,2406.6,4111.6,768.2,512.8,512.8,7912,2059.2,5128,19136,1799.8,1282.0,7912,0x6ED3CCA0
1449,0,550136,550.136,0,0,OK,4625.2,4619.2,4619.2,4619.2,4619.2,4619.2,4619.2,4619.2,4619.2,0.00,4619.2,4619.2,4619.2,232.76,791.2,791.2,791.2,4105.6,4110.6,4110.6,4110.6,4110.6,4110.6,267.4,532.8,272.4,7812,1558.4,2724,16632,2060.2,791.2,23136,0xBE7A5260
1450,0,550238,550.238,0,0,OK,4620.2,4619.2,4619.2,4619.2,4619.2,4619.2,4619.2,4619.2,4619.2,0.00,4619.2,4619.2,4619.2,231.76,791.2,791.2,791.2,4105.6,4110.6,4110.6,4110.6,4110.6,4110.6,517.8,262.4,272.4,7712,2059.2,2724,16632,1799.8,791.2,10256,0xE7015110
1451,0,550339,550.339,0,0,OK,4626.2,4619.2,4619.2,4619.2,4619.2,4619.2,4619.2,4619.2,4619.2,0.00,4619.2,4619.2,4619.2,0.80,791.2,791.2,1031.6,4105.6,4110.6,2406.6,4111.6,4110.6,2406.6,278.4,512.8,512.8,7912,1808.8,5228,14028,1559.4,1041.6,5148,0xC027CCFB
1452,0,550441,550.441,0,0,OK,4621.2,4619.2,4619.2,4619.2,4619.2,4619.2,4619.2,4619.2,4619.2,0.00,4619.2,4619.2,4619.2,232.76,1031.6,1031.6,1031.6,2171.2,2407.6,2407.6,2407.6,2407.6,2407.6,518.8,522.8,532.8,5308,2049.2,2724,21540,1559.4,1031.6,12860,0x3662B7B5
1453,0,550543,550.543,0,0,OK,4622.2,4619.2,4619.2,4619.2,4619.2,4619.2,4619.2,4619.2,4619.2,0.00,4619.2,4619.2,4619.2,232.76,791.2,791.2,1031.6,4105.6,4110.6,2406.6,4111.6,4110.6,2406.6,528.8,532.8,522.8,5308,1798.8,2724,16632,1809.8,1041.6,12820,0x9DEEF77F
1454,0,550644,550.644,0,0,OK,4625.2,4619.2,4619.2,4619.2,4619.2,4619.2,4619.2,4619.2,4619.2,0.00,4619.2,4619.2,4619.2,232.76,1031.6,1031.6,1031.6,2171.2,2407.6,2407.6,2407.6,2407.6,2407.6,518.8,532.8,272.4,7712,2049.2,5328,14028,2060.2,1041.6,10456,0x94474F7B
1455,0,550746,550.746,0,0,OK,4626.2,4619.2,4619.2,4619.2,4619.2,4619.2,4619.2,4619.2,4619.2,0.00,4619.2,4619.2,4619.2,231.76,1031.6,1031.6,1031.6,2171.2,2407.6,2407.6,2407.6,2407.6,2407.6,769.2,512.8,272.4,7812,2049.2,5128,19036,1559.4,791.2,10416,0xC27EF1C8
1456,0,550847,550.847,0,0,OK,4620.2,4619.2,4619.2,4619.2,4619.2,4619.2,4619.2,4619.2,4619.2,0.00,4619.2,4619.2,4619.2,0.80,791.2,1031.6,1031.6,4105.6,2406.6,2407.6,4111.6,2406.6,2407.6,518.8,532.8,262.4,7712,1808.8,5128,16432,2050.2,1031.6,12820,0xEA2E6D61
1457,0,550949,550.949,0,0,OK,4625.2,4619.2,4619.2,4619.2,4619.2,4619.2,4619.2,4619.2,4619.2,0.00,4619.2,4619.2,4619.2,231.76,791.2,1031.6,791.2,4105.6,2406.6,4111.6,4110.6,2406.6,4111.6,277.4,532.8,272.4,7712,1558.4,2624,11424,1809.8,1282.0,5148,0xA6FA91D2
1458,0,551051,551.051,0,0,OK,4619.2,4619.2,4619.2,4619.2,4619.2,4619.2,4619.2,4619.2,4619.2,0.00,4619.2,4619.2,4619.2,0.80,1031.6,1031.6,791.2,2171.2,2407.6,4111.6,2406.6,2407.6,4111.6,267.4,512.8,532.8,7812,1808.8,2624,14028,1799.8,1292.0,15424,0x99EB2219
1459,0,551152,551.152,0,0,OK,4628.2,4619.2,4619.2,4619.2,4619.2,4619.2,4619.2,4619.2,4619.2,0.00,4619.2,4619.2,4619.2,231.76,1031.6,1031.6,1031.6,2171.2,2407.6,2407.6,2407.6,2407.6,2407.6,268.4,522.8,262.4,5308,1808.8,5228,13928,1559.4,1292.0,17928,0x1017ECE9
1460,0,551254,551.254,0,0,OK,4627.2,4619.2,4619.2,4619.2,4619.2,4619.2,4619.2,4619.2,4619.2,0.00,4619.2,4619.2,4619.2,231.76,1031.6,1031.6,1031.6,2171.2,2407.6,2407.6,2407.6,2407.6,2407.6,769.2,532.8,262.4,7812,2059.2,2624,19136,1559.4,1292.0,140,0x48F53690
1461,0,551356,551.356,0,0,OK,4620.2,4619.2,4619.2,4619.2,4619.2,4619.2,4619.2,4619.2,4619.2,0.00,4619.2,4619.2,4619.2,231.76,791.2,791.2,1031.6,4105.6,4110.6,2406.6,4111.6,4110.6,2406.6,769.2,532.8,262.4,7712,1808.8,2724,19136,2050.2,1031.6,15424,0x2CECE957
1462,0,551457,551.457,0,0,OK,4621.2,4619.2,4619.2,4619.2,4619.2,4619.2,4619.2,4619.2,4619.2,0.00,4619.2,4619.2,4619.2,0.80,1031.6,1031.6,791.2,2171.2,2407.6,4111.6,2406.6,2407.6,4111.6,527.8,272.4,522.8,7812,1798.8,2724,16632,1799.8,1041.6,18028,0x539437AA
1463,0,551559,551.559,0,0,OK,4624.2,4619.2,4619.2,4619.2,4619.2,4619.2,4619.2,4619.2,4619.2,0.00,4619.2,4619.2,4619.2,0.80,1031.6,1031.6,791.2,2171.2,2407.6,4111.6,2406.6,2407.6,4111.6,517.8,522.8,532.8,5308,2049.2,5328,19136,1559.4,1031.6,23136,0x29E3C78D
1464,0,551661,551.661,0,0,OK,4621.2,4619.2,4619.2,4619.2,4619.2,4619.2,4619.2,4619.2,4619.2,0.00,4619.2,4619.2,4619.2,231.76,1031.6,791.2,791.2,2171.2,4111.6,4110.6,2406.6,4111.6,4110.6,527.8,522.8,522.8,7912,1808.8,2724,21540,1809.8,791.2,23136,0x7D9FF508
1465,0,551762,551.762,0,0,OK,4623.2,4619.2,4619.2,4619.2,4619.2,4619.2,4619.2,4619.2,4619.2,0.00,4619.2,4619.2,4619.2,232.76,791.2,1031.6,791.2,4105.6,2406.6,4111.6,4110.6,2406.6,4111.6,277.4,262.4,532.8,7912,1558.4,5228,16432,1809.8,1292.0,7852,0xB1D56C5E
1466,0,551864,551.864,0,0,OK,4624.2,4619.2,4619.2,4619.2,4619.2,4619.2,4619.2,4619.2,4619.2,0.00,4619.2,4619.2,4619.2,232.76,791.2,1031.6,791.2,4105.6,2406.6,4111.6,4110.6,2406.6,4111.6,768.2,262.4,532.8,10316,2059.2,5328,13928,2050.2,1292.0,5248,0x2B5BF7E0
1467,0,551966,551.966,0,0,OK,4622.2,4619.2,4619.2,4619.2,4619.2,4619.2,4619.2,4619.2,4619.2,0.00,4619.2,4619.2,4619.2,0.80,1031.6,1031.6,791.2,2171.2,2407.6,4111.6,2406.6,2407.6,4111.6,768.2,522.8,532.8,7912,2059.2,5328,13828,1559.4,791.2,7912,0xF6FF3472
1468,0,552067,552.067,0,0,OK,4620.2,4619.2,4619.2,4619.2,4619.2,4619.2,4619.2,4619.2,4619.2,0.00,4619.2,4619.2,4619.2,232.76,1031.6,1031.6,791.2,2171.2,2407.6,4111.6,2406.6,2407.6,4111.6,267.4,522.8,272.4,5308,2049.2,5228,13828,1799.8,1282.0,20532,0xC0D4AAA0
1469,0,552169,552.169,0,0,OK,4619.2,4619.2,4619.2,4619.2,4619.2,4619.2,4619.2,4619.2,4619.2,0.00,4619.2,4619.2,4619.2,0.80,791.2,1031.6,791.2,4105.6,2406.6,4111.6,4110.6,2406.6,4111.6,527.8,532.8,512.8,10316,2059.2,2724,16632,1799.8,1031.6,12920,0xEF5BCC38
1470,0,552271,552.271,0,0,OK,4627.2,4619.2,4619.2,4619.2,4619.2,4619.2,4619.2,4619.2,4619.2,0.00,4619.2,4619.2,4619.2,0.80,791.2,791.2,1031.6,4105.6,4110.6,2406.6,4111.6,4110.6,2406.6,278.4,522.8,272.4,7712,1558.4,5328,16432,2060.2,1292.0,10416,0xA300030B
1471,0,552372,552.372,0,0,OK,4623.2,4619.2,4619.2,4619.2,4619.2,4619.2,4619.2,4619.2,4619.2,0.00,4619.2,4619.2,4619.2,0.80,791.2,1031.6,1031.6,4105.6,2406.6,2407.6,4111.6,2406.6,2407.6,518.8,522.8,262.4,7912,1798.8,2624,16432,1809.8,1031.6,15424,0xBF25E88C
1472,0,552474,552.474,0,0,OK,4627.2,4619.2,4619.2,4619.2,4619.2,4619.2,4619.2,4619.2,4619.2,0.00,4619.2,4619.2,4619.2,231.76,791.2,791.2,1031.6,4105.6,4110.6,2406.6,4111.6,4110.6,2406.6,518.8,512.8,522.8,10316,1808.8,2724,21540,1799.8,1282.0,40,0x518E0694
1473,0,552575,552.575,0,0,OK,4623.2,4619.2,4619.2,4619.2,4619.2,4619.2,4619.2,4619.2,4619.2,0.00,4619.2,4619.2,4619.2,231.76,791.2,1031.6,1031.6,4105.6,2406.6,2407.6,4111.6,2406.6,2407.6,528.8,512.8,512.8,10316,1808.8,5228,11424,2060.2,1041.6,15424,0x59AC9B14
1474,0,552677,552.677,0,0,OK,4621.2,4619.2,4619.2,4619.2,4619.2,4619.2,4619.2,4619.2,4619.2,0.00,4619.2,4619.2,4619.2,232.76,1031.6,791.2,791.2,2171.2,4111.6,4110.6,2406.6,4111.6,4110.6,517.8,272.4,272.4,7912,1558.4,5128,16532,2050.2,1041.6,13020,0xC8F444C7
1475,0,552779,552.779,0,0,OK,4623.2,4619.2,4619.2,4619.2,4619.2,4619.2,4619.2,4619.2,4619.2,0.00,4619.2,4619.2,4619.2,232.76,791.2,791.2,791.2,4105.6,4110.6,4110.6,4110.6,4110.6,4110.6,517.8,262.4,512.8,10316,2049.2,5328,19136,1559.4,1031.6,140,0xC2A0A445
1476,0,552880,552.880,0,0,OK,4623.2,4619.2,4619.2,4619.2,4619.2,4619.2,4619.2,4619.2,4619.2,0.00,4619.2,4619.2,4619.2,232.76,1031.6,791.2,791.2,2171.2,4111.6,4110.6,2406.6,4111.6,4110.6,517.8,272.4,532.8,7712,2049.2,5128,13828,2060.2,1041.6,17928,0x7AF74F5F
1477,0,552982,552.982,0,0,OK,4628.2,4619.2,4619.2,4619.2,4619.2,4619.2,4619.2,4619.2,4619.2,0.00,4619.2,4619.2,4619.2,232.76,791.2,1031.6,791.2,4105.6,2406.6,4111.6,4110.6,2406.6,4111.6,277.4,522.8,272.4,10316,1558.4,5328,16432,1809.8,1031.6,10456,0x91481CA5
1478,0,553084,553.084,0,0,OK,4623.2,4619.2,4619.2,4619.2,4619.2,4619.2,4619.2,4619.2,4619.2,0.00,4619.2,4619.2,4619.2,232.76,791.2,1031.6,1031.6,4105.6,2406.6,2407.6,4111.6,2406.6,2407.6,528.8,272.4,512.8,7712,2059.2,5328,11424,1809.8,1282.0,18128,0xEEF2D2B0
1479,0,553185,553.185,0,0,OK,4627.2,4619.2,4619.2,4619.2,4619.2,4619.2,4619.2,4619.2,4619.2,0.00,4619.2,4619.2,4619.2,0.80,1031.6,791.2,1031.6,2171.2,4111.6,2406.6,2407.6,4111.6,2406.6,278.4,262.4,532.8,7912,1808.8,5328,16632,2050.2,1282.0,10416,0xA282E90B
1480,0,553287,553.287,0,0,OK,4621.2,4619.2,4619.2,4619.2,4619.2,4619.2,4619.2,4619.2,4619.2,0.00,4619.2,4619.2,4619.2,232.76,1031.6,1031.6,1031.6,2171.2,2407.6,2407.6,2407.6,2407.6,2407.6,769.2,272.4,272.4,7812,2049.2,5128,21540,1559.4,1041.6,140,0x81C4E2F8
1481,0,553389,553.389,0,0,OK,4624.2,4619.2,4619.2,4619.2,4619.2,4619.2,4619.2,4619.2,4619.2,0.00,4619.2,4619.2,4619.2,232.76,791.2,791.2,1031.6,4105.6,4110.6,2406.6,4111.6,4110.6,2406.6,518.8,512.8,262.4,7712,1558.4,2624,21540,1809.8,1292.0,12920,0x6E797AC1
1482,0,553490,553.490,0,0,OK,4624.2,4619.2,4619.2,4619.2,4619.2,4619.2,4619.2,4619.2,4619.2,0.00,4619.2,4619.2,4619.2,231.76,791.2,1031.6,791.2,4105.6,2406.6,4111.6,4110.6,2406.6,4111.6,517.8,522.8,522.8,10316,2049.2,2724,21540,1809.8,1282.0,13020,0xABC74FC0
1483,0,553592,553.592,0,0,OK,4620.2,4619.2,4619.2,4619.2,4619.2,4619.2,4619.2,4619.2,4619.2,0.00,4619.2,4619.2,4619.2,232.76,791.2,791.2,791.2,4105.6,4110.6,4110.6,4110.6,4110.6,4110.6,277.4,512.8,262.4,5308,1558.4,2724,14028,1809.8,791.2,10456,0x16AFBDE9
1484,0,553693,553.693,0,0,OK,4623.2,4619.2,4619.2,4619.2,4619.2,4619.2,4619.2,4619.2,4619.2,0.00,4619.2,4619.2,4619.2,0.80,791.2,1031.6,791.2,4105.6,2406.6,4111.6,4110.6,2406.6,4111.6,527.8,262.4,522.8,5308,1808.8,5228,13828,1809.8,1031.6,10316,0x14E4A7D3
1485,0,553795,553.795,0,0,OK,4628.2,4619.2,4619.2,4619.2,4619.2,4619.2,4619.2,4619.2,4619.2,0.00,4619.2,4619.2,4619.2,232.76,1031.6,791.2,791.2,2171.2,4111.6,4110.6,2406.6,4111.6,4110.6,277.4,532.8,272.4,5308,2059.2,2624,19136,1799.8,1041.6,5148,0x74F53908
1486,0,553897,553.897,0,0,OK,4621.2,4619.2,4619.2,4619.2,4619.2,4619.2,4619.2,4619.2,4619.2,0.00,4619.2,4619.2,4619.2,232.76,1031.6,791.2,791.2,2171.2,4111.6,4110.6,2406.6,4111.6,4110.6,527.8,262.4,272.4,7712,1558.4,2724,14028,1559.4,1292.0,20632,0x31E11781
1487,0,553998,553.998,0,0,OK,4621.2,4619.2,4619.2,4619.2,4619.2,4619.2,4619.2,4619.2,4619.2,0.00,4619.2,4619.2,4619.2,231.76,791.2,791.2,791.2,4105.6,4110.6,4110.6,4110.6,4110.6,4110.6,768.2,522.8,272.4,5308,2059.2,5228,19036,1559.4,791.2,12820,0x3C40ED82
1488,0,554100,554.100,0,0,OK,4620.2,4619.2,4619.2,4619.2,4619.2,4619.2,4619.2,4619.2,4619.2,0.00,4619.2,4619.2,4619.2,231.76,1031.6,1031.6,1031.6,2171.2,2407.6,2407.6,2407.6,2407.6,2407.6,518.8,272.4,512.8,7712,2059.2,5228,19136,2060.2,1292.0,18128,0x6C7AD2E8
1489,0,554202,554.202,0,0,OK,4620.2,4619.2,4619.2,4619.2,4619.2,4619.2,4619.2,4619.2,4619.2,0.00,4619.2,4619.2,4619.2,0.80,1031.6,1031.6,1031.6,2171.2,2407.6,2407.6,2407.6,2407.6,2407.6,518.8,512.8,272.4,10316,2059.2,5328,11424,1809.8,1031.6,20632,0xD5FDDB09
1490,0,554303,554.303,0,0,OK,4623.2,4619.2,4619.2,4619.2,4619.2,4619.2,4619.2,4619.2,4619.2,0.00,4619.2,4619.2,4619.2,0.80,1031.6,1031.6,1031.6,2171.2,2407.6,2407.6,2407.6,2407.6,2407.6,769.2,532.8,512.8,7712,2059.2,5328,19136,1799.8,1041.6,40,0xE50486CC
1491,0,554405,554.405,0,0,OK,4622.2,4619.2,4619.2,4619.2,4619.2,4619.2,4619.2,4619.2,4619.2,0.00,4619.2,4619.2,4619.2,232.76,791.2,791.2,1031.6,4105.6,4110.6,2406.6,4111.6,4110.6,2406.6,518.8,272.4,262.4,5308,1808.8,5328,19036,1799.8,1041.6,15424,0x80E35FEA
1492,0,554507,554.507,0,0,OK,4620.2,4619.2,4619.2,4619.2,4619.2,4619.2,4619.2,4619.2,4619.2,0.00,4619.2,4619.2,4619.2,0.80,791.2,1031.6,791.2,4105.6,2406.6,4111.6,4110.6,2406.6,4111.6,527.8,262.4,522.8,7912,1558.4,2724,16432,2060.2,1041.6,15524,0x7C20376F
1493,0,554608,554.608,0,0,OK,4625.2,4619.2,4619.2,4619.2,4619.2,4619.2,4619.2,4619.2,4619.2,0.00,4619.2,4619.2,4619.2,232.76,1031.6,1031.6,1031.6,2171.2,2407.6,2407.6,2407.6,2407.6,2407.6,769.2,272.4,512.8,10316,2049.2,5228,14028,1799.8,1282.0,20632,0x081FBC52
1494,0,554710,554.710,0,0,OK,4624.2,4619.2,4619.2,4619.2,4619.2,4619.2,4619.2,4619.2,4619.2,0.00,4619.2,4619.2,4619.2,0.80,1031.6,1031.6,791.2,2171.2,2407.6,4111.6,2406.6,2407.6,4111.6,277.4,512.8,272.4,7812,1808.8,5328,16632,1559.4,1282.0,15424,0x345C4BD0
1495,0,554812,554.812,0,0,OK,4622.2,4619.2,4619.2,4619.2,4619.2,4619.2,4619.2,4619.2,4619.2,0.00,4619.2,4619.2,4619.2,231.76,791.2,1031.6,1031.6,4105.6,2406.6,2407.6,4111.6,2406.6,2407.6,769.2,522.8,262.4,7912,1808.8,2724,13828,1799.8,1282.0,12820,0xA1864B1B
1496,0,554913,554.913,0,0,OK,4627.2,4619.2,4619.2,4619.2,4619.2,4619.2,4619.2,4619.2,4619.2,0.00,4619.2,4619.2,4619.2,232.76,1031.6,791.2,791.2,2171.2,4111.6,4110.6,2406.6,4111.6,4110.6,768.2,532.8,522.8,7712,1808.8,2724,14028,2060.2,1041.6,10356,0x3E87456D
1497,0,555015,555.015,0,0,OK,4621.2,4619.2,4619.2,4619.2,4619.2,4619.2,4619.2,4619.2,4619.2,0.00,4619.2,4619.2,4619.2,0.80,1031.6,1031.6,1031.6,2171.2,2407.6,2407.6,2407.6,2407.6,2407.6,278.4,522.8,532.8,10316,2049.2,5328,13928,1809.8,1041.6,20632,0xAAF26839
1498,0,555117,555.117,0,0,OK,4619.2,4619.2,4619.2,4619.2,4619.2,4619.2,4619.2,4619.2,4619.2,0.00,4619.2,4619.2,4619.2,232.76,1031.6,791.2,1031.6,2171.2,4111.6,2406.6,2407.6,4111.6,2406.6,528.8,272.4,532.8,5308,2059.2,2724,16432,2060.2,1282.0,5348,0x3AB31F42
1499,0,555218,555.218,0,0,OK,4622.2,4619.2,4619.2,4619.2,4619.2,4619.2,4619.2,4619.2,4619.2,0.00,4619.2,4619.2,4619.2,0.80,791.2,791.2,791.2,4105.6,4110.6,4110.6,4110.6,4110.6,4110.6,517.8,272.4,262.4,7712,1798.8,5328,13928,2060.2,1041.6,12920,0x9774FF57
1500,0,555320,555.320,0,0,OK,4623.2,4619.2,4619.2,4619.2,4619.2,4619.2,4619.2,4619.2,4619.2,0.00,4619.2,4619.2,4619.2,232.76,1031.6,791.2,791.2,2171.2,4111.6,4110.6,2406.6,4111.6,4110.6,768.2,512.8,272.4,7712,2049.2,2624,19136,1809.8,1031.6,10256,0xB115E984
1501,0,555421,555.421,0,0,OK,4622.2,4619.2,4619.2,4619.2,4619.2,4619.2,4619.2,4619.2,4619.2,0.00,4619.2,4619.2,4619.2,232.76,1031.6,1031.6,1031.6,2171.2,2407.6,2407.6,2407.6,2407.6,2407.6,268.4,272.4,532.8,5308,2049.2,2624,19036,1799.8,1041.6,18028,0x54A2FCF3
1502,0,555523,555.523,0,0,OK,4621.2,4619.2,4619.2,4619.2,4619.2,4619.2,4619.2,4619.2,4619.2,0.00,4619.2,4619.2,4619.2,232.76,791.2,791.2,791.2,4105.6,4110.6,4110.6,4110.6,4110.6,4110.6,527.8,512.8,532.8,10316,2049.2,2624,16432,2050.2,1282.0,15424,0xEDE3B21D
1503,0,555625,555.625,0,0,OK,4620.2,4619.2,4619.2,4619.2,4619.2,4619.2,4619.2,4619.2,4619.2,0.00,4619.2,4619.2,4619.2,232.76,1031.6,791.2,1031.6,2171.2,4111.6,2406.6,2407.6,4111.6,2406.6,518.8,272.4,532.8,5308,1798.8,5328,14028,2050.2,1292.0,10316,0xB6BA3C87
1504,0,555726,555.726,0,0,OK,4620.2,4619.2,4619.2,4619.2,4619.2,4619.2,4619.2,4619.2,4619.2,0.00,4619.2,4619.2,4619.2,232.76,791.2,1031.6,791.2,4105.6,2406.6,4111.6,4110.6,2406.6,4111.6,277.4,262.4,272.4,7912,2059.2,2624,19036,1559.4,1031.6,2744,0xABBBD6AA
1505,0,555828,555.828,0,0,OK,4620.2,4619.2,4619.2,4619.2,4619.2,4619.2,4619.2,4619.2,4619.2,0.00,4619.2,4619.2,4619.2,231.76,1031.6,1031.6,1031.6,2171.2,2407.6,2407.6,2407.6,2407.6,2407.6,278.4,512.8,522.8,10316,1798.8,5128,19136,2050.2,791.2,20532,0x35471AED
1506,0,555930,555.930,0,0,OK,4628.2,4619.2,4619.2,4619.2,4619.2,4619.2,4619.2,4619.2,4619.2,0.00,4619.2,4619.2,4619.2,232.76,791.2,791.2,1031.6,4105.6,4110.6,2406.6,4111.6,4110.6,2406.6,769.2,262.4,272.4,7712,1558.4,5228,21540,1809.8,1292.0,20732,0x587E5EAA
1507,0,556031,556.031,0,0,OK,4623.2,4619.2,4619.2,4619.2,4619.2,4619.2,4619.2,4619.2,4619.2,0.00,4619.2,4619.2,4619.2,232.76,791.2,791.2,1031.6,4105.6,4110.6,2406.6,4111.6,4110.6,2406.6,278.4,512.8,512.8,5308,1558.4,2624,16532,2060.2,1041.6,12860,0xC958E879
1508,0,556133,556.133,0,0,OK,4626.2,4619.2,4619.2,4619.2,4619.2,4619.2,4619.2,4619.2,4619.2,0.00,4619.2,4619.2,4619.2,231.76,1031.6,791.2,791.2,2171.2,4111.6,4110.6,2406.6,4111.6,4110.6,267.4,272.4,272.4,10316,2049.2,2624,16532,2050.2,1031.6,7912,0x76E5C0BA
1509,0,556235,556.235,0,0,OK,4625.2,4619.2,4619.2,4619.2,4619.2,4619.2,4619.2,4619.2,4619.2,0.00,4619.2,4619.2,4619.2,0.80,1031.6,1031.6,791.2,2171.2,2407.6,4111.6,2406.6,2407.6,4111.6,267.4,522.8,532.8,7812,1798.8,5228,16532,2050.2,1292.0,23136,0x28652614
1510,0,556336,556.336,0,0,OK,4624.2,4619.2,4619.2,4619.2,4619.2,4619.2,4619.2,4619.2,4619.2,0.00,4619.2,4619.2,4619.2,231.76,791.2,791.2,1031.6,4105.6,4110.6,2406.6,4111.6,4110.6,2406.6,518.8,262.4,522.8,5308,2059.2,5128,21540,2060.2,1031.6,13020,0x97011946
1511,0,556438,556.438,0,0,OK,4625.2,4619.2,4619.2,4619.2,4619.2,4619.2,4619.2,4619.2,4619.2,0.00,4619.2,4619.2,4619.2,232.76,1031.6,1031.6,1031.6,2171.2,2407.6,2407.6,2407.6,2407.6,2407.6,278.4,262.4,262.4,10316,2049.2,5128,16532,2050.2,1292.0,23236,0x8AA3E215
1512,0,556540,556.540,0,0,OK,4624.2,4619.2,4619.2,4619.2,4619.2,4619.2,4619.2,4619.2,4619.2,0.00,4619.2,4619.2,4619.2,231.76,1031.6,1031.6,1031.6,2171.2,2407.6,2407.6,2407.6,2407.6,2407.6,278.4,262.4,522.8,5308,2049.2,2724,11424,1809.8,791.2,7912,0x9EA787BE
1513,0,556641,556.641,0,0,OK,4622.2,4619.2,4619.2,4619.2,4619.2,4619.2,4619.2,4619.2,4619.2,0.00,4619.2,4619.2,4619.2,231.76,1031.6,791.2,1031.6,2171.2,4111.6,2406.6,2407.6,4111.6,2406.6,518.8,262.4,522.8,5308,1808.8,5228,13928,1809.8,1031.6,7852,0xA393ED8D
1514,0,556743,556.743,0,0,OK,4628.2,4619.2,4619.2,4619.2,4619.2,4619.2,4619.2,4619.2,4619.2,0.00,4619.2,4619.2,4619.2,0.80,1031.6,791.2,791.2,2171.2,4111.6,4110.6,2406.6,4111.6,4110.6,768.2,522.8,532.8,7812,2049.2,5128,13928,1809.8,791.2,10416,0x9B72B9CE
1515,0,556845,556.845,0,0,OK,4627.2,4619.2,4619.2,4619.2,4619.2,4619.2,4619.2,4619.2,4619.2,0.00,4619.2,4619.2,4619.2,0.80,1031.6,1031.6,1031.6,2171.2,2407.6,2407.6,2407.6,2407.6,2407.6,518.8,512.8,272.4,10316,1798.8,5128,21540,2060.2,791.2,20732,0x0E7918EF
1516,0,556946,556.946,0,0,OK,4621.2,4619.2,4619.2,4619.2,4619.2,4619.2,4619.2,4619.2,4619.2,0.00,4619.2,4619.2,4619.2,231.76,791.2,1031.6,791.2,4105.6,2406.6,4111.6,4110.6,2406.6,4111.6,277.4,512.8,262.4,7912,2049.2,2724,14028,2060.2,1292.0,7912,0xFC0BDF2F
1517,0,557048,557.048,0,0,OK,4628.2,4619.2,4619.2,4619.2,4619.2,4619.2,4619.2,4619.2,4619.2,0.00,4619.2,4619.2,4619.2,231.76,1031.6,1031.6,1031.6,2171.2,2407.6,2407.6,2407.6,2407.6,2407.6,769.2,532.8,532.8,7812,1558.4,5328,13828,1809.8,791.2,13020,0x016B1EBE
1518,0,557149,557.149,0,0,OK,4620.2,4619.2,4619.2,4619.2,4619.2,4619.2,4619.2,4619.2,4619.2,0.00,4619.2,4619.2,4619.2,232.76,1031.6,791.2,791.2,2171.2,4111.6,4110.6,2406.6,4111.6,4110.6,277.4,532.8,522.8,5308,1808.8,2724,11424,2050.2,1041.6,12820,0x5D1A8122
1519,0,557251,557.251,0,0,OK,4628.2,4619.2,4619.2,4619.2,4619.2,4619.2,4619.2,4619.2,4619.2,0.00,4619.2,4619.2,4619.2,232.76,1031.6,1031.6,1031.6,2171.2,2407.6,2407.6,2407.6,2407.6,2407.6,528.8,262.4,522.8,10316,2049.2,2724,14028,1559.4,1292.0,140,0xC6DDA1C3
1520,0,557353,557.353,0,0,OK,4625.2,4619.2,4619.2,4619.2,4619.2,4619.2,4619.2,4619.2,4619.2,0.00,4619.2,4619.2,4619.2,0.80,1031.6,791.2,791.2,2171.2,4111.6,4110.6,2406.6,4111.6,4110.6,277.4,262.4,262.4,7812,1798.8,5128,16532,2050.2,1041.6,7912,0x157E4A75
1521,0,557454,557.454,0,0,OK,4623.2,4619.2,4619.2,4619.2,4619.2,4619.2,4619.2,4619.2,4619.2,0.00,4619.2,4619.2,4619.2,231.76,791.2,1031.6,791.2,4105.6,2406.6,4111.6,4110.6,2406.6,4111.6,517.8,262.4,532.8,10316,1808.8,5328,19136,2050.2,1041.6,140,0x9393844D
1522,0,557556,557.556,0,0,OK,4624.2,4619.2,4619.2,4619.2,4619.2,4619.2,4619.2,4619.2,4619.2,0.00,4619.2,4619.2,4619.2,231.76,791.2,1031.6,1031.6,4105.6,2406.6,2407.6,4111.6,2406.6,2407.6,278.4,512.8,532.8,7712,1808.8,5328,13828,2050.2,1292.0,12820,0x7209F9E2
1523,0,557658,557.658,0,0,OK,4621.2,4619.2,4619.2,4619.2,4619.2,4619.2,4619.2,4619.2,4619.2,0.00,4619.2,4619.2,4619.2,0.80,791.2,791.2,791.2,4105.6,4110.6,4110.6,4110.6,4110.6,4110.6,517.8,272.4,532.8,7812,1808.8,2724,16532,2060.2,1292.0,5348,0x3EFB3DFB
1524,0,557759,557.759,0,0,OK,4621.2,4619.2,4619.2,4619.2,4619.2,4619.2,4619.2,4619.2,4619.2,0.00,4619.2,4619.2,4619.2,232.76,1031.6,1031.6,791.2,2171.2,2407.6,4111.6,2406.6,2407.6,4111.6,277.4,522.8,522.8,5308,1798.8,5328,19036,1809.8,1041.6,2644,0x4F1BFE2B
1525,0,557861,557.861,0,0,OK,4628.2,4619.2,4619.2,4619.2,4619.2,4619.2,4619.2,4619.2,4619.2,0.00,4619.2,4619.2,4619.2,0.80,1031.6,1031.6,1031.6,2171.2,2407.6,2407.6,2407.6,2407.6,2407.6,769.2,272.4,262.4,10316,2049.2,5328,16632,1559.4,791.2,20732,0xDD037024
1526,0,557963,557.963,0,0,OK,4625.2,4619.2,4619.2,4619.2,4619.2,4619.2,4619.2,4619.2,4619.2,0.00,4619.2,4619.2,4619.2,231.76,791.2,791.2,1031.6,4105.6,4110.6,2406.6,4111.6,4110.6,2406.6,528.8,272.4,272.4,7812,2059.2,5228,16632,1559.4,1041.6,240,0x639CB816
1527,0,558064,558.064,0,0,OK,4628.2,4619.2,4619.2,4619.2,4619.2,4619.2,4619.2,4619.2,4619.2,0.00,4619.2,4619.2,4619.2,231.76,791.2,791.2,1031.6,4105.6,4110.6,2406.6,4111.6,4110.6,2406.6,518.8,522.8,512.8,7812,2059.2,5228,16432,2060.2,1282.0,10316,0x8B09E8F0
1528,0,558166,558.166,0,0,OK,4626.2,4619.2,4619.2,4619.2,4619.2,4619.2,4619.2,4619.2,4619.2,0.00,4619.2,4619.2,4619.2,231.76,1031.6,791.2,1031.6,2171.2,4111.6,2406.6,2407.6,4111.6,2406.6,518.8,532.8,522.8,7712,1558.4,5328,16532,1809.8,1282.0,23136,0xFCFC6421
1529,0,558268,558.268,0,0,OK,4622.2,4619.2,4619.2,4619.2,4619.2,4619.2,4619.2,4619.2,4619.2,0.00,4619.2,4619.2,4619.2,232.76,791.2,1031.6,791.2,4105.6,2406.6,4111.6,4110.6,2406.6,4111.6,527.8,532.8,522.8,7912,2059.2,5228,16532,2060.2,1031.6,20532,0x24020F05
1530,0,558369,558.369,0,0,OK,4623.2,4619.2,4619.2,4619.2,4619.2,4619.2,4619.2,4619.2,4619.2,0.00,4619.2,4619.2,4619.2,231.76,791.2,1031.6,791.2,4105.6,2406.6,4111.6,4110.6,2406.6,4111.6,527.8,272.4,532.8,7712,1558.4,5128,13828,1559.4,1282.0,20632,0xF420303F
1531,0,558471,558.471,0,0,OK,4622.2,4619.2,4619.2,4619.2,4619.2,4619.2,4619.2,4619.2,4619.2,0.00,4619.2,4619.2,4619.2,0.80,791.2,791.2,1031.6,4105.6,4110.6,2406.6,4111.6,4110.6,2406.6,278.4,512.8,512.8,7712,1558.4,2624,19136,1809.8,1041.6,7852,0xEDE6CFF9
1532,0,558573,558.573,0,0,OK,4626.2,4619.2,4619.2,4619.2,4619.2,4619.2,4619.2,4619.2,4619.2,0.00,4619.2,4619.2,4619.2,231.76,791.2,1031.6,1031.6,4105.6,2406.6,2407.6,4111.6,2406.6,2407.6,268.4,522.8,522.8,7812,1558.4,2724,21540,2060.2,791.2,17928,0x345F1478
1533,0,558674,558.674,0,0,OK,4619.2,4619.2,4619.2,4619.2,4619.2,4619.2,4619.2,4619.2,4619.2,0.00,4619.2,4619.2,4619.2,231.76,791.2,1031.6,1031.6,4105.6,2406.6,2407.6,4111.6,2406.6,2407.6,268.4,532.8,512.8,7712,1558.4,5228,16632,1799.8,1031.6,23136,0x4BD8E122
1534,0,558776,558.776,0,0,OK,4619.2,4619.2,4619.2,4619.2,4619.2,4619.2,4619.2,4619.2,4619.2,0.00,4619.2,4619.2,4619.2,0.80,791.2,1031.6,791.2,4105.6,2406.6,4111.6,4110.6,2406.6,4111.6,277.4,522.8,262.4,7712,1558.4,2724,19036,1799.8,791.2,20732,0x5622544A
1535,0,558878,558.878,0,0,OK,4628.2,4619.2,4619.2,4619.2,4619.2,4619.2,4619.2,4619.2,4619.2,0.00,4619.2,4619.2,4619.2,232.76,1031.6,1031.6,1031.6,2171.2,2407.6,2407.6,2407.6,2407.6,2407.6,268.4,522.8,272.4,7712,1798.8,2724,13828,1809.8,1282.0,18028,0x35DE1D47
1536,0,558979,558.979,0,0,OK,4619.2,4619.2,4619.2,4619.2,4619.2,4619.2,4619.2,4619.2,4619.2,0.00,4619.2,4619.2,4619.2,231.76,791.2,791.2,1031.6,4105.6,4110.6,2406.6,4111.6,4110.6,2406.6,278.4,512.8,522.8,7912,1798.8,5128,19036,1799.8,1282.0,12820,0xFE4FE750
1537,0,559081,559.081,0,0,OK,4620.2,4619.2,4619.2,4619.2,4619.2,4619.2,4619.2,4619.2,4619.2,0.00,4619.2,4619.2,4619.2,231.76,791.2,791.2,791.2,4105.6,4110.6,4110.6,4110.6,4110.6,4110.6,527.8,272.4,262.4,10316,1558.4,5328,11424,1809.8,1031.6,240,0xA6C032BF
1538,0,559182,559.182,0,0,OK,4626.2,4619.2,4619.2,4619.2,4619.2,4619.2,4619.2,4619.2,4619.2,0.00,4619.2,4619.2,4619.2,232.76,791.2,791.2,791.2,4105.6,4110.6,4110.6,4110.6,4110.6,4110.6,768.2,262.4,532.8,7812,1808.8,5128,16432,1559.4,1292.0,10416,0xAD9F8372
1539,0,559284,559.284,0,0,OK,4619.2,4619.2,4619.2,4619.2,4619.2,4619.2,4619.2,4619.2,4619.2,0.00,4619.2,4619.2,4619.2,232.76,1031.6,1031.6,791.2,2171.2,2407.6,4111.6,2406.6,2407.6,4111.6,768.2,512.8,272.4,5308,2049.2,2724,11424,2050.2,791.2,2644,0x5648300D
1540,0,559386,559.386,0,0,OK,4627.2,4619.2,4619.2,4619.2,4619.2,4619.2,4619.2,4619.2,4619.2,0.00,4619.2,4619.2,4619.2,0.80,1031.6,1031.6,1031.6,2171.2,2407.6,2407.6,2407.6,2407.6,2407.6,528.8,262.4,262.4,7912,2059.2,2624,21540,2060.2,1041.6,17928,0x31E1DE56
1541,0,559487,559.487,0,0,OK,4626.2,4619.2,4619.2,4619.2,4619.2,4619.2,4619.2,4619.2,4619.2,0.00,4619.2,4619.2,4619.2,232.76,1031.6,791.2,1031.6,2171.2,4111.6,2406.6,2407.6,4111.6,2406.6,278.4,532.8,272.4,5308,1798.8,2724,14028,1809.8,1292.0,10456,0x88C89C4D
1542,0,559589,559.589,0,0,OK,4623.2,4619.2,4619.2,4619.2,4619.2,4619.2,4619.2,4619.2,4619.2,0.00,4619.2,4619.2,4619.2,232.76,791.2,791.2,1031.6,4105.6,4110.6,2406.6,4111.6,4110.6,2406.6,769.2,532.8,532.8,10316,1558.4,2724,13828,2050.2,791.2,15424,0x31A7134A
1543,0,559691,559.691,0,0,OK,4625.2,4619.2,4619.2,4619.2,4619.2,4619.2,4619.2,4619.2,4619.2,0.00,4619.2,4619.2,4619.2,232.76,1031.6,791.2,1031.6,2171.2,4111.6,2406.6,2407.6,4111.6,2406.6,528.8,262.4,272.4,7812,1558.4,2624,19036,2050.2,1282.0,20532,0xCAFCC6EA
1544,0,559792,559.792,0,0,OK,4619.2,4619.2,4619.2,4619.2,4619.2,4619.2,4619.2,4619.2,4619.2,0.00,4619.2,4619.2,4619.2,232.76,1031.6,791.2,1031.6,2171.2,4111.6,2406.6,2407.6,4111.6,2406.6,278.4,512.8,272.4,10316,1558.4,5128,19136,1559.4,791.2,2644,0xE272C5E9
1545,0,559894,559.894,0,0,OK,4619.2,4619.2,4619.2,4619.2,4619.2,4619.2,4619.2,4619.2,4619.2,0.00,4619.2,4619.2,4619.2,0.80,791.2,1031.6,791.2,4105.6,2406.6,4111.6,4110.6,2406.6,4111.6,768.2,522.8,512.8,5308,1798.8,5328,16532,2060.2,1292.0,2644,0xBDEFC581
1546,0,559995,559.995,0,0,OK,4628.2,4619.2,4619.2,4619.2,4619.2,4619.2,4619.2,4619.2,4619.2,0.00,4619.2,4619.2,4619.2,0.80,791.2,791.2,791.2,4105.6,4110.6,4110.6,4110.6,4110.6,4110.6,267.4,512.8,522.8,7712,1808.8,5328,16632,1809.8,1282.0,10456,0x56F16401
1547,0,560097,560.097,0,0,OK,4626.2,4619.2,4619.2,4619.2,4619.2,4619.2,4619.2,4619.2,4619.2,0.00,4619.2,4619.2,4619.2,0.80,1031.6,791.2,1031.6,2171.2,4111.6,2406.6,2407.6,4111.6,2406.6,278.4,512.8,272.4,7912,2059.2,2724,16432,2050.2,1292.0,12820,0xFFC7F81D
1548,0,560199,560.199,0,0,OK,4626.2,4619.2,4619.2,4619.2,4619.2,4619.2,4619.2,4619.2,4619.2,0.00,4619.2,4619.2,4619.2,232.76,1031.6,791.2,1031.6,2171.2,4111.6,2406.6,2407.6,4111.6,2406.6,268.4,532.8,532.8,10316,1798.8,2724,11424,1799.8,1292.0,7752,0x1E118AED
1549,0,560300,560.300,0,0,OK,4626.2,4619.2,4619.2,4619.2,4619.2,4619.2,4619.2,4619.2,4619.2,0.00,4619.2,4619.2,4619.2,231.76,791.2,1031.6,1031.6,4105.6,2406.6,2407.6,4111.6,2406.6,2407.6,278.4,272.4,512.8,7712,1798.8,2724,13928,1559.4,1041.6,12920,0x919DB370
1550,0,560402,560.402,0,0,OK,4628.2,4619.2,4619.2,4619.2,4619.2,4619.2,4619.2,4619.2,4619.2,0.00,4619.2,4619.2,4619.2,0.80,1031.6,791.2,791.2,2171.2,4111.6,4110.6,2406.6,4111.6,4110.6,277.4,262.4,262.4,7812,1808.8,5328,19036,1799.8,1031.6,7912,0xF326FEBC
1551,0,560504,560.504,0,0,OK,4626.2,4619.2,4619.2,4619.2,4619.2,4619.2,4619.2,4619.2,4619.2,0.00,4619.2,4619.2,4619.2,0.80,1031.6,1031.6,1031.6,2171.2,2407.6,2407.6,2407.6,2407.6,2407.6,528.8,532.8,512.8,7812,1558.4,5128,13828,2060.2,1282.0,10416,0xB6C4E17A
1552,0,560605,560.605,0,0,OK,4622.2,4619.2,4619.2,4619.2,4619.2,4619.2,4619.2,4619.2,4619.2,0.00,4619.2,4619.2,4619.2,0.80,791.2,791.2,1031.6,4105.6,4110.6,2406.6,4111.6,4110.6,2406.6,268.4,262.4,262.4,7812,1798.8,2624,16632,1799.8,1292.0,15524,0xA50D3065
1553,0,560707,560.707,0,0,OK,4627.2,4619.2,4619.2,4619.2,4619.2,4619.2,4619.2,4619.2,4619.2,0.00,4619.2,4619.2,4619.2,231.76,1031.6,791.2,1031.6,2171.2,4111.6,2406.6,2407.6,4111.6,2406.6,278.4,512.8,532.8,7912,2049.2,2624,19136,1809.8,1282.0,12860,0x6CA31A10
1554,0,560808,560.808,0,0,OK,4623.2,4619.2,4619.2,4619.2,4619.2,4619.2,4619.2,4619.2,4619.2,0.00,4619.2,4619.2,4619.2,231.76,791.2,1031.6,791.2,4105.6,2406.6,4111.6,4110.6,2406.6,4111.6,267.4,512.8,522.8,5308,1808.8,5328,11424,1559.4,791.2,10316,0x6F3148CF
1555,0,560910,560.910,0,0,OK,4622.2,4619.2,4619.2,4619.2,4619.2,4619.2,4619.2,4619.2,4619.2,0.00,4619.2,4619.2,4619.2,232.76,1031.6,791.2,1031.6,2171.2,4111.6,2406.6,2407.6,4111.6,2406.6,528.8,272.4,532.8,7712,1798.8,2724,11424,1799.8,1282.0,10416,0x72399152
1556,0,561012,561.012,0,0,OK,4621.2,4619.2,4619.2,4619.2,4619.2,4619.2,4619.2,4619.2,4619.2,0.00,4619.2,4619.2,4619.2,232.76,1031.6,1031.6,791.2,2171.2,2407.6,4111.6,2406.6,2407.6,4111.6,267.4,272.4,272.4,10316,2049.2,5128,16632,2050.2,1031.6,23236,0x744DA273
1557,0,561113,561.113,0,0,OK,4627.2,4619.2,4619.2,4619.2,4619.2,4619.2,4619.2,4619.2,4619.2,0.00,4619.2,4619.2,4619.2,231.76,1031.6,791.2,1031.6,2171.2,4111.6,2406.6,2407.6,4111.6,2406.6,528.8,272.4,522.8,7712,2059.2,5328,14028,2060.2,791.2,15524,0x4818CD98
1558,0,561215,561.215,0,0,OK,4619.2,4619.2,4619.2,4619.2,4619.2,4619.2,4619.2,4619.2,4619.2,0.00,4619.2,4619.2,4619.2,0.80,1031.6,1031.6,1031.6,2171.2,2407.6,2407.6,2407.6,2407.6,2407.6,268.4,272.4,512.8,7812,2049.2,2624,16632,1559.4,1282.0,140,0x693FB5D3
1559,0,561316,561.316,0,0,OK,4624.2,4619.2,4619.2,4619.2,4619.2,4619.2,4619.2,4619.2,4619.2,0.00,4619.2,4619.2,4619.2,232.76,791.2,791.2,791.2,4105.6,4110.6,4110.6,4110.6,4110.6,4110.6,768.2,262.4,532.8,7712,1808.8,2724,16532,2050.2,791.2,18128,0xC75C4D24
1560,0,561418,561.418,0,0,OK,4628.2,4619.2,4619.2,4619.2,4619.2,4619.2,4619.2,4619.2,4619.2,0.00,4619.2,4619.2,4619.2,0.80,1031.6,791.2,1031.6,2171.2,4111.6,2406.6,2407.6,4111.6,2406.6,518.8,262.4,522.8,5308,1808.8,5328,16632,2060.2,1292.0,7912,0x16719BCC
1561,0,561520,561.520,0,0,OK,4627.2,4619.2,4619.2,4619.2,4619.2,4619.2,4619.2,4619.2,4619.2,0.00,4619.2,4619.2,4619.2,231.76,1031.6,1031.6,791.2,2171.2,2407.6,4111.6,2406.6,2407.6,4111.6,527.8,272.4,262.4,7812,1798.8,5128,13828,2050.2,1031.6,2644,0x785C0ED6
1562,0,561621,561.621,0,0,OK,4623.2,4619.2,4619.2,4619.2,4619.2,4619.2,4619.2,4619.2,4619.2,0.00,4619.2,4619.2,4619.2,231.76,791.2,791.2,1031.6,4105.6,4110.6,2406.6,4111.6,4110.6,2406.6,278.4,522.8,532.8,5308,2049.2,2624,21540,1809.8,1292.0,7852,0xE430D049
1563,0,561723,561.723,0,0,OK,4619.2,4619.2,4619.2,4619.2,4619.2,4619.2,4619.2,4619.2,4619.2,0.00,4619.2,4619.2,4619.2,231.76,791.2,1031.6,791.2,4105.6,2406.6,4111.6,4110.6,2406.6,4111.6,277.4,272.4,512.8,7912,2059.2,2724,19036,1809.8,1031.6,10256,0x44073CE1
1564,0,561824,561.824,0,0,OK,4623.2,4619.2,4619.2,4619.2,4619.2,4619.2,4619.2,4619.2,4619.2,0.00,4619.2,4619.2,4619.2,232.76,791.2,791.2,791.2,4105.6,4110.6,4110.6,4110.6,4110.6,4110.6,527.8,532.8,532.8,10316,1808.8,2624,14028,1559.4,791.2,240,0x495220E9
1565,0,561926,561.926,0,0,OK,4619.2,4619.2,4619.2,4619.2,4619.2,4619.2,4619.2,4619.2,4619.2,0.00,4619.2,4619.2,4619.2,231.76,1031.6,791.2,1031.6,2171.2,4111.6,2406.6,2407.6,4111.6,2406.6,528.8,512.8,512.8,7812,2049.2,5228,21540,1559.4,1292.0,18128,0x0A640525
1566,0,562028,562.028,0,0,OK,4625.2,4619.2,4619.2,4619.2,4619.2,4619.2,4619.2,4619.2,4619.2,0.00,4619.2,4619.2,4619.2,232.76,791.2,1031.6,1031.6,4105.6,2406.6,2407.6,4111.6,2406.6,2407.6,518.8,512.8,262.4,7712,1558.4,2724,16532,1799.8,791.2,240,0x73524718
1567,0,562129,562.129,0,0,OK,4622.2,4619.2,4619.2,4619.2,4619.2,4619.2,4619.2,4619.2,4619.2,0.00,4619.2,4619.2,4619.2,231.76,791.2,791.2,791.2,4105.6,4110.6,4110.6,4110.6,4110.6,4110.6,267.4,272.4,522.8,5308,1558.4,5228,13928,2050.2,1041.6,15424,0x701ACB07
1568,0,562231,562.231,0,0,OK,4624.2,4619.2,4619.2,4619.2,4619.2,4619.2,4619.2,4619.2,4619.2,0.00,4619.2,4619.2,4619.2,231.76,791.2,1031.6,1031.6,4105.6,2406.6,2407.6,4111.6,2406.6,2407.6,278.4,262.4,532.8,10316,1808.8,2624,11424,1799.8,1031.6,15524,0xA2EC7338
1569,0,562333,562.333,0,0,OK,4619.2,4619.2,4619.2,4619.2,4619.2,4619.2,4619.2,4619.2,4619.2,0.00,4619.2,4619.2,4619.2,231.76,1031.6,1031.6,791.2,2171.2,2407.6,4111.6,2406.6,2407.6,4111.6,517.8,262.4,262.4,5308,2059.2,2724,14028,2050.2,1031.6,10456,0x44CBEF5C
1570,0,562434,562.434,0,0,OK,4627.2,4619.2,4619.2,4619.2,4619.2,4619.2,4619.2,4619.2,4619.2,0.00,4619.2,4619.2,4619.2,231.76,791.2,1031.6,1031.6,4105.6,2406.6,2407.6,4111.6,2406.6,2407.6,268.4,522.8,532.8,7912,2049.2,5228,16432,1559.4,1282.0,5348,0x4C45CE23
1571,0,562536,562.536,0,0,OK,4622.2,4619.2,4619.2,4619.2,4619.2,4619.2,4619.2,4619.2,4619.2,0.00,4619.2,4619.2,4619.2,0.80,791.2,791.2,1031.6,4105.6,4110.6,2406.6,4111.6,4110.6,2406.6,278.4,522.8,262.4,7712,2059.2,2624,14028,1559.4,1041.6,20532,0xC4CC09A2
1572,0,562638,562.638,0,0,OK,4621.2,4619.2,4619.2,4619.2,4619.2,4619.2,4619.2,4619.2,4619.2,0.00,4619.2,4619.2,4619.2,0.80,1031.6,1031.6,791.2,2171.2,2407.6,4111.6,2406.6,2407.6,4111.6,277.4,262.4,272.4,7812,2059.2,5328,14028,1799.8,1041.6,20732,0x5767AE11
1573,0,562739,562.739,0,0,OK,4626.2,4619.2,4619.2,4619.2,4619.2,4619.2,4619.2,4619.2,4619.2,0.00,4619.2,4619.2,4619.2,231.76,1031.6,791.2,791.2,2171.2,4111.6,4110.6,2406.6,4111.6,4110.6,517.8,532.8,522.8,7712,1808.8,5128,16632,1559.4,1031.6,12860,0xDEFF53D0
1574,0,562841,562.841,0,0,OK,4620.2,4619.2,4619.2,4619.2,4619.2,4619.2,4619.2,4619.2,4619.2,0.00,4619.2,4619.2,4619.2,0.80,791.2,791.2,1031.6,4105.6,4110.6,2406.6,4111.6,4110.6,2406.6,528.8,512.8,512.8,7812,1808.8,2724,11424,1799.8,791.2,5248,0x93291606
1575,0,562943,562.943,0,0,OK,4624.2,4619.2,4619.2,4619.2,4619.2,4619.2,4619.2,4619.2,4619.2,0.00,4619.2,4619.2,4619.2,0.80,791.2,1031.6,1031.6,4105.6,2406.6,2407.6,4111.6,2406.6,2407.6,518.8,512.8,512.8,5308,1808.8,5328,13928,1809.8,1282.0,23136,0x131AFC4F
1576,0,563044,563.044,0,0,OK,4621.2,4619.2,4619.2,4619.2,4619.2,4619.2,4619.2,4619.2,4619.2,0.00,4619.2,4619.2,4619.2,231.76,791.2,1031.6,791.2,4105.6,2406.6,4111.6,4110.6,2406.6,4111.6,277.4,512.8,262.4,7912,1798.8,5228,16432,2060.2,1292.0,18128,0xD61E4636
1577,0,563146,563.146,0,0,OK,4619.2,4619.2,4619.2,4619.2,4619.2,4619.2,4619.2,4619.2,4619.2,0.00,4619.2,4619.2,4619.2,0.80,791.2,1031.6,791.2,4105.6,2406.6,4111.6,4110.6,2406.6,4111.6,267.4,522.8,272.4,7912,2049.2,2624,16632,1799.8,1282.0,10456,0xD822DA73
1578,0,563247,563.247,0,0,OK,4628.2,4619.2,4619.2,4619.2,4619.2,4619.2,4619.2,4619.2,4619.2,0.00,4619.2,4619.2,4619.2,231.76,791.2,791.2,1031.6,4105.6,4110.6,2406.6,4111.6,4110.6,2406.6,518.8,522.8,532.8,7912,1808.8,5328,19036,2060.2,1292.0,20632,0xABE13112
1579,0,563349,563.349,0,0,OK,4623.2,4619.2,4619.2,4619.2,4619.2,4619.2,4619.2,4619.2,4619.2,0.00,4619.2,4619.2,4619.2,232.76,791.2,1031.6,791.2,4105.6,2406.6,4111.6,4110.6,2406.6,4111.6,267.4,272.4,272.4,10316,1558.4,5228,16432,1799.8,1292.0,240,0x100DCAD9
1580,0,563451,563.451,0,0,OK,4627.2,4619.2,4619.2,4619.2,4619.2,4619.2,4619.2,4619.2,4619.2,0.00,4619.2,4619.2,4619.2,232.76,1031.6,1031.6,1031.6,2171.2,2407.6,2407.6,2407.6,2407.6,2407.6,769.2,262.4,272.4,7812,1798.8,2724,16532,2060.2,1282.0,7852,0xED2351F1
1581,0,563552,563.552,0,0,OK,4621.2,4619.2,4619.2,4619.2,4619.2,4619.2,4619.2,4619.2,4619.2,0.00,4619.2,4619.2,4619.2,0.80,791.2,791.2,1031.6,4105.6,4110.6,2406.6,4111.6,4110.6,2406.6,769.2,522.8,262.4,7712,2059.2,2624,16432,1809.8,1282.0,140,0xF824C1C5
1582,0,563654,563.654,0,0,OK,4621.2,4619.2,4619.2,4619.2,4619.2,4619.2,4619.2,4619.2,4619.2,0.00,4619.2,4619.2,4619.2,0.80,1031.6,1031.6,1031.6,2171.2,2407.6,2407.6,2407.6,2407.6,2407.6,528.8,522.8,272.4,7912,1558.4,5128,16532,1809.8,1282.0,10456,0xD67B1EB6
1583,0,563756,563.756,0,0,OK,4619.2,4619.2,4619.2,4619.2,4619.2,4619.2,4619.2,4619.2,4619.2,0.00,4619.2,4619.2,4619.2,232.76,1031.6,1031.6,791.2,2171.2,2407.6,4111.6,2406.6,2407.6,4111.6,517.8,512.8,272.4,7812,2059.2,5228,16632,1809.8,791.2,7912,0x3514EB73
1584,0,563857,563.857,0,0,OK,4621.2,4619.2,4619.2,4619.2,4619.2,4619.2,4619.2,4619.2,4619.2,0.00,4619.2,4619.2,4619.2,0.80,1031.6,1031.6,791.2,2171.2,2407.6,4111.6,2406.6,2407.6,4111.6,267.4,512.8,272.4,10316,1808.8,5228,14028,2060.2,1041.6,23136,0x0072F383
1585,0,563959,563.959,0,0,OK,4619.2,4619.2,4619.2,4619.2,4619.2,4619.2,4619.2,4619.2,4619.2,0.00,4619.2,4619.2,4619.2,231.76,1031.6,791.2,1031.6,2171.2,4111.6,2406.6,2407.6,4111.6,2406.6,278.4,512.8,532.8,5308,1798.8,5228,14028,1559.4,1282.0,20732,0xE03AE2BC
1586,0,564061,564.061,0,0,OK,4621.2,4619.2,4619.2,4619.2,4619.2,4619.2,4619.2,4619.2,4619.2,0.00,4619.2,4619.2,4619.2,0.80,1031.6,791.2,1031.6,2171.2,4111.6,2406.6,2407.6,4111.6,2406.6,268.4,522.8,512.8,7812,1808.8,2724,13928,1809.8,1282.0,10456,0x6612A3D3
1587,0,564162,564.162,0,0,OK,4624.2,4619.2,4619.2,4619.2,4619.2,4619.2,4619.2,4619.2,4619.2,0.00,4619.2,4619.2,4619.2,0.80,791.2,791.2,791.2,4105.6,4110.6,4110.6,4110.6,4110.6,4110.6,527.8,532.8,512.8,7912,1798.8,5128,19036,2050.2,1041.6,10256,0x2547695D
1588,0,564264,564.264,0,0,OK,4621.2,4619.2,4619.2,4619.2,4619.2,4619.2,4619.2,4619.2,4619.2,0.00,4619.2,4619.2,4619.2,232.76,791.2,1031.6,1031.6,4105.6,2406.6,2407.6,4111.6,2406.6,2407.6,268.4,522.8,272.4,5308,1808.8,5128,16532,1559.4,1292.0,2744,0x0AA7DB88
1589,0,564366,564.366,0,0,OK,4620.2,4619.2,4619.2,4619.2,4619.2,4619.2,4619.2,4619.2,4619.2,0.00,4619.2,4619.2,4619.2,0.80,791.2,1031.6,791.2,4105.6,2406.6,4111.6,4110.6,2406.6,4111.6,768.2,512.8,262.4,10316,1558.4,5328,14028,2050.2,1031.6,40,0xFCB5D5C9
1590,0,564467,564.467,0,0,OK,4621.2,4619.2,4619.2,4619.2,4619.2,4619.2,4619.2,4619.2,4619.2,0.00,4619.2,4619.2,4619.2,0.80,1031.6,1031.6,1031.6,2171.2,2407.6,2407.6,2407.6,2407.6,2407.6,518.8,272.4,262.4,7912,2059.2,5128,11424,2060.2,791.2,2644,0x73DD65A8
1591,0,564569,564.569,0,0,OK,4626.2,4619.2,4619.2,4619.2,4619.2,4619.2,4619.2,4619.2,4619.2,0.00,4619.2,4619.2,4619.2,231.76,1031.6,791.2,1031.6,2171.2,4111.6,2406.6,2407.6,4111.6,2406.6,769.2,532.8,272.4,7712,2059.2,2724,16532,1809.8,791.2,5148,0xC3F37C9E
1592,0,564671,564.671,0,0,OK,4619.2,4619.2,4619.2,4619.2,4619.2,4619.2,4619.2,4619.2,4619.2,0.00,4619.2,4619.2,4619.2,0.80,791.2,1031.6,791.2,4105.6,2406.6,4111.6,4110.6,2406.6,4111.6,277.4,532.8,522.8,7712,2049.2,2724,19136,2060.2,1041.6,12860,0xD775A582
1593,0,564772,564.772,0,0,OK,4621.2,4619.2,4619.2,4619.2,4619.2,4619.2,4619.2,4619.2,4619.2,0.00,4619.2,4619.2,4619.2,231.76,1031.6,791.2,1031.6,2171.2,4111.6,2406.6,2407.6,4111.6,2406.6,769.2,532.8,532.8,7912,2059.2,5328,13828,2060.2,1041.6,15524,0xD3453584
1594,0,564874,564.874,0,0,OK,4622.2,4619.2,4619.2,4619.2,4619.2,4619.2,4619.2,4619.2,4619.2,0.00,4619.2,4619.2,4619.2,231.76,791.2,791.2,1031.6,4105.6,4110.6,2406.6,4111.6,4110.6,2406.6,278.4,512.8,532.8,7712,2049.2,5228,21540,1559.4,1041.6,15524,0x0AADE405
1595,0,564975,564.975,0,0,OK,4619.2,4619.2,4619.2,4619.2,4619.2,4619.2,4619.2,4619.2,4619.2,0.00,4619.2,4619.2,4619.2,0.80,1031.6,791.2,1031.6,2171.2,4111.6,2406.6,2407.6,4111.6,2406.6,528.8,532.8,522.8,5308,2049.2,5328,16532,1799.8,1282.0,18128,0xA1D1AE8C
1596,0,565077,565.077,0,0,OK,4620.2,4619.2,4619.2,4619.2,4619.2,4619.2,4619.2,4619.2,4619.2,0.00,4619.2,4619.2,4619.2,0.80,791.2,1031.6,1031.6,4105.6,2406.6,2407.6,4111.6,2406.6,2407.6,769.2,512.8,262.4,5308,2049.2,2624,16532,1799.8,1041.6,7752,0xFAA7C9F3
1597,0,565179,565.179,0,0,OK,4620.2,4619.2,4619.2,4619.2,4619.2,4619.2,4619.2,4619.2,4619.2,0.00,4619.2,4619.2,4619.2,0.80,1031.6,791.2,791.2,2171.2,4111.6,4110.6,2406.6,4111.6,4110.6,768.2,272.4,522.8,7912,1558.4,5328,19136,2060.2,1041.6,20732,0xDB4E9A24
1598,0,565280,565.280,0,0,OK,4628.2,4619.2,4619.2,4619.2,4619.2,4619.2,4619.2,4619.2,4619.2,0.00,4619.2,4619.2,4619.2,231.76,791.2,1031.6,791.2,4105.6,2406.6,4111.6,4110.6,2406.6,4111.6,527.8,522.8,522.8,7912,2059.2,5228,16632,1559.4,1292.0,5248,0x0A600E84
1599,0,565382,565.382,0,0,OK,4628.2,4619.2,4619.2,4619.2,4619.2,4619.2,4619.2,4619.2,4619.2,0.00,4619.2,4619.2,4619.2,231.76,1031.6,791.2,791.2,2171.2,4111.6,4110.6,2406.6,4111.6,4110.6,527.8,532.8,512.8,5308,2049.2,5328,19136,2060.2,1292.0,15524,0xD61B77B0
1600,0,565484,565.484,0,0,OK,4621.2,4619.2,4619.2,4619.2,4619.2,4619.2,4619.2,4619.2,4619.2,0.00,4619.2,4619.2,4619.2,0.80,791.2,791.2,791.2,4105.6,4110.6,4110.6,4110.6,4110.6,4110.6,527.8,262.4,532.8,10316,1798.8,5128,19036,1809.8,1292.0,140,0x2733FEB5
1601,0,565585,565.585,0,0,OK,4621.2,4619.2,4619.2,4619.2,4619.2,4619.2,4619.2,4619.2,4619.2,0.00,4619.2,4619.2,4619.2,231.76,1031.6,1031.6,791.2,2171.2,2407.6,4111.6,2406.6,2407.6,4111.6,277.4,522.8,272.4,7912,1558.4,5128,11424,2050.2,791.2,10416,0xA33B5426
1602,0,565687,565.687,0,0,OK,4621.2,4619.2,4619.2,4619.2,4619.2,4619.2,4619.2,4619.2,4619.2,0.00,4619.2,4619.2,4619.2,231.76,791.2,1031.6,1031.6,4105.6,2406.6,2407.6,4111.6,2406.6,2407.6,528.8,272.4,532.8,7912,1808.8,5328,13928,1559.4,1041.6,5148,0xF0109B20
1603,0,565788,565.788,0,0,OK,4628.2,4619.2,4619.2,4619.2,4619.2,4619.2,4619.2,4619.2,4619.2,0.00,4619.2,4619.2,4619.2,231.76,791.2,1031.6,1031.6,4105.6,2406.6,2407.6,4111.6,2406.6,2407.6,769.2,522.8,272.4,7912,2059.2,2624,16632,2060.2,1292.0,17928,0x947C4194
1604,0,565890,565.890,0,0,OK,4619.2,4619.2,4619.2,4619.2,4619.2,4619.2,4619.2,4619.2,4619.2,0.00,4619.2,4619.2,4619.2,231.76,1031.6,791.2,1031.6,2171.2,4111.6,2406.6,2407.6,4111.6,2406.6,769.2,262.4,522.8,10316,1808.8,5228,13928,1799.8,1031.6,40,0x4B22C928
1605,0,565992,565.992,0,0,OK,4624.2,4619.2,4619.2,4619.2,4619.2,4619.2,4619.2,4619.2,4619.2,0.00,4619.2,4619.2,4619.2,231.76,1031.6,791.2,1031.6,2171.2,4111.6,2406.6,2407.6,4111.6,2406.6,769.2,532.8,522.8,7712,2049.2,2624,16532,1809.8,1292.0,20632,0x6F19EE36
1606,0,566093,566.093,0,0,OK,4620.2,4619.2,4619.2,4619.2,4619.2,4619.2,4619.2,4619.2,4619.2,0.00,4619.2,4619.2,4619.2,232.76,1031.6,1031.6,1031.6,2171.2,2407.6,2407.6,2407.6,2407.6,2407.6,528.8,512.8,532.8,7812,2059.2,5328,19036,2050.2,791.2,12820,0x926E06E3
1607,0,566195,566.195,0,0,OK,4621.2,4619.2,4619.2,4619.2,4619.2,4619.2,4619.2,4619.2,4619.2,0.00,4619.2,4619.2,4619.2,231.76,791.2,1031.6,1031.6,4105.6,2406.6,2407.6,4111.6,2406.6,2407.6,278.4,272.4,512.8,10316,1798.8,5228,13828,1809.8,1041.6,18028,0x6F68FBE4
1608,0,566297,566.297,0,0,OK,4627.2,4619.2,4619.2,4619.2,4619.2,4619.2,4619.2,4619.2,4619.2,0.00,4619.2,4619.2,4619.2,0.80,791.2,791.2,1031.6,4105.6,4110.6,2406.6,4111.6,4110.6,2406.6,518.8,272.4,512.8,10316,2059.2,5328,16532,1809.8,791.2,15524,0xB836AE04
1609,0,566398,566.398,0,0,OK,4626.2,4619.2,4619.2,4619.2,4619.2,4619.2,4619.2,4619.2,4619.2,0.00,4619.2,4619.2,4619.2,232.76,791.2,1031.6,791.2,4105.6,2406.6,4111.6,4110.6,2406.6,4111.6,517.8,262.4,532.8,7812,1808.8,5328,19136,2050.2,791.2,5148,0xC1BB135E
1610,0,566500,566.500,0,0,OK,4622.2,4619.2,4619.2,4619.2,4619.2,4619.2,4619.2,4619.2,4619.2,0.00,4619.2,4619.2,4619.2,231.76,1031.6,791.2,791.2,2171.2,4111.6,4110.6,2406.6,4111.6,4110.6,517.8,532.8,512.8,5308,2059.2,5328,16532,1809.8,791.2,20632,0x2509B33A
1611,0,566602,566.602,0,0,OK,4620.2,4619.2,4619.2,4619.2,4619.2,4619.2,4619.2,4619.2,4619.2,0.00,4619.2,4619.2,4619.2,0.80,1031.6,791.2,1031.6,2171.2,4111.6,2406.6,2407.6,4111.6,2406.6,528.8,272.4,522.8,7712,1558.4,5228,13928,1799.8,1292.0,18028,0xEC65FC93
1612,0,566703,566.703,0,0,OK,4619.2,4619.2,4619.2,4619.2,4619.2,4619.2,4619.2,4619.2,4619.2,0.00,4619.2,4619.2,4619.2,232.76,1031.6,1031.6,1031.6,2171.2,2407.6,2407.6,2407.6,2407.6,2407.6,769.2,532.8,532.8,7912,2059.2,5228,21540,2050.2,1041.6,2744,0x32DB5708
1613,0,566805,566.805,0,0,OK,4626.2,4619.2,4619.2,4619.2,4619.2,4619.2,4619.2,4619.2,4619.2,0.00,4619.2,4619.2,4619.2,231.76,791.2,1031.6,1031.6,4105.6,2406.6,2407.6,4111.6,2406.6,2407.6,268.4,532.8,512.8,7812,2059.2,2724,13928,1559.4,1041.6,7852,0x8C72301D
1614,0,566906,566.906,0,0,OK,4628.2,4619.2,4619.2,4619.2,4619.2,4619.2,4619.2,4619.2,4619.2,0.00,4619.2,4619.2,4619.2,0.80,1031.6,1031.6,791.2,2171.2,2407.6,4111.6,2406.6,2407.6,4111.6,517.8,262.4,532.8,7812,1558.4,2724,19036,1559.4,791.2,15424,0xDFB80620
1615,0,567008,567.008,0,0,OK,4621.2,4619.2,4619.2,4619.2,4619.2,4619.2,4619.2,4619.2,4619.2,0.00,4619.2,4619.2,4619.2,231.76,1031.6,1031.6,791.2,2171.2,2407.6,4111.6,2406.6,2407.6,4111.6,768.2,272.4,262.4,10316,1808.8,5228,19036,1809.8,1031.6,10456,0x2DF14D05
1616,0,567110,567.110,0,0,OK,4626.2,4619.2,4619.2,4619.2,4619.2,4619.2,4619.2,4619.2,4619.2,0.00,4619.2,4619.2,4619.2,0.80,791.2,791.2,791.2,4105.6,4110.6,4110.6,4110.6,4110.6,4110.6,517.8,272.4,262.4,5308,1798.8,2724,11424,2060.2,1041.6,10256,0x2F0FCEA5
1617,0,567211,567.211,0,0,OK,4621.2,4619.2,4619.2,4619.2,4619.2,4619.2,4619.2,4619.2,4619.2,0.00,4619.2,4619.2,4619.2,231.76,1031.6,791.2,1031.6,2171.2,4111.6,2406.6,2407.6,4111.6,2406.6,528.8,262.4,522.8,10316,1798.8,5328,14028,2050.2,791.2,23236,0xD587DE05
1618,0,567313,567.313,0,0,OK,4624.2,4619.2,4619.2,4619.2,4619.2,4619.2,4619.2,4619.2,4619.2,0.00,4619.2,4619.2,4619.2,232.76,791.2,791.2,791.2,4105.6,4110.6,4110.6,4110.6,4110.6,4110.6,527.8,262.4,522.8,5308,2049.2,5128,19136,1809.8,1041.6,17928,0x88BE4F6B
1619,0,567415,567.415,0,0,OK,4624.2,4619.2,4619.2,4619.2,4619.2,4619.2,4619.2,4619.2,4619.2,0.00,4619.2,4619.2,4619.2,231.76,1031.6,791.2,1031.6,2171.2,4111.6,2406.6,2407.6,4111.6,2406.6,518.8,272.4,512.8,7812,2059.2,5228,16432,2050.2,1292.0,17928,0x42CD294D
1620,0,567516,567.516,0,0,OK,4627.2,4619.2,4619.2,4619.2,4619.2,4619.2,4619.2,4619.2,4619.2,0.00,4619.2,4619.2,4619.2,0.80,791.2,791.2,791.2,4105.6,4110.6,4110.6,4110.6,4110.6,4110.6,527.8,512.8,522.8,7912,1558.4,5328,16632,2060.2,1282.0,20732,0x915CD74D
1621,0,567618,567.618,0,0,OK,4622.2,4619.2,4619.2,4619.2,4619.2,4619.2,4619.2,4619.2,4619.2,0.00,4619.2,4619.2,4619.2,232.76,1031.6,791.2,791.2,2171.2,4111.6,4110.6,2406.6,4111.6,4110.6,768.2,522.8,272.4,7912,2059.2,5128,16432,1559.4,791.2,20532,0x0B0FF868
1622,0,567720,567.720,0,0,OK,4623.2,4619.2,4619.2,4619.2,4619.2,4619.2,4619.2,4619.2,4619.2,0.00,4619.2,4619.2,4619.2,0.80,1031.6,1031.6,1031.6,2171.2,2407.6,2407.6,2407.6,2407.6,2407.6,268.4,522.8,522.8,7712,1798.8,5228,11424,1559.4,1031.6,20632,0x73311D5A
1623,0,567821,567.821,0,0,OK,4623.2,4619.2,4619.2,4619.2,4619.2,4619.2,4619.2,4619.2,4619.2,0.00,4619.2,4619.2,4619.2,231.76,791.2,791.2,1031.6,4105.6,4110.6,2406.6,4111.6,4110.6,2406.6,518.8,512.8,532.8,7812,1798.8,5328,16432,1799.8,1031.6,20532,0x88ED806E
1624,0,567923,567.923,0,0,OK,4627.2,4619.2,4619.2,4619.2,4619.2,4619.2,4619.2,4619.2,4619.2,0.00,4619.2,4619.2,4619.2,231.76,791.2,791.2,791.2,4105.6,4110.6,4110.6,4110.6,4110.6,4110.6,517.8,532.8,532.8,10316,1558.4,5328,16432,2050.2,1282.0,10416,0xF59CA776
1625,0,568024,568.024,0,0,OK,4628.2,4619.2,4619.2,4619.2,4619.2,4619.2,4619.2,4619.2,4619.2,0.00,4619.2,4619.2,4619.2,232.76,791.2,791.2,1031.6,4105.6,4110.6,2406.6,4111.6,4110.6,2406.6,528.8,522.8,262.4,5308,1808.8,2724,19136,2060.2,1031.6,2744,0x3F1C4387
1626,0,568126,568.126,0,0,OK,4628.2,4619.2,4619.2,4619.2,4619.2,4619.2,4619.2,4619.2,4619.2,0.00,4619.2,4619.2,4619.2,231.76,1031.6,791.2,1031.6,2171.2,4111.6,2406.6,2407.6,4111.6,2406.6,769.2,532.8,512.8,7912,2049.2,5228,13928,2060.2,1031.6,2744,0x63196117
1627,0,568228,568.228,0,0,OK,4627.2,4619.2,4619.2,4619.2,4619.2,4619.2,4619.2,4619.2,4619.2,0.00,4619.2,4619.2,4619.2,232.76,1031.6,791.2,791.2,2171.2,4111.6,4110.6,2406.6,4111.6,4110.6,768.2,272.4,532.8,10316,1558.4,5128,16632,2050.2,1282.0,10256,0x7FE5F9C4
1628,0,568329,568.329,0,0,OK,4623.2,4619.2,4619.2,4619.2,4619.2,4619.2,4619.2,4619.2,4619.2,0.00,4619.2,4619.2,4619.2,231.76,791.2,791.2,1031.6,4105.6,4110.6,2406.6,4111.6,4110.6,2406.6,528.8,532.8,512.8,7912,2049.2,2624,14028,1559.4,1282.0,240,0x6B461EC1
1629,0,568431,568.431,0,0,OK,4626.2,4619.2,4619.2,4619.2,4619.2,4619.2,4619.2,4619.2,4619.2,0.00,4619.2,4619.2,4619.2,231.76,1031.6,791.2,791.2,2171.2,4111.6,4110.6,2406.6,4111.6,4110.6,277.4,272.4,262.4,10316,1808.8,2724,21540,2060.2,1041.6,10456,0x1D2F90FA
1630,0,568533,568.533,0,0,OK,4626.2,4619.2,4619.2,4619.2,4619.2,4619.2,4619.2,4619.2,4619.2,0.00,4619.2,4619.2,4619.2,232.76,791.2,791.2,791.2,4105.6,4110.6,4110.6,4110.6,4110.6,4110.6,267.4,272.4,532.8,5308,1798.8,5328,19136,2060.2,1292.0,10256,0xCD4ED1E7
1631,0,568634,568.634,0,0,OK,4619.2,4619.2,4619.2,4619.2,4619.2,4619.2,4619.2,4619.2,4619.2,0.00,4619.2,4619.2,4619.2,232.76,1031.6,791.2,1031.6,2171.2,4111.6,2406.6,2407.6,4111.6,2406.6,278.4,532.8,512.8,7812,1558.4,5228,14028,2060.2,1292.0,7912,0xE7EABB4C
1632,0,568736,568.736,0,0,OK,4623.2,4619.2,4619.2,4619.2,4619.2,4619.2,4619.2,4619.2,4619.2,0.00,4619.2,4619.2,4619.2,232.76,1031.6,791.2,1031.6,2171.2,4111.6,2406.6,2407.6,4111.6,2406.6,528.8,272.4,272.4,5308,2049.2,5228,19136,1799.8,1282.0,18028,0xCFE0E61E
1633,0,568838,568.838,0,0,OK,4626.2,4619.2,4619.2,4619.2,4619.2,4619.2,4619.2,4619.2,4619.2,0.00,4619.2,4619.2,4619.2,231.76,1031.6,1031.6,791.2,2171.2,2407.6,4111.6,2406.6,2407.6,4111.6,277.4,262.4,272.4,7812,2049.2,2724,19136,2060.2,791.2,18128,0x07B4F4C0
1634,0,568939,568.939,0,0,OK,4625.2,4619.2,4619.2,4619.2,4619.2,4619.2,4619.2,4619.2,4619.2,0.00,4619.2,4619.2,4619.2,232.76,1031.6,791.2,1031.6,2171.2,4111.6,2406.6,2407.6,4111.6,2406.6,528.8,262.4,532.8,7812,2049.2,2724,16432,2050.2,1292.0,13020,0x263D8242
1635,0,569041,569.041,0,0,OK,4619.2,4619.2,4619.2,4619.2,4619.2,4619.2,4619.2,4619.2,4619.2,0.00,4619.2,4619.2,4619.2,232.76,791.2,791.2,1031.6,4105.6,4110.6,2406.6,4111.6,4110.6,2406.6,769.2,522.8,532.8,7812,2059.2,2724,21540,2050.2,1292.0,12920,0x2DF1FEA6
1636,0,569143,569.143,0,0,OK,4625.2,4619.2,4619.2,4619.2,4619.2,4619.2,4619.2,4619.2,4619.2,0.00,4619.2,4619.2,4619.2,232.76,1031.6,1031.6,1031.6,2171.2,2407.6,2407.6,2407.6,2407.6,2407.6,278.4,512.8,262.4,10316,2049.2,2624,11424,1559.4,1292.0,10256,0xB039AB16
1637,0,569244,569.244,0,0,OK,4626.2,4619.2,4619.2,4619.2,4619.2,4619.2,4619.2,4619.2,4619.2,0.00,4619.2,4619.2,4619.2,231.76,1031.6,791.2,1031.6,2171.2,4111.6,2406.6,2407.6,4111.6,2406.6,518.8,532.8,512.8,7912,1808.8,5328,16632,1799.8,1292.0,5248,0x9103D32B
1638,0,569346,569.346,0,0,OK,4622.2,4619.2,4619.2,4619.2,4619.2,4619.2,4619.2,4619.2,4619.2,0.00,4619.2,4619.2,4619.2,0.80,791.2,791.2,791.2,4105.6,4110.6,4110.6,4110.6,4110.6,4110.6,267.4,532.8,522.8,7812,2059.2,5328,11424,1809.8,791.2,18128,0x5419EEC5
1639,0,569448,569.448,0,0,OK,4625.2,4619.2,4619.2,4619.2,4619.2,4619.2,4619.2,4619.2,4619.2,0.00,4619.2,4619.2,4619.2,0.80,791.2,1031.6,1031.6,4105.6,2406.6,2407.6,4111.6,2406.6,2407.6,769.2,512.8,522.8,7712,1798.8,5228,16632,1809.8,1292.0,12860,0xCE173995
1640,0,569549,569.549,0,0,OK,4624.2,4619.2,4619.2,4619.2,4619.2,4619.2,4619.2,4619.2,4619.2,0.00,4619.2,4619.2,4619.2,232.76,791.2,791.2,1031.6,4105.6,4110.6,2406.6,4111.6,4110.6,2406.6,518.8,522.8,512.8,7712,2049.2,5128,14028,2050.2,1031.6,20532,0x38E104D6
1641,0,569651,569.651,0,0,OK,4628.2,4619.2,4619.2,4619.2,4619.2,4619.2,4619.2,4619.2,4619.2,0.00,4619.2,4619.2,4619.2,232.76,1031.6,1031.6,791.2,2171.2,2407.6,4111.6,2406.6,2407.6,4111.6,768.2,272.4,262.4,5308,1808.8,2724,14028,1799.8,1292.0,7752,0x6747CF66
1642,0,569752,569.752,0,0,OK,4625.2,4619.2,4619.2,4619.2,4619.2,4619.2,4619.2,4619.2,4619.2,0.00,4619.2,4619.2,4619.2,0.80,791.2,1031.6,1031.6,4105.6,2406.6,2407.6,4111.6,2406.6,2407.6,518.8,512.8,532.8,7912,1558.4,2624,21540,1799.8,1282.0,7912,0xB064F0BD
1643,0,569854,569.854,0,0,OK,4622.2,4619.2,4619.2,4619.2,4619.2,4619.2,4619.2,4619.2,4619.2,0.00,4619.2,4619.2,4619.2,231.76,791.2,1031.6,791.2,4105.6,2406.6,4111.6,4110.6,2406.6,4111.6,517.8,262.4,272.4,7912,2059.2,2624,19036,1809.8,1041.6,18128,0xCEA3C046
1644,0,569956,569.956,0,0,OK,4624.2,4619.2,4619.2,4619.2,4619.2,4619.2,4619.2,4619.2,4619.2,0.00,4619.2,4619.2,4619.2,232.76,1031.6,791.2,1031.6,2171.2,4111.6,2406.6,2407.6,4111.6,2406.6,518.8,512.8,532.8,7812,1808.8,5328,16432,2060.2,791.2,23236,0x93CDE7FB
1645,0,570057,570.057,0,0,OK,4619.2,4619.2,4619.2,4619.2,4619.2,4619.2,4619.2,4619.2,4619.2,0.00,4619.2,4619.2,4619.2,0.80,791.2,791.2,1031.6,4105.6,4110.6,2406.6,4111.6,4110.6,2406.6,278.4,522.8,272.4,7712,2059.2,2624,21540,1809.8,1292.0,12860,0xAD27A6C1
1646,0,570159,570.159,0,0,OK,4625.2,4619.2,4619.2,4619.2,4619.2,4619.2,4619.2,4619.2,4619.2,0.00,4619.2,4619.2,4619.2,232.76,1031.6,791.2,791.2,2171.2,4111.6,4110.6,2406.6,4111.6,4110.6,768.2,262.4,272.4,7812,1558.4,5228,13928,1799.8,1282.0,18028,0x0F9F64E4
1647,0,570261,570.261,0,0,OK,4625.2,4619.2,4619.2,4619.2,4619.2,4619.2,4619.2,4619.2,4619.2,0.00,4619.2,4619.2,4619.2,231.76,1031.6,1031.6,791.2,2171.2,2407.6,4111.6,2406.6,2407.6,4111.6,517.8,522.8,532.8,10316,1808.8,5328,19136,2060.2,1041.6,17928,0xC1D788C1
1648,0,570362,570.362,0,0,OK,4625.2,4619.2,4619.2,4619.2,4619.2,4619.2,4619.2,4619.2,4619.2,0.00,4619.2,4619.2,4619.2,232.76,791.2,1031.6,1031.6,4105.6,2406.6,2407.6,4111.6,2406.6,2407.6,769.2,262.4,272.4,7712,1558.4,2624,16432,2050.2,1282.0,5248,0x3B31AE6E
1649,0,570464,570.464,0,0,OK,4623.2,4619.2,4619.2,4619.2,4619.2,4619.2,4619.2,4619.2,4619.2,0.00,4619.2,4619.2,4619.2,232.76,791.2,1031.6,1031.6,4105.6,2406.6,2407.6,4111.6,2406.6,2407.6,528.8,512.8,522.8,5308,2049.2,5228,16432,1809.8,1282.0,7752,0x457C9D13
1650,0,570566,570.566,0,0,OK,4622.2,4619.2,4619.2,4619.2,4619.2,4619.2,4619.2,4619.2,4619.2,0.00,4619.2,4619.2,4619.2,232.76,1031.6,791.2,791.2,2171.2,4111.6,4110.6,2406.6,4111.6,4110.6,267.4,532.8,522.8,5308,1798.8,2624,16532,2060.2,1031.6,13020,0x53BD191D
1651,0,570667,570.667,0,0,OK,4626.2,4619.2,4619.2,4619.2,4619.2,4619.2,4619.2,4619.2,4619.2,0.00,4619.2,4619.2,4619.2,0.80,1031.6,1031.6,1031.6,2171.2,2407.6,2407.6,2407.6,2407.6,2407.6,528.8,532.8,512.8,5308,2059.2,5228,21540,2050.2,1031.6,2744,0x62D1C58B
1652,0,570769,570.769,0,0,OK,4619.2,4619.2,4619.2,4619.2,4619.2,4619.2,4619.2,4619.2,4619.2,0.00,4619.2,4619.2,4619.2,231.76,791.2,1031.6,791.2,4105.6,2406.6,4111.6,4110.6,2406.6,4111.6,277.4,522.8,522.8,5308,1808.8,2624,16432,2060.2,1292.0,5148,0x06BA084C
1653,0,570871,570.871,0,0,OK,4627.2,4619.2,4619.2,4619.2,4619.2,4619.2,4619.2,4619.2,4619.2,0.00,4619.2,4619.2,4619.2,0.80,1031.6,791.2,1031.6,2171.2,4111.6,2406.6,2407.6,4111.6,2406.6,769.2,272.4,522.8,7912,1808.8,2724,19036,1809.8,1041.6,18028,0xAF61856A
1654,0,570972,570.972,0,0,OK,4628.2,4619.2,4619.2,4619.2,4619.2,4619.2,4619.2,4619.2,4619.2,0.00,4619.2,4619.2,4619.2,231.76,1031.6,791.2,1031.6,2171.2,4111.6,2406.6,2407.6,4111.6,2406.6,769.2,262.4,532.8,10316,2049.2,5228,13828,1809.8,1282.0,18028,0xB25D6D2D
1655,0,571074,571.074,0,0,OK,4621.2,4619.2,4619.2,4619.2,4619.2,4619.2,4619.2,4619.2,4619.2,0.00,4619.2,4619.2,4619.2,232.76,1031.6,791.2,791.2,2171.2,4111.6,4110.6,2406.6,4111.6,4110.6,768.2,532.8,272.4,7712,1798.8,5328,13828,1809.8,791.2,20632,0x487E4822
1656,0,571176,571.176,0,0,OK,4624.2,4619.2,4619.2,4619.2,4619.2,4619.2,4619.2,4619.2,4619.2,0.00,4619.2,4619.2,4619.2,231.76,791.2,1031.6,791.2,4105.6,2406.6,4111.6,4110.6,2406.6,4111.6,517.8,512.8,262.4,5308,1558.4,2724,16532,2060.2,791.2,12820,0x149EE6A0
1657,0,571277,571.277,0,0,OK,4621.2,4619.2,4619.2,4619.2,4619.2,4619.2,4619.2,4619.2,4619.2,0.00,4619.2,4619.2,4619.2,231.76,1031.6,1031.6,791.2,2171.2,2407.6,4111.6,2406.6,2407.6,4111.6,277.4,272.4,522.8,10316,2059.2,5128,13828,1809.8,1041.6,12920,0xC8D4A314
1658,0,571379,571.379,0,0,OK,4623.2,4619.2,4619.2,4619.2,4619.2,4619.2,4619.2,4619.2,4619.2,0.00,4619.2,4619.2,4619.2,231.76,1031.6,1031.6,1031.6,2171.2,2407.6,2407.6,2407.6,2407.6,2407.6,769.2,272.4,522.8,10316,1798.8,2724,19136,1809.8,1292.0,7752,0x50E04D9C
1659,0,571481,571.481,0,0,OK,4620.2,4619.2,4619.2,4619.2,4619.2,4619.2,4619.2,4619.2,4619.2,0.00,4619.2,4619.2,4619.2,232.76,1031.6,1031.6,1031.6,2171.2,2407.6,2407.6,2407.6,2407.6,2407.6,769.2,272.4,532.8,7812,1808.8,5328,11424,2060.2,1041.6,20532,0x523AC061
1660,0,571582,571.582,0,0,OK,4626.2,4619.2,4619.2,4619.2,4619.2,4619.2,4619.2,4619.2,4619.2,0.00,4619.2,4619.2,4619.2,231.76,791.2,791.2,1031.6,4105.6,4110.6,2406.6,4111.6,4110.6,2406.6,278.4,512.8,262.4,7812,2059.2,5328,19036,2050.2,791.2,7912,0xC679F00D
1661,0,571684,571.684,0,0,OK,4624.2,4619.2,4619.2,4619.2,4619.2,4619.2,4619.2,4619.2,4619.2,0.00,4619.2,4619.2,4619.2,231.76,1031.6,1031.6,791.2,2171.2,2407.6,4111.6,2406.6,2407.6,4111.6,267.4,262.4,522.8,7712,2059.2,5128,16532,2050.2,791.2,23136,0x72CD42C2
1662,0,571786,571.786,0,0,OK,4624.2,4619.2,4619.2,4619.2,4619.2,4619.2,4619.2,4619.2,4619.2,0.00,4619.2,4619.2,4619.2,231.76,1031.6,791.2,791.2,2171.2,4111.6,4110.6,2406.6,4111.6,4110.6,527.8,522.8,262.4,7912,1798.8,2624,19036,1809.8,791.2,140,0xC25930B6
1663,0,571887,571.887,0,0,OK,4621.2,4619.2,4619.2,4619.2,4619.2,4619.2,4619.2,4619.2,4619.2,0.00,4619.2,4619.2,4619.2,0.80,791.2,1031.6,791.2,4105.6,2406.6,4111.6,4110.6,2406.6,4111.6,517.8,512.8,272.4,7712,2059.2,2724,16632,1809.8,791.2,17928,0xFEE77FB2
1664,0,571989,571.989,0,0,OK,4628.2,4619.2,4619.2,4619.2,4619.2,4619.2,4619.2,4619.2,4619.2,0.00,4619.2,4619.2,4619.2,0.80,791.2,1031.6,791.2,4105.6,2406.6,4111.6,4110.6,2406.6,4111.6,277.4,522.8,262.4,5308,1808.8,5228,13828,1559.4,1041.6,2644,0xE6A7F832
1665,0,572091,572.091,0,0,OK,4619.2,4619.2,4619.2,4619.2,4619.2,4619.2,4619.2,4619.2,4619.2,0.00,4619.2,4619.2,4619.2,232.76,1031.6,791.2,791.2,2171.2,4111.6,4110.6,2406.6,4111.6,4110.6,527.8,532.8,522.8,7712,2049.2,5228,14028,1799.8,791.2,10456,0xFB5CD158
1666,0,572192,572.192,0,0,OK,4626.2,4619.2,4619.2,4619.2,4619.2,4619.2,4619.2,4619.2,4619.2,0.00,4619.2,4619.2,4619.2,232.76,791.2,791.2,1031.6,4105.6,4110.6,2406.6,4111.6,4110.6,2406.6,769.2,532.8,512.8,10316,1798.8,5328,13828,1799.8,1282.0,23136,0x2FA18CBC
1667,0,572294,572.294,0,0,OK,4620.2,4619.2,4619.2,4619.2,4619.2,4619.2,4619.2,4619.2,4619.2,0.00,4619.2,4619.2,4619.2,232.76,1031.6,791.2,791.2,2171.2,4111.6,4110.6,2406.6,4111.6,4110.6,527.8,532.8,532.8,7712,1798.8,5128,13928,2050.2,1292.0,10256,0x46F8FBA6
1668,0,572396,572.396,0,0,OK,4620.2,4619.2,4619.2,4619.2,4619.2,4619.2,4619.2,4619.2,4619.2,0.00,4619.2,4619.2,4619.2,232.76,791.2,791.2,791.2,4105.6,4110.6,4110.6,4110.6,4110.6,4110.6,517.8,512.8,262.4,7812,1558.4,2624,13928,1809.8,1282.0,10316,0x5C473CF3
1669,0,572497,572.497,0,0,OK,4620.2,4619.2,4619.2,4619.2,4619.2,4619.2,4619.2,4619.2,4619.2,0.00,4619.2,4619.2,4619.2,232.76,1031.6,1031.6,1031.6,2171.2,2407.6,2407.6,2407.6,2407.6,2407.6,769.2,512.8,522.8,5308,2059.2,5228,19136,1809.8,1282.0,10416,0x33AACC4D
1670,0,572599,572.599,0,0,OK,4623.2,4619.2,4619.2,4619.2,4619.2,4619.2,4619.2,4619.2,4619.2,0.00,4619.2,4619.2,4619.2,0.80,791.2,1031.6,1031.6,4105.6,2406.6,2407.6,4111.6,2406.6,2407.6,268.4,532.8,532.8,7812,2049.2,2724,19136,2050.2,1292.0,13020,0x07C86069
1671,0,572701,572.701,0,0,OK,4621.2,4619.2,4619.2,4619.2,4619.2,4619.2,4619.2,4619.2,4619.2,0.00,4619.2,4619.2,4619.2,232.76,1031.6,791.2,1031.6,2171.2,4111.6,2406.6,2407.6,4111.6,2406.6,278.4,532.8,522.8,5308,1808.8,2724,16532,1799.8,1041.6,20732,0x5695EB1C
1672,0,572802,572.802,0,0,OK,4620.2,4619.2,4619.2,4619.2,4619.2,4619.2,4619.2,4619.2,4619.2,0.00,4619.2,4619.2,4619.2,232.76,791.2,1031.6,1031.6,4105.6,2406.6,2407.6,4111.6,2406.6,2407.6,769.2,532.8,262.4,7912,2059.2,5328,19136,2060.2,1282.0,18028,0xCAE6D2A6
1673,0,572904,572.904,0,0,OK,4621.2,4619.2,4619.2,4619.2,4619.2,4619.2,4619.2,4619.2,4619.2,0.00,4619.2,4619.2,4619.2,0.80,791.2,1031.6,1031.6,4105.6,2406.6,2407.6,4111.6,2406.6,2407.6,518.8,522.8,262.4,7812,2049.2,5128,11424,1559.4,1031.6,23136,0x1A87F392
1674,0,573006,573.006,0,0,OK,4619.2,4619.2,4619.2,4619.2,4619.2,4619.2,4619.2,4619.2,4619.2,0.00,4619.2,4619.2,4619.2,231.76,1031.6,1031.6,791.2,2171.2,2407.6,4111.6,2406.6,2407.6,4111.6,277.4,262.4,532.8,7712,1798.8,5128,19036,1799.8,1041.6,140,0x187A3023
1675,0,573107,573.107,0,0,OK,4623.2,4619.2,4619.2,4619.2,4619.2,4619.2,4619.2,4619.2,4619.2,0.00,4619.2,4619.2,4619.2,0.80,1031.6,791.2,1031.6,2171.2,4111.6,2406.6,2407.6,4111.6,2406.6,278.4,512.8,532.8,10316,1808.8,2724,11424,1559.4,1292.0,10356,0xB26DA6B7
1676,0,573209,573.209,0,0,OK,4626.2,4619.2,4619.2,4619.2,4619.2,4619.2,4619.2,4619.2,4619.2,0.00,4619.2,4619.2,4619.2,231.76,791.2,1031.6,791.2,4105.6,2406.6,4111.6,4110.6,2406.6,4111.6,768.2,512.8,532.8,7912,1558.4,2624,16532,1809.8,1031.6,5248,0xA9EF5E90
1677,0,573311,573.311,0,0,OK,4628.2,4619.2,4619.2,4619.2,4619.2,4619.2,4619.2,4619.2,4619.2,0.00,4619.2,4619.2,4619.2,232.76,791.2,791.2,1031.6,4105.6,4110.6,2406.6,4111.6,4110.6,2406.6,518.8,522.8,522.8,5308,1798.8,2724,16532,2050.2,1041.6,7912,0x9AB7E2DE
1678,0,573412,573.412,0,0,OK,4622.2,4619.2,4619.2,4619.2,4619.2,4619.2,4619.2,4619.2,4619.2,0.00,4619.2,4619.2,4619.2,232.76,791.2,791.2,1031.6,4105.6,4110.6,2406.6,4111.6,4110.6,2406.6,268.4,522.8,272.4,10316,2049.2,2724,14028,2060.2,1282.0,5148,0x52BE24E4
1679,0,573514,573.514,0,0,OK,4620.2,4619.2,4619.2,4619.2,4619.2,4619.2,4619.2,4619.2,4619.2,0.00,4619.2,4619.2,4619.2,231.76,791.2,1031.6,791.2,4105.6,2406.6,4111.6,4110.6,2406.6,4111.6,527.8,272.4,262.4,10316,1558.4,5228,21540,2050.2,791.2,10356,0x21312F6A
1680,0,573616,573.616,0,0,OK,4623.2,4619.2,4619.2,4619.2,4619.2,4619.2,4619.2,4619.2,4619.2,0.00,4619.2,4619.2,4619.2,0.80,1031.6,1031.6,791.2,2171.2,2407.6,4111.6,2406.6,2407.6,4111.6,517.8,522.8,262.4,7712,2049.2,2624,16432,1559.4,1282.0,10416,0x6E024D2D
1681,0,573718,573.718,0,0,OK,4624.2,4619.2,4619.2,4619.2,4619.2,4619.2,4619.2,4619.2,4619.2,0.00,4619.2,4619.2,4619.2,232.76,1031.6,791.2,1031.6,2171.2,4111.6,2406.6,2407.6,4111.6,2406.6,278.4,532.8,512.8,10316,2049.2,5328,11424,1559.4,1031.6,7912,0x0250BD33
1682,0,573819,573.819,0,0,OK,4621.2,4619.2,4619.2,4619.2,4619.2,4619.2,4619.2,4619.2,4619.2,0.00,4619.2,4619.2,4619.2,0.80,791.2,791.2,791.2,4105.6,4110.6,4110.6,4110.6,4110.6,4110.6,517.8,272.4,272.4,7912,1798.8,2724,16632,1799.8,1031.6,2644,0xF0375DD4
1683,0,573921,573.921,0,0,OK,4626.2,4619.2,4619.2,4619.2,4619.2,4619.2,4619.2,4619.2,4619.2,0.00,4619.2,4619.2,4619.2,232.76,791.2,791.2,791.2,4105.6,4110.6,4110.6,4110.6,4110.6,4110.6,277.4,512.8,532.8,10316,2059.2,2624,19036,2060.2,1292.0,12860,0xF7694529
1684,0,574023,574.023,0,0,OK,4625.2,4619.2,4619.2,4619.2,4619.2,4619.2,4619.2,4619.2,4619.2,0.00,4619.2,4619.2,4619.2,231.76,791.2,791.2,791.2,4105.6,4110.6,4110.6,4110.6,4110.6,4110.6,267.4,512.8,512.8,7712,2059.2,5228,16632,1799.8,1292.0,10356,0x53E6427E
1685,0,574124,574.124,0,0,OK,4626.2,4619.2,4619.2,4619.2,4619.2,4619.2,4619.2,4619.2,4619.2,0.00,4619.2,4619.2,4619.2,232.76,1031.6,791.2,791.2,2171.2,4111.6,4110.6,2406.6,4111.6,4110.6,768.2,262.4,272.4,10316,1558.4,2624,19036,2060.2,1292.0,7912,0x8DE9DA8E
1686,0,574226,574.226,0,0,OK,4627.2,4619.2,4619.2,4619.2,4619.2,4619.2,4619.2,4619.2,4619.2,0.00,4619.2,4619.2,4619.2,0.80,1031.6,1031.6,791.2,2171.2,2407.6,4111.6,2406.6,2407.6,4111.6,517.8,272.4,262.4,7912,1808.8,2624,14028,1809.8,1282.0,10356,0x8655A69F
1687,0,574328,574.328,0,0,OK,4624.2,4619.2,4619.2,4619.2,4619.2,4619.2,4619.2,4619.2,4619.2,0.00,4619.2,4619.2,4619.2,231.76,1031.6,791.2,791.2,2171.2,4111.6,4110.6,2406.6,4111.6,4110.6,527.8,532.8,512.8,10316,1798.8,2624,11424,1799.8,1292.0,2644,0x00A4D6D8
1688,0,574429,574.429,0,0,OK,4624.2,4619.2,4619.2,4619.2,4619.2,4619.2,4619.2,4619.2,4619.2,0.00,4619.2,4619.2,4619.2,231.76,791.2,1031.6,1031.6,4105.6,2406.6,2407.6,4111.6,2406.6,2407.6,518.8,532.8,522.8,7912,2059.2,5328,16632,1799.8,791.2,7752,0x80A557A2
1689,0,574531,574.531,0,0,OK,4620.2,4619.2,4619.2,4619.2,4619.2,4619.2,4619.2,4619.2,4619.2,0.00,4619.2,4619.2,4619.2,0.80,791.2,1031.6,1031.6,4105.6,2406.6,2407.6,4111.6,2406.6,2407.6,528.8,532.8,272.4,7712,2059.2,5128,16532,2060.2,1041.6,20732,0x7809770D
1690,0,574633,574.633,0,0,OK,4622.2,4619.2,4619.2,4619.2,4619.2,4619.2,4619.2,4619.2,4619.2,0.00,4619.2,4619.2,4619.2,232.76,1031.6,791.2,1031.6,2171.2,4111.6,2406.6,2407.6,4111.6,2406.6,528.8,532.8,512.8,7712,2059.2,2724,14028,2060.2,1031.6,10416,0x7BFE5ADD
1691,0,574734,574.734,0,0,OK,4621.2,4619.2,4619.2,4619.2,4619.2,4619.2,4619.2,4619.2,4619.2,0.00,4619.2,4619.2,4619.2,0.80,1031.6,1031.6,1031.6,2171.2,2407.6,2407.6,2407.6,2407.6,2407.6,518.8,522.8,262.4,7912,1808.8,5128,13828,1559.4,1041.6,2744,0x4A75D542
1692,0,574836,574.836,0,0,OK,4624.2,4619.2,4619.2,4619.2,4619.2,4619.2,4619.2,4619.2,4619.2,0.00,4619.2,4619.2,4619.2,232.76,1031.6,791.2,1031.6,2171.2,4111.6,2406.6,2407.6,4111.6,2406.6,278.4,532.8,532.8,5308,1798.8,2724,19136,1809.8,1292.0,10256,0xECA160F4
1693,0,574938,574.938,0,0,OK,4622.2,4619.2,4619.2,4619.2,4619.2,4619.2,4619.2,4619.2,4619.2,0.00,4619.2,4619.2,4619.2,232.76,791.2,1031.6,791.2,4105.6,2406.6,4111.6,4110.6,2406.6,4111.6,768.2,262.4,272.4,10316,1798.8,2724,11424,2060.2,791.2,12860,0x15100216
1694,0,575039,575.039,0,0,OK,4627.2,4619.2,4619.2,4619.2,4619.2,4619.2,4619.2,4619.2,4619.2,0.00,4619.2,4619.2,4619.2,231.76,791.2,1031.6,1031.6,4105.6,2406.6,2407.6,4111.6,2406.6,2407.6,528.8,532.8,522.8,7712,1558.4,5328,13928,1559.4,1292.0,13020,0x3FF9185E
1695,0,575141,575.141,0,0,OK,4619.2,4619.2,4619.2,4619.2,4619.2,4619.2,4619.2,4619.2,4619.2,0.00,4619.2,4619.2,4619.2,232.76,791.2,1031.6,1031.6,4105.6,2406.6,2407.6,4111.6,2406.6,2407.6,518.8,522.8,522.8,5308,1808.8,5228,21540,2050.2,1292.0,2744,0x5EE491E0
1696,0,575243,575.243,0,0,OK,4620.2,4619.2,4619.2,4619.2,4619.2,4619.2,4619.2,4619.2,4619.2,0.00,4619.2,4619.2,4619.2,231.76,791.2,1031.6,1031.6,4105.6,2406.6,2407.6,4111.6,2406.6,2407.6,528.8,272.4,512.8,5308,1808.8,2624,19136,2060.2,791.2,20732,0xAA4AE87E
1697,0,575344,575.344,0,0,OK,4628.2,4619.2,4619.2,4619.2,4619.2,4619.2,4619.2,4619.2,4619.2,0.00,4619.2,4619.2,4619.2,231.76,791.2,1031.6,791.2,4105.6,2406.6,4111.6,4110.6,2406.6,4111.6,277.4,512.8,532.8,7712,1798.8,2624,21540,1799.8,1041.6,2744,0xEE505F91
1698,0,575446,575.446,0,0,OK,4619.2,4619.2,4619.2,4619.2,4619.2,4619.2,4619.2,4619.2,4619.2,0.00,4619.2,4619.2,4619.2,0.80,791.2,1031.6,1031.6,4105.6,2406.6,2407.6,4111.6,2406.6,2407.6,278.4,522.8,532.8,7712,1798.8,5128,13828,1559.4,1031.6,5148,0xD6A61651
1699,0,575548,575.548,0,0,OK,4625.2,4619.2,4619.2,4619.2,4619.2,4619.2,4619.2,4619.2,4619.2,0.00,4619.2,4619.2,4619.2,232.76,791.2,791.2,1031.6,4105.6,4110.6,2406.6,4111.6,4110.6,2406.6,278.4,512.8,522.8,7912,2059.2,2624,13928,1559.4,1041.6,2644,0xC72D42B7
1700,0,575649,575.649,0,0,OK,4625.2,4619.2,4619.2,4619.2,4619.2,4619.2,4619.2,4619.2,4619.2,0.00,4619.2,4619.2,4619.2,0.80,1031.6,791.2,791.2,2171.2,4111.6,4110.6,2406.6,4111.6,4110.6,267.4,512.8,522.8,5308,1798.8,2724,13928,2060.2,791.2,23136,0x49736C8B
1701,0,575751,575.751,0,0,OK,4623.2,4619.2,4619.2,4619.2,4619.2,4619.2,4619.2,4619.2,4619.2,0.00,4619.2,4619.2,4619.2,0.80,1031.6,1031.6,1031.6,2171.2,2407.6,2407.6,2407.6,2407.6,2407.6,769.2,262.4,512.8,10316,2059.2,5228,21540,1559.4,1282.0,5348,0x097E99AA
1702,0,575853,575.853,0,0,OK,4621.2,4619.2,4619.2,4619.2,4619.2,4619.2,4619.2,4619.2,4619.2,0.00,4619.2,4619.2,4619.2,231.76,1031.6,1031.6,1031.6,2171.2,2407.6,2407.6,2407.6,2407.6,2407.6,769.2,272.4,262.4,7912,2059.2,2724,21540,1799.8,1031.6,5348,0xADA61982
1703,0,575954,575.954,0,0,OK,4623.2,4619.2,4619.2,4619.2,4619.2,4619.2,4619.2,4619.2,4619.2,0.00,4619.2,4619.2,4619.2,231.76,791.2,1031.6,791.2,4105.6,2406.6,4111.6,4110.6,2406.6,4111.6,768.2,272.4,262.4,7912,1798.8,5228,19136,1809.8,1031.6,18128,0xD9FA7E17
1704,0,576056,576.056,0,0,OK,4627.2,4619.2,4619.2,4619.2,4619.2,4619.2,4619.2,4619.2,4619.2,0.00,4619.2,4619.2,4619.2,231.76,1031.6,1031.6,791.2,2171.2,2407.6,4111.6,2406.6,2407.6,4111.6,517.8,272.4,522.8,7712,1558.4,5228,21540,1559.4,1282.0,5148,0xB010662D
1705,0,576158,576.158,0,0,OK,4623.2,4619.2,4619.2,4619.2,4619.2,4619.2,4619.2,4619.2,4619.2,0.00,4619.2,4619.2,4619.2,231.76,791.2,791.2,791.2,4105.6,4110.6,4110.6,4110.6,4110.6,4110.6,517.8,262.4,262.4,7912,1808.8,2724,16632,2060.2,1041.6,2744,0xC31B3490
1706,0,576260,576.260,0,0,OK,4628.2,4619.2,4619.2,4619.2,4619.2,4619.2,4619.2,4619.2,4619.2,0.00,4619.2,4619.2,4619.2,232.76,1031.6,1031.6,1031.6,2171.2,2407.6,2407.6,2407.6,2407.6,2407.6,769.2,262.4,522.8,10316,1558.4,5328,16632,1559.4,1292.0,13020,0xF48A031C
1707,0,576361,576.361,0,0,OK,4622.2,4619.2,4619.2,4619.2,4619.2,4619.2,4619.2,4619.2,4619.2,0.00,4619.2,4619.2,4619.2,232.76,1031.6,1031.6,791.2,2171.2,2407.6,4111.6,2406.6,2407.6,4111.6,768.2,272.4,262.4,7712,2059.2,5128,13828,2050.2,1282.0,7852,0x8530BA08
1708,0,576463,576.463,0,0,OK,4619.2,4619.2,4619.2,4619.2,4619.2,4619.2,4619.2,4619.2,4619.2,0.00,4619.2,4619.2,4619.2,232.76,1031.6,1031.6,791.2,2171.2,2407.6,4111.6,2406.6,2407.6,4111.6,267.4,262.4,532.8,5308,1558.4,5128,14028,1559.4,1292.0,15424,0xED038A62
1709,0,576565,576.565,0,0,OK,4623.2,4619.2,4619.2,4619.2,4619.2,4619.2,4619.2,4619.2,4619.2,0.00,4619.2,4619.2,4619.2,0.80,1031.6,1031.6,791.2,2171.2,2407.6,4111.6,2406.6,2407.6,4111.6,527.8,512.8,272.4,7712,1808.8,5228,21540,2050.2,1292.0,18128,0xEB29D5C2
1710,0,576666,576.666,0,0,OK,4626.2,4619.2,4619.2,4619.2,4619.2,4619.2,4619.2,4619.2,4619.2,0.00,4619.2,4619.2,4619.2,232.76,1031.6,1031.6,791.2,2171.2,2407.6,4111.6,2406.6,2407.6,4111.6,517.8,262.4,272.4,7812,1808.8,5328,16432,1809.8,1282.0,12920,0xB34A08D0
1711,0,576768,576.768,0,0,OK,4621.2,4619.2,4619.2,4619.2,4619.2,4619.2,4619.2,4619.2,4619.2,0.00,4619.2,4619.2,4619.2,231.76,791.2,1031.6,791.2,4105.6,2406.6,4111.6,4110.6,2406.6,4111.6,517.8,522.8,262.4,7812,1798.8,5128,13928,1809.8,1031.6,7852,0xC70716DD
1712,0,576870,576.870,0,0,OK,4628.2,4619.2,4619.2,4619.2,4619.2,4619.2,4619.2,4619.2,4619.2,0.00,4619.2,4619.2,4619.2,232.76,791.2,1031.6,1031.6,4105.6,2406.6,2407.6,4111.6,2406.6,2407.6,769.2,522.8,512.8,7812,2059.2,2624,16532,2060.2,1031.6,7752,0x8C90B694
1713,0,576971,576.971,0,0,OK,4619.2,4619.2,4619.2,4619.2,4619.2,4619.2,4619.2,4619.2,4619.2,0.00,4619.2,4619.2,4619.2,231.76,791.2,791.2,791.2,4105.6,4110.6,4110.6,4110.6,4110.6,4110.6,267.4,512.8,262.4,7912,1798.8,5128,13828,2050.2,1041.6,5248,0x1CDD936A
1714,0,577073,577.073,0,0,OK,4625.2,4619.2,4619.2,4619.2,4619.2,4619.2,4619.2,4619.2,4619.2,0.00,4619.2,4619.2,4619.2,232.76,791.2,791.2,791.2,4105.6,4110.6,4110.6,4110.6,4110.6,4110.6,277.4,532.8,262.4,10316,1808.8,5128,21540,1559.4,1292.0,10256,0x053869BF
1715,0,577175,577.175,0,0,OK,4626.2,4619.2,4619.2,4619.2,4619.2,4619.2,4619.2,4619.2,4619.2,0.00,4619.2,4619.2,4619.2,232.76,1031.6,791.2,1031.6,2171.2,4111.6,2406.6,2407.6,4111.6,2406.6,528.8,512.8,532.8,5308,1798.8,5328,13928,1809.8,1031.6,12820,0x69F4A63B
1716,0,577276,577.276,0,0,OK,4626.2,4619.2,4619.2,4619.2,4619.2,4619.2,4619.2,4619.2,4619.2,0.00,4619.2,4619.2,4619.2,232.76,1031.6,1031.6,791.2,2171.2,2407.6,4111.6,2406.6,2407.6,4111.6,517.8,522.8,532.8,10316,1558.4,2624,19136,2050.2,1041.6,15524,0xF0394B3F
1717,0,577378,577.378,0,0,OK,4622.2,4619.2,4619.2,4619.2,4619.2,4619.2,4619.2,4619.2,4619.2,0.00,4619.2,4619.2,4619.2,232.76,1031.6,791.2,791.2,2171.2,4111.6,4110.6,2406.6,4111.6,4110.6,768.2,512.8,522.8,10316,1798.8,2724,21540,1799.8,1031.6,10316,0x38988FC3
1718,0,577479,577.479,0,0,OK,4619.2,4619.2,4619.2,4619.2,4619.2,4619.2,4619.2,4619.2,4619.2,0.00,4619.2,4619.2,4619.2,232.76,1031.6,791.2,791.2,2171.2,4111.6,4110.6,2406.6,4111.6,4110.6,527.8,272.4,512.8,10316,1558.4,2624,16532,1559.4,791.2,5248,0xC086230F
1719,0,577581,577.581,0,0,OK,4626.2,4619.2,4619.2,4619.2,4619.2,4619.2,4619.2,4619.2,4619.2,0.00,4619.2,4619.2,4619.2,0.80,1031.6,791.2,791.2,2171.2,4111.6,4110.6,2406.6,4111.6,4110.6,527.8,512.8,532.8,7912,1798.8,2624,11424,1559.4,1282.0,23236,0x81CDB8B1
1720,0,577683,577.683,0,0,OK,4620.2,4619.2,4619.2,4619.2,4619.2,4619.2,4619.2,4619.2,4619.2,0.00,4619.2,4619.2,4619.2,231.76,1031.6,791.2,1031.6,2171.2,4111.6,2406.6,2407.6,4111.6,2406.6,278.4,532.8,272.4,7912,2049.2,5328,19136,1809.8,1041.6,15424,0xCE6FF9AE
1721,0,577785,577.785,0,0,OK,4624.2,4619.2,4619.2,4619.2,4619.2,4619.2,4619.2,4619.2,4619.2,0.00,4619.2,4619.2,4619.2,232.76,1031.6,791.2,791.2,2171.2,4111.6,4110.6,2406.6,4111.6,4110.6,527.8,262.4,512.8,10316,1558.4,5128,13928,2060.2,1292.0,10356,0x8509CAC8
1722,0,577886,577.886,0,0,OK,4628.2,4619.2,4619.2,4619.2,4619.2,4619.2,4619.2,4619.2,4619.2,0.00,4619.2,4619.2,4619.2,231.76,1031.6,791.2,1031.6,2171.2,4111.6,2406.6,2407.6,4111.6,2406.6,278.4,522.8,532.8,5308,1798.8,2624,21540,1799.8,1041.6,5248,0x5EF709B2
1723,0,577988,577.988,0,0,OK,4620.2,4619.2,4619.2,4619.2,4619.2,4619.2,4619.2,4619.2,4619.2,0.00,4619.2,4619.2,4619.2,231.76,791.2,1031.6,1031.6,4105.6,2406.6,2407.6,4111.6,2406.6,2407.6,528.8,262.4,522.8,7812,2049.2,5128,14028,1799.8,1031.6,10416,0x9FEFD5AB
1724,0,578089,578.089,0,0,OK,4625.2,4619.2,4619.2,4619.2,4619.2,4619.2,4619.2,4619.2,4619.2,0.00,4619.2,4619.2,4619.2,232.76,791.2,1031.6,1031.6,4105.6,2406.6,2407.6,4111.6,2406.6,2407.6,278.4,262.4,532.8,10316,1558.4,5128,16432,1809.8,1041.6,2644,0xBD8B3BEF
1725,0,578191,578.191,0,0,OK,4620.2,4619.2,4619.2,4619.2,4619.2,4619.2,4619.2,4619.2,4619.2,0.00,4619.2,4619.2,4619.2,232.76,1031.6,791.2,1031.6,2171.2,4111.6,2406.6,2407.6,4111.6,2406.6,268.4,272.4,532.8,10316,1798.8,5128,21540,1809.8,1282.0,2644,0xE9C7388D
1726,0,578293,578.293,0,0,OK,4627.2,4619.2,4619.2,4619.2,4619.2,4619.2,4619.2,4619.2,4619.2,0.00,4619.2,4619.2,4619.2,0.80,791.2,1031.6,791.2,4105.6,2406.6,4111.6,4110.6,2406.6,4111.6,277.4,272.4,522.8,7712,1808.8,2724,16432,1799.8,1292.0,12820,0x24864159
1727,0,578395,578.395,0,0,OK,4623.2,4619.2,4619.2,4619.2,4619.2,4619.2,4619.2,4619.2,4619.2,0.00,4619.2,4619.2,4619.2,232.76,791.2,1031.6,791.2,4105.6,2406.6,4111.6,4110.6,2406.6,4111.6,267.4,272.4,522.8,10316,1798.8,2624,19036,1559.4,1282.0,40,0xC458708F
1728,0,578496,578.496,0,0,OK,4625.2,4619.2,4619.2,4619.2,4619.2,4619.2,4619.2,4619.2,4619.2,0.00,4619.2,4619.2,4619.2,0.80,1031.6,1031.6,791.2,2171.2,2407.6,4111.6,2406.6,2407.6,4111.6,277.4,272.4,272.4,10316,2049.2,5128,16532,1799.8,1031.6,12820,0x779157E3
1729,0,578598,578.598,0,0,OK,4619.2,4619.2,4619.2,4619.2,4619.2,4619.2,4619.2,4619.2,4619.2,0.00,4619.2,4619.2,4619.2,231.76,791.2,1031.6,1031.6,4105.6,2406.6,2407.6,4111.6,2406.6,2407.6,278.4,532.8,522.8,5308,1798.8,2724,13928,1809.8,1031.6,40,0x12A37586
1730,0,578699,578.699,0,0,OK,4628.2,4619.2,4619.2,4619.2,4619.2,4619.2,4619.2,4619.2,4619.2,0.00,4619.2,4619.2,4619.2,0.80,1031.6,1031.6,791.2,2171.2,2407.6,4111.6,2406.6,2407.6,4111.6,527.8,262.4,532.8,10316,1798.8,5328,14028,1809.8,1031.6,2644,0x1E86D97E
1731,0,578801,578.801,0,0,OK,4621.2,4619.2,4619.2,4619.2,4619.2,4619.2,4619.2,4619.2,4619.2,0.00,4619.2,4619.2,4619.2,231.76,1031.6,791.2,791.2,2171.2,4111.6,4110.6,2406.6,4111.6,4110.6,277.4,512.8,262.4,7712,1798.8,5228,13828,1809.8,1292.0,2644,0xAD83C2AA
1732,0,578903,578.903,0,0,OK,4626.2,4619.2,4619.2,4619.2,4619.2,4619.2,4619.2,4619.2,4619.2,0.00,4619.2,4619.2,4619.2,231.76,1031.6,1031.6,791.2,2171.2,2407.6,4111.6,2406.6,2407.6,4111.6,267.4,532.8,522.8,10316,2059.2,5328,19036,1799.8,791.2,20732,0x6F06CBCC
1733,0,579004,579.004,0,0,OK,4623.2,4619.2,4619.2,4619.2,4619.2,4619.2,4619.2,4619.2,4619.2,0.00,4619.2,4619.2,4619.2,0.80,1031.6,1031.6,1031.6,2171.2,2407.6,2407.6,2407.6,2407.6,2407.6,518.8,532.8,272.4,7712,2049.2,2724,19036,2060.2,791.2,23236,0x906D6551
1734,0,579106,579.106,0,0,OK,4626.2,4619.2,4619.2,4619.2,4619.2,4619.2,4619.2,4619.2,4619.2,0.00,4619.2,4619.2,4619.2,231.76,791.2,1031.6,791.2,4105.6,2406.6,4111.6,4110.6,2406.6,4111.6,768.2,522.8,522.8,10316,1798.8,2624,14028,1559.4,1031.6,7912,0xCF24E2FD
1735,0,579208,579.208,0,0,OK,4622.2,4619.2,4619.2,4619.2,4619.2,4619.2,4619.2,4619.2,4619.2,0.00,4619.2,4619.2,4619.2,0.80,791.2,1031.6,791.2,4105.6,2406.6,4111.6,4110.6,2406.6,4111.6,267.4,522.8,512.8,7712,1798.8,2724,13928,1799.8,1031.6,5148,0x1344BA2E
1736,0,579309,579.309,0,0,OK,4628.2,4619.2,4619.2,4619.2,4619.2,4619.2,4619.2,4619.2,4619.2,0.00,4619.2,4619.2,4619.2,232.76,791.2,1031.6,1031.6,4105.6,2406.6,2407.6,4111.6,2406.6,2407.6,278.4,262.4,272.4,10316,1808.8,5128,21540,1799.8,791.2,40,0x58E0C0A1
1737,0,579411,579.411,0,0,OK,4620.2,4619.2,4619.2,4619.2,4619.2,4619.2,4619.2,4619.2,4619.2,0.00,4619.2,4619.2,4619.2,0.80,1031.6,791.2,791.2,2171.2,4111.6,4110.6,2406.6,4111.6,4110.6,277.4,522.8,272.4,7912,2059.2,2724,13928,1559.4,1282.0,5348,0xB2621358
1738,0,579512,579.512,0,0,OK,4619.2,4619.2,4619.2,4619.2,4619.2,4619.2,4619.2,4619.2,4619.2,0.00,4619.2,4619.2,4619.2,232.76,1031.6,791.2,791.2,2171.2,4111.6,4110.6,2406.6,4111.6,4110.6,768.2,262.4,262.4,7912,1808.8,5228,19136,2050.2,1031.6,13020,0xD522035F
1739,0,579614,579.614,0,0,OK,4624.2,4619.2,4619.2,4619.2,4619.2,4619.2,4619.2,4619.2,4619.2,0.00,4619.2,4619.2,4619.2,231.76,791.2,791.2,1031.6,4105.6,4110.6,2406.6,4111.6,4110.6,2406.6,769.2,512.8,512.8,7712,2059.2,5228,13928,1799.8,1041.6,5248,0x636A19D3
1740,0,579716,579.716,0,0,OK,4620.2,4619.2,4619.2,4619.2,4619.2,4619.2,4619.2,4619.2,4619.2,0.00,4619.2,4619.2,4619.2,232.76,1031.6,1031.6,791.2,2171.2,2407.6,4111.6,2406.6,2407.6,4111.6,267.4,532.8,532.8,10316,2059.2,5128,11424,1799.8,1282.0,13020,0x76C49ACD
1741,0,579817,579.817,0,0,OK,4619.2,4619.2,4619.2,4619.2,4619.2,4619.2,4619.2,4619.2,4619.2,0.00,4619.2,4619.2,4619.2,0.80,1031.6,791.2,791.2,2171.2,4111.6,4110.6,2406.6,4111.6,4110.6,277.4,272.4,262.4,7912,2059.2,5228,13828,2050.2,1292.0,40,0x5DF97B47
1742,0,579919,579.919,0,0,OK,4628.2,4619.2,4619.2,4619.2,4619.2,4619.2,4619.2,4619.2,4619.2,0.00,4619.2,4619.2,4619.2,0.80,1031.6,1031.6,1031.6,2171.2,2407.6,2407.6,2407.6,2407.6,2407.6,278.4,522.8,262.4,5308,2059.2,5228,14028,1559.4,1292.0,13020,0x906DFFC1
1743,0,580021,580.021,0,0,OK,4625.2,4619.2,4619.2,4619.2,4619.2,4619.2,4619.2,4619.2,4619.2,0.00,4619.2,4619.2,4619.2,0.80,1031.6,1031.6,1031.6,2171.2,2407.6,2407.6,2407.6,2407.6,2407.6,769.2,512.8,512.8,10316,1558.4,2624,13828,2050.2,791.2,10316,0xA82C049D
1744,0,580122,580.122,0,0,OK,4625.2,4619.2,4619.2,4619.2,4619.2,4619.2,4619.2,4619.2,4619.2,0.00,4619.2,4619.2,4619.2,232.76,791.2,791.2,1031.6,4105.6,4110.6,2406.6,4111.6,4110.6,2406.6,268.4,512.8,272.4,7812,2049.2,5328,11424,2060.2,1041.6,40,0x5D7A98BC
1745,0,580224,580.224,0,0,OK,4628.2,4619.2,4619.2,4619.2,4619.2,4619.2,4619.2,4619.2,4619.2,0.00,4619.2,4619.2,4619.2,231.76,1031.6,791.2,791.2,2171.2,4111.6,4110.6,2406.6,4111.6,4110.6,277.4,532.8,522.8,7912,1808.8,2624,16532,2060.2,1031.6,15524,0x9371B4EF
1746,0,580326,580.326,0,0,OK,4619.2,4619.2,4619.2,4619.2,4619.2,4619.2,4619.2,4619.2,4619.2,0.00,4619.2,4619.2,4619.2,232.76,791.2,1031.6,1031.6,4105.6,2406.6,2407.6,4111.6,2406.6,2407.6,769.2,262.4,272.4,7812,1808.8,5228,19136,2050.2,791.2,7752,0x2443C4D6
1747,0,580427,580.427,0,0,OK,4626.2,4619.2,4619.2,4619.2,4619.2,4619.2,4619.2,4619.2,4619.2,0.00,4619.2,4619.2,4619.2,232.76,791.2,1031.6,1031.6,4105.6,2406.6,2407.6,4111.6,2406.6,2407.6,518.8,512.8,262.4,10316,1808.8,2624,16632,1559.4,1031.6,5348,0xF28CFBD5
1748,0,580529,580.529,0,0,OK,4623.2,4619.2,4619.2,4619.2,4619.2,4619.2,4619.2,4619.2,4619.2,0.00,4619.2,4619.2,4619.2,232.76,791.2,1031.6,1031.6,4105.6,2406.6,2407.6,4111.6,2406.6,2407.6,278.4,532.8,522.8,10316,2059.2,5328,16532,2050.2,1282.0,2644,0xB9A65CE3
1749,0,580631,580.631,0,0,OK,4627.2,4619.2,4619.2,4619.2,4619.2,4619.2,4619.2,4619.2,4619.2,0.00,4619.2,4619.2,4619.2,231.76,791.2,1031.6,1031.6,4105.6,2406.6,2407.6,4111.6,2406.6,2407.6,278.4,262.4,272.4,5308,1808.8,5228,21540,1809.8,1292.0,2744,0x3DADF183
1750,0,580732,580.732,0,0,OK,4627.2,4619.2,4619.2,4619.2,4619.2,4619.2,4619.2,4619.2,4619.2,0.00,4619.2,4619.2,4619.2,232.76,1031.6,1031.6,1031.6,2171.2,2407.6,2407.6,2407.6,2407.6,2407.6,518.8,262.4,512.8,7712,1808.8,5228,16532,2050.2,1041.6,12920,0x13A87489
1751,0,580834,580.834,0,0,OK,4624.2,4619.2,4619.2,4619.2,4619.2,4619.2,4619.2,4619.2,4619.2,0.00,4619.2,4619.2,4619.2,0.80,1031.6,1031.6,1031.6,2171.2,2407.6,2407.6,2407.6,2407.6,2407.6,268.4,532.8,262.4,5308,1808.8,2724,13828,1809.8,1282.0,7752,0xD25E70D2
1752,0,580935,580.935,0,0,OK,4623.2,4619.2,4619.2,4619.2,4619.2,4619.2,4619.2,4619.2,4619.2,0.00,4619.2,4619.2,4619.2,232.76,791.2,791.2,791.2,4105.6,4110.6,4110.6,4110.6,4110.6,4110.6,267.4,522.8,512.8,7812,1808.8,5228,13828,1809.8,1031.6,2644,0x2AAFA64C
1753,0,581037,581.037,0,0,OK,4627.2,4619.2,4619.2,4619.2,4619.2,4619.2,4619.2,4619.2,4619.2,0.00,4619.2,4619.2,4619.2,0.80,791.2,791.2,791.2,4105.6,4110.6,4110.6,4110.6,4110.6,4110.6,277.4,532.8,522.8,7912,1808.8,5228,16632,2060.2,1031.6,5148,0x1DBB3FC0
1754,0,581139,581.139,0,0,OK,4625.2,4619.2,4619.2,4619.2,4619.2,4619.2,4619.2,4619.2,4619.2,0.00,4619.2,4619.2,4619.2,232.76,791.2,791.2,791.2,4105.6,4110.6,4110.6,4110.6,4110.6,4110.6,517.8,262.4,522.8,7912,1558.4,5128,16532,1809.8,791.2,10456,0x995CC346
1755,0,581240,581.240,0,0,OK,4625.2,4619.2,4619.2,4619.2,4619.2,4619.2,4619.2,4619.2,4619.2,0.00,4619.2,4619.2,4619.2,231.76,791.2,791.2,1031.6,4105.6,4110.6,2406.6,4111.6,4110.6,2406.6,528.8,262.4,272.4,10316,1558.4,5228,13828,1809.8,1041.6,140,0xB6C353EF
1756,0,581342,581.342,0,0,OK,4628.2,4619.2,4619.2,4619.2,4619.2,4619.2,4619.2,4619.2,4619.2,0.00,4619.2,4619.2,4619.2,0.80,1031.6,791.2,1031.6,2171.2,4111.6,2406.6,2407.6,4111.6,2406.6,278.4,272.4,272.4,7912,2059.2,2624,16532,2050.2,1031.6,12920,0x2C961CCE
1757,0,581444,581.444,0,0,OK,4624.2,4619.2,4619.2,4619.2,4619.2,4619.2,4619.2,4619.2,4619.2,0.00,4619.2,4619.2,4619.2,0.80,791.2,1031.6,1031.6,4105.6,2406.6,2407.6,4111.6,2406.6,2407.6,518.8,272.4,272.4,5308,2049.2,2724,11424,1809.8,791.2,15524,0xD5141A34
1758,0,581545,581.545,0,0,OK,4624.2,4619.2,4619.2,4619.2,4619.2,4619.2,4619.2,4619.2,4619.2,0.00,4619.2,4619.2,4619.2,232.76,1031.6,1031.6,1031.6,2171.2,2407.6,2407.6,2407.6,2407.6,2407.6,528.8,522.8,512.8,7712,1798.8,2624,13928,1809.8,1292.0,17928,0xAA3B514F
1759,0,581647,581.647,0,0,OK,4621.2,4619.2,4619.2,4619.2,4619.2,4619.2,4619.2,4619.2,4619.2,0.00,4619.2,4619.2,4619.2,231.76,791.2,791.2,791.2,4105.6,4110.6,4110.6,4110.6,4110.6,4110.6,267.4,262.4,532.8,7912,1808.8,2624,16532,1809.8,1292.0,15524,0x44AAE107
1760,0,581748,581.748,0,0,OK,4622.2,4619.2,4619.2,4619.2,4619.2,4619.2,4619.2,4619.2,4619.2,0.00,4619.2,4619.2,4619.2,231.76,791.2,1031.6,791.2,4105.6,2406.6,4111.6,4110.6,2406.6,4111.6,517.8,532.8,522.8,7912,1808.8,5128,13928,1809.8,1282.0,5348,0x82BB0761
1761,0,581850,581.850,0,0,OK,4619.2,4619.2,4619.2,4619.2,4619.2,4619.2,4619.2,4619.2,4619.2,0.00,4619.2,4619.2,4619.2,232.76,791.2,1031.6,1031.6,4105.6,2406.6,2407.6,4111.6,2406.6,2407.6,769.2,522.8,532.8,10316,2049.2,5328,21540,1559.4,1282.0,5148,0xA3B52ADF
1762,0,581952,581.952,0,0,OK,4620.2,4619.2,4619.2,4619.2,4619.2,4619.2,4619.2,4619.2,4619.2,0.00,4619.2,4619.2,4619.2,0.80,1031.6,1031.6,1031.6,2171.2,2407.6,2407.6,2407.6,2407.6,2407.6,518.8,522.8,272.4,5308,2049.2,2624,16632,1559.4,1282.0,18028,0x4BCE3D46
1763,0,582053,582.053,0,0,OK,4621.2,4619.2,4619.2,4619.2,4619.2,4619.2,4619.2,4619.2,4619.2,0.00,4619.2,4619.2,4619.2,0.80,1031.6,791.2,1031.6,2171.2,4111.6,2406.6,2407.6,4111.6,2406.6,518.8,272.4,262.4,10316,1808.8,2624,14028,2060.2,791.2,7852,0x0A66A5FB
1764,0,582155,582.155,0,0,OK,4628.2,4619.2,4619.2,4619.2,4619.2,4619.2,4619.2,4619.2,4619.2,0.00,4619.2,4619.2,4619.2,231.76,1031.6,791.2,1031.6,2171.2,4111.6,2406.6,2407.6,4111.6,2406.6,528.8,532.8,532.8,5308,1808.8,2624,13928,1799.8,1041.6,2744,0x72886CB6
1765,0,582257,582.257,0,0,OK,4628.2,4619.2,4619.2,4619.2,4619.2,4619.2,4619.2,4619.2,4619.2,0.00,4619.2,4619.2,4619.2,231.76,1031.6,1031.6,1031.6,2171.2,2407.6,2407.6,2407.6,2407.6,2407.6,278.4,272.4,532.8,10316,2059.2,5328,19036,1809.8,1031.6,2644,0x0C95DA9C
1766,0,582358,582.358,0,0,OK,4622.2,4619.2,4619.2,4619.2,4619.2,4619.2,4619.2,4619.2,4619.2,0.00,4619.2,4619.2,4619.2,0.80,1031.6,791.2,1031.6,2171.2,4111.6,2406.6,2407.6,4111.6,2406.6,528.8,532.8,262.4,10316,1798.8,2624,13928,2060.2,1041.6,12820,0xEB1E63A2
1767,0,582460,582.460,0,0,OK,4623.2,4619.2,4619.2,4619.2,4619.2,4619.2,4619.2,4619.2,4619.2,0.00,4619.2,4619.2,4619.2,232.76,791.2,791.2,791.2,4105.6,4110.6,4110.6,4110.6,4110.6,4110.6,267.4,262.4,512.8,7812,1808.8,5128,19036,1559.4,1282.0,7752,0xF8780A84
1768,0,582561,582.561,0,0,OK,4624.2,4619.2,4619.2,4619.2,4619.2,4619.2,4619.2,4619.2,4619.2,0.00,4619.2,4619.2,4619.2,231.76,1031.6,1031.6,1031.6,2171.2,2407.6,2407.6,2407.6,2407.6,2407.6,278.4,512.8,262.4,7712,2059.2,5128,16432,1799.8,1292.0,18028,0xC8C11D51
1769,0,582663,582.663,0,0,OK,4627.2,4619.2,4619.2,4619.2,4619.2,4619.2,4619.2,4619.2,4619.2,0.00,4619.2,4619.2,4619.2,231.76,1031.6,1031.6,1031.6,2171.2,2407.6,2407.6,2407.6,2407.6,2407.6,278.4,262.4,272.4,7712,1808.8,5228,16432,1559.4,1292.0,7852,0x0C9707E7
1770,0,582765,582.765,0,0,OK,4622.2,4619.2,4619.2,4619.2,4619.2,4619.2,4619.2,4619.2,4619.2,0.00,4619.2,4619.2,4619.2,232.76,1031.6,1031.6,1031.6,2171.2,2407.6,2407.6,2407.6,2407.6,2407.6,769.2,272.4,262.4,7712,2049.2,5228,14028,1799.8,1282.0,5248,0x16D7B129
1771,0,582866,582.866,0,0,OK,4619.2,4619.2,4619.2,4619.2,4619.2,4619.2,4619.2,4619.2,4619.2,0.00,4619.2,4619.2,4619.2,232.76,791.2,1031.6,791.2,4105.6,2406.6,4111.6,4110.6,2406.6,4111.6,527.8,522.8,522.8,7712,2049.2,5128,11424,2050.2,1282.0,12860,0xA588DD14
1772,0,582968,582.968,0,0,OK,4622.2,4619.2,4619.2,4619.2,4619.2,4619.2,4619.2,4619.2,4619.2,0.00,4619.2,4619.2,4619.2,231.76,1031.6,791.2,1031.6,2171.2,4111.6,2406.6,2407.6,4111.6,2406.6,268.4,512.8,512.8,7912,1798.8,2624,13828,1559.4,1282.0,2744,0xD21740BD
1773,0,583070,583.070,0,0,OK,4619.2,4619.2,4619.2,4619.2,4619.2,4619.2,4619.2,4619.2,4619.2,0.00,4619.2,4619.2,4619.2,0.80,791.2,1031.6,791.2,4105.6,2406.6,4111.6,4110.6,2406.6,4111.6,517.8,272.4,262.4,7912,1558.4,2724,16532,1809.8,1031.6,15424,0x6377AA36
1774,0,583171,583.171,0,0,OK,4624.2,4619.2,4619.2,4619.2,4619.2,4619.2,4619.2,4619.2,4619.2,0.00,4619.2,4619.2,4619.2,231.76,1031.6,1031.6,1031.6,2171.2,2407.6,2407.6,2407.6,2407.6,2407.6,278.4,272.4,522.8,10316,2059.2,5328,11424,1799.8,1041.6,13020,0x576DFE77
1775,0,583273,583.273,0,0,OK,4624.2,4619.2,4619.2,4619.2,4619.2,4619.2,4619.2,4619.2,4619.2,0.00,4619.2,4619.2,4619.2,0.80,791.2,1031.6,791.2,4105.6,2406.6,4111.6,4110.6,2406.6,4111.6,517.8,272.4,272.4,10316,2059.2,5328,19036,2050.2,1031.6,40,0x36A1996F
1776,0,583374,583.374,0,0,OK,4624.2,4619.2,4619.2,4619.2,4619.2,4619.2,4619.2,4619.2,4619.2,0.00,4619.2,4619.2,4619.2,231.76,1031.6,1031.6,1031.6,2171.2,2407.6,2407.6,2407.6,2407.6,2407.6,528.8,512.8,262.4,7912,1808.8,5128,16432,1559.4,1041.6,18028,0x991A460F
1777,0,583476,583.476,0,0,OK,4628.2,4619.2,4619.2,4619.2,4619.2,4619.2,4619.2,4619.2,4619.2,0.00,4619.2,4619.2,4619.2,231.76,1031.6,791.2,791.2,2171.2,4111.6,4110.6,2406.6,4111.6,4110.6,768.2,272.4,262.4,10316,1798.8,2624,19136,1809.8,791.2,10416,0x18E40300
1778,0,583578,583.578,0,0,OK,4621.2,4619.2,4619.2,4619.2,4619.2,4619.2,4619.2,4619.2,4619.2,0.00,4619.2,4619.2,4619.2,231.76,1031.6,1031.6,791.2,2171.2,2407.6,4111.6,2406.6,2407.6,4111.6,267.4,522.8,512.8,7912,2059.2,5328,14028,2060.2,1041.6,20632,0xB5FD74E3
1779,0,583679,583.679,0,0,OK,4624.2,4619.2,4619.2,4619.2,4619.2,4619.2,4619.2,4619.2,4619.2,0.00,4619.2,4619.2,4619.2,231.76,791.2,1031.6,791.2,4105.6,2406.6,4111.6,4110.6,2406.6,4111.6,517.8,262.4,272.4,10316,1808.8,5128,16432,2060.2,1282.0,40,0x3F2512F7
1780,0,583781,583.781,0,0,OK,4624.2,4619.2,4619.2,4619.2,4619.2,4619.2,4619.2,4619.2,4619.2,0.00,4619.2,4619.2,4619.2,231.76,791.2,791.2,1031.6,4105.6,4110.6,2406.6,4111.6,4110.6,2406.6,518.8,522.8,512.8,7812,2049.2,5228,14028,2060.2,791.2,10456,0x01DA645A
1781,0,583883,583.883,0,0,OK,4622.2,4619.2,4619.2,4619.2,4619.2,4619.2,4619.2,4619.2,4619.2,0.00,4619.2,4619.2,4619.2,231.76,1031.6,791.2,1031.6,2171.2,4111.6,2406.6,2407.6,4111.6,2406.6,528.8,262.4,262.4,7712,1798.8,2724,11424,1809.8,1041.6,15424,0x1B34399B
1782,0,583984,583.984,0,0,OK,4627.2,4619.2,4619.2,4619.2,4619.2,4619.2,4619.2,4619.2,4619.2,0.00,4619.2,4619.2,4619.2,231.76,791.2,791.2,1031.6,4105.6,4110.6,2406.6,4111.6,4110.6,2406.6,528.8,272.4,532.8,10316,2059.2,2624,16632,1799.8,1282.0,2644,0xF6AD523A
1783,0,584086,584.086,0,0,OK,4627.2,4619.2,4619.2,4619.2,4619.2,4619.2,4619.2,4619.2,4619.2,0.00,4619.2,4619.2,4619.2,232.76,791.2,791.2,1031.6,4105.6,4110.6,2406.6,4111.6,4110.6,2406.6,528.8,522.8,532.8,7712,2059.2,5328,21540,1809.8,1031.6,10416,0xD03B03D3
1784,0,584187,584.187,0,0,OK,4623.2,4619.2,4619.2,4619.2,4619.2,4619.2,4619.2,4619.2,4619.2,0.00,4619.2,4619.2,4619.2,0.80,1031.6,1031.6,791.2,2171.2,2407.6,4111.6,2406.6,2407.6,4111.6,517.8,532.8,272.4,10316,1558.4,5228,21540,1809.8,791.2,5248,0x0C6FAFB0
1785,0,584289,584.289,0,0,OK,4625.2,4619.2,4619.2,4619.2,4619.2,4619.2,4619.2,4619.2,4619.2,0.00,4619.2,4619.2,4619.2,0.80,791.2,1031.6,1031.6,4105.6,2406.6,2407.6,4111.6,2406.6,2407.6,518.8,522.8,272.4,7812,1558.4,5328,19136,1559.4,1031.6,15424,0x50E28931
1786,0,584391,584.391,0,0,OK,4626.2,4619.2,4619.2,4619.2,4619.2,4619.2,4619.2,4619.2,4619.2,0.00,4619.2,4619.2,4619.2,0.80,1031.6,1031.6,791.2,2171.2,2407.6,4111.6,2406.6,2407.6,4111.6,768.2,272.4,512.8,10316,1808.8,2624,16432,2060.2,1031.6,2744,0x6CF92589
1787,0,584492,584.492,0,0,OK,4622.2,4619.2,4619.2,4619.2,4619.2,4619.2,4619.2,4619.2,4619.2,0.00,4619.2,4619.2,4619.2,231.76,1031.6,1031.6,1031.6,2171.2,2407.6,2407.6,2407.6,2407.6,2407.6,278.4,272.4,512.8,5308,1798.8,5128,13828,2050.2,1041.6,20532,0xD1D7187E
1788,0,584594,584.594,0,0,OK,4623.2,4619.2,4619.2,4619.2,4619.2,4619.2,4619.2,4619.2,4619.2,0.00,4619.2,4619.2,4619.2,231.76,791.2,1031.6,1031.6,4105.6,2406.6,2407.6,4111.6,2406.6,2407.6,769.2,272.4,272.4,7812,1558.4,5228,19136,1559.4,1031.6,20532,0x212A6D6E
1789,0,584696,584.696,0,0,OK,4622.2,4619.2,4619.2,4619.2,4619.2,4619.2,4619.2,4619.2,4619.2,0.00,4619.2,4619.2,4619.2,232.76,791.2,1031.6,791.2,4105.6,2406.6,4111.6,4110.6,2406.6,4111.6,277.4,512.8,272.4,7912,1808.8,5128,19136,2060.2,1282.0,10416,0x2151DDFB
1790,0,584797,584.797,0,0,OK,4628.2,4619.2,4619.2,4619.2,4619.2,4619.2,4619.2,4619.2,4619.2,0.00,4619.2,4619.2,4619.2,0.80,791.2,791.2,1031.6,4105.6,4110.6,2406.6,4111.6,4110.6,2406.6,268.4,522.8,532.8,7712,2059.2,5128,19036,2050.2,1031.6,13020,0x944D6D0C
1791,0,584899,584.899,0,0,OK,4628.2,4619.2,4619.2,4619.2,4619.2,4619.2,4619.2,4619.2,4619.2,0.00,4619.2,4619.2,4619.2,0.80,791.2,791.2,1031.6,4105.6,4110.6,2406.6,4111.6,4110.6,2406.6,268.4,522.8,512.8,10316,1798.8,5328,13928,1559.4,1031.6,20732,0x4D01B74B
1792,0,585000,585.000,0,0,OK,4620.2,4619.2,4619.2,4619.2,4619.2,4619.2,4619.2,4619.2,4619.2,0.00,4619.2,4619.2,4619.2,232.76,1031.6,1031.6,791.2,2171.2,2407.6,4111.6,2406.6,2407.6,4111.6,517.8,272.4,522.8,5308,2059.2,2624,16432,1799.8,791.2,5148,0x5D9C9803
1793,0,585102,585.102,0,0,OK,4622.2,4619.2,4619.2,4619.2,4619.2,4619.2,4619.2,4619.2,4619.2,0.00,4619.2,4619.2,4619.2,231.76,791.2,1031.6,791.2,4105.6,2406.6,4111.6,4110.6,2406.6,4111.6,267.4,272.4,262.4,7812,1558.4,5228,21540,1559.4,1292.0,5148,0xE8E9FB90
1794,0,585204,585.204,0,0,OK,4619.2,4619.2,4619.2,4619.2,4619.2,4619.2,4619.2,4619.2,4619.2,0.00,4619.2,4619.2,4619.2,231.76,1031.6,791.2,1031.6,2171.2,4111.6,2406.6,2407.6,4111.6,2406.6,769.2,522.8,272.4,7712,1808.8,5328,16532,2060.2,1041.6,5148,0x5B6060DB
1795,0,585305,585.305,0,0,OK,4622.2,4619.2,4619.2,4619.2,4619.2,4619.2,4619.2,4619.2,4619.2,0.00,4619.2,4619.2,4619.2,0.80,1031.6,791.2,1031.6,2171.2,4111.6,2406.6,2407.6,4111.6,2406.6,518.8,532.8,532.8,10316,2059.2,2624,14028,2050.2,1041.6,13020,0x6C68C2CA
1796,0,585407,585.407,0,0,OK,4620.2,4619.2,4619.2,4619.2,4619.2,4619.2,4619.2,4619.2,4619.2,0.00,4619.2,4619.2,4619.2,231.76,791.2,791.2,791.2,4105.6,4110.6,4110.6,4110.6,4110.6,4110.6,768.2,522.8,512.8,5308,2049.2,2724,21540,1559.4,791.2,40,0xAA0389BB
1797,0,585508,585.508,0,0,OK,4625.2,4619.2,4619.2,4619.2,4619.2,4619.2,4619.2,4619.2,4619.2,0.00,4619.2,4619.2,4619.2,0.80,1031.6,791.2,1031.6,2171.2,4111.6,2406.6,2407.6,4111.6,2406.6,278.4,262.4,532.8,7712,1798.8,5328,21540,2060.2,1292.0,18128,0x856E95D8
1798,0,585610,585.610,0,0,OK,4623.2,4619.2,4619.2,4619.2,4619.2,4619.2,4619.2,4619.2,4619.2,0.00,4619.2,4619.2,4619.2,232.76,1031.6,791.2,791.2,2171.2,4111.6,4110.6,2406.6,4111.6,4110.6,517.8,532.8,272.4,7912,2049.2,5228,16632,2050.2,1282.0,12920,0x963EF863
1799,0,585712,585.712,0,0,OK,4624.2,4619.2,4619.2,4619.2,4619.2,4619.2,4619.2,4619.2,4619.2,0.00,4619.2,4619.2,4619.2,231.76,1031.6,791.2,791.2,2171.2,4111.6,4110.6,2406.6,4111.6,4110.6,277.4,522.8,512.8,7812,1808.8,5328,19036,2060.2,1041.6,23236,0xD87DF915
1800,0,585813,585.813,0,0,OK,4619.2,4619.2,4619.2,4619.2,4619.2,4619.2,4619.2,4619.2,4619.2,0.00,4619.2,4619.2,4619.2,231.76,791.2,1031.6,791.2,4105.6,2406.6,4111.6,4110.6,2406.6,4111.6,517.8,522.8,532.8,5308,2059.2,2624,13928,1809.8,791.2,13020,0x8EF26145
1801,0,585915,585.915,0,0,OK,4623.2,4619.2,4619.2,4619.2,4619.2,4619.2,4619.2,4619.2,4619.2,0.00,4619.2,4619.2,4619.2,231.76,1031.6,1031.6,791.2,2171.2,2407.6,4111.6,2406.6,2407.6,4111.6,517.8,512.8,272.4,7712,2059.2,5228,16632,2060.2,1282.0,7852,0xBA560416
1802,0,586017,586.017,0,0,OK,4624.2,4619.2,4619.2,4619.2,4619.2,4619.2,4619.2,4619.2,4619.2,0.00,4619.2,4619.2,4619.2,232.76,791.2,791.2,1031.6,4105.6,4110.6,2406.6,4111.6,4110.6,2406.6,278.4,272.4,512.8,5308,2059.2,5328,16632,2060.2,1282.0,7752,0xB1FE804E
1803,0,586118,586.118,0,0,OK,4628.2,4619.2,4619.2,4619.2,4619.2,4619.2,4619.2,4619.2,4619.2,0.00,4619.2,4619.2,4619.2,232.76,791.2,791.2,1031.6,4105.6,4110.6,2406.6,4111.6,4110.6,2406.6,518.8,512.8,522.8,5308,2059.2,5228,19136,2050.2,1292.0,18028,0xC5D9EF79
1804,0,586220,586.220,0,0,OK,4622.2,4619.2,4619.2,4619.2,4619.2,4619.2,4619.2,4619.2,4619.2,0.00,4619.2,4619.2,4619.2,0.80,791.2,791.2,791.2,4105.6,4110.6,4110.6,4110.6,4110.6,4110.6,267.4,512.8,272.4,7712,1808.8,5328,14028,2050.2,1292.0,18028,0x776424CA
1805,0,586321,586.321,0,0,OK,4627.2,4619.2,4619.2,4619.2,4619.2,4619.2,4619.2,4619.2,4619.2,0.00,4619.2,4619.2,4619.2,0.80,1031.6,1031.6,791.2,2171.2,2407.6,4111.6,2406.6,2407.6,4111.6,768.2,522.8,262.4,7712,1798.8,5128,16532,1809.8,1282.0,17928,0xBCFB284D
1806,0,586423,586.423,0,0,OK,4623.2,4619.2,4619.2,4619.2,4619.2,4619.2,4619.2,4619.2,4619.2,0.00,4619.2,4619.2,4619.2,231.76,1031.6,791.2,791.2,2171.2,4111.6,4110.6,2406.6,4111.6,4110.6,768.2,262.4,262.4,7712,1808.8,2624,21540,1559.4,1031.6,5148,0xA1DC3777
1807,0,586525,586.525,0,0,OK,4626.2,4619.2,4619.2,4619.2,4619.2,4619.2,4619.2,4619.2,4619.2,0.00,4619.2,4619.2,4619.2,0.80,791.2,1031.6,1031.6,4105.6,2406.6,2407.6,4111.6,2406.6,2407.6,268.4,262.4,532.8,5308,2049.2,2624,13928,2050.2,1282.0,5348,0x6D0D1FBB
1808,0,586626,586.626,0,0,OK,4619.2,4619.2,4619.2,4619.2,4619.2,4619.2,4619.2,4619.2,4619.2,0.00,4619.2,4619.2,4619.2,0.80,1031.6,791.2,1031.6,2171.2,4111.6,2406.6,2407.6,4111.6,2406.6,528.8,262.4,512.8,7912,1558.4,2724,14028,1809.8,791.2,10456,0xE60A6405
1809,0,586728,586.728,0,0,OK,4628.2,4619.2,4619.2,4619.2,4619.2,4619.2,4619.2,4619.2,4619.2,0.00,4619.2,4619.2,4619.2,232.76,1031.6,1031.6,791.2,2171.2,2407.6,4111.6,2406.6,2407.6,4111.6,517.8,512.8,272.4,7812,2059.2,5328,16532,2060.2,1292.0,23236,0xCFAB2620
1810,0,586830,586.830,0,0,OK,4625.2,4619.2,4619.2,4619.2,4619.2,4619.2,4619.2,4619.2,4619.2,0.00,4619.2,4619.2,4619.2,232.76,791.2,1031.6,1031.6,4105.6,2406.6,2407.6,4111.6,2406.6,2407.6,278.4,512.8,272.4,5308,1798.8,2624,19136,2050.2,791.2,10256,0xC7B5A04C
1811,0,586931,586.931,0,0,OK,4620.2,4619.2,4619.2,4619.2,4619.2,4619.2,4619.2,4619.2,4619.2,0.00,4619.2,4619.2,4619.2,0.80,791.2,1031.6,791.2,4105.6,2406.6,4111.6,4110.6,2406.6,4111.6,267.4,522.8,512.8,7912,1798.8,5228,16632,1559.4,1282.0,20532,0xF06B7B4E
1812,0,587033,587.033,0,0,OK,4621.2,4619.2,4619.2,4619.2,4619.2,4619.2,4619.2,4619.2,4619.2,0.00,4619.2,4619.2,4619.2,0.80,791.2,1031.6,1031.6,4105.6,2406.6,2407.6,4111.6,2406.6,2407.6,278.4,522.8,262.4,7912,2059.2,5228,19136,1799.8,1292.0,10356,0x0A03AFEC
1813,0,587134,587.134,0,0,OK,4627.2,4619.2,4619.2,4619.2,4619.2,4619.2,4619.2,4619.2,4619.2,0.00,4619.2,4619.2,4619.2,231.76,1031.6,1031.6,1031.6,2171.2,2407.6,2407.6,2407.6,2407.6,2407.6,268.4,272.4,262.4,10316,1558.4,5228,19136,1559.4,1292.0,2744,0xE32AAB85
1814,0,587236,587.236,0,0,OK,4628.2,4619.2,4619.2,4619.2,4619.2,4619.2,4619.2,4619.2,4619.2,0.00,4619.2,4619.2,4619.2,0.80,791.2,1031.6,1031.6,4105.6,2406.6,2407.6,4111.6,2406.6,2407.6,769.2,522.8,262.4,7712,1808.8,5328,11424,2060.2,1041.6,18128,0x14F78277
1815,0,587338,587.338,0,0,OK,4623.2,4619.2,4619.2,4619.2,4619.2,4619.2,4619.2,4619.2,4619.2,0.00,4619.2,4619.2,4619.2,232.76,1031.6,1031.6,1031.6,2171.2,2407.6,2407.6,2407.6,2407.6,2407.6,278.4,512.8,532.8,7712,1558.4,5128,14028,2060.2,791.2,2644,0xA646D688
1816,0,587439,587.439,0,0,OK,4628.2,4619.2,4619.2,4619.2,4619.2,4619.2,4619.2,4619.2,4619.2,0.00,4619.2,4619.2,4619.2,231.76,1031.6,791.2,1031.6,2171.2,4111.6,2406.6,2407.6,4111.6,2406.6,268.4,532.8,532.8,7712,1808.8,2624,19036,1809.8,1041.6,10356,0x0ACE22F5
1817,0,587541,587.541,0,0,OK,4621.2,4619.2,4619.2,4619.2,4619.2,4619.2,4619.2,4619.2,4619.2,0.00,4619.2,4619.2,4619.2,232.76,791.2,791.2,1031.6,4105.6,4110.6,2406.6,4111.6,4110.6,2406.6,268.4,532.8,512.8,7712,2059.2,5328,16432,1809.8,1282.0,12820,0xF3D2ECA1
1818,0,587643,587.643,0,0,OK,4628.2,4619.2,4619.2,4619.2,4619.2,4619.2,4619.2,4619.2,4619.2,0.00,4619.2,4619.2,4619.2,232.76,791.2,791.2,1031.6,4105.6,4110.6,2406.6,4111.6,4110.6,2406.6,769.2,522.8,532.8,10316,1558.4,2724,13928,1799.8,791.2,13020,0x59485465
1819,0,587744,587.744,0,0,OK,4619.2,4619.2,4619.2,4619.2,4619.2,4619.2,4619.2,4619.2,4619.2,0.00,4619.2,4619.2,4619.2,232.76,1031.6,1031.6,791.2,2171.2,2407.6,4111.6,2406.6,2407.6,4111.6,517.8,262.4,512.8,7712,2059.2,2724,13828,2050.2,1041.6,13020,0x3E61ADAD
1820,0,587846,587.846,0,0,OK,4625.2,4619.2,4619.2,4619.2,4619.2,4619.2,4619.2,4619.2,4619.2,0.00,4619.2,4619.2,4619.2,231.76,791.2,1031.6,791.2,4105.6,2406.6,4111.6,4110.6,2406.6,4111.6,527.8,522.8,512.8,10316,2059.2,2624,16432,1809.8,1041.6,10416,0xA7366CD1
1821,0,587947,587.947,0,0,OK,4627.2,4619.2,4619.2,4619.2,4619.2,4619.2,4619.2,4619.2,4619.2,0.00,4619.2,4619.2,4619.2,231.76,1031.6,791.2,1031.6,2171.2,4111.6,2406.6,2407.6,4111.6,2406.6,278.4,512.8,522.8,7812,1798.8,5228,13828,1559.4,791.2,20532,0x911AD771
1822,0,588049,588.049,0,0,OK,4628.2,4619.2,4619.2,4619.2,4619.2,4619.2,4619.2,4619.2,4619.2,0.00,4619.2,4619.2,4619.2,232.76,1031.6,1031.6,791.2,2171.2,2407.6,4111.6,2406.6,2407.6,4111.6,267.4,522.8,262.4,7812,1808.8,2724,14028,2050.2,1292.0,23236,0x4C477D62
1823,0,588151,588.151,0,0,OK,4619.2,4619.2,4619.2,4619.2,4619.2,4619.2,4619.2,4619.2,4619.2,0.00,4619.2,4619.2,4619.2,232.76,791.2,791.2,1031.6,4105.6,4110.6,2406.6,4111.6,4110.6,2406.6,278.4,522.8,262.4,7912,1558.4,5328,11424,1809.8,1282.0,2744,0xAF9936FF
1824,0,588252,588.252,0,0,OK,4622.2,4619.2,4619.2,4619.2,4619.2,4619.2,4619.2,4619.2,4619.2,0.00,4619.2,4619.2,4619.2,232.76,1031.6,1031.6,791.2,2171.2,2407.6,4111.6,2406.6,2407.6,4111.6,768.2,522.8,532.8,7912,1558.4,5228,16632,1799.8,1292.0,20732,0xAE99E646
1825,0,588354,588.354,0,0,OK,4620.2,4619.2,4619.2,4619.2,4619.2,4619.2,4619.2,4619.2,4619.2,0.00,4619.2,4619.2,4619.2,231.76,791.2,791.2,791.2,4105.6,4110.6,4110.6,4110.6,4110.6,4110.6,768.2,532.8,272.4,5308,1558.4,5228,13828,2050.2,1282.0,10456,0x319D8E2B
1826,0,588455,588.455,0,0,OK,4625.2,4619.2,4619.2,4619.2,4619.2,4619.2,4619.2,4619.2,4619.2,0.00,4619.2,4619.2,4619.2,231.76,791.2,791.2,791.2,4105.6,4110.6,4110.6,4110.6,4110.6,4110.6,527.8,522.8,522.8,5308,1808.8,5228,14028,1799.8,1292.0,18028,0x0DBF39E1
1827,0,588557,588.557,0,0,OK,4624.2,4619.2,4619.2,4619.2,4619.2,4619.2,4619.2,4619.2,4619.2,0.00,4619.2,4619.2,4619.2,231.76,791.2,1031.6,1031.6,4105.6,2406.6,2407.6,4111.6,2406.6,2407.6,278.4,532.8,522.8,7812,2049.2,5128,21540,2050.2,791.2,17928,0xAB433979
1828,0,588659,588.659,0,0,OK,4624.2,4619.2,4619.2,4619.2,4619.2,4619.2,4619.2,4619.2,4619.2,0.00,4619.2,4619.2,4619.2,0.80,1031.6,791.2,1031.6,2171.2,4111.6,2406.6,2407.6,4111.6,2406.6,528.8,262.4,522.8,7712,1798.8,5328,11424,1809.8,791.2,140,0xF2247C4D
1829,0,588760,588.760,0,0,OK,4624.2,4619.2,4619.2,4619.2,4619.2,4619.2,4619.2,4619.2,4619.2,0.00,4619.2,4619.2,4619.2,232.76,791.2,791.2,1031.6,4105.6,4110.6,2406.6,4111.6,4110.6,2406.6,268.4,272.4,512.8,7812,1558.4,2724,21540,1809.8,1282.0,2744,0x38C0405F
1830,0,588862,588.862,0,0,OK,4625.2,4619.2,4619.2,4619.2,4619.2,4619.2,4619.2,4619.2,4619.2,0.00,4619.2,4619.2,4619.2,231.76,791.2,791.2,791.2,4105.6,4110.6,4110.6,4110.6,4110.6,4110.6,267.4,262.4,522.8,7712,1808.8,2624,19136,2060.2,1031.6,5348,0xDA6A840C
1831,0,588964,588.964,0,0,OK,4625.2,4619.2,4619.2,4619.2,4619.2,4619.2,4619.2,4619.2,4619.2,0.00,4619.2,4619.2,4619.2,232.76,1031.6,1031.6,1031.6,2171.2,2407.6,2407.6,2407.6,2407.6,2407.6,268.4,522.8,522.8,10316,2059.2,2624,13928,2050.2,1292.0,23136,0xF95C3492
1832,0,589065,589.065,0,0,OK,4628.2,4619.2,4619.2,4619.2,4619.2,4619.2,4619.2,4619.2,4619.2,0.00,4619.2,4619.2,4619.2,231.76,1031.6,1031.6,791.2,2171.2,2407.6,4111.6,2406.6,2407.6,4111.6,768.2,512.8,262.4,7712,1808.8,5328,16432,1809.8,1041.6,5148,0xEE0BFCDD
1833,0,589167,589.167,0,0,OK,4621.2,4619.2,4619.2,4619.2,4619.2,4619.2,4619.2,4619.2,4619.2,0.00,4619.2,4619.2,4619.2,232.76,791.2,1031.6,791.2,4105.6,2406.6,4111.6,4110.6,2406.6,4111.6,267.4,512.8,532.8,7712,1808.8,2724,11424,1799.8,1041.6,2644,0x5F0332B8
1834,0,589268,589.268,0,0,OK,4628.2,4619.2,4619.2,4619.2,4619.2,4619.2,4619.2,4619.2,4619.2,0.00,4619.2,4619.2,4619.2,232.76,1031.6,1031.6,791.2,2171.2,2407.6,4111.6,2406.6,2407.6,4111.6,768.2,512.8,522.8,5308,2059.2,5228,16432,2060.2,1282.0,15424,0xEF0D7C4F
1835,0,589370,589.370,0,0,OK,4628.2,4619.2,4619.2,4619.2,4619.2,4619.2,4619.2,4619.2,4619.2,0.00,4619.2,4619.2,4619.2,231.76,791.2,1031.6,1031.6,4105.6,2406.6,2407.6,4111.6,2406.6,2407.6,528.8,272.4,512.8,7712,2059.2,2724,14028,1799.8,1041.6,7752,0xC0D5784E
1836,0,589472,589.472,0,0,OK,4624.2,4619.2,4619.2,4619.2,4619.2,4619.2,4619.2,4619.2,4619.2,0.00,4619.2,4619.2,4619.2,232.76,791.2,1031.6,791.2,4105.6,2406.6,4111.6,4110.6,2406.6,4111.6,517.8,262.4,532.8,7712,1808.8,5128,19136,2050.2,1292.0,13020,0xF64DBE1A
1837,0,589573,589.573,0,0,OK,4624.2,4619.2,4619.2,4619.2,4619.2,4619.2,4619.2,4619.2,4619.2,0.00,4619.2,4619.2,4619.2,231.76,791.2,1031.6,791.2,4105.6,2406.6,4111.6,4110.6,2406.6,4111.6,277.4,262.4,522.8,10316,1808.8,2624,14028,2050.2,1031.6,7912,0x1880AF8E
1838,0,589675,589.675,0,0,OK,4620.2,4619.2,4619.2,4619.2,4619.2,4619.2,4619.2,4619.2,4619.2,0.00,4619.2,4619.2,4619.2,231.76,791.2,1031.6,791.2,4105.6,2406.6,4111.6,4110.6,2406.6,4111.6,267.4,272.4,262.4,7912,1558.4,5328,16632,2060.2,1282.0,10416,0xBA44DE36
1839,0,589777,589.777,0,0,OK,4626.2,4619.2,4619.2,4619.2,4619.2,4619.2,4619.2,4619.2,4619.2,0.00,4619.2,4619.2,4619.2,232.76,791.2,791.2,1031.6,4105.6,4110.6,2406.6,4111.6,4110.6,2406.6,268.4,532.8,262.4,10316,1798.8,5328,14028,1559.4,791.2,5148,0x9990B401
1840,0,589878,589.878,0,0,OK,4620.2,4619.2,4619.2,4619.2,4619.2,4619.2,4619.2,4619.2,4619.2,0.00,4619.2,4619.2,4619.2,232.76,1031.6,1031.6,1031.6,2171.2,2407.6,2407.6,2407.6,2407.6,2407.6,268.4,262.4,272.4,10316,1798.8,2624,19036,1559.4,1031.6,15424,0xFB448B3D
1841,0,589980,589.980,0,0,OK,4623.2,4619.2,4619.2,4619.2,4619.2,4619.2,4619.2,4619.2,4619.2,0.00,4619.2,4619.2,4619.2,231.76,1031.6,791.2,1031.6,2171.2,4111.6,2406.6,2407.6,4111.6,2406.6,518.8,522.8,262.4,5308,1798.8,2624,16632,1809.8,791.2,240,0x55C713D9
1842,0,590081,590.081,0,0,OK,4628.2,4619.2,4619.2,4619.2,4619.2,4619.2,4619.2,4619.2,4619.2,0.00,4619.2,4619.2,4619.2,0.80,791.2,1031.6,791.2,4105.6,2406.6,4111.6,4110.6,2406.6,4111.6,517.8,532.8,262.4,7812,2049.2,5328,16432,1559.4,1292.0,23136,0xC0B30FF1
1843,0,590183,590.183,0,0,OK,4620.2,4619.2,4619.2,4619.2,4619.2,4619.2,4619.2,4619.2,4619.2,0.00,4619.2,4619.2,4619.2,231.76,1031.6,791.2,791.2,2171.2,4111.6,4110.6,2406.6,4111.6,4110.6,277.4,532.8,262.4,10316,2049.2,2724,16532,1809.8,1031.6,2644,0x3E4D7261
1844,0,590285,590.285,0,0,OK,4624.2,4619.2,4619.2,4619.2,4619.2,4619.2,4619.2,4619.2,4619.2,0.00,4619.2,4619.2,4619.2,0.80,1031.6,791.2,791.2,2171.2,4111.6,4110.6,2406.6,4111.6,4110.6,768.2,522.8,532.8,7812,1558.4,5128,16632,2060.2,1282.0,17928,0x21D4DF79
1845,0,590386,590.386,0,0,OK,4620.2,4619.2,4619.2,4619.2,4619.2,4619.2,4619.2,4619.2,4619.2,0.00,4619.2,4619.2,4619.2,232.76,1031.6,1031.6,791.2,2171.2,2407.6,4111.6,2406.6,2407.6,4111.6,277.4,262.4,262.4,7812,1558.4,5328,11424,1809.8,1041.6,17928,0xA35E57B0
1846,0,590488,590.488,0,0,OK,4627.2,4619.2,4619.2,4619.2,4619.2,4619.2,4619.2,4619.2,4619.2,0.00,4619.2,4619.2,4619.2,231.76,1031.6,791.2,1031.6,2171.2,4111.6,2406.6,2407.6,4111.6,2406.6,278.4,532.8,522.8,5308,1798.8,5228,16532,1799.8,1292.0,10416,0x022F8F37
1847,0,590590,590.590,0,0,OK,4628.2,4619.2,4619.2,4619.2,4619.2,4619.2,4619.2,4619.2,4619.2,0.00,4619.2,4619.2,4619.2,232.76,791.2,1031.6,1031.6,4105.6,2406.6,2407.6,4111.6,2406.6,2407.6,769.2,272.4,262.4,7812,1558.4,5228,11424,1799.8,791.2,23136,0xD9859D9F
1848,0,590691,590.691,0,0,OK,4619.2,4619.2,4619.2,4619.2,4619.2,4619.2,4619.2,4619.2,4619.2,0.00,4619.2,4619.2,4619.2,231.76,1031.6,791.2,1031.6,2171.2,4111.6,2406.6,2407.6,4111.6,2406.6,528.8,532.8,262.4,5308,2049.2,2624,14028,2060.2,791.2,10256,0xA0E0E360
1849,0,590793,590.793,0,0,OK,4623.2,4619.2,4619.2,4619.2,4619.2,4619.2,4619.2,4619.2,4619.2,0.00,4619.2,4619.2,4619.2,0.80,791.2,1031.6,1031.6,4105.6,2406.6,2407.6,4111.6,2406.6,2407.6,268.4,262.4,532.8,7712,1558.4,5128,19136,1799.8,1031.6,18128,0xDCA1C1D1
1850,0,590895,590.895,0,0,OK,4619.2,4619.2,4619.2,4619.2,4619.2,4619.2,4619.2,4619.2,4619.2,0.00,4619.2,4619.2,4619.2,231.76,791.2,1031.6,791.2,4105.6,2406.6,4111.6,4110.6,2406.6,4111.6,527.8,262.4,272.4,10316,1798.8,5328,13828,1799.8,1282.0,10316,0x905451A9
1851,0,590996,590.996,0,0,OK,4621.2,4619.2,4619.2,4619.2,4619.2,4619.2,4619.2,4619.2,4619.2,0.00,4619.2,4619.2,4619.2,231.76,791.2,791.2,791.2,4105.6,4110.6,4110.6,4110.6,4110.6,4110.6,267.4,512.8,522.8,7912,1808.8,2724,14028,1799.8,1292.0,240,0x115EB883
1852,0,591098,591.098,0,0,OK,4620.2,4619.2,4619.2,4619.2,4619.2,4619.2,4619.2,4619.2,4619.2,0.00,4619.2,4619.2,4619.2,231.76,1031.6,791.2,791.2,2171.2,4111.6,4110.6,2406.6,4111.6,4110.6,768.2,512.8,262.4,7712,2059.2,5228,16632,1559.4,791.2,2744,0xF210DB9F
1853,0,591199,591.199,0,0,OK,4622.2,4619.2,4619.2,4619.2,4619.2,4619.2,4619.2,4619.2,4619.2,0.00,4619.2,4619.2,4619.2,231.76,1031.6,791.2,1031.6,2171.2,4111.6,2406.6,2407.6,4111.6,2406.6,528.8,532.8,522.8,7812,2049.2,5128,16632,1809.8,1282.0,13020,0x0755E77A
1854,0,591301,591.301,0,0,OK,4628.2,4619.2,4619.2,4619.2,4619.2,4619.2,4619.2,4619.2,4619.2,0.00,4619.2,4619.2,4619.2,0.80,1031.6,791.2,791.2,2171.2,4111.6,4110.6,2406.6,4111.6,4110.6,527.8,522.8,532.8,7912,1808.8,2724,13928,1799.8,1031.6,23136,0x4D178312
1855,0,591403,591.403,0,0,OK,4622.2,4619.2,4619.2,4619.2,4619.2,4619.2,4619.2,4619.2,4619.2,0.00,4619.2,4619.2,4619.2,232.76,1031.6,791.2,1031.6,2171.2,4111.6,2406.6,2407.6,4111.6,2406.6,518.8,512.8,532.8,7912,1808.8,5328,19136,1559.4,1292.0,17928,0x8573FC33
1856,0,591504,591.504,0,0,OK,4624.2,4619.2,4619.2,4619.2,4619.2,4619.2,4619.2,4619.2,4619.2,0.00,4619.2,4619.2,4619.2,232.76,1031.6,791.2,791.2,2171.2,4111.6,4110.6,2406.6,4111.6,4110.6,267.4,522.8,262.4,7712,1798.8,2624,11424,1799.8,791.2,5248,0x30EBED04
1857,0,591606,591.606,0,0,OK,4627.2,4619.2,4619.2,4619.2,4619.2,4619.2,4619.2,4619.2,4619.2,0.00,4619.2,4619.2,4619.2,0.80,791.2,1031.6,791.2,4105.6,2406.6,4111.6,4110.6,2406.6,4111.6,267.4,512.8,532.8,7712,1558.4,2724,16632,1809.8,1282.0,17928,0x891E69F2
1858,0,591708,591.708,0,0,OK,4619.2,4619.2,4619.2,4619.2,4619.2,4619.2,4619.2,4619.2,4619.2,0.00,4619.2,4619.2,4619.2,0.80,791.2,1031.6,791.2,4105.6,2406.6,4111.6,4110.6,2406.6,4111.6,517.8,262.4,512.8,7912,2049.2,5128,13828,2060.2,791.2,7912,0xF6464B2A
1859,0,591809,591.809,0,0,OK,4628.2,4619.2,4619.2,4619.2,4619.2,4619.2,4619.2,4619.2,4619.2,0.00,4619.2,4619.2,4619.2,231.76,1031.6,791.2,1031.6,2171.2,4111.6,2406.6,2407.6,4111.6,2406.6,528.8,522.8,522.8,7812,1558.4,5228,16532,2050.2,791.2,140,0x5DC84980
1860,0,591911,591.911,0,0,OK,4624.2,4619.2,4619.2,4619.2,4619.2,4619.2,4619.2,4619.2,4619.2,0.00,4619.2,4619.2,4619.2,231.76,1031.6,791.2,1031.6,2171.2,4111.6,2406.6,2407.6,4111.6,2406.6,518.8,532.8,532.8,10316,2059.2,5128,16532,2060.2,1041.6,7852,0xE36E47D9
1861,0,592013,592.013,0,0,OK,4622.2,4619.2,4619.2,4619.2,4619.2,4619.2,4619.2,4619.2,4619.2,0.00,4619.2,4619.2,4619.2,232.76,791.2,1031.6,791.2,4105.6,2406.6,4111.6,4110.6,2406.6,4111.6,267.4,262.4,262.4,7812,1798.8,5128,16432,2060.2,791.2,15524,0x2DAABB2C
1862,0,592114,592.114,0,0,OK,4623.2,4619.2,4619.2,4619.2,4619.2,4619.2,4619.2,4619.2,4619.2,0.00,4619.2,4619.2,4619.2,232.76,791.2,1031.6,791.2,4105.6,2406.6,4111.6,4110.6,2406.6,4111.6,768.2,522.8,522.8,7712,2059.2,2724,16532,1799.8,1292.0,18028,0x8C254812
1863,0,592216,592.216,0,0,OK,4623.2,4619.2,4619.2,4619.2,4619.2,4619.2,4619.2,4619.2,4619.2,0.00,4619.2,4619.2,4619.2,232.76,1031.6,1031.6,1031.6,2171.2,2407.6,2407.6,2407.6,2407.6,2407.6,518.8,522.8,532.8,5308,2049.2,5328,11424,2050.2,1041.6,20632,0xA5749900
1864,0,592318,592.318,0,0,OK,4623.2,4619.2,4619.2,4619.2,4619.2,4619.2,4619.2,4619.2,4619.2,0.00,4619.2,4619.2,4619.2,231.76,791.2,791.2,791.2,4105.6,4110.6,4110.6,4110.6,4110.6,4110.6,517.8,512.8,272.4,7912,1808.8,5328,11424,2050.2,1041.6,15424,0xB4A3E40D
1865,0,592419,592.419,0,0,OK,4619.2,4619.2,4619.2,4619.2,4619.2,4619.2,4619.2,4619.2,4619.2,0.00,4619.2,4619.2,4619.2,232.76,791.2,1031.6,1031.6,4105.6,2406.6,2407.6,4111.6,2406.6,2407.6,518.8,532.8,262.4,7712,1808.8,5328,13928,1799.8,1292.0,240,0x522DC43B
1866,0,592521,592.521,0,0,OK,4627.2,4619.2,4619.2,4619.2,4619.2,4619.2,4619.2,4619.2,4619.2,0.00,4619.2,4619.2,4619.2,231.76,791.2,1031.6,791.2,4105.6,2406.6,4111.6,4110.6,2406.6,4111.6,277.4,512.8,512.8,10316,2059.2,2624,16432,1559.4,1282.0,20732,0x7EAE44CB
1867,0,592623,592.623,0,0,OK,4622.2,4619.2,4619.2,4619.2,4619.2,4619.2,4619.2,4619.2,4619.2,0.00,4619.2,4619.2,4619.2,231.76,791.2,1031.6,1031.6,4105.6,2406.6,2407.6,4111.6,2406.6,2407.6,268.4,522.8,522.8,10316,1808.8,2724,16632,1799.8,791.2,20532,0x91E6F5CE
1868,0,592724,592.724,0,0,OK,4624.2,4619.2,4619.2,4619.2,4619.2,4619.2,4619.2,4619.2,4619.2,0.00,4619.2,4619.2,4619.2,231.76,1031.6,1031.6,1031.6,2171.2,2407.6,2407.6,2407.6,2407.6,2407.6,278.4,532.8,262.4,7712,1558.4,2724,19136,1559.4,1031.6,20632,0x84AAB4D1
1869,0,592826,592.826,0,0,OK,4619.2,4619.2,4619.2,4619.2,4619.2,4619.2,4619.2,4619.2,4619.2,0.00,4619.2,4619.2,4619.2,231.76,1031.6,1031.6,1031.6,2171.2,2407.6,2407.6,2407.6,2407.6,2407.6,268.4,272.4,532.8,5308,2059.2,5128,16432,1559.4,1282.0,5148,0x7E1CF797
1870,0,592928,592.928,0,0,OK,4620.2,4619.2,4619.2,4619.2,4619.2,4619.2,4619.2,4619.2,4619.2,0.00,4619.2,4619.2,4619.2,0.80,1031.6,1031.6,791.2,2171.2,2407.6,4111.6,2406.6,2407.6,4111.6,768.2,512.8,512.8,7912,2059.2,2624,11424,1799.8,1041.6,15424,0xA6C008B6
1871,0,593029,593.029,0,0,OK,4621.2,4619.2,4619.2,4619.2,4619.2,4619.2,4619.2,4619.2,4619.2,0.00,4619.2,4619.2,4619.2,231.76,791.2,791.2,791.2,4105.6,4110.6,4110.6,4110.6,4110.6,4110.6,277.4,262.4,532.8,7912,2059.2,5128,11424,2050.2,791.2,7912,0xABD1DC55
1872,0,593131,593.131,0,0,OK,4622.2,4619.2,4619.2,4619.2,4619.2,4619.2,4619.2,4619.2,4619.2,0.00,4619.2,4619.2,4619.2,0.80,791.2,1031.6,791.2,4105.6,2406.6,4111.6,4110.6,2406.6,4111.6,267.4,262.4,262.4,7812,1798.8,5228,19036,2060.2,791.2,13020,0x093FBE65
1873,0,593233,593.233,0,0,OK,4628.2,4619.2,4619.2,4619.2,4619.2,4619.2,4619.2,4619.2,4619.2,0.00,4619.2,4619.2,4619.2,231.76,791.2,1031.6,791.2,4105.6,2406.6,4111.6,4110.6,2406.6,4111.6,527.8,272.4,512.8,5308,2049.2,5128,14028,1559.4,791.2,20532,0xBC56D4DE
1874,0,593334,593.334,0,0,OK,4621.2,4619.2,4619.2,4619.2,4619.2,4619.2,4619.2,4619.2,4619.2,0.00,4619.2,4619.2,4619.2,0.80,1031.6,1031.6,1031.6,2171.2,2407.6,2407.6,2407.6,2407.6,2407.6,528.8,522.8,512.8,7912,2049.2,5128,14028,2050.2,1282.0,20532,0x4C98EF0D
1875,0,593436,593.436,0,0,OK,4628.2,4619.2,4619.2,4619.2,4619.2,4619.2,4619.2,4619.2,4619.2,0.00,4619.2,4619.2,4619.2,232.76,1031.6,791.2,791.2,2171.2,4111.6,4110.6,2406.6,4111.6,4110.6,267.4,262.4,512.8,7712,1808.8,2724,14028,1559.4,1292.0,10356,0x6243668A
1876,0,593538,593.538,0,0,OK,4620.2,4619.2,4619.2,4619.2,4619.2,4619.2,4619.2,4619.2,4619.2,0.00,4619.2,4619.2,4619.2,232.76,1031.6,791.2,1031.6,2171.2,4111.6,2406.6,2407.6,4111.6,2406.6,528.8,522.8,262.4,5308,2049.2,5228,16532,2050.2,1031.6,23236,0xA9445E5B
1877,0,593639,593.639,0,0,OK,4622.2,4619.2,4619.2,4619.2,4619.2,4619.2,4619.2,4619.2,4619.2,0.00,4619.2,4619.2,4619.2,0.80,791.2,1031.6,1031.6,4105.6,2406.6,2407.6,4111.6,2406.6,2407.6,769.2,512.8,522.8,10316,1808.8,2724,13928,2050.2,1041.6,20532,0x91C45467
1878,0,593741,593.741,0,0,OK,4620.2,4619.2,4619.2,4619.2,4619.2,4619.2,4619.2,4619.2,4619.2,0.00,4619.2,4619.2,4619.2,232.76,1031.6,1031.6,1031.6,2171.2,2407.6,2407.6,2407.6,2407.6,2407.6,769.2,522.8,272.4,7712,2049.2,2724,13928,1559.4,1292.0,140,0x9A60420A
1879,0,593842,593.842,0,0,OK,4627.2,4619.2,4619.2,4619.2,4619.2,4619.2,4619.2,4619.2,4619.2,0.00,4619.2,4619.2,4619.2,232.76,791.2,1031.6,1031.6,4105.6,2406.6,2407.6,4111.6,2406.6,2407.6,528.8,272.4,272.4,5308,1558.4,5128,16432,2060.2,791.2,2644,0x22B0E630
1880,0,593944,593.944,0,0,OK,4624.2,4619.2,4619.2,4619.2,4619.2,4619.2,4619.2,4619.2,4619.2,0.00,4619.2,4619.2,4619.2,232.76,1031.6,791.2,1031.6,2171.2,4111.6,2406.6,2407.6,4111.6,2406.6,528.8,512.8,262.4,7812,1808.8,2624,21540,1559.4,1292.0,7852,0xC82A1E7E
1881,0,594046,594.046,0,0,OK,4621.2,4619.2,4619.2,4619.2,4619.2,4619.2,4619.2,4619.2,4619.2,0.00,4619.2,4619.2,4619.2,231.76,791.2,1031.6,1031.6,4105.6,2406.6,2407.6,4111.6,2406.6,2407.6,769.2,512.8,532.8,10316,1558.4,5228,11424,1799.8,1292.0,5148,0xBC0163BC
1882,0,594147,594.147,0,0,OK,4623.2,4619.2,4619.2,4619.2,4619.2,4619.2,4619.2,4619.2,4619.2,0.00,4619.2,4619.2,4619.2,0.80,1031.6,1031.6,1031.6,2171.2,2407.6,2407.6,2407.6,2407.6,2407.6,528.8,532.8,522.8,7712,1798.8,5328,13928,2060.2,1031.6,20632,0x7AD89399
1883,0,594249,594.249,0,0,OK,4624.2,4619.2,4619.2,4619.2,4619.2,4619.2,4619.2,4619.2,4619.2,0.00,4619.2,4619.2,4619.2,231.76,791.2,791.2,1031.6,4105.6,4110.6,2406.6,4111.6,4110.6,2406.6,769.2,512.8,532.8,10316,1558.4,2624,11424,1559.4,791.2,10356,0xA8F9A161
1884,0,594351,594.351,0,0,OK,4622.2,4619.2,4619.2,4619.2,4619.2,4619.2,4619.2,4619.2,4619.2,0.00,4619.2,4619.2,4619.2,232.76,1031.6,1031.6,1031.6,2171.2,2407.6,2407.6,2407.6,2407.6,2407.6,518.8,272.4,512.8,5308,2059.2,5128,16532,1799.8,1292.0,18028,0x349FB76D
1885,0,594452,594.452,0,0,OK,4622.2,4619.2,4619.2,4619.2,4619.2,4619.2,4619.2,4619.2,4619.2,0.00,4619.2,4619.2,4619.2,231.76,1031.6,791.2,1031.6,2171.2,4111.6,2406.6,2407.6,4111.6,2406.6,769.2,512.8,522.8,5308,2059.2,2724,13828,1799.8,1282.0,23136,0x7277D540
1886,0,594554,594.554,0,0,OK,4626.2,4619.2,4619.2,4619.2,4619.2,4619.2,4619.2,4619.2,4619.2,0.00,4619.2,4619.2,4619.2,0.80,1031.6,791.2,1031.6,2171.2,4111.6,2406.6,2407.6,4111.6,2406.6,268.4,512.8,522.8,5308,1798.8,2624,14028,2050.2,1041.6,15524,0xE2932638
1887,0,594656,594.656,0,0,OK,4624.2,4619.2,4619.2,4619.2,4619.2,4619.2,4619.2,4619.2,4619.2,0.00,4619.2,4619.2,4619.2,0.80,791.2,791.2,1031.6,4105.6,4110.6,2406.6,4111.6,4110.6,2406.6,268.4,512.8,512.8,7712,2059.2,2724,16632,2050.2,1041.6,10356,0xF1A196CB
1888,0,594757,594.757,0,0,OK,4625.2,4619.2,4619.2,4619.2,4619.2,4619.2,4619.2,4619.2,4619.2,0.00,4619.2,4619.2,4619.2,232.76,1031.6,1031.6,1031.6,2171.2,2407.6,2407.6,2407.6,2407.6,2407.6,268.4,262.4,532.8,10316,1558.4,5128,11424,2050.2,1282.0,12820,0x280835E9
1889,0,594859,594.859,0,0,OK,4623.2,4619.2,4619.2,4619.2,4619.2,4619.2,4619.2,4619.2,4619.2,0.00,4619.2,4619.2,4619.2,231.76,1031.6,791.2,791.2,2171.2,4111.6,4110.6,2406.6,4111.6,4110.6,277.4,512.8,272.4,7812,1808.8,5328,11424,2060.2,1282.0,10416,0x68652C6B
1890,0,594961,594.961,0,0,OK,4624.2,4619.2,4619.2,4619.2,4619.2,4619.2,4619.2,4619.2,4619.2,0.00,4619.2,4619.2,4619.2,0.80,791.2,791.2,791.2,4105.6,4110.6,4110.6,4110.6,4110.6,4110.6,267.4,272.4,532.8,10316,1808.8,2624,16532,1809.8,1041.6,23236,0x292FC971
1891,0,595062,595.062,0,0,OK,4621.2,4619.2,4619.2,4619.2,4619.2,4619.2,4619.2,4619.2,4619.2,0.00,4619.2,4619.2,4619.2,232.76,791.2,791.2,1031.6,4105.6,4110.6,2406.6,4111.6,4110.6,2406.6,518.8,512.8,262.4,7712,1798.8,5328,16432,1559.4,1041.6,23236,0xD95E935D
1892,0,595164,595.164,0,0,OK,4624.2,4619.2,4619.2,4619.2,4619.2,4619.2,4619.2,4619.2,4619.2,0.00,4619.2,4619.2,4619.2,0.80,791.2,1031.6,1031.6,4105.6,2406.6,2407.6,4111.6,2406.6,2407.6,518.8,522.8,262.4,7912,2049.2,2724,11424,1559.4,1282.0,23136,0x90BCFF2E
1893,0,595265,595.265,0,0,OK,4626.2,4619.2,4619.2,4619.2,4619.2,4619.2,4619.2,4619.2,4619.2,0.00,4619.2,4619.2,4619.2,232.76,1031.6,791.2,1031.6,2171.2,4111.6,2406.6,2407.6,4111.6,2406.6,268.4,522.8,262.4,10316,1558.4,5228,14028,1799.8,1031.6,20532,0x9C4692F1
1894,0,595367,595.367,0,0,OK,4620.2,4619.2,4619.2,4619.2,4619.2,4619.2,4619.2,4619.2,4619.2,0.00,4619.2,4619.2,4619.2,232.76,1031.6,791.2,1031.6,2171.2,4111.6,2406.6,2407.6,4111.6,2406.6,278.4,532.8,512.8,7812,2049.2,2624,13828,1809.8,1292.0,10456,0xDB71B271
1895,0,595469,595.469,0,0,OK,4620.2,4619.2,4619.2,4619.2,4619.2,4619.2,4619.2,4619.2,4619.2,0.00,4619.2,4619.2,4619.2,231.76,1031.6,791.2,1031.6,2171.2,4111.6,2406.6,2407.6,4111.6,2406.6,769.2,532.8,262.4,7812,1798.8,2724,13828,2050.2,1041.6,18028,0x6E47322F
1896,0,595570,595.570,0,0,OK,4619.2,4619.2,4619.2,4619.2,4619.2,4619.2,4619.2,4619.2,4619.2,0.00,4619.2,4619.2,4619.2,232.76,1031.6,791.2,1031.6,2171.2,4111.6,2406.6,2407.6,4111.6,2406.6,518.8,532.8,272.4,7912,1808.8,5228,21540,1559.4,1031.6,12920,0xB6D73A16
1897,0,595672,595.672,0,0,OK,4621.2,4619.2,4619.2,4619.2,4619.2,4619.2,4619.2,4619.2,4619.2,0.00,4619.2,4619.2,4619.2,0.80,1031.6,1031.6,791.2,2171.2,2407.6,4111.6,2406.6,2407.6,4111.6,527.8,532.8,272.4,7712,1558.4,5128,16432,1809.8,1282.0,10256,0xB92BAF48
1898,0,595774,595.774,0,0,OK,4619.2,4619.2,4619.2,4619.2,4619.2,4619.2,4619.2,4619.2,4619.2,0.00,4619.2,4619.2,4619.2,0.80,1031.6,791.2,791.2,2171.2,4111.6,4110.6,2406.6,4111.6,4110.6,267.4,272.4,522.8,10316,1558.4,2724,21540,1559.4,1031.6,10256,0x2556F5D5
1899,0,595875,595.875,0,0,OK,4620.2,4619.2,4619.2,4619.2,4619.2,4619.2,4619.2,4619.2,4619.2,0.00,4619.2,4619.2,4619.2,232.76,791.2,1031.6,791.2,4105.6,2406.6,4111.6,4110.6,2406.6,4111.6,517.8,272.4,272.4,10316,1798.8,5128,14028,1799.8,1041.6,20632,0x5646E8C3
1900,0,595977,595.977,0,0,OK,4627.2,4619.2,4619.2,4619.2,4619.2,4619.2,4619.2,4619.2,4619.2,0.00,4619.2,4619.2,4619.2,231.76,1031.6,791.2,791.2,2171.2,4111.6,4110.6,2406.6,4111.6,4110.6,517.8,272.4,532.8,10316,2049.2,5328,16432,1799.8,1292.0,7912,0x7DD709B2
1901,0,596079,596.079,0,0,OK,4622.2,4619.2,4619.2,4619.2,4619.2,4619.2,4619.2,4619.2,4619.2,0.00,4619.2,4619.2,4619.2,231.76,791.2,791.2,1031.6,4105.6,4110.6,2406.6,4111.6,4110.6,2406.6,278.4,512.8,532.8,7912,2059.2,5328,13828,1559.4,791.2,5348,0x407823E8
1902,0,596180,596.180,0,0,OK,4626.2,4619.2,4619.2,4619.2,4619.2,4619.2,4619.2,4619.2,4619.2,0.00,4619.2,4619.2,4619.2,232.76,1031.6,1031.6,791.2,2171.2,2407.6,4111.6,2406.6,2407.6,4111.6,527.8,272.4,272.4,5308,2049.2,5228,16532,1809.8,1031.6,18028,0x8DC25668
1903,0,596282,596.282,0,0,OK,4625.2,4619.2,4619.2,4619.2,4619.2,4619.2,4619.2,4619.2,4619.2,0.00,4619.2,4619.2,4619.2,0.80,1031.6,1031.6,1031.6,2171.2,2407.6,2407.6,2407.6,2407.6,2407.6,528.8,272.4,532.8,7712,2049.2,5128,13828,1809.8,791.2,5348,0x6FD9DB73
1904,0,596384,596.384,0,0,OK,4623.2,4619.2,4619.2,4619.2,4619.2,4619.2,4619.2,4619.2,4619.2,0.00,4619.2,4619.2,4619.2,231.76,1031.6,791.2,1031.6,2171.2,4111.6,2406.6,2407.6,4111.6,2406.6,528.8,262.4,532.8,10316,1798.8,2624,16532,1799.8,791.2,5148,0x3FDF66FA
1905,0,596485,596.485,0,0,OK,4625.2,4619.2,4619.2,4619.2,4619.2,4619.2,4619.2,4619.2,4619.2,0.00,4619.2,4619.2,4619.2,232.76,791.2,791.2,791.2,4105.6,4110.6,4110.6,4110.6,4110.6,4110.6,768.2,272.4,262.4,7912,1798.8,2624,16532,2050.2,1292.0,10456,0xB78417AB
1906,0,596587,596.587,0,0,OK,4623.2,4619.2,4619.2,4619.2,4619.2,4619.2,4619.2,4619.2,4619.2,0.00,4619.2,4619.2,4619.2,231.76,791.2,791.2,791.2,4105.6,4110.6,4110.6,4110.6,4110.6,4110.6,277.4,272.4,512.8,7712,1558.4,5128,19036,1809.8,791.2,140,0x8448D12B
1907,0,596688,596.688,0,0,OK,4621.2,4619.2,4619.2,4619.2,4619.2,4619.2,4619.2,4619.2,4619.2,0.00,4619.2,4619.2,4619.2,231.76,791.2,791.2,791.2,4105.6,4110.6,4110.6,4110.6,4110.6,4110.6,527.8,522.8,512.8,10316,1798.8,5128,13828,1809.8,1292.0,13020,0x509A6E5B
1908,0,596790,596.790,0,0,OK,4622.2,4619.2,4619.2,4619.2,4619.2,4619.2,4619.2,4619.2,4619.2,0.00,4619.2,4619.2,4619.2,232.76,1031.6,1031.6,1031.6,2171.2,2407.6,2407.6,2407.6,2407.6,2407.6,528.8,272.4,262.4,10316,2059.2,5228,11424,2060.2,1292.0,40,0x4D834A6A
1909,0,596892,596.892,0,0,OK,4620.2,4619.2,4619.2,4619.2,4619.2,4619.2,4619.2,4619.2,4619.2,0.00,4619.2,4619.2,4619.2,232.76,1031.6,1031.6,791.2,2171.2,2407.6,4111.6,2406.6,2407.6,4111.6,768.2,532.8,512.8,7912,1558.4,5128,16632,2050.2,1292.0,12920,0x1C9EF6FE
1910,0,596993,596.993,0,0,OK,4621.2,4619.2,4619.2,4619.2,4619.2,4619.2,4619.2,4619.2,4619.2,0.00,4619.2,4619.2,4619.2,232.76,791.2,1031.6,791.2,4105.6,2406.6,4111.6,4110.6,2406.6,4111.6,527.8,532.8,262.4,10316,2049.2,5328,16432,2060.2,1292.0,5148,0xA5BD1E9B
1911,0,597095,597.095,0,0,OK,4628.2,4619.2,4619.2,4619.2,4619.2,4619.2,4619.2,4619.2,4619.2,0.00,4619.2,4619.2,4619.2,232.76,1031.6,1031.6,791.2,2171.2,2407.6,4111.6,2406.6,2407.6,4111.6,267.4,272.4,262.4,7912,2049.2,5328,16532,1559.4,1031.6,20532,0xB4C60831
1912,0,597196,597.196,0,0,OK,4622.2,4619.2,4619.2,4619.2,4619.2,4619.2,4619.2,4619.2,4619.2,0.00,4619.2,4619.2,4619.2,0.80,1031.6,791.2,791.2,2171.2,4111.6,4110.6,2406.6,4111.6,4110.6,517.8,512.8,262.4,7912,2059.2,5228,14028,1809.8,1282.0,5148,0xEE226770
1913,0,597298,597.298,0,0,OK,4627.2,4619.2,4619.2,4619.2,4619.2,4619.2,4619.2,4619.2,4619.2,0.00,4619.2,4619.2,4619.2,232.76,1031.6,791.2,1031.6,2171.2,4111.6,2406.6,2407.6,4111.6,2406.6,278.4,272.4,512.8,7912,1558.4,5328,16532,1809.8,1031.6,23236,0xF215DD5D
1914,0,597400,597.400,0,0,OK,4620.2,4619.2,4619.2,4619.2,4619.2,4619.2,4619.2,4619.2,4619.2,0.00,4619.2,4619.2,4619.2,231.76,1031.6,791.2,1031.6,2171.2,4111.6,2406.6,2407.6,4111.6,2406.6,528.8,512.8,532.8,10316,1558.4,2624,16532,2050.2,791.2,2744,0x094F1C63
1915,0,597501,597.501,0,0,OK,4626.2,4619.2,4619.2,4619.2,4619.2,4619.2,4619.2,4619.2,4619.2,0.00,4619.2,4619.2,4619.2,0.80,791.2,791.2,791.2,4105.6,4110.6,4110.6,4110.6,4110.6,4110.6,277.4,532.8,522.8,5308,2059.2,2724,13928,1809.8,1031.6,7912,0x44BF56F0
1916,0,597603,597.603,0,0,OK,4623.2,4619.2,4619.2,4619.2,4619.2,4619.2,4619.2,4619.2,4619.2,0.00,4619.2,4619.2,4619.2,231.76,1031.6,1031.6,791.2,2171.2,2407.6,4111.6,2406.6,2407.6,4111.6,517.8,262.4,272.4,7812,1808.8,5128,13828,1799.8,1041.6,20532,0x7EC84DDC
1917,0,597705,597.705,0,0,OK,4628.2,4619.2,4619.2,4619.2,4619.2,4619.2,4619.2,4619.2,4619.2,0.00,4619.2,4619.2,4619.2,232.76,1031.6,1031.6,791.2,2171.2,2407.6,4111.6,2406.6,2407.6,4111.6,517.8,512.8,522.8,7812,2049.2,2724,11424,1799.8,1031.6,18028,0xFC372A5E
1918,0,597806,597.806,0,0,OK,4619.2,4619.2,4619.2,4619.2,4619.2,4619.2,4619.2,4619.2,4619.2,0.00,4619.2,4619.2,4619.2,232.76,791.2,791.2,791.2,4105.6,4110.6,4110.6,4110.6,4110.6,4110.6,517.8,532.8,272.4,10316,2059.2,5328,14028,2050.2,1041.6,20732,0x9EEDC827
1919,0,597908,597.908,0,0,OK,4619.2,4619.2,4619.2,4619.2,4619.2,4619.2,4619.2,4619.2,4619.2,0.00,4619.2,4619.2,4619.2,232.76,1031.6,791.2,1031.6,2171.2,4111.6,2406.6,2407.6,4111.6,2406.6,268.4,512.8,512.8,10316,1798.8,5228,16532,2050.2,1292.0,20532,0x69299C5B
1920,0,598010,598.010,0,0,OK,4621.2,4619.2,4619.2,4619.2,4619.2,4619.2,4619.2,4619.2,4619.2,0.00,4619.2,4619.2,4619.2,232.76,791.2,1031.6,791.2,4105.6,2406.6,4111.6,4110.6,2406.6,4111.6,277.4,532.8,532.8,10316,1808.8,2624,13928,1799.8,791.2,20632,0xDA092D0B
1921,0,598111,598.111,0,0,OK,4625.2,4619.2,4619.2,4619.2,4619.2,4619.2,4619.2,4619.2,4619.2,0.00,4619.2,4619.2,4619.2,232.76,1031.6,1031.6,1031.6,2171.2,2407.6,2407.6,2407.6,2407.6,2407.6,278.4,532.8,272.4,5308,1558.4,2724,21540,1559.4,1292.0,10316,0xEFDF0BCD
1922,0,598213,598.213,0,0,OK,4619.2,4619.2,4619.2,4619.2,4619.2,4619.2,4619.2,4619.2,4619.2,0.00,4619.2,4619.2,4619.2,0.80,1031.6,791.2,791.2,2171.2,4111.6,4110.6,2406.6,4111.6,4110.6,768.2,262.4,272.4,7912,1558.4,2724,16632,2060.2,1041.6,13020,0xDF0AD7DC
1923,0,598315,598.315,0,0,OK,4625.2,4619.2,4619.2,4619.2,4619.2,4619.2,4619.2,4619.2,4619.2,0.00,4619.2,4619.2,4619.2,231.76,1031.6,791.2,791.2,2171.2,4111.6,4110.6,2406.6,4111.6,4110.6,517.8,512.8,532.8,7912,2059.2,5128,19036,1559.4,1031.6,5148,0x2D03EC51
1924,0,598416,598.416,0,0,OK,4623.2,4619.2,4619.2,4619.2,4619.2,4619.2,4619.2,4619.2,4619.2,0.00,4619.2,4619.2,4619.2,231.76,1031.6,1031.6,1031.6,2171.2,2407.6,2407.6,2407.6,2407.6,2407.6,769.2,522.8,262.4,7712,1808.8,2624,16632,1559.4,1031.6,5348,0x4374C258
1925,0,598518,598.518,0,0,OK,4620.2,4619.2,4619.2,4619.2,4619.2,4619.2,4619.2,4619.2,4619.2,0.00,4619.2,4619.2,4619.2,231.76,791.2,791.2,791.2,4105.6,4110.6,4110.6,4110.6,4110.6,4110.6,277.4,262.4,522.8,5308,1798.8,5128,21540,1809.8,1292.0,7852,0x87B38E06
1926,0,598619,598.619,0,0,OK,4628.2,4619.2,4619.2,4619.2,4619.2,4619.2,4619.2,4619.2,4619.2,0.00,4619.2,4619.2,4619.2,231.76,791.2,1031.6,1031.6,4105.6,2406.6,2407.6,4111.6,2406.6,2407.6,518.8,522.8,262.4,10316,2049.2,2624,11424,1559.4,1292.0,10316,0x94CE62A5
1927,0,598721,598.721,0,0,OK,4626.2,4619.2,4619.2,4619.2,4619.2,4619.2,4619.2,4619.2,4619.2,0.00,4619.2,4619.2,4619.2,231.76,791.2,791.2,791.2,4105.6,4110.6,4110.6,4110.6,4110.6,4110.6,517.8,532.8,522.8,5308,1558.4,5328,14028,1809.8,1292.0,15424,0x5200CF6F
1928,0,598823,598.823,0,0,OK,4619.2,4619.2,4619.2,4619.2,4619.2,4619.2,4619.2,4619.2,4619.2,0.00,4619.2,4619.2,4619.2,231.76,1031.6,791.2,791.2,2171.2,4111.6,4110.6,2406.6,4111.6,4110.6,768.2,522.8,532.8,7812,2059.2,5128,19036,1559.4,1292.0,10256,0x86DC8BAA
1929,0,598924,598.924,0,0,OK,4619.2,4619.2,4619.2,4619.2,4619.2,4619.2,4619.2,4619.2,4619.2,0.00,4619.2,4619.2,4619.2,231.76,1031.6,791.2,1031.6,2171.2,4111.6,2406.6,2407.6,4111.6,2406.6,528.8,262.4,512.8,5308,1798.8,5228,19036,2050.2,1031.6,17928,0x72EE615F
1930,0,599026,599.026,0,0,OK,4627.2,4619.2,4619.2,4619.2,4619.2,4619.2,4619.2,4619.2,4619.2,0.00,4619.2,4619.2,4619.2,232.76,791.2,1031.6,791.2,4105.6,2406.6,4111.6,4110.6,2406.6,4111.6,527.8,512.8,522.8,7812,1558.4,2724,19036,1799.8,1292.0,7752,0x17738E68
1931,0,599128,599.128,0,0,OK,4622.2,4619.2,4619.2,4619.2,4619.2,4619.2,4619.2,4619.2,4619.2,0.00,4619.2,4619.2,4619.2,231.76,791.2,791.2,1031.6,4105.6,4110.6,2406.6,4111.6,4110.6,2406.6,528.8,262.4,532.8,10316,1808.8,2624,19036,1559.4,791.2,2744,0x9CBACC03
1932,0,599229,599.229,0,0,OK,4625.2,4619.2,4619.2,4619.2,4619.2,4619.2,4619.2,4619.2,4619.2,0.00,4619.2,4619.2,4619.2,232.76,791.2,1031.6,791.2,4105.6,2406.6,4111.6,4110.6,2406.6,4111.6,768.2,272.4,532.8,7812,1808.8,5128,19136,2060.2,1041.6,20632,0x5E074627
1933,0,599331,599.331,0,0,OK,4619.2,4619.2,4619.2,4619.2,4619.2,4619.2,4619.2,4619.2,4619.2,0.00,4619.2,4619.2,4619.2,231.76,1031.6,791.2,1031.6,2171.2,4111.6,2406.6,2407.6,4111.6,2406.6,769.2,522.8,262.4,7712,1558.4,5328,16532,2050.2,1282.0,20632,0x42DF3845
1934,0,599433,599.433,0,0,OK,4624.2,4619.2,4619.2,4619.2,4619.2,4619.2,4619.2,4619.2,4619.2,0.00,4619.2,4619.2,4619.2,231.76,1031.6,1031.6,791.2,2171.2,2407.6,4111.6,2406.6,2407.6,4111.6,277.4,532.8,262.4,10316,2059.2,2724,19136,1799.8,1292.0,7752,0x8ED42DC2
1935,0,599534,599.534,0,0,OK,4621.2,4619.2,4619.2,4619.2,4619.2,4619.2,4619.2,4619.2,4619.2,0.00,4619.2,4619.2,4619.2,231.76,791.2,791.2,1031.6,4105.6,4110.6,2406.6,4111.6,4110.6,2406.6,268.4,512.8,522.8,7712,1798.8,5128,14028,2050.2,1041.6,40,0x8B919147
1936,0,599636,599.636,0,0,OK,4626.2,4619.2,4619.2,4619.2,4619.2,4619.2,4619.2,4619.2,4619.2,0.00,4619.2,4619.2,4619.2,0.80,791.2,791.2,1031.6,4105.6,4110.6,2406.6,4111.6,4110.6,2406.6,278.4,522.8,262.4,7912,1808.8,5128,13928,1799.8,1292.0,20532,0x917810A4
1937,0,599737,599.737,0,0,OK,4619.2,4619.2,4619.2,4619.2,4619.2,4619.2,4619.2,4619.2,4619.2,0.00,4619.2,4619.2,4619.2,0.80,1031.6,791.2,791.2,2171.2,4111.6,4110.6,2406.6,4111.6,4110.6,517.8,512.8,532.8,7712,1808.8,2624,11424,1559.4,1031.6,40,0x86AFD88B
1938,0,599839,599.839,0,0,OK,4620.2,4619.2,4619.2,4619.2,4619.2,4619.2,4619.2,4619.2,4619.2,0.00,4619.2,4619.2,4619.2,0.80,1031.6,1031.6,791.2,2171.2,2407.6,4111.6,2406.6,2407.6,4111.6,277.4,272.4,522.8,7712,1808.8,5128,16632,1799.8,1041.6,20732,0x3AB78E65
1939,0,599941,599.941,0,0,OK,4624.2,4619.2,4619.2,4619.2,4619.2,4619.2,4619.2,4619.2,4619.2,0.00,4619.2,4619.2,4619.2,232.76,791.2,1031.6,1031.6,4105.6,2406.6,2407.6,4111.6,2406.6,2407.6,278.4,522.8,532.8,5308,1558.4,5328,11424,2050.2,1292.0,12860,0x7657CC0C
1940,0,600042,600.042,0,0,OK,4619.2,4619.2,4619.2,4619.2,4619.2,4619.2,4619.2,4619.2,4619.2,0.00,4619.2,4619.2,4619.2,0.80,1031.6,1031.6,791.2,2171.2,2407.6,4111.6,2406.6,2407.6,4111.6,277.4,262.4,262.4,7912,1808.8,5328,16432,1799.8,1282.0,15524,0x2176A7F9
1941,0,600144,600.144,0,0,OK,4625.2,4619.2,4619.2,4619.2,4619.2,4619.2,4619.2,4619.2,4619.2,0.00,4619.2,4619.2,4619.2,231.76,791.2,791.2,1031.6,4105.6,4110.6,2406.6,4111.6,4110.6,2406.6,518.8,272.4,262.4,5308,2059.2,5128,16432,1559.4,1282.0,15524,0xB44D9137
1942,0,600246,600.246,0,0,OK,4623.2,4619.2,4619.2,4619.2,4619.2,4619.2,4619.2,4619.2,4619.2,0.00,4619.2,4619.2,4619.2,232.76,1031.6,1031.6,791.2,2171.2,2407.6,4111.6,2406.6,2407.6,4111.6,527.8,532.8,522.8,10316,2049.2,5328,16432,2060.2,1282.0,10256,0x1DD47A65
1943,0,600347,600.347,0,0,OK,4627.2,4619.2,4619.2,4619.2,4619.2,4619.2,4619.2,4619.2,4619.2,0.00,4619.2,4619.2,4619.2,231.76,791.2,1031.6,791.2,4105.6,2406.6,4111.6,4110.6,2406.6,4111.6,277.4,272.4,532.8,10316,2049.2,5128,16432,1559.4,1292.0,23136,0xA446CE35
1944,0,600449,600.449,0,0,OK,4620.2,4619.2,4619.2,4619.2,4619.2,4619.2,4619.2,4619.2,4619.2,0.00,4619.2,4619.2,4619.2,0.80,791.2,791.2,791.2,4105.6,4110.6,4110.6,4110.6,4110.6,4110.6,267.4,532.8,512.8,10316,2049.2,5328,11424,1559.4,1041.6,5348,0x326C189E
1945,0,600550,600.550,0,0,OK,4620.2,4619.2,4619.2,4619.2,4619.2,4619.2,4619.2,4619.2,4619.2,0.00,4619.2,4619.2,4619.2,0.80,791.2,1031.6,791.2,4105.6,2406.6,4111.6,4110.6,2406.6,4111.6,267.4,262.4,522.8,7812,2059.2,5228,13928,2060.2,1031.6,5148,0x2FEDF04F
1946,0,600652,600.652,0,0,OK,4625.2,4619.2,4619.2,4619.2,4619.2,4619.2,4619.2,4619.2,4619.2,0.00,4619.2,4619.2,4619.2,232.76,791.2,791.2,1031.6,4105.6,4110.6,2406.6,4111.6,4110.6,2406.6,278.4,272.4,272.4,7712,1808.8,2724,16432,2050.2,791.2,20532,0xF291C246
1947,0,600754,600.754,0,0,OK,4619.2,4619.2,4619.2,4619.2,4619.2,4619.2,4619.2,4619.2,4619.2,0.00,4619.2,4619.2,4619.2,232.76,791.2,1031.6,1031.6,4105.6,2406.6,2407.6,4111.6,2406.6,2407.6,268.4,522.8,262.4,5308,1798.8,5328,16432,2060.2,1282.0,12920,0xF83DF4F7
1948,0,600855,600.855,0,0,OK,4628.2,4619.2,4619.2,4619.2,4619.2,4619.2,4619.2,4619.2,4619.2,0.00,4619.2,4619.2,4619.2,231.76,1031.6,1031.6,1031.6,2171.2,2407.6,2407.6,2407.6,2407.6,2407.6,278.4,272.4,272.4,7712,1808.8,5328,19136,1809.8,1041.6,20632,0xEBFAEB5D
1949,0,600957,600.957,0,0,OK,4625.2,4619.2,4619.2,4619.2,4619.2,4619.2,4619.2,4619.2,4619.2,0.00,4619.2,4619.2,4619.2,231.76,1031.6,791.2,1031.6,2171.2,4111.6,2406.6,2407.6,4111.6,2406.6,769.2,512.8,512.8,7812,2059.2,2624,14028,1559.4,1282.0,10356,0x137D676C
1950,0,601059,601.059,0,0,OK,4627.2,4619.2,4619.2,4619.2,4619.2,4619.2,4619.2,4619.2,4619.2,0.00,4619.2,4619.2,4619.2,0.80,1031.6,1031.6,791.2,2171.2,2407.6,4111.6,2406.6,2407.6,4111.6,517.8,262.4,262.4,7912,1808.8,5228,16532,1799.8,1041.6,12860,0x886F6576
1951,0,601160,601.160,0,0,OK,4623.2,4619.2,4619.2,4619.2,4619.2,4619.2,4619.2,4619.2,4619.2,0.00,4619.2,4619.2,4619.2,232.76,1031.6,1031.6,1031.6,2171.2,2407.6,2407.6,2407.6,2407.6,2407.6,528.8,512.8,272.4,7812,1798.8,2624,19136,1799.8,1292.0,15524,0xA988141F
1952,0,601262,601.262,0,0,OK,4622.2,4619.2,4619.2,4619.2,4619.2,4619.2,4619.2,4619.2,4619.2,0.00,4619.2,4619.2,4619.2,232.76,791.2,791.2,791.2,4105.6,4110.6,4110.6,4110.6,4110.6,4110.6,517.8,522.8,272.4,10316,2049.2,2624,11424,2060.2,1041.6,7912,0x518D9424
1953,0,601363,601.363,0,0,OK,4625.2,4619.2,4619.2,4619.2,4619.2,4619.2,4619.2,4619.2,4619.2,0.00,4619.2,4619.2,4619.2,232.76,1031.6,1031.6,1031.6,2171.2,2407.6,2407.6,2407.6,2407.6,2407.6,278.4,262.4,522.8,10316,2059.2,2724,16632,1559.4,1282.0,15524,0x6C8363F8
1954,0,601465,601.465,0,0,OK,4623.2,4619.2,4619.2,4619.2,4619.2,4619.2,4619.2,4619.2,4619.2,0.00,4619.2,4619.2,4619.2,0.80,791.2,791.2,791.2,4105.6,4110.6,4110.6,4110.6,4110.6,4110.6,277.4,532.8,262.4,10316,1808.8,2624,14028,1799.8,1282.0,7912,0x1E6AA2B6
1955,0,601567,601.567,0,0,OK,4621.2,4619.2,4619.2,4619.2,4619.2,4619.2,4619.2,4619.2,4619.2,0.00,4619.2,4619.2,4619.2,0.80,1031.6,1031.6,1031.6,2171.2,2407.6,2407.6,2407.6,2407.6,2407.6,268.4,532.8,262.4,10316,1558.4,5328,13828,2050.2,791.2,23236,0x05F31AB9
1956,0,601668,601.668,0,0,OK,4619.2,4619.2,4619.2,4619.2,4619.2,4619.2,4619.2,4619.2,4619.2,0.00,4619.2,4619.2,4619.2,232.76,791.2,791.2,1031.6,4105.6,4110.6,2406.6,4111.6,4110.6,2406.6,278.4,272.4,532.8,7812,2059.2,2724,19136,1809.8,1282.0,23236,0x3265A125
1957,0,601770,601.770,0,0,OK,4627.2,4619.2,4619.2,4619.2,4619.2,4619.2,4619.2,4619.2,4619.2,0.00,4619.2,4619.2,4619.2,231.76,791.2,791.2,791.2,4105.6,4110.6,4110.6,4110.6,4110.6,4110.6,267.4,262.4,522.8,7712,1558.4,5228,16632,2050.2,1292.0,17928,0xCD216774
1958,0,601871,601.871,0,0,OK,4626.2,4619.2,4619.2,4619.2,4619.2,4619.2,4619.2,4619.2,4619.2,0.00,4619.2,4619.2,4619.2,0.80,1031.6,1031.6,1031.6,2171.2,2407.6,2407.6,2407.6,2407.6,2407.6,528.8,262.4,522.8,10316,1558.4,2724,13828,1559.4,1041.6,7912,0x23A4DA5D
1959,0,601973,601.973,0,0,OK,4624.2,4619.2,4619.2,4619.2,4619.2,4619.2,4619.2,4619.2,4619.2,0.00,4619.2,4619.2,4619.2,231.76,791.2,791.2,791.2,4105.6,4110.6,4110.6,4110.6,4110.6,4110.6,277.4,512.8,512.8,7712,2059.2,2624,14028,2060.2,1292.0,12860,0x2B09EAFD
1960,0,602075,602.075,0,0,OK,4625.2,4619.2,4619.2,4619.2,4619.2,4619.2,4619.2,4619.2,4619.2,0.00,4619.2,4619.2,4619.2,231.76,791.2,1031.6,791.2,4105.6,2406.6,4111.6,4110.6,2406.6,4111.6,277.4,522.8,512.8,7712,2059.2,2624,21540,1809.8,1031.6,13020,0x1A64E8DD
1961,0,602176,602.176,0,0,OK,4619.2,4619.2,4619.2,4619.2,4619.2,4619.2,4619.2,4619.2,4619.2,0.00,4619.2,4619.2,4619.2,0.80,791.2,1031.6,791.2,4105.6,2406.6,4111.6,4110.6,2406.6,4111.6,517.8,532.8,262.4,7912,2049.2,2624,16632,1809.8,1041.6,240,0x5EC4A1DA
1962,0,602278,602.278,0,0,OK,4624.2,4619.2,4619.2,4619.2,4619.2,4619.2,4619.2,4619.2,4619.2,0.00,4619.2,4619.2,4619.2,0.80,791.2,1031.6,1031.6,4105.6,2406.6,2407.6,4111.6,2406.6,2407.6,769.2,512.8,512.8,7712,2049.2,2724,14028,1809.8,1041.6,17928,0xD1CE7496
1963,0,602379,602.379,0,0,OK,4626.2,4619.2,4619.2,4619.2,4619.2,4619.2,4619.2,4619.2,4619.2,0.00,4619.2,4619.2,4619.2,0.80,1031.6,791.2,791.2,2171.2,4111.6,4110.6,2406.6,4111.6,4110.6,517.8,272.4,262.4,5308,1808.8,2724,19136,1559.4,1031.6,23136,0x8EC7316F
1964,0,602481,602.481,0,0,OK,4620.2,4619.2,4619.2,4619.2,4619.2,4619.2,4619.2,4619.2,4619.2,0.00,4619.2,4619.2,4619.2,232.76,791.2,791.2,791.2,4105.6,4110.6,4110.6,4110.6,4110.6,4110.6,267.4,532.8,512.8,7712,1808.8,2624,16632,1799.8,1282.0,20732,0xAF19E1DD
1965,0,602583,602.583,0,0,OK,4625.2,4619.2,4619.2,4619.2,4619.2,4619.2,4619.2,4619.2,4619.2,0.00,4619.2,4619.2,4619.2,0.80,1031.6,791.2,1031.6,2171.2,4111.6,2406.6,2407.6,4111.6,2406.6,769.2,522.8,512.8,10316,1798.8,2624,16432,2050.2,791.2,13020,0xDF7BE53C
1966,0,602684,602.684,0,0,OK,4624.2,4619.2,4619.2,4619.2,4619.2,4619.2,4619.2,4619.2,4619.2,0.00,4619.2,4619.2,4619.2,0.80,1031.6,1031.6,1031.6,2171.2,2407.6,2407.6,2407.6,2407.6,2407.6,518.8,272.4,512.8,7712,1798.8,5328,16632,1809.8,1041.6,5348,0x67BE3C0E
1967,0,602786,602.786,0,0,OK,4622.2,4619.2,4619.2,4619.2,4619.2,4619.2,4619.2,4619.2,4619.2,0.00,4619.2,4619.2,4619.2,0.80,1031.6,1031.6,791.2,2171.2,2407.6,4111.6,2406.6,2407.6,4111.6,517.8,532.8,522.8,7812,1798.8,5128,19036,1559.4,1282.0,10256,0xDF0A6A37
1968,0,602887,602.887,0,0,OK,4626.2,4619.2,4619.2,4619.2,4619.2,4619.2,4619.2,4619.2,4619.2,0.00,4619.2,4619.2,4619.2,0.80,791.2,1031.6,791.2,4105.6,2406.6,4111.6,4110.6,2406.6,4111.6,527.8,522.8,272.4,7712,1798.8,5128,16632,1809.8,1031.6,5348,0x63396639
1969,0,602989,602.989,0,0,OK,4623.2,4619.2,4619.2,4619.2,4619.2,4619.2,4619.2,4619.2,4619.2,0.00,4619.2,4619.2,4619.2,231.76,791.2,1031.6,1031.6,4105.6,2406.6,2407.6,4111.6,2406.6,2407.6,268.4,532.8,532.8,7912,1808.8,2624,13828,1809.8,1292.0,15524,0x42BE9A20
1970,0,603091,603.091,0,0,OK,4627.2,4619.2,4619.2,4619.2,4619.2,4619.2,4619.2,4619.2,4619.2,0.00,4619.2,4619.2,4619.2,0.80,791.2,1031.6,1031.6,4105.6,2406.6,2407.6,4111.6,2406.6,2407.6,769.2,532.8,512.8,5308,2049.2,5328,16632,2060.2,1041.6,23136,0x6238B621
1971,0,603192,603.192,0,0,OK,4627.2,4619.2,4619.2,4619.2,4619.2,4619.2,4619.2,4619.2,4619.2,0.00,4619.2,4619.2,4619.2,231.76,791.2,1031.6,1031.6,4105.6,2406.6,2407.6,4111.6,2406.6,2407.6,769.2,272.4,272.4,7712,1558.4,5228,11424,2050.2,1041.6,12860,0x7DBB7DB2
1972,0,603294,603.294,0,0,OK,4626.2,4619.2,4619.2,4619.2,4619.2,4619.2,4619.2,4619.2,4619.2,0.00,4619.2,4619.2,4619.2,231.76,1031.6,1031.6,1031.6,2171.2,2407.6,2407.6,2407.6,2407.6,2407.6,278.4,272.4,262.4,7912,1808.8,5228,19136,2050.2,1292.0,17928,0xA890CFE0
1973,0,603395,603.395,0,0,OK,4627.2,4619.2,4619.2,4619.2,4619.2,4619.2,4619.2,4619.2,4619.2,0.00,4619.2,4619.2,4619.2,0.80,791.2,791.2,1031.6,4105.6,4110.6,2406.6,4111.6,4110.6,2406.6,518.8,532.8,522.8,7912,2049.2,5128,16532,2050.2,1031.6,15524,0xD3904210
1974,0,603497,603.497,0,0,OK,4624.2,4619.2,4619.2,4619.2,4619.2,4619.2,4619.2,4619.2,4619.2,0.00,4619.2,4619.2,4619.2,0.80,1031.6,791.2,791.2,2171.2,4111.6,4110.6,2406.6,4111.6,4110.6,517.8,262.4,532.8,10316,1558.4,2624,16632,1809.8,1041.6,10356,0x7BA98F8A
1975,0,603599,603.599,0,0,OK,4620.2,4619.2,4619.2,4619.2,4619.2,4619.2,4619.2,4619.2,4619.2,0.00,4619.2,4619.2,4619.2,232.76,791.2,791.2,791.2,4105.6,4110.6,4110.6,4110.6,4110.6,4110.6,527.8,512.8,512.8,7812,1558.4,2724,19136,1559.4,1282.0,12820,0x270D9EBD
1976,0,603700,603.700,0,0,OK,4627.2,4619.2,4619.2,4619.2,4619.2,4619.2,4619.2,4619.2,4619.2,0.00,4619.2,4619.2,4619.2,231.76,791.2,791.2,1031.6,4105.6,4110.6,2406.6,4111.6,4110.6,2406.6,268.4,512.8,272.4,7812,2059.2,5228,13828,1809.8,1282.0,15424,0x5903D0C4
1977,0,603802,603.802,0,0,OK,4620.2,4619.2,4619.2,4619.2,4619.2,4619.2,4619.2,4619.2,4619.2,0.00,4619.2,4619.2,4619.2,232.76,1031.6,791.2,1031.6,2171.2,4111.6,2406.6,2407.6,4111.6,2406.6,278.4,522.8,532.8,7812,2059.2,2724,16432,1809.8,791.2,15424,0x439220AA
1978,0,603904,603.904,0,0,OK,4628.2,4619.2,4619.2,4619.2,4619.2,4619.2,4619.2,4619.2,4619.2,0.00,4619.2,4619.2,4619.2,231.76,791.2,1031.6,1031.6,4105.6,2406.6,2407.6,4111.6,2406.6,2407.6,528.8,512.8,272.4,7912,1808.8,5328,16432,1799.8,1292.0,20632,0xDF2DA608
1979,0,604005,604.005,0,0,OK,4619.2,4619.2,4619.2,4619.2,4619.2,4619.2,4619.2,4619.2,4619.2,0.00,4619.2,4619.2,4619.2,232.76,1031.6,791.2,1031.6,2171.2,4111.6,2406.6,2407.6,4111.6,2406.6,268.4,512.8,532.8,10316,1808.8,5328,11424,1559.4,1282.0,7912,0xE9D1955D
1980,0,604107,604.107,0,0,OK,4627.2,4619.2,4619.2,4619.2,4619.2,4619.2,4619.2,4619.2,4619.2,0.00,4619.2,4619.2,4619.2,231.76,791.2,791.2,791.2,4105.6,4110.6,4110.6,4110.6,4110.6,4110.6,517.8,532.8,512.8,7712,1558.4,2724,21540,2060.2,1292.0,10456,0x40BD6C67
1981,0,604208,604.208,0,0,OK,4625.2,4619.2,4619.2,4619.2,4619.2,4619.2,4619.2,4619.2,4619.2,0.00,4619.2,4619.2,4619.2,232.76,1031.6,1031.6,791.2,2171.2,2407.6,4111.6,2406.6,2407.6,4111.6,517.8,522.8,272.4,7712,2059.2,2624,16632,1799.8,1031.6,7912,0x29527231
1982,0,604310,604.310,0,0,OK,4624.2,4619.2,4619.2,4619.2,4619.2,4619.2,4619.2,4619.2,4619.2,0.00,4619.2,4619.2,4619.2,232.76,791.2,1031.6,1031.6,4105.6,2406.6,2407.6,4111.6,2406.6,2407.6,769.2,522.8,262.4,7712,1798.8,5128,13928,1799.8,1031.6,12820,0x8090DD06
1983,0,604412,604.412,0,0,OK,4622.2,4619.2,4619.2,4619.2,4619.2,4619.2,4619.2,4619.2,4619.2,0.00,4619.2,4619.2,4619.2,0.80,791.2,1031.6,1031.6,4105.6,2406.6,2407.6,4111.6,2406.6,2407.6,518.8,272.4,272.4,10316,1558.4,5128,19036,2050.2,1292.0,2744,0x3CD9AC63
1984,0,604513,604.513,0,0,OK,4628.2,4619.2,4619.2,4619.2,4619.2,4619.2,4619.2,4619.2,4619.2,0.00,4619.2,4619.2,4619.2,231.76,1031.6,791.2,1031.6,2171.2,4111.6,2406.6,2407.6,4111.6,2406.6,268.4,272.4,532.8,7912,1798.8,2624,16632,2060.2,1031.6,23136,0xE60E6E85
1985,0,604615,604.615,0,0,OK,4622.2,4619.2,4619.2,4619.2,4619.2,4619.2,4619.2,4619.2,4619.2,0.00,4619.2,4619.2,4619.2,231.76,1031.6,791.2,791.2,2171.2,4111.6,4110.6,2406.6,4111.6,4110.6,517.8,262.4,532.8,7712,2059.2,5228,11424,1809.8,791.2,5248,0xCB99FB63
1986,0,604716,604.716,0,0,OK,4620.2,4619.2,4619.2,4619.2,4619.2,4619.2,4619.2,4619.2,4619.2,0.00,4619.2,4619.2,4619.2,232.76,791.2,791.2,791.2,4105.6,4110.6,4110.6,4110.6,4110.6,4110.6,527.8,262.4,262.4,7912,1558.4,5228,13928,2060.2,1282.0,140,0xE3119DFC
1987,0,604818,604.818,0,0,OK,4625.2,4619.2,4619.2,4619.2,4619.2,4619.2,4619.2,4619.2,4619.2,0.00,4619.2,4619.2,4619.2,232.76,1031.6,1031.6,1031.6,2171.2,2407.6,2407.6,2407.6,2407.6,2407.6,268.4,272.4,272.4,10316,1808.8,2624,19036,1809.8,1292.0,20532,0x618C8439
1988,0,604920,604.920,0,0,OK,4628.2,4619.2,4619.2,4619.2,4619.2,4619.2,4619.2,4619.2,4619.2,0.00,4619.2,4619.2,4619.2,0.80,791.2,791.2,791.2,4105.6,4110.6,4110.6,4110.6,4110.6,4110.6,768.2,262.4,262.4,10316,2049.2,5228,16632,2060.2,1282.0,5248,0x66670A57
1989,0,605021,605.021,0,0,OK,4622.2,4619.2,4619.2,4619.2,4619.2,4619.2,4619.2,4619.2,4619.2,0.00,4619.2,4619.2,4619.2,0.80,791.2,791.2,1031.6,4105.6,4110.6,2406.6,4111.6,4110.6,2406.6,769.2,522.8,522.8,10316,2049.2,5128,16432,1799.8,1292.0,5348,0x3DE04C70
1990,0,605123,605.123,0,0,OK,4624.2,4619.2,4619.2,4619.2,4619.2,4619.2,4619.2,4619.2,4619.2,0.00,4619.2,4619.2,4619.2,231.76,1031.6,1031.6,791.2,2171.2,2407.6,4111.6,2406.6,2407.6,4111.6,517.8,272.4,262.4,7812,1558.4,5228,19036,2050.2,1041.6,13020,0x97064017
1991,0,605224,605.224,0,0,OK,4621.2,4619.2,4619.2,4619.2,4619.2,4619.2,4619.2,4619.2,4619.2,0.00,4619.2,4619.2,4619.2,231.76,1031.6,1031.6,791.2,2171.2,2407.6,4111.6,2406.6,2407.6,4111.6,768.2,262.4,522.8,7712,1798.8,5228,14028,1799.8,1031.6,17928,0x77F4A74E
1992,0,605326,605.326,0,0,OK,4624.2,4619.2,4619.2,4619.2,4619.2,4619.2,4619.2,4619.2,4619.2,0.00,4619.2,4619.2,4619.2,232.76,791.2,1031.6,791.2,4105.6,2406.6,4111.6,4110.6,2406.6,4111.6,277.4,262.4,262.4,5308,2059.2,5128,21540,1809.8,1031.6,15524,0x2F124968
1993,0,605428,605.428,0,0,OK,4619.2,4619.2,4619.2,4619.2,4619.2,4619.2,4619.2,4619.2,4619.2,0.00,4619.2,4619.2,4619.2,0.80,1031.6,1031.6,791.2,2171.2,2407.6,4111.6,2406.6,2407.6,4111.6,277.4,512.8,272.4,7812,2049.2,5128,13928,1809.8,1031.6,10356,0x53CEA055
1994,0,605529,605.529,0,0,OK,4626.2,4619.2,4619.2,4619.2,4619.2,4619.2,4619.2,4619.2,4619.2,0.00,4619.2,4619.2,4619.2,0.80,791.2,791.2,791.2,4105.6,4110.6,4110.6,4110.6,4110.6,4110.6,517.8,522.8,532.8,7712,2059.2,5328,16532,2050.2,1282.0,23236,0xECE1544C
1995,0,605631,605.631,0,0,OK,4620.2,4619.2,4619.2,4619.2,4619.2,4619.2,4619.2,4619.2,4619.2,0.00,4619.2,4619.2,4619.2,231.76,1031.6,1031.6,791.2,2171.2,2407.6,4111.6,2406.6,2407.6,4111.6,768.2,532.8,272.4,10316,1808.8,5328,21540,1559.4,1031.6,17928,0xA23246A9
1996,0,605733,605.733,0,0,OK,4625.2,4619.2,4619.2,4619.2,4619.2,4619.2,4619.2,4619.2,4619.2,0.00,4619.2,4619.2,4619.2,231.76,1031.6,1031.6,791.2,2171.2,2407.6,4111.6,2406.6,2407.6,4111.6,768.2,532.8,522.8,5308,2049.2,2624,21540,2060.2,1041.6,17928,0x4C2DEACB
1997,0,605834,605.834,0,0,OK,4621.2,4619.2,4619.2,4619.2,4619.2,4619.2,4619.2,4619.2,4619.2,0.00,4619.2,4619.2,4619.2,232.76,1031.6,1031.6,1031.6,2171.2,2407.6,2407.6,2407.6,2407.6,2407.6,268.4,532.8,512.8,7912,2059.2,5328,21540,1809.8,1292.0,5348,0xE8CFD553
1998,0,605936,605.936,0,0,OK,4619.2,4619.2,4619.2,4619.2,4619.2,4619.2,4619.2,4619.2,4619.2,0.00,4619.2,4619.2,4619.2,232.76,791.2,791.2,791.2,4105.6,4110.6,4110.6,4110.6,4110.6,4110.6,768.2,532.8,532.8,5308,1558.4,2724,13828,2060.2,1282.0,12820,0x4FE7F63D
1999,0,606038,606.038,0,0,OK,4619.2,4619.2,4619.2,4619.2,4619.2,4619.2,4619.2,4619.2,4619.2,0.00,4619.2,4619.2,4619.2,231.76,791.2,1031.6,791.2,4105.6,2406.6,4111.6,4110.6,2406.6,4111.6,768.2,532.8,512.8,7912,1558.4,5228,16432,1799.8,1292.0,20532,0x636BBB9F
2000,0,606139,606.139,0,0,OK,4627.2,4619.2,4619.2,4619.2,4619.2,4619.2,4619.2,4619.2,4619.2,0.00,4619.2,4619.2,4619.2,231.76,1031.6,1031.6,791.2,2171.2,2407.6,4111.6,2406.6,2407.6,4111.6,527.8,272.4,522.8,7812,2059.2,2624,14028,1559.4,1292.0,5348,0x3EB0393A
2001,0,606241,606.241,0,0,OK,4621.2,4619.2,4619.2,4619.2,4619.2,4619.2,4619.2,4619.2,4619.2,0.00,4619.2,4619.2,4619.2,232.76,1031.6,1031.6,1031.6,2171.2,2407.6,2407.6,2407.6,2407.6,2407.6,518.8,522.8,272.4,10316,1808.8,5228,13928,1809.8,1292.0,20732,0x6538F7CB
2002,0,606342,606.342,0,0,OK,4626.2,4619.2,4619.2,4619.2,4619.2,4619.2,4619.2,4619.2,4619.2,0.00,4619.2,4619.2,4619.2,0.80,1031.6,791.2,791.2,2171.2,4111.6,4110.6,2406.6,4111.6,4110.6,517.8,522.8,272.4,7812,2059.2,5328,16432,1809.8,1282.0,10416,0x679464B6
2003,0,606444,606.444,0,0,OK,4627.2,4619.2,4619.2,4619.2,4619.2,4619.2,4619.2,4619.2,4619.2,0.00,4619.2,4619.2,4619.2,232.76,791.2,791.2,1031.6,4105.6,4110.6,2406.6,4111.6,4110.6,2406.6,769.2,262.4,532.8,7812,1808.8,5228,13828,2060.2,791.2,20732,0x4D3F5212
2004,0,606546,606.546,0,0,OK,4626.2,4619.2,4619.2,4619.2,4619.2,4619.2,4619.2,4619.2,4619.2,0.00,4619.2,4619.2,4619.2,231.76,1031.6,791.2,791.2,2171.2,4111.6,4110.6,2406.6,4111.6,4110.6,527.8,272.4,532.8,7812,1808.8,5228,21540,1809.8,1031.6,12920,0xF5536E84
2005,0,606647,606.647,0,0,OK,4625.2,4619.2,4619.2,4619.2,4619.2,4619.2,4619.2,4619.2,4619.2,0.00,4619.2,4619.2,4619.2,232.76,791.2,791.2,791.2,4105.6,4110.6,4110.6,4110.6,4110.6,4110.6,277.4,532.8,532.8,7912,1808.8,2724,16532,2060.2,1031.6,10316,0x4D87DDFD
2006,0,606749,606.749,0,0,OK,4624.2,4619.2,4619.2,4619.2,4619.2,4619.2,4619.2,4619.2,4619.2,0.00,4619.2,4619.2,4619.2,231.76,1031.6,1031.6,791.2,2171.2,2407.6,4111.6,2406.6,2407.6,4111.6,527.8,532.8,532.8,7912,1808.8,2624,16632,1559.4,1031.6,18028,0x59C925C8
2007,0,606851,606.851,0,0,OK,4619.2,4619.2,4619.2,4619.2,4619.2,4619.2,4619.2,4619.2,4619.2,0.00,4619.2,4619.2,4619.2,232.76,791.2,791.2,791.2,4105.6,4110.6,4110.6,4110.6,4110.6,4110.6,527.8,272.4,272.4,7712,2049.2,5228,13928,2050.2,1292.0,18128,0xC02C4D0E
2008,0,606952,606.952,0,0,OK,4622.2,4619.2,4619.2,4619.2,4619.2,4619.2,4619.2,4619.2,4619.2,0.00,4619.2,4619.2,4619.2,231.76,1031.6,1031.6,791.2,2171.2,2407.6,4111.6,2406.6,2407.6,4111.6,768.2,272.4,262.4,10316,2049.2,2624,14028,2050.2,1041.6,20732,0x9ACF0091
2009,0,607054,607.054,0,0,OK,4623.2,4619.2,4619.2,4619.2,4619.2,4619.2,4619.2,4619.2,4619.2,0.00,4619.2,4619.2,4619.2,232.76,1031.6,791.2,791.2,2171.2,4111.6,4110.6,2406.6,4111.6,4110.6,277.4,262.4,262.4,10316,1808.8,5228,16632,1809.8,791.2,12820,0x75E40775
2010,0,607156,607.156,0,0,OK,4628.2,4619.2,4619.2,4619.2,4619.2,4619.2,4619.2,4619.2,4619.2,0.00,4619.2,4619.2,4619.2,0.80,1031.6,791.2,1031.6,2171.2,4111.6,2406.6,2407.6,4111.6,2406.6,769.2,522.8,262.4,10316,1558.4,5328,13828,2060.2,1292.0,12920,0x7759B8A5
2011,0,607257,607.257,0,0,OK,4621.2,4619.2,4619.2,4619.2,4619.2,4619.2,4619.2,4619.2,4619.2,0.00,4619.2,4619.2,4619.2,232.76,1031.6,791.2,791.2,2171.2,4111.6,4110.6,2406.6,4111.6,4110.6,768.2,262.4,272.4,10316,2059.2,5128,16432,2050.2,1282.0,5148,0xB27634F9
2012,0,607359,607.359,0,0,OK,4628.2,4619.2,4619.2,4619.2,4619.2,4619.2,4619.2,4619.2,4619.2,0.00,4619.2,4619.2,4619.2,0.80,1031.6,791.2,1031.6,2171.2,4111.6,2406.6,2407.6,4111.6,2406.6,278.4,272.4,262.4,7712,1798.8,5228,13828,1809.8,1292.0,7852,0x78E60AC3
2013,0,607461,607.461,0,0,OK,4619.2,4619.2,4619.2,4619.2,4619.2,4619.2,4619.2,4619.2,4619.2,0.00,4619.2,4619.2,4619.2,0.80,1031.6,791.2,1031.6,2171.2,4111.6,2406.6,2407.6,4111.6,2406.6,268.4,272.4,512.8,7712,1808.8,2624,19136,2050.2,1282.0,18028,0xF069DFED
2014,0,607562,607.562,0,0,OK,4623.2,4619.2,4619.2,4619.2,4619.2,4619.2,4619.2,4619.2,4619.2,0.00,4619.2,4619.2,4619.2,232.76,1031.6,1031.6,1031.6,2171.2,2407.6,2407.6,2407.6,2407.6,2407.6,769.2,532.8,272.4,7812,1808.8,5328,16432,2060.2,1031.6,12860,0x35D7C75B
2015,0,607664,607.664,0,0,OK,4626.2,4619.2,4619.2,4619.2,4619.2,4619.2,4619.2,4619.2,4619.2,0.00,4619.2,4619.2,4619.2,232.76,791.2,1031.6,791.2,4105.6,2406.6,4111.6,4110.6,2406.6,4111.6,768.2,272.4,262.4,5308,1558.4,2724,13828,1809.8,1031.6,10316,0x562C3706
2016,0,607766,607.766,0,0,OK,4619.2,4619.2,4619.2,4619.2,4619.2,4619.2,4619.2,4619.2,4619.2,0.00,4619.2,4619.2,4619.2,232.76,791.2,1031.6,791.2,4105.6,2406.6,4111.6,4110.6,2406.6,4111.6,277.4,262.4,532.8,7912,2059.2,2724,16432,2050.2,1282.0,23236,0x6CB6F471
2017,0,607867,607.867,0,0,OK,4626.2,4619.2,4619.2,4619.2,4619.2,4619.2,4619.2,4619.2,4619.2,0.00,4619.2,4619.2,4619.2,231.76,791.2,791.2,1031.6,4105.6,4110.6,2406.6,4111.6,4110.6,2406.6,268.4,532.8,512.8,7812,2049.2,2724,19036,2060.2,1292.0,20632,0xB08A5881
2018,0,607969,607.969,0,0,OK,4622.2,4619.2,4619.2,4619.2,4619.2,4619.2,4619.2,4619.2,4619.2,0.00,4619.2,4619.2,4619.2,0.80,791.2,1031.6,791.2,4105.6,2406.6,4111.6,4110.6,2406.6,4111.6,768.2,522.8,532.8,10316,1798.8,5128,21540,1809.8,1292.0,7852,0x7D6A6F91
2019,0,608071,608.071,0,0,OK,4621.2,4619.2,4619.2,4619.2,4619.2,4619.2,4619.2,4619.2,4619.2,0.00,4619.2,4619.2,4619.2,232.76,1031.6,791.2,1031.6,2171.2,4111.6,2406.6,2407.6,4111.6,2406.6,278.4,272.4,262.4,7712,2059.2,2624,11424,1799.8,1292.0,18028,0x66F18630
2020,0,608172,608.172,0,0,OK,4628.2,4619.2,4619.2,4619.2,4619.2,4619.2,4619.2,4619.2,4619.2,0.00,4619.2,4619.2,4619.2,232.76,791.2,791.2,791.2,4105.6,4110.6,4110.6,4110.6,4110.6,4110.6,517.8,272.4,512.8,7912,1558.4,5228,16532,2060.2,791.2,2644,0x979A40B5
2021,0,608274,608.274,0,0,OK,4623.2,4619.2,4619.2,4619.2,4619.2,4619.2,4619.2,4619.2,4619.2,0.00,4619.2,4619.2,4619.2,232.76,791.2,791.2,1031.6,4105.6,4110.6,2406.6,4111.6,4110.6,2406.6,518.8,522.8,262.4,7712,1798.8,5328,14028,1559.4,1031.6,7752,0xA3C387BE
2022,0,608376,608.376,0,0,OK,4619.2,4619.2,4619.2,4619.2,4619.2,4619.2,4619.2,4619.2,4619.2,0.00,4619.2,4619.2,4619.2,0.80,1031.6,791.2,791.2,2171.2,4111.6,4110.6,2406.6,4111.6,4110.6,517.8,262.4,512.8,7912,2049.2,2724,16632,2060.2,791.2,13020,0xB901D7B6
2023,0,608477,608.477,0,0,OK,4621.2,4619.2,4619.2,4619.2,4619.2,4619.2,4619.2,4619.2,4619.2,0.00,4619.2,4619.2,4619.2,0.80,1031.6,791.2,791.2,2171.2,4111.6,4110.6,2406.6,4111.6,4110.6,267.4,522.8,532.8,7812,1558.4,2724,13828,1809.8,1282.0,23136,0xAB6506F5
2024,0,608579,608.579,0,0,OK,4620.2,4619.2,4619.2,4619.2,4619.2,4619.2,4619.2,4619.2,4619.2,0.00,4619.2,4619.2,4619.2,232.76,791.2,1031.6,1031.6,4105.6,2406.6,2407.6,4111.6,2406.6,2407.6,278.4,512.8,532.8,7812,1798.8,5228,16632,1799.8,791.2,20632,0x01AE981D
2025,0,608681,608.681,0,0,OK,4624.2,4619.2,4619.2,4619.2,4619.2,4619.2,4619.2,4619.2,4619.2,0.00,4619.2,4619.2,4619.2,0.80,791.2,1031.6,791.2,4105.6,2406.6,4111.6,4110.6,2406.6,4111.6,527.8,532.8,532.8,7812,2059.2,5128,11424,2060.2,1041.6,15524,0x6E06765E
2026,0,608782,608.782,0,0,OK,4620.2,4619.2,4619.2,4619.2,4619.2,4619.2,4619.2,4619.2,4619.2,0.00,4619.2,4619.2,4619.2,232.76,1031.6,791.2,1031.6,2171.2,4111.6,2406.6,2407.6,4111.6,2406.6,518.8,532.8,272.4,7912,2049.2,5128,13928,2050.2,1292.0,12860,0x44012DE7
2027,0,608884,608.884,0,0,OK,4624.2,4619.2,4619.2,4619.2,4619.2,4619.2,4619.2,4619.2,4619.2,0.00,4619.2,4619.2,4619.2,231.76,791.2,1031.6,791.2,4105.6,2406.6,4111.6,4110.6,2406.6,4111.6,277.4,532.8,512.8,10316,1798.8,2624,16532,1799.8,1041.6,10256,0xB7BB497C
2028,0,608986,608.986,0,0,OK,4619.2,4619.2,4619.2,4619.2,4619.2,4619.2,4619.2,4619.2,4619.2,0.00,4619.2,4619.2,4619.2,0.80,1031.6,791.2,791.2,2171.2,4111.6,4110.6,2406.6,4111.6,4110.6,277.4,532.8,522.8,7712,1558.4,5328,11424,1809.8,1282.0,10356,0x51C77429
2029,0,609087,609.087,0,0,OK,4619.2,4619.2,4619.2,4619.2,4619.2,4619.2,4619.2,4619.2,4619.2,0.00,4619.2,4619.2,4619.2,231.76,1031.6,1031.6,791.2,2171.2,2407.6,4111.6,2406.6,2407.6,4111.6,527.8,532.8,262.4,10316,1798.8,5228,16532,1559.4,791.2,20632,0x7CEEFC51
2030,0,609189,609.189,0,0,OK,4624.2,4619.2,4619.2,4619.2,4619.2,4619.2,4619.2,4619.2,4619.2,0.00,4619.2,4619.2,4619.2,0.80,791.2,791.2,791.2,4105.6,4110.6,4110.6,4110.6,4110.6,4110.6,768.2,512.8,532.8,7812,2059.2,5328,14028,2060.2,1031.6,2744,0x7502B73E
2031,0,609290,609.290,0,0,OK,4623.2,4619.2,4619.2,4619.2,4619.2,4619.2,4619.2,4619.2,4619.2,0.00,4619.2,4619.2,4619.2,0.80,1031.6,1031.6,1031.6,2171.2,2407.6,2407.6,2407.6,2407.6,2407.6,278.4,272.4,512.8,7712,2059.2,2624,16632,1799.8,1292.0,10416,0x65CC5170
2032,0,609392,609.392,0,0,OK,4619.2,4619.2,4619.2,4619.2,4619.2,4619.2,4619.2,4619.2,4619.2,0.00,4619.2,4619.2,4619.2,232.76,1031.6,791.2,1031.6,2171.2,4111.6,2406.6,2407.6,4111.6,2406.6,278.4,522.8,272.4,10316,1798.8,5328,11424,2060.2,1041.6,10456,0x308AEDB5
2033,0,609494,609.494,0,0,OK,4624.2,4619.2,4619.2,4619.2,4619.2,4619.2,4619.2,4619.2,4619.2,0.00,4619.2,4619.2,4619.2,0.80,1031.6,1031.6,791.2,2171.2,2407.6,4111.6,2406.6,2407.6,4111.6,267.4,532.8,532.8,10316,2059.2,2724,13828,1799.8,1292.0,15424,0x32D16E8A
2034,0,609595,609.595,0,0,OK,4622.2,4619.2,4619.2,4619.2,4619.2,4619.2,4619.2,4619.2,4619.2,0.00,4619.2,4619.2,4619.2,0.80,791.2,1031.6,791.2,4105.6,2406.6,4111.6,4110.6,2406.6,4111.6,267.4,522.8,272.4,10316,1558.4,5128,13928,2050.2,1282.0,10456,0x77962591
2035,0,609697,609.697,0,0,OK,4627.2,4619.2,4619.2,4619.2,4619.2,4619.2,4619.2,4619.2,4619.2,0.00,4619.2,4619.2,4619.2,231.76,791.2,1031.6,1031.6,4105.6,2406.6,2407.6,4111.6,2406.6,2407.6,528.8,272.4,512.8,5308,2049.2,2624,16632,1799.8,1041.6,12860,0x6C4E6D37
2036,0,609799,609.799,0,0,OK,4624.2,4619.2,4619.2,4619.2,4619.2,4619.2,4619.2,4619.2,4619.2,0.00,4619.2,4619.2,4619.2,232.76,1031.6,1031.6,1031.6,2171.2,2407.6,2407.6,2407.6,2407.6,2407.6,268.4,262.4,262.4,7912,1558.4,5228,14028,2060.2,1282.0,17928,0xD4F13475
2037,0,609900,609.900,0,0,OK,4628.2,4619.2,4619.2,4619.2,4619.2,4619.2,4619.2,4619.2,4619.2,0.00,4619.2,4619.2,4619.2,0.80,791.2,791.2,791.2,4105.6,4110.6,4110.6,4110.6,4110.6,4110.6,768.2,262.4,272.4,7812,1798.8,2624,21540,2050.2,1041.6,13020,0x6A048CB1
2038,0,610002,610.002,0,0,OK,4624.2,4619.2,4619.2,4619.2,4619.2,4619.2,4619.2,4619.2,4619.2,0.00,4619.2,4619.2,4619.2,232.76,1031.6,1031.6,1031.6,2171.2,2407.6,2407.6,2407.6,2407.6,2407.6,528.8,532.8,532.8,7712,1798.8,2724,16632,2060.2,1282.0,12820,0xC03E32E0
2039,0,610104,610.104,0,0,OK,4621.2,4619.2,4619.2,4619.2,4619.2,4619.2,4619.2,4619.2,4619.2,0.00,4619.2,4619.2,4619.2,0.80,791.2,791.2,1031.6,4105.6,4110.6,2406.6,4111.6,4110.6,2406.6,528.8,532.8,522.8,10316,1558.4,2624,16532,2060.2,1282.0,10316,0x975CB7CF
2040,0,610205,610.205,0,0,OK,4625.2,4619.2,4619.2,4619.2,4619.2,4619.2,4619.2,4619.2,4619.2,0.00,4619.2,4619.2,4619.2,232.76,1031.6,1031.6,1031.6,2171.2,2407.6,2407.6,2407.6,2407.6,2407.6,769.2,512.8,272.4,10316,2049.2,5228,19036,1799.8,1292.0,140,0xC432F8CD
2041,0,610307,610.307,0,0,OK,4619.2,4619.2,4619.2,4619.2,4619.2,4619.2,4619.2,4619.2,4619.2,0.00,4619.2,4619.2,4619.2,231.76,791.2,1031.6,791.2,4105.6,2406.6,4111.6,4110.6,2406.6,4111.6,527.8,512.8,512.8,7912,1558.4,5128,13828,1559.4,791.2,20632,0x82120833
2042,0,610409,610.409,0,0,OK,4622.2,4619.2,4619.2,4619.2,4619.2,4619.2,4619.2,4619.2,4619.2,0.00,4619.2,4619.2,4619.2,232.76,791.2,791.2,1031.6,4105.6,4110.6,2406.6,4111.6,4110.6,2406.6,518.8,532.8,532.8,7812,1558.4,5128,11424,2060.2,1041.6,23236,0x08BED71E
2043,0,610510,610.510,0,0,OK,4628.2,4619.2,4619.2,4619.2,4619.2,4619.2,4619.2,4619.2,4619.2,0.00,4619.2,4619.2,4619.2,231.76,1031.6,1031.6,791.2,2171.2,2407.6,4111.6,2406.6,2407.6,4111.6,517.8,512.8,272.4,10316,1558.4,5328,11424,1559.4,1282.0,18128,0x6F9FE1B4
2044,0,610612,610.612,0,0,OK,4622.2,4619.2,4619.2,4619.2,4619.2,4619.2,4619.2,4619.2,4619.2,0.00,4619.2,4619.2,4619.2,0.80,791.2,791.2,1031.6,4105.6,4110.6,2406.6,4111.6,4110.6,2406.6,769.2,522.8,262.4,7712,1808.8,2724,16532,1809.8,1041.6,18028,0x57AD4F9A
2045,0,610713,610.713,0,0,OK,4625.2,4619.2,4619.2,4619.2,4619.2,4619.2,4619.2,4619.2,4619.2,0.00,4619.2,4619.2,4619.2,231.76,1031.6,1031.6,1031.6,2171.2,2407.6,2407.6,2407.6,2407.6,2407.6,268.4,512.8,262.4,5308,2049.2,2724,13828,2060.2,1282.0,10456,0x7B702A90
2046,0,610815,610.815,0,0,OK,4623.2,4619.2,4619.2,4619.2,4619.2,4619.2,4619.2,4619.2,4619.2,0.00,4619.2,4619.2,4619.2,0.80,791.2,1031.6,791.2,4105.6,2406.6,4111.6,4110.6,2406.6,4111.6,267.4,522.8,532.8,7712,1558.4,5328,13928,2060.2,1041.6,7852,0x9A7DDCB5
2047,0,610917,610.917,0,0,OK,4627.2,4619.2,4619.2,4619.2,4619.2,4619.2,4619.2,4619.2,4619.2,0.00,4619.2,4619.2,4619.2,231.76,1031.6,1031.6,791.2,2171.2,2407.6,4111.6,2406.6,2407.6,4111.6,517.8,512.8,262.4,10316,2059.2,5328,11424,1559.4,1041.6,12860,0x2F15D297
2048,0,611018,611.018,0,0,OK,4622.2,4619.2,4619.2,4619.2,4619.2,4619.2,4619.2,4619.2,4619.2,0.00,4619.2,4619.2,4619.2,231.76,1031.6,791.2,791.2,2171.2,4111.6,4110.6,2406.6,4111.6,4110.6,267.4,262.4,522.8,10316,1798.8,2724,19136,2060.2,1292.0,7912,0x5A805239
2049,0,611120,611.120,0,0,OK,4626.2,4619.2,4619.2,4619.2,4619.2,4619.2,4619.2,4619.2,4619.2,0.00,4619.2,4619.2,4619.2,0.80,1031.6,791.2,1031.6,2171.2,4111.6,2406.6,2407.6,4111.6,2406.6,528.8,512.8,262.4,10316,1558.4,5128,13828,2060.2,791.2,20532,0x3B205D1C
2050,0,611222,611.222,0,0,OK,4625.2,4619.2,4619.2,4619.2,4619.2,4619.2,4619.2,4619.2,4619.2,0.00,4619.2,4619.2,4619.2,231.76,1031.6,791.2,1031.6,2171.2,4111.6,2406.6,2407.6,4111.6,2406.6,518.8,272.4,272.4,10316,1798.8,2624,13828,2050.2,1031.6,15524,0x2E43B696
2051,0,611323,611.323,0,0,OK,4625.2,4619.2,4619.2,4619.2,4619.2,4619.2,4619.2,4619.2,4619.2,0.00,4619.2,4619.2,4619.2,0.80,1031.6,791.2,791.2,2171.2,4111.6,4110.6,2406.6,4111.6,4110.6,277.4,262.4,532.8,7812,2059.2,2624,14028,2050.2,791.2,18028,0xA3CDF4E5
2052,0,611425,611.425,0,0,OK,4620.2,4619.2,4619.2,4619.2,4619.2,4619.2,4619.2,4619.2,4619.2,0.00,4619.2,4619.2,4619.2,0.80,791.2,791.2,791.2,4105.6,4110.6,4110.6,4110.6,4110.6,4110.6,768.2,262.4,522.8,5308,2059.2,5228,16432,1799.8,1292.0,10416,0x7C95FDE3
2053,0,611527,611.527,0,0,OK,4620.2,4619.2,4619.2,4619.2,4619.2,4619.2,4619.2,4619.2,4619.2,0.00,4619.2,4619.2,4619.2,231.76,1031.6,791.2,1031.6,2171.2,4111.6,2406.6,2407.6,4111.6,2406.6,518.8,532.8,522.8,10316,1558.4,2724,16432,1799.8,1282.0,20732,0x44600626
2054,0,611628,611.628,0,0,OK,4624.2,4619.2,4619.2,4619.2,4619.2,4619.2,4619.2,4619.2,4619.2,0.00,4619.2,4619.2,4619.2,0.80,1031.6,1031.6,1031.6,2171.2,2407.6,2407.6,2407.6,2407.6,2407.6,278.4,532.8,272.4,5308,2049.2,2724,13928,2050.2,1282.0,15424,0xF1B144E9
2055,0,611730,611.730,0,0,OK,4622.2,4619.2,4619.2,4619.2,4619.2,4619.2,4619.2,4619.2,4619.2,0.00,4619.2,4619.2,4619.2,0.80,791.2,791.2,1031.6,4105.6,4110.6,2406.6,4111.6,4110.6,2406.6,769.2,272.4,262.4,5308,1808.8,5128,19136,1809.8,1282.0,12920,0xFF002953
2056,0,611832,611.832,0,0,OK,4625.2,4619.2,4619.2,4619.2,4619.2,4619.2,4619.2,4619.2,4619.2,0.00,4619.2,4619.2,4619.2,231.76,791.2,791.2,1031.6,4105.6,4110.6,2406.6,4111.6,4110.6,2406.6,528.8,272.4,522.8,7912,1558.4,2724,13928,1559.4,1282.0,23136,0xDD313FD8
2057,0,611933,611.933,0,0,OK,4620.2,4619.2,4619.2,4619.2,4619.2,4619.2,4619.2,4619.2,4619.2,0.00,4619.2,4619.2,4619.2,231.76,791.2,791.2,1031.6,4105.6,4110.6,2406.6,4111.6,4110.6,2406.6,278.4,262.4,522.8,5308,1558.4,5328,19136,2060.2,1282.0,12820,0x93CC8EF8
2058,0,612035,612.035,0,0,OK,4627.2,4619.2,4619.2,4619.2,4619.2,4619.2,4619.2,4619.2,4619.2,0.00,4619.2,4619.2,4619.2,232.76,1031.6,1031.6,1031.6,2171.2,2407.6,2407.6,2407.6,2407.6,2407.6,268.4,262.4,512.8,7812,1558.4,2624,16432,2060.2,1041.6,2644,0xFF4E280B
2059,0,612137,612.137,0,0,OK,4622.2,4619.2,4619.2,4619.2,4619.2,4619.2,4619.2,4619.2,4619.2,0.00,4619.2,4619.2,4619.2,232.76,791.2,1031.6,1031.6,4105.6,2406.6,2407.6,4111.6,2406.6,2407.6,518.8,532.8,522.8,7712,2049.2,5228,16532,1809.8,1031.6,17928,0x84BE0292
2060,0,612238,612.238,0,0,OK,4627.2,4619.2,4619.2,4619.2,4619.2,4619.2,4619.2,4619.2,4619.2,0.00,4619.2,4619.2,4619.2,231.76,1031.6,791.2,791.2,2171.2,4111.6,4110.6,2406.6,4111.6,4110.6,527.8,272.4,262.4,7812,2049.2,5328,16432,1559.4,1031.6,18128,0x2ACB15B0
2061,0,612340,612.340,0,0,OK,4625.2,4619.2,4619.2,4619.2,4619.2,4619.2,4619.2,4619.2,4619.2,0.00,4619.2,4619.2,4619.2,232.76,791.2,791.2,791.2,4105.6,4110.6,4110.6,4110.6,4110.6,4110.6,768.2,262.4,262.4,7712,2059.2,5128,16532,1809.8,791.2,12860,0x9A569575
2062,0,612442,612.442,0,0,OK,4622.2,4619.2,4619.2,4619.2,4619.2,4619.2,4619.2,4619.2,4619.2,0.00,4619.2,4619.2,4619.2,0.80,1031.6,791.2,1031.6,2171.2,4111.6,2406.6,2407.6,4111.6,2406.6,769.2,532.8,272.4,5308,1798.8,5328,11424,1809.8,1292.0,10456,0x098356AB
2063,0,612543,612.543,0,0,OK,4625.2,4619.2,4619.2,4619.2,4619.2,4619.2,4619.2,4619.2,4619.2,0.00,4619.2,4619.2,4619.2,232.76,1031.6,791.2,1031.6,2171.2,4111.6,2406.6,2407.6,4111.6,2406.6,769.2,532.8,512.8,7712,1558.4,5328,19136,1809.8,791.2,10456,0xADA7F5D3
2064,0,612645,612.645,0,0,OK,4621.2,4619.2,4619.2,4619.2,4619.2,4619.2,4619.2,4619.2,4619.2,0.00,4619.2,4619.2,4619.2,231.76,791.2,1031.6,1031.6,4105.6,2406.6,2407.6,4111.6,2406.6,2407.6,518.8,262.4,532.8,5308,2059.2,2724,11424,1799.8,1282.0,20632,0x009478B0
2065,0,612746,612.746,0,0,OK,4620.2,4619.2,4619.2,4619.2,4619.2,4619.2,4619.2,4619.2,4619.2,0.00,4619.2,4619.2,4619.2,231.76,791.2,791.2,791.2,4105.6,4110.6,4110.6,4110.6,4110.6,4110.6,527.8,522.8,262.4,5308,1798.8,2624,11424,1559.4,791.2,10456,0x1CB19404
2066,0,612848,612.848,0,0,OK,4623.2,4619.2,4619.2,4619.2,4619.2,4619.2,4619.2,4619.2,4619.2,0.00,4619.2,4619.2,4619.2,231.76,1031.6,1031.6,1031.6,2171.2,2407.6,2407.6,2407.6,2407.6,2407.6,278.4,272.4,522.8,7812,2059.2,2624,19036,2050.2,1292.0,10356,0xAD281083
2067,0,612950,612.950,0,0,OK,4624.2,4619.2,4619.2,4619.2,4619.2,4619.2,4619.2,4619.2,4619.2,0.00,4619.2,4619.2,4619.2,232.76,1031.6,791.2,1031.6,2171.2,4111.6,2406.6,2407.6,4111.6,2406.6,528.8,272.4,512.8,5308,1808.8,2624,13828,2050.2,1031.6,23136,0x84ECA22A
2068,0,613052,613.052,0,0,OK,4619.2,4619.2,4619.2,4619.2,4619.2,4619.2,4619.2,4619.2,4619.2,0.00,4619.2,4619.2,4619.2,0.80,1031.6,791.2,791.2,2171.2,4111.6,4110.6,2406.6,4111.6,4110.6,277.4,272.4,272.4,7912,2049.2,5128,13828,1799.8,1041.6,20632,0x37A3C877
2069,0,613153,613.153,0,0,OK,4628.2,4619.2,4619.2,4619.2,4619.2,4619.2,4619.2,4619.2,4619.2,0.00,4619.2,4619.2,4619.2,231.76,1031.6,791.2,1031.6,2171.2,4111.6,2406.6,2407.6,4111.6,2406.6,268.4,522.8,532.8,7912,1808.8,2624,14028,2060.2,791.2,40,0x219DABEB
2070,0,613255,613.255,0,0,OK,4625.2,4619.2,4619.2,4619.2,4619.2,4619.2,4619.2,4619.2,4619.2,0.00,4619.2,4619.2,4619.2,231.76,791.2,791.2,1031.6,4105.6,4110.6,2406.6,4111.6,4110.6,2406.6,268.4,522.8,512.8,5308,2059.2,5328,19036,2050.2,1041.6,20532,0x42B04F0A
2071,0,613357,613.357,0,0,OK,4622.2,4619.2,4619.2,4619.2,4619.2,4619.2,4619.2,4619.2,4619.2,0.00,4619.2,4619.2,4619.2,232.76,791.2,1031.6,1031.6,4105.6,2406.6,2407.6,4111.6,2406.6,2407.6,518.8,262.4,262.4,10316,1798.8,2724,19136,1799.8,1041.6,5148,0x45CAF72B
2072,0,613458,613.458,0,0,OK,4623.2,4619.2,4619.2,4619.2,4619.2,4619.2,4619.2,4619.2,4619.2,0.00,4619.2,4619.2,4619.2,0.80,1031.6,1031.6,1031.6,2171.2,2407.6,2407.6,2407.6,2407.6,2407.6,518.8,272.4,522.8,7912,1798.8,2724,16632,1799.8,791.2,18128,0xED759797
2073,0,613560,613.560,0,0,OK,4622.2,4619.2,4619.2,4619.2,4619.2,4619.2,4619.2,4619.2,4619.2,0.00,4619.2,4619.2,4619.2,232.76,1031.6,791.2,791.2,2171.2,4111.6,4110.6,2406.6,4111.6,4110.6,267.4,272.4,272.4,7812,1808.8,2624,16532,2050.2,791.2,15424,0x27537A4E
2074,0,613662,613.662,0,0,OK,4620.2,4619.2,4619.2,4619.2,4619.2,4619.2,4619.2,4619.2,4619.2,0.00,4619.2,4619.2,4619.2,0.80,1031.6,791.2,1031.6,2171.2,4111.6,2406.6,2407.6,4111.6,2406.6,528.8,512.8,532.8,7812,2049.2,5128,16632,1559.4,1031.6,23236,0x4A15EE29
2075,0,613763,613.763,0,0,OK,4628.2,4619.2,4619.2,4619.2,4619.2,4619.2,4619.2,4619.2,4619.2,0.00,4619.2,4619.2,4619.2,232.76,791.2,791.2,1031.6,4105.6,4110.6,2406.6,4111.6,4110.6,2406.6,278.4,522.8,512.8,7912,1808.8,5328,11424,1799.8,1282.0,5148,0x1C8ED309
2076,0,613865,613.865,0,0,OK,4619.2,4619.2,4619.2,4619.2,4619.2,4619.2,4619.2,4619.2,4619.2,0.00,4619.2,4619.2,4619.2,232.76,791.2,791.2,1031.6,4105.6,4110.6,2406.6,4111.6,4110.6,2406.6,769.2,522.8,512.8,7812,2059.2,2624,16632,1559.4,1282.0,5248,0x7766D721
2077,0,613967,613.967,0,0,OK,4627.2,4619.2,4619.2,4619.2,4619.2,4619.2,4619.2,4619.2,4619.2,0.00,4619.2,4619.2,4619.2,0.80,1031.6,1031.6,791.2,2171.2,2407.6,4111.6,2406.6,2407.6,4111.6,768.2,522.8,272.4,5308,2059.2,2724,13928,2060.2,1031.6,18128,0x1D990460
2078,0,614068,614.068,0,0,OK,4625.2,4619.2,4619.2,4619.2,4619.2,4619.2,4619.2,4619.2,4619.2,0.00,4619.2,4619.2,4619.2,0.80,1031.6,791.2,791.2,2171.2,4111.6,4110.6,2406.6,4111.6,4110.6,517.8,262.4,512.8,5308,2059.2,2724,16532,2060.2,1031.6,10456,0x765E8D03
2079,0,614170,614.170,0,0,OK,4627.2,4619.2,4619.2,4619.2,4619.2,4619.2,4619.2,4619.2,4619.2,0.00,4619.2,4619.2,4619.2,0.80,791.2,791.2,1031.6,4105.6,4110.6,2406.6,4111.6,4110.6,2406.6,518.8,532.8,522.8,10316,2059.2,5328,19036,1809.8,791.2,7852,0xD1798581
2080,0,614272,614.272,0,0,OK,4621.2,4619.2,4619.2,4619.2,4619.2,4619.2,4619.2,4619.2,4619.2,0.00,4619.2,4619.2,4619.2,232.76,791.2,791.2,1031.6,4105.6,4110.6,2406.6,4111.6,4110.6,2406.6,528.8,522.8,522.8,7912,2049.2,5228,11424,1809.8,791.2,2744,0x5810B5BF
2081,0,614373,614.373,0,0,OK,4625.2,4619.2,4619.2,4619.2,4619.2,4619.2,4619.2,4619.2,4619.2,0.00,4619.2,4619.2,4619.2,0.80,1031.6,1031.6,1031.6,2171.2,2407.6,2407.6,2407.6,2407.6,2407.6,769.2,272.4,262.4,10316,2059.2,5228,13928,1799.8,1031.6,7752,0x23834ABD
2082,0,614475,614.475,0,0,OK,4625.2,4619.2,4619.2,4619.2,4619.2,4619.2,4619.2,4619.2,4619.2,0.00,4619.2,4619.2,4619.2,0.80,791.2,791.2,791.2,4105.6,4110.6,4110.6,4110.6,4110.6,4110.6,277.4,272.4,532.8,7812,1558.4,5328,19036,2060.2,1041.6,7852,0x41ECCF82
2083,0,614577,614.577,0,0,OK,4627.2,4619.2,4619.2,4619.2,4619.2,4619.2,4619.2,4619.2,4619.2,0.00,4619.2,4619.2,4619.2,232.76,1031.6,1031.6,1031.6,2171.2,2407.6,2407.6,2407.6,2407.6,2407.6,528.8,262.4,262.4,7912,2059.2,5228,11424,1809.8,1041.6,20732,0x41984B94
2084,0,614678,614.678,0,0,OK,4621.2,4619.2,4619.2,4619.2,4619.2,4619.2,4619.2,4619.2,4619.2,0.00,4619.2,4619.2,4619.2,231.76,1031.6,791.2,791.2,2171.2,4111.6,4110.6,2406.6,4111.6,4110.6,517.8,272.4,272.4,7712,2059.2,2724,16532,2060.2,1282.0,5348,0x364CA876
2085,0,614780,614.780,0,0,OK,4627.2,4619.2,4619.2,4619.2,4619.2,4619.2,4619.2,4619.2,4619.2,0.00,4619.2,4619.2,4619.2,231.76,1031.6,1031.6,791.2,2171.2,2407.6,4111.6,2406.6,2407.6,4111.6,277.4,512.8,522.8,5308,1798.8,5228,16632,1559.4,1041.6,10316,0x0F147307
2086,0,614882,614.882,0,0,OK,4628.2,4619.2,4619.2,4619.2,4619.2,4619.2,4619.2,4619.2,4619.2,0.00,4619.2,4619.2,4619.2,231.76,1031.6,791.2,1031.6,2171.2,4111.6,2406.6,2407.6,4111.6,2406.6,278.4,512.8,532.8,7912,1798.8,2624,21540,2060.2,1292.0,23236,0x611E1504
2087,0,614983,614.983,0,0,OK,4624.2,4619.2,4619.2,4619.2,4619.2,4619.2,4619.2,4619.2,4619.2,0.00,4619.2,4619.2,4619.2,232.76,791.2,791.2,1031.6,4105.6,4110.6,2406.6,4111.6,4110.6,2406.6,769.2,512.8,532.8,10316,2059.2,5128,16532,1559.4,1031.6,12820,0xC7264696
2088,0,615085,615.085,0,0,OK,4620.2,4619.2,4619.2,4619.2,4619.2,4619.2,4619.2,4619.2,4619.2,0.00,4619.2,4619.2,4619.2,232.76,1031.6,791.2,1031.6,2171.2,4111.6,2406.6,2407.6,4111.6,2406.6,528.8,272.4,522.8,7712,1558.4,2624,11424,2050.2,791.2,13020,0x58DF2129
2089,0,615187,615.187,0,0,OK,4626.2,4619.2,4619.2,4619.2,4619.2,4619.2,4619.2,4619.2,4619.2,0.00,4619.2,4619.2,4619.2,232.76,791.2,791.2,791.2,4105.6,4110.6,4110.6,4110.6,4110.6,4110.6,517.8,532.8,512.8,7812,2059.2,2624,11424,2050.2,791.2,10356,0x0D78DA3E
2090,0,615288,615.288,0,0,OK,4625.2,4619.2,4619.2,4619.2,4619.2,4619.2,4619.2,4619.2,4619.2,0.00,4619.2,4619.2,4619.2,232.76,1031.6,1031.6,1031.6,2171.2,2407.6,2407.6,2407.6,2407.6,2407.6,278.4,532.8,532.8,7712,1558.4,2624,19136,2050.2,791.2,10356,0x139A971A
2091,0,615390,615.390,0,0,OK,4624.2,4619.2,4619.2,4619.2,4619.2,4619.2,4619.2,4619.2,4619.2,0.00,4619.2,4619.2,4619.2,0.80,791.2,791.2,791.2,4105.6,4110.6,4110.6,4110.6,4110.6,4110.6,527.8,532.8,532.8,7812,2049.2,2624,13828,1799.8,1292.0,10456,0xFE86DB2A
2092,0,615492,615.492,0,0,OK,4622.2,4619.2,4619.2,4619.2,4619.2,4619.2,4619.2,4619.2,4619.2,0.00,4619.2,4619.2,4619.2,0.80,1031.6,791.2,1031.6,2171.2,4111.6,2406.6,2407.6,4111.6,2406.6,769.2,512.8,272.4,7812,1558.4,5128,11424,2060.2,791.2,7912,0x230C47E6
2093,0,615593,615.593,0,0,OK,4619.2,4619.2,4619.2,4619.2,4619.2,4619.2,4619.2,4619.2,4619.2,0.00,4619.2,4619.2,4619.2,232.76,1031.6,791.2,1031.6,2171.2,4111.6,2406.6,2407.6,4111.6,2406.6,769.2,272.4,532.8,7812,1558.4,5228,16532,2060.2,791.2,7912,0x7C6DCB46
2094,0,615695,615.695,0,0,OK,4621.2,4619.2,4619.2,4619.2,4619.2,4619.2,4619.2,4619.2,4619.2,0.00,4619.2,4619.2,4619.2,232.76,1031.6,791.2,791.2,2171.2,4111.6,4110.6,2406.6,4111.6,4110.6,768.2,532.8,512.8,10316,2049.2,5128,14028,1799.8,1031.6,15524,0x2EDA6088
2095,0,615797,615.797,0,0,OK,4627.2,4619.2,4619.2,4619.2,4619.2,4619.2,4619.2,4619.2,4619.2,0.00,4619.2,4619.2,4619.2,231.76,1031.6,1031.6,791.2,2171.2,2407.6,4111.6,2406.6,2407.6,4111.6,527.8,522.8,532.8,10316,1558.4,5228,21540,1809.8,1031.6,20632,0xB3A838A5
2096,0,615898,615.898,0,0,OK,4623.2,4619.2,4619.2,4619.2,4619.2,4619.2,4619.2,4619.2,4619.2,0.00,4619.2,4619.2,4619.2,0.80,791.2,1031.6,791.2,4105.6,2406.6,4111.6,4110.6,2406.6,4111.6,768.2,532.8,512.8,10316,2049.2,2624,16432,1559.4,1041.6,140,0x1D4D9FDF
2097,0,616000,616.000,0,0,OK,4621.2,4619.2,4619.2,4619.2,4619.2,4619.2,4619.2,4619.2,4619.2,0.00,4619.2,4619.2,4619.2,0.80,791.2,791.2,1031.6,4105.6,4110.6,2406.6,4111.6,4110.6,2406.6,278.4,522.8,532.8,5308,2059.2,5328,14028,2050.2,1282.0,40,0x56FEB70B
2098,0,616102,616.102,0,0,OK,4627.2,4619.2,4619.2,4619.2,4619.2,4619.2,4619.2,4619.2,4619.2,0.00,4619.2,4619.2,4619.2,231.76,791.2,791.2,791.2,4105.6,4110.6,4110.6,4110.6,4110.6,4110.6,527.8,512.8,262.4,7812,2059.2,2624,13928,1559.4,1282.0,20632,0x057ED67B
2099,0,616203,616.203,0,0,OK,4622.2,4619.2,4619.2,4619.2,4619.2,4619.2,4619.2,4619.2,4619.2,0.00,4619.2,4619.2,4619.2,0.80,1031.6,1031.6,1031.6,2171.2,2407.6,2407.6,2407.6,2407.6,2407.6,518.8,262.4,262.4,7912,1808.8,5228,16432,1799.8,1041.6,5148,0xBB0ABE12
2100,0,616305,616.305,0,0,OK,4621.2,4619.2,4619.2,4619.2,4619.2,4619.2,4619.2,4619.2,4619.2,0.00,4619.2,4619.2,4619.2,232.76,791.2,1031.6,791.2,4105.6,2406.6,4111.6,4110.6,2406.6,4111.6,527.8,532.8,532.8,7812,1808.8,5228,13928,1809.8,1282.0,18028,0x89CA6648
2101,0,616407,616.407,0,0,OK,4619.2,4619.2,4619.2,4619.2,4619.2,4619.2,4619.2,4619.2,4619.2,0.00,4619.2,4619.2,4619.2,0.80,1031.6,1031.6,791.2,2171.2,2407.6,4111.6,2406.6,2407.6,4111.6,277.4,532.8,532.8,5308,1798.8,2724,16632,1559.4,1282.0,18028,0x1D98CA63
2102,0,616508,616.508,0,0,OK,4620.2,4619.2,4619.2,4619.2,4619.2,4619.2,4619.2,4619.2,4619.2,0.00,4619.2,4619.2,4619.2,231.76,791.2,1031.6,791.2,4105.6,2406.6,4111.6,4110.6,2406.6,4111.6,527.8,512.8,262.4,7712,1558.4,5328,19136,1809.8,1292.0,18128,0xBCCEB83B
2103,0,616610,616.610,0,0,OK,4626.2,4619.2,4619.2,4619.2,4619.2,4619.2,4619.2,4619.2,4619.2,0.00,4619.2,4619.2,4619.2,0.80,1031.6,1031.6,1031.6,2171.2,2407.6,2407.6,2407.6,2407.6,2407.6,518.8,262.4,532.8,10316,2059.2,2724,14028,2050.2,1292.0,17928,0x86E67F72
2104,0,616712,616.712,0,0,OK,4621.2,4619.2,4619.2,4619.2,4619.2,4619.2,4619.2,4619.2,4619.2,0.00,4619.2,4619.2,4619.2,231.76,791.2,1031.6,791.2,4105.6,2406.6,4111.6,4110.6,2406.6,4111.6,267.4,532.8,532.8,5308,1798.8,5128,14028,1799.8,1031.6,18028,0x7A6A602E
2105,0,616813,616.813,0,0,OK,4624.2,4619.2,4619.2,4619.2,4619.2,4619.2,4619.2,4619.2,4619.2,0.00,4619.2,4619.2,4619.2,231.76,791.2,791.2,1031.6,4105.6,4110.6,2406.6,4111.6,4110.6,2406.6,518.8,522.8,512.8,5308,1798.8,5128,16632,2060.2,1282.0,13020,0xE1FCA101
2106,0,616915,616.915,0,0,OK,4621.2,4619.2,4619.2,4619.2,4619.2,4619.2,4619.2,4619.2,4619.2,0.00,4619.2,4619.2,4619.2,232.76,791.2,791.2,791.2,4105.6,4110.6,4110.6,4110.6,4110.6,4110.6,517.8,512.8,262.4,7812,2049.2,5228,13828,1559.4,1031.6,7752,0x14B862E6
2107,0,617017,617.017,0,0,OK,4626.2,4619.2,4619.2,4619.2,4619.2,4619.2,4619.2,4619.2,4619.2,0.00,4619.2,4619.2,4619.2,232.76,791.2,791.2,1031.6,4105.6,4110.6,2406.6,4111.6,4110.6,2406.6,528.8,272.4,262.4,5308,1808.8,5328,14028,2050.2,1292.0,140,0x1A661E0D
2108,0,617118,617.118,0,0,OK,4625.2,4619.2,4619.2,4619.2,4619.2,4619.2,4619.2,4619.2,4619.2,0.00,4619.2,4619.2,4619.2,231.76,791.2,791.2,1031.6,4105.6,4110.6,2406.6,4111.6,4110.6,2406.6,268.4,512.8,262.4,10316,1798.8,5328,21540,1799.8,1031.6,10316,0xCDBD93B2
2109,0,617220,617.220,0,0,OK,4627.2,4619.2,4619.2,4619.2,4619.2,4619.2,4619.2,4619.2,4619.2,0.00,4619.2,4619.2,4619.2,231.76,791.2,1031.6,791.2,4105.6,2406.6,4111.6,4110.6,2406.6,4111.6,527.8,522.8,262.4,7912,2059.2,2624,16632,2060.2,1041.6,10356,0x2F5157CD
2110,0,617322,617.322,0,0,OK,4625.2,4619.2,4619.2,4619.2,4619.2,4619.2,4619.2,4619.2,4619.2,0.00,4619.2,4619.2,4619.2,0.80,791.2,1031.6,791.2,4105.6,2406.6,4111.6,4110.6,2406.6,4111.6,277.4,532.8,262.4,10316,1558.4,2624,16632,1559.4,791.2,23236,0xF278CCC5
2111,0,617423,617.423,0,0,OK,4624.2,4619.2,4619.2,4619.2,4619.2,4619.2,4619.2,4619.2,4619.2,0.00,4619.2,4619.2,4619.2,0.80,1031.6,791.2,1031.6,2171.2,4111.6,2406.6,2407.6,4111.6,2406.6,268.4,262.4,272.4,5308,1798.8,2724,13928,1799.8,1292.0,240,0x445344D2
2112,0,617525,617.525,0,0,OK,4619.2,4619.2,4619.2,4619.2,4619.2,4619.2,4619.2,4619.2,4619.2,0.00,4619.2,4619.2,4619.2,232.76,791.2,1031.6,1031.6,4105.6,2406.6,2407.6,4111.6,2406.6,2407.6,268.4,522.8,532.8,7712,1808.8,2724,19036,1809.8,1292.0,13020,0x4216535D
2113,0,617627,617.627,0,0,OK,4621.2,4619.2,4619.2,4619.2,4619.2,4619.2,4619.2,4619.2,4619.2,0.00,4619.2,4619.2,4619.2,231.76,1031.6,1031.6,791.2,2171.2,2407.6,4111.6,2406.6,2407.6,4111.6,277.4,512.8,272.4,5308,2059.2,2724,13928,1799.8,1292.0,17928,0xC546DDFA
2114,0,617728,617.728,0,0,OK,4626.2,4619.2,4619.2,4619.2,4619.2,4619.2,4619.2,4619.2,4619.2,0.00,4619.2,4619.2,4619.2,231.76,791.2,791.2,1031.6,4105.6,4110.6,2406.6,4111.6,4110.6,2406.6,518.8,272.4,262.4,5308,2049.2,5128,14028,1809.8,1282.0,20732,0x2319CDFE
2115,0,617830,617.830,0,0,OK,4627.2,4619.2,4619.2,4619.2,4619.2,4619.2,4619.2,4619.2,4619.2,0.00,4619.2,4619.2,4619.2,0.80,1031.6,1031.6,1031.6,2171.2,2407.6,2407.6,2407.6,2407.6,2407.6,268.4,532.8,532.8,7912,2049.2,2624,16432,2060.2,791.2,23136,0x5ED09458
2116,0,617932,617.932,0,0,OK,4625.2,4619.2,4619.2,4619.2,4619.2,4619.2,4619.2,4619.2,4619.2,0.00,4619.2,4619.2,4619.2,0.80,1031.6,791.2,791.2,2171.2,4111.6,4110.6,2406.6,4111.6,4110.6,277.4,522.8,512.8,7912,1798.8,5228,11424,2060.2,1292.0,10316,0x1DD20629
2117,0,618033,618.033,0,0,OK,4619.2,4619.2,4619.2,4619.2,4619.2,4619.2,4619.2,4619.2,4619.2,0.00,4619.2,4619.2,4619.2,232.76,1031.6,1031.6,1031.6,2171.2,2407.6,2407.6,2407.6,2407.6,2407.6,518.8,512.8,512.8,5308,1558.4,5128,21540,2060.2,1041.6,18028,0x22A3263A
2118,0,618135,618.135,0,0,OK,4620.2,4619.2,4619.2,4619.2,4619.2,4619.2,4619.2,4619.2,4619.2,0.00,4619.2,4619.2,4619.2,232.76,791.2,1031.6,1031.6,4105.6,2406.6,2407.6,4111.6,2406.6,2407.6,528.8,522.8,512.8,5308,2059.2,2624,19036,2050.2,1041.6,18028,0xC8E85241
2119,0,618237,618.237,0,0,OK,4622.2,4619.2,4619.2,4619.2,4619.2,4619.2,4619.2,4619.2,4619.2,0.00,4619.2,4619.2,4619.2,232.76,791.2,791.2,1031.6,4105.6,4110.6,2406.6,4111.6,4110.6,2406.6,518.8,522.8,262.4,5308,1808.8,2624,19136,2050.2,791.2,5248,0xD7CA9F3B
2120,0,618338,618.338,0,0,OK,4621.2,4619.2,4619.2,4619.2,4619.2,4619.2,4619.2,4619.2,4619.2,0.00,4619.2,4619.2,4619.2,0.80,1031.6,791.2,1031.6,2171.2,4111.6,2406.6,2407.6,4111.6,2406.6,769.2,532.8,272.4,10316,1798.8,2624,14028,1799.8,1031.6,12820,0x3B97F0A9
2121,0,618440,618.440,0,0,OK,4627.2,4619.2,4619.2,4619.2,4619.2,4619.2,4619.2,4619.2,4619.2,0.00,4619.2,4619.2,4619.2,0.80,1031.6,791.2,791.2,2171.2,4111.6,4110.6,2406.6,4111.6,4110.6,267.4,532.8,522.8,10316,1558.4,5128,21540,1559.4,1041.6,12860,0xE0D6FAEE
2122,0,618542,618.542,0,0,OK,4619.2,4619.2,4619.2,4619.2,4619.2,4619.2,4619.2,4619.2,4619.2,0.00,4619.2,4619.2,4619.2,231.76,1031.6,1031.6,791.2,2171.2,2407.6,4111.6,2406.6,2407.6,4111.6,267.4,272.4,512.8,7812,1808.8,5128,21540,1799.8,1282.0,7852,0x6C66029E
2123,0,618643,618.643,0,0,OK,4623.2,4619.2,4619.2,4619.2,4619.2,4619.2,4619.2,4619.2,4619.2,0.00,4619.2,4619.2,4619.2,0.80,1031.6,1031.6,791.2,2171.2,2407.6,4111.6,2406.6,2407.6,4111.6,527.8,262.4,262.4,5308,1558.4,2624,14028,2050.2,1282.0,13020,0x89D6027A
2124,0,618745,618.745,0,0,OK,4621.2,4619.2,4619.2,4619.2,4619.2,4619.2,4619.2,4619.2,4619.2,0.00,4619.2,4619.2,4619.2,0.80,791.2,1031.6,1031.6,4105.6,2406.6,2407.6,4111.6,2406.6,2407.6,528.8,522.8,512.8,5308,2049.2,5128,13928,2060.2,1292.0,40,0x2D478BD9
2125,0,618847,618.847,0,0,OK,4620.2,4619.2,4619.2,4619.2,4619.2,4619.2,4619.2,4619.2,4619.2,0.00,4619.2,4619.2,4619.2,0.80,791.2,1031.6,791.2,4105.6,2406.6,4111.6,4110.6,2406.6,4111.6,267.4,532.8,512.8,7912,2049.2,2624,19036,2050.2,1282.0,5148,0xE85A6BE3
2126,0,618948,618.948,0,0,OK,4623.2,4619.2,4619.2,4619.2,4619.2,4619.2,4619.2,4619.2,4619.2,0.00,4619.2,4619.2,4619.2,0.80,791.2,791.2,1031.6,4105.6,4110.6,2406.6,4111.6,4110.6,2406.6,278.4,512.8,522.8,7912,1808.8,5128,11424,2050.2,1282.0,240,0x72295E16
2127,0,619050,619.050,0,0,OK,4621.2,4619.2,4619.2,4619.2,4619.2,4619.2,4619.2,4619.2,4619.2,0.00,4619.2,4619.2,4619.2,232.76,791.2,1031.6,1031.6,4105.6,2406.6,2407.6,4111.6,2406.6,2407.6,769.2,262.4,532.8,10316,1558.4,2624,13828,2060.2,1031.6,20632,0x2CCF7B67
2128,0,619151,619.151,0,0,OK,4625.2,4619.2,4619.2,4619.2,4619.2,4619.2,4619.2,4619.2,4619.2,0.00,4619.2,4619.2,4619.2,0.80,791.2,791.2,791.2,4105.6,4110.6,4110.6,4110.6,4110.6,4110.6,267.4,532.8,272.4,7912,1798.8,5228,21540,1809.8,1292.0,18028,0x4B2DE3D4
2129,0,619253,619.253,0,0,OK,4624.2,4619.2,4619.2,4619.2,4619.2,4619.2,4619.2,4619.2,4619.2,0.00,4619.2,4619.2,4619.2,231.76,1031.6,791.2,1031.6,2171.2,4111.6,2406.6,2407.6,4111.6,2406.6,268.4,532.8,272.4,5308,1558.4,2624,16432,1809.8,791.2,20732,0xB3CBF77B
2130,0,619355,619.355,0,0,OK,4628.2,4619.2,4619.2,4619.2,4619.2,4619.2,4619.2,4619.2,4619.2,0.00,4619.2,4619.2,4619.2,232.76,1031.6,791.2,1031.6,2171.2,4111.6,2406.6,2407.6,4111.6,2406.6,278.4,532.8,262.4,10316,2059.2,5328,19136,1559.4,1041.6,10456,0x5788B196
2131,0,619457,619.457,0,0,OK,4627.2,4619.2,4619.2,4619.2,4619.2,4619.2,4619.2,4619.2,4619.2,0.00,4619.2,4619.2,4619.2,232.76,791.2,791.2,791.2,4105.6,4110.6,4110.6,4110.6,4110.6,4110.6,517.8,512.8,522.8,7712,1558.4,5228,16532,2050.2,791.2,20732,0x1183B8EF
2132,0,619558,619.558,0,0,OK,4626.2,4619.2,4619.2,4619.2,4619.2,4619.2,4619.2,4619.2,4619.2,0.00,4619.2,4619.2,4619.2,0.80,791.2,791.2,791.2,4105.6,4110.6,4110.6,4110.6,4110.6,4110.6,517.8,512.8,522.8,10316,1808.8,2624,16532,1559.4,791.2,7852,0xAD4B7130
2133,0,619660,619.660,0,0,OK,4627.2,4619.2,4619.2,4619.2,4619.2,4619.2,4619.2,4619.2,4619.2,0.00,4619.2,4619.2,4619.2,0.80,791.2,791.2,1031.6,4105.6,4110.6,2406.6,4111.6,4110.6,2406.6,518.8,522.8,272.4,7912,1558.4,5128,16632,2060.2,1282.0,12860,0x146D2675
2134,0,619761,619.761,0,0,OK,4622.2,4619.2,4619.2,4619.2,4619.2,4619.2,4619.2,4619.2,4619.2,0.00,4619.2,4619.2,4619.2,232.76,791.2,791.2,791.2,4105.6,4110.6,4110.6,4110.6,4110.6,4110.6,768.2,262.4,522.8,7912,1798.8,2724,13928,2060.2,791.2,140,0xF51CFB95
2135,0,619863,619.863,0,0,OK,4625.2,4619.2,4619.2,4619.2,4619.2,4619.2,4619.2,4619.2,4619.2,0.00,4619.2,4619.2,4619.2,232.76,1031.6,1031.6,791.2,2171.2,2407.6,4111.6,2406.6,2407.6,4111.6,527.8,272.4,532.8,7712,1798.8,2624,14028,2050.2,1031.6,15424,0x82A68C35
2136,0,619965,619.965,0,0,OK,4624.2,4619.2,4619.2,4619.2,4619.2,4619.2,4619.2,4619.2,4619.2,0.00,4619.2,4619.2,4619.2,232.76,791.2,791.2,791.2,4105.6,4110.6,4110.6,4110.6,4110.6,4110.6,527.8,512.8,532.8,5308,1798.8,2624,14028,1809.8,1031.6,10256,0x7855480B
2137,0,620067,620.067,0,0,OK,4625.2,4619.2,4619.2,4619.2,4619.2,4619.2,4619.2,4619.2,4619.2,0.00,4619.2,4619.2,4619.2,231.76,791.2,1031.6,1031.6,4105.6,2406.6,2407.6,4111.6,2406.6,2407.6,278.4,522.8,272.4,7912,1808.8,5228,14028,1799.8,1282.0,17928,0x727E6D43
2138,0,620168,620.168,0,0,OK,4620.2,4619.2,4619.2,4619.2,4619.2,4619.2,4619.2,4619.2,4619.2,0.00,4619.2,4619.2,4619.2,231.76,1031.6,1031.6,1031.6,2171.2,2407.6,2407.6,2407.6,2407.6,2407.6,528.8,522.8,532.8,5308,1808.8,2624,14028,2050.2,1282.0,10416,0x2C61A03B
2139,0,620270,620.270,0,0,OK,4622.2,4619.2,4619.2,4619.2,4619.2,4619.2,4619.2,4619.2,4619.2,0.00,4619.2,4619.2,4619.2,232.76,1031.6,791.2,791.2,2171.2,4111.6,4110.6,2406.6,4111.6,4110.6,768.2,512.8,272.4,7912,1808.8,2624,11424,1809.8,1292.0,20632,0xAC7C3942
2140,0,620372,620.372,0,0,OK,4623.2,4619.2,4619.2,4619.2,4619.2,4619.2,4619.2,4619.2,4619.2,0.00,4619.2,4619.2,4619.2,0.80,1031.6,1031.6,791.2,2171.2,2407.6,4111.6,2406.6,2407.6,4111.6,267.4,272.4,272.4,5308,2049.2,2724,19036,1809.8,791.2,20632,0xE0DC3318
2141,0,620473,620.473,0,0,OK,4623.2,4619.2,4619.2,4619.2,4619.2,4619.2,4619.2,4619.2,4619.2,0.00,4619.2,4619.2,4619.2,232.76,1031.6,1031.6,1031.6,2171.2,2407.6,2407.6,2407.6,2407.6,2407.6,518.8,272.4,272.4,5308,1558.4,2724,19136,2060.2,1031.6,23136,0x69BA73C4
2142,0,620575,620.575,0,0,OK,4628.2,4619.2,4619.2,4619.2,4619.2,4619.2,4619.2,4619.2,4619.2,0.00,4619.2,4619.2,4619.2,231.76,791.2,1031.6,791.2,4105.6,2406.6,4111.6,4110.6,2406.6,4111.6,267.4,522.8,262.4,7812,1808.8,2624,14028,1559.4,1282.0,13020,0xB3E4CFE6
2143,0,620677,620.677,0,0,OK,4625.2,4619.2,4619.2,4619.2,4619.2,4619.2,4619.2,4619.2,4619.2,0.00,4619.2,4619.2,4619.2,232.76,791.2,791.2,791.2,4105.6,4110.6,4110.6,4110.6,4110.6,4110.6,267.4,532.8,262.4,5308,1558.4,5328,19036,2050.2,1282.0,5348,0xF0AAA06B
2144,0,620778,620.778,0,0,OK,4621.2,4619.2,4619.2,4619.2,4619.2,4619.2,4619.2,4619.2,4619.2,0.00,4619.2,4619.2,4619.2,232.76,791.2,791.2,791.2,4105.6,4110.6,4110.6,4110.6,4110.6,4110.6,768.2,532.8,272.4,7812,2049.2,2724,11424,1799.8,1041.6,7752,0x8D49E3C6
2145,0,620880,620.880,0,0,OK,4625.2,4619.2,4619.2,4619.2,4619.2,4619.2,4619.2,4619.2,4619.2,0.00,4619.2,4619.2,4619.2,231.76,1031.6,791.2,1031.6,2171.2,4111.6,2406.6,2407.6,4111.6,2406.6,278.4,272.4,262.4,7812,1808.8,5228,11424,2060.2,791.2,5248,0xB9CFF778
2146,0,620981,620.981,0,0,OK,4622.2,4619.2,4619.2,4619.2,4619.2,4619.2,4619.2,4619.2,4619.2,0.00,4619.2,4619.2,4619.2,0.80,791.2,1031.6,791.2,4105.6,2406.6,4111.6,4110.6,2406.6,4111.6,267.4,532.8,532.8,5308,1808.8,2624,19036,1809.8,791.2,15524,0x00201935
2147,0,621083,621.083,0,0,OK,4627.2,4619.2,4619.2,4619.2,4619.2,4619.2,4619.2,4619.2,4619.2,0.00,4619.2,4619.2,4619.2,231.76,791.2,791.2,1031.6,4105.6,4110.6,2406.6,4111.6,4110.6,2406.6,518.8,272.4,522.8,5308,1558.4,2724,13828,2050.2,1282.0,12820,0x67147C93
2148,0,621185,621.185,0,0,OK,4619.2,4619.2,4619.2,4619.2,4619.2,4619.2,4619.2,4619.2,4619.2,0.00,4619.2,4619.2,4619.2,231.76,1031.6,791.2,791.2,2171.2,4111.6,4110.6,2406.6,4111.6,4110.6,267.4,512.8,272.4,7912,1808.8,2724,16532,1799.8,1031.6,15424,0x62E9C989
2149,0,621286,621.286,0,0,OK,4627.2,4619.2,4619.2,4619.2,4619.2,4619.2,4619.2,4619.2,4619.2,0.00,4619.2,4619.2,4619.2,0.80,1031.6,1031.6,1031.6,2171.2,2407.6,2407.6,2407.6,2407.6,2407.6,528.8,522.8,512.8,5308,2059.2,2724,14028,1799.8,1031.6,12860,0xF403B4EF
2150,0,621388,621.388,0,0,OK,4620.2,4619.2,4619.2,4619.2,4619.2,4619.2,4619.2,4619.2,4619.2,0.00,4619.2,4619.2,4619.2,231.76,1031.6,791.2,791.2,2171.2,4111.6,4110.6,2406.6,4111.6,4110.6,277.4,262.4,262.4,7812,2059.2,2624,21540,1559.4,1041.6,5248,0x64857453
2151,0,621490,621.490,0,0,OK,4624.2,4619.2,4619.2,4619.2,4619.2,4619.2,4619.2,4619.2,4619.2,0.00,4619.2,4619.2,4619.2,0.80,791.2,791.2,1031.6,4105.6,4110.6,2406.6,4111.6,4110.6,2406.6,268.4,522.8,512.8,7712,1798.8,5228,16532,1559.4,1041.6,23236,0xA0DC15AA
2152,0,621591,621.591,0,0,OK,4620.2,4619.2,4619.2,4619.2,4619.2,4619.2,4619.2,4619.2,4619.2,0.00,4619.2,4619.2,4619.2,231.76,791.2,1031.6,791.2,4105.6,2406.6,4111.6,4110.6,2406.6,4111.6,527.8,262.4,272.4,7912,1798.8,5228,16632,2060.2,1282.0,7912,0x17520731
2153,0,621693,621.693,0,0,OK,4621.2,4619.2,4619.2,4619.2,4619.2,4619.2,4619.2,4619.2,4619.2,0.00,4619.2,4619.2,4619.2,231.76,791.2,1031.6,791.2,4105.6,2406.6,4111.6,4110.6,2406.6,4111.6,768.2,532.8,272.4,10316,2059.2,5228,16432,1799.8,1031.6,2644,0xDFF28F84
2154,0,621795,621.795,0,0,OK,4621.2,4619.2,4619.2,4619.2,4619.2,4619.2,4619.2,4619.2,4619.2,0.00,4619.2,4619.2,4619.2,0.80,791.2,791.2,791.2,4105.6,4110.6,4110.6,4110.6,4110.6,4110.6,517.8,262.4,262.4,7812,1798.8,2724,19136,1799.8,1282.0,40,0x2B955F7A
2155,0,621896,621.896,0,0,OK,4628.2,4619.2,4619.2,4619.2,4619.2,4619.2,4619.2,4619.2,4619.2,0.00,4619.2,4619.2,4619.2,231.76,791.2,791.2,1031.6,4105.6,4110.6,2406.6,4111.6,4110.6,2406.6,528.8,532.8,522.8,7912,2049.2,2624,21540,1559.4,1282.0,15424,0x1A6DE737
2156,0,621998,621.998,0,0,OK,4627.2,4619.2,4619.2,4619.2,4619.2,4619.2,4619.2,4619.2,4619.2,0.00,4619.2,4619.2,4619.2,0.80,791.2,791.2,791.2,4105.6,4110.6,4110.6,4110.6,4110.6,4110.6,768.2,532.8,272.4,7812,1808.8,5228,19036,1559.4,1041.6,17928,0xB5B2C0B4
2157,0,622100,622.100,0,0,OK,4625.2,4619.2,4619.2,4619.2,4619.2,4619.2,4619.2,4619.2,4619.2,0.00,4619.2,4619.2,4619.2,231.76,791.2,1031.6,1031.6,4105.6,2406.6,2407.6,4111.6,2406.6,2407.6,268.4,522.8,532.8,5308,1808.8,2724,13828,1799.8,1031.6,17928,0x35E06B7A
2158,0,622201,622.201,0,0,OK,4624.2,4619.2,4619.2,4619.2,4619.2,4619.2,4619.2,4619.2,4619.2,0.00,4619.2,4619.2,4619.2,0.80,1031.6,1031.6,791.2,2171.2,2407.6,4111.6,2406.6,2407.6,4111.6,768.2,522.8,512.8,5308,2059.2,2724,14028,1559.4,1282.0,18028,0xB59B8676
2159,0,622303,622.303,0,0,OK,4626.2,4619.2,4619.2,4619.2,4619.2,4619.2,4619.2,4619.2,4619.2,0.00,4619.2,4619.2,4619.2,0.80,791.2,1031.6,791.2,4105.6,2406.6,4111.6,4110.6,2406.6,4111.6,517.8,262.4,522.8,10316,2059.2,5328,11424,1809.8,1031.6,18028,0x4366322C
2160,0,622405,622.405,0,0,OK,4622.2,4619.2,4619.2,4619.2,4619.2,4619.2,4619.2,4619.2,4619.2,0.00,4619.2,4619.2,4619.2,0.80,791.2,1031.6,791.2,4105.6,2406.6,4111.6,4110.6,2406.6,4111.6,267.4,272.4,512.8,7712,2059.2,5128,14028,2060.2,1041.6,17928,0xF9BB131A
2161,0,622506,622.506,0,0,OK,4620.2,4619.2,4619.2,4619.2,4619.2,4619.2,4619.2,4619.2,4619.2,0.00,4619.2,4619.2,4619.2,232.76,1031.6,1031.6,791.2,2171.2,2407.6,4111.6,2406.6,2407.6,4111.6,267.4,262.4,532.8,10316,2059.2,5128,19136,1809.8,791.2,18028,0xB4EE4CBF
2162,0,622608,622.608,0,0,OK,4621.2,4619.2,4619.2,4619.2,4619.2,4619.2,4619.2,4619.2,4619.2,0.00,4619.2,4619.2,4619.2,231.76,791.2,1031.6,1031.6,4105.6,2406.6,2407.6,4111.6,2406.6,2407.6,769.2,532.8,512.8,10316,1558.4,5128,14028,2050.2,791.2,5148,0x692ED970
2163,0,622710,622.710,0,0,OK,4619.2,4619.2,4619.2,4619.2,4619.2,4619.2,4619.2,4619.2,4619.2,0.00,4619.2,4619.2,4619.2,232.76,1031.6,1031.6,1031.6,2171.2,2407.6,2407.6,2407.6,2407.6,2407.6,268.4,272.4,272.4,10316,2049.2,5128,19036,2050.2,1031.6,13020,0x95DCF0E1
2164,0,622811,622.811,0,0,OK,4622.2,4619.2,4619.2,4619.2,4619.2,4619.2,4619.2,4619.2,4619.2,0.00,4619.2,4619.2,4619.2,0.80,791.2,1031.6,791.2,4105.6,2406.6,4111.6,4110.6,2406.6,4111.6,527.8,272.4,532.8,7912,1808.8,2724,19036,1559.4,791.2,5248,0x297A2FD5
2165,0,622913,622.913,0,0,OK,4624.2,4619.2,4619.2,4619.2,4619.2,4619.2,4619.2,4619.2,4619.2,0.00,4619.2,4619.2,4619.2,231.76,791.2,1031.6,1031.6,4105.6,2406.6,2407.6,4111.6,2406.6,2407.6,518.8,272.4,262.4,7812,1808.8,5328,19136,1559.4,1282.0,15424,0x942E6871
2166,0,623014,623.014,0,0,OK,4628.2,4619.2,4619.2,4619.2,4619.2,4619.2,4619.2,4619.2,4619.2,0.00,4619.2,4619.2,4619.2,232.76,791.2,1031.6,791.2,4105.6,2406.6,4111.6,4110.6,2406.6,4111.6,267.4,262.4,272.4,7712,1798.8,2624,13828,1559.4,1292.0,7752,0x77816357
2167,0,623116,623.116,0,0,OK,4626.2,4619.2,4619.2,4619.2,4619.2,4619.2,4619.2,4619.2,4619.2,0.00,4619.2,4619.2,4619.2,231.76,1031.6,1031.6,1031.6,2171.2,2407.6,2407.6,2407.6,2407.6,2407.6,769.2,522.8,512.8,5308,1798.8,5228,13928,2050.2,1282.0,7752,0x9BF9378C
2168,0,623218,623.218,0,0,OK,4621.2,4619.2,4619.2,4619.2,4619.2,4619.2,4619.2,4619.2,4619.2,0.00,4619.2,4619.2,4619.2,231.76,1031.6,1031.6,791.2,2171.2,2407.6,4111.6,2406.6,2407.6,4111.6,277.4,272.4,532.8,10316,2049.2,5228,13928,1559.4,1041.6,7752,0x023A2DA4
2169,0,623319,623.319,0,0,OK,4621.2,4619.2,4619.2,4619.2,4619.2,4619.2,4619.2,4619.2,4619.2,0.00,4619.2,4619.2,4619.2,0.80,791.2,1031.6,1031.6,4105.6,2406.6,2407.6,4111.6,2406.6,2407.6,528.8,262.4,532.8,10316,1558.4,2724,16532,1809.8,1031.6,7852,0x17AD931D
2170,0,623421,623.421,0,0,OK,4619.2,4619.2,4619.2,4619.2,4619.2,4619.2,4619.2,4619.2,4619.2,0.00,4619.2,4619.2,4619.2,231.76,791.2,1031.6,791.2,4105.6,2406.6,4111.6,4110.6,2406.6,4111.6,277.4,522.8,262.4,10316,1558.4,5128,21540,2050.2,791.2,15524,0xA90CA039
2171,0,623523,623.523,0,0,OK,4624.2,4619.2,4619.2,4619.2,4619.2,4619.2,4619.2,4619.2,4619.2,0.00,4619.2,4619.2,4619.2,0.80,1031.6,1031.6,1031.6,2171.2,2407.6,2407.6,2407.6,2407.6,2407.6,528.8,532.8,272.4,7712,1808.8,2624,13828,1809.8,791.2,23236,0xC4CC1C27
2172,0,623624,623.624,0,0,OK,4621.2,4619.2,4619.2,4619.2,4619.2,4619.2,4619.2,4619.2,4619.2,0.00,4619.2,4619.2,4619.2,0.80,1031.6,1031.6,791.2,2171.2,2407.6,4111.6,2406.6,2407.6,4111.6,517.8,262.4,262.4,5308,2049.2,5228,13928,2060.2,1282.0,20532,0x6F9B8298
2173,0,623726,623.726,0,0,OK,4623.2,4619.2,4619.2,4619.2,4619.2,4619.2,4619.2,4619.2,4619.2,0.00,4619.2,4619.2,4619.2,232.76,791.2,1031.6,791.2,4105.6,2406.6,4111.6,4110.6,2406.6,4111.6,517.8,512.8,512.8,7812,1798.8,5128,19136,1809.8,1282.0,12920,0x59099919
2174,0,623828,623.828,0,0,OK,4619.2,4619.2,4619.2,4619.2,4619.2,4619.2,4619.2,4619.2,4619.2,0.00,4619.2,4619.2,4619.2,231.76,791.2,791.2,1031.6,4105.6,4110.6,2406.6,4111.6,4110.6,2406.6,528.8,262.4,522.8,10316,2049.2,5328,14028,1809.8,1041.6,2744,0x79271D44
2175,0,623929,623.929,0,0,OK,4628.2,4619.2,4619.2,4619.2,4619.2,4619.2,4619.2,4619.2,4619.2,0.00,4619.2,4619.2,4619.2,232.76,791.2,1031.6,1031.6,4105.6,2406.6,2407.6,4111.6,2406.6,2407.6,528.8,272.4,512.8,10316,2059.2,5328,13928,1799.8,791.2,2644,0x21747798
2176,0,624031,624.031,0,0,OK,4626.2,4619.2,4619.2,4619.2,4619.2,4619.2,4619.2,4619.2,4619.2,0.00,4619.2,4619.2,4619.2,231.76,791.2,1031.6,791.2,4105.6,2406.6,4111.6,4110.6,2406.6,4111.6,768.2,532.8,272.4,10316,1558.4,5228,19136,1799.8,1282.0,15524,0x2BE02108
2177,0,624133,624.133,0,0,OK,4623.2,4619.2,4619.2,4619.2,4619.2,4619.2,4619.2,4619.2,4619.2,0.00,4619.2,4619.2,4619.2,231.76,1031.6,1031.6,791.2,2171.2,2407.6,4111.6,2406.6,2407.6,4111.6,527.8,272.4,262.4,7712,1558.4,5228,13928,1799.8,1041.6,2744,0x8C34CE8A
2178,0,624234,624.234,0,0,OK,4627.2,4619.2,4619.2,4619.2,4619.2,4619.2,4619.2,4619.2,4619.2,0.00,4619.2,4619.2,4619.2,232.76,1031.6,791.2,791.2,2171.2,4111.6,4110.6,2406.6,4111.6,4110.6,527.8,532.8,262.4,7812,1808.8,2624,11424,2050.2,791.2,23236,0x2460ABCC
2179,0,624336,624.336,0,0,OK,4624.2,4619.2,4619.2,4619.2,4619.2,4619.2,4619.2,4619.2,4619.2,0.00,4619.2,4619.2,4619.2,232.76,791.2,1031.6,791.2,4105.6,2406.6,4111.6,4110.6,2406.6,4111.6,527.8,262.4,532.8,5308,1808.8,2624,13828,1799.8,791.2,12920,0x498C83B1
2180,0,624438,624.438,0,0,OK,4628.2,4619.2,4619.2,4619.2,4619.2,4619.2,4619.2,4619.2,4619.2,0.00,4619.2,4619.2,4619.2,232.76,791.2,1031.6,791.2,4105.6,2406.6,4111.6,4110.6,2406.6,4111.6,277.4,532.8,262.4,7912,1808.8,5328,16632,1559.4,1282.0,5148,0x5E7AEB08
2181,0,624539,624.539,0,0,OK,4620.2,4619.2,4619.2,4619.2,4619.2,4619.2,4619.2,4619.2,4619.2,0.00,4619.2,4619.2,4619.2,0.80,1031.6,791.2,1031.6,2171.2,4111.6,2406.6,2407.6,4111.6,2406.6,518.8,532.8,272.4,7912,1798.8,5128,16632,1559.4,1031.6,13020,0x45F2DF13
2182,0,624641,624.641,0,0,OK,4624.2,4619.2,4619.2,4619.2,4619.2,4619.2,4619.2,4619.2,4619.2,0.00,4619.2,4619.2,4619.2,231.76,791.2,1031.6,1031.6,4105.6,2406.6,2407.6,4111.6,2406.6,2407.6,769.2,272.4,272.4,10316,1558.4,2724,21540,2060.2,1031.6,140,0x312FCFD3
2183,0,624743,624.743,0,0,OK,4622.2,4619.2,4619.2,4619.2,4619.2,4619.2,4619.2,4619.2,4619.2,0.00,4619.2,4619.2,4619.2,0.80,1031.6,791.2,1031.6,2171.2,4111.6,2406.6,2407.6,4111.6,2406.6,528.8,522.8,532.8,7912,2059.2,5128,19136,2060.2,1292.0,10416,0xB6A79D78
2184,0,624844,624.844,0,0,OK,4621.2,4619.2,4619.2,4619.2,4619.2,4619.2,4619.2,4619.2,4619.2,0.00,4619.2,4619.2,4619.2,0.80,791.2,1031.6,1031.6,4105.6,2406.6,2407.6,4111.6,2406.6,2407.6,268.4,512.8,272.4,10316,1808.8,5328,13828,2050.2,1041.6,10356,0x0FE3BD37
2185,0,624946,624.946,0,0,OK,4624.2,4619.2,4619.2,4619.2,4619.2,4619.2,4619.2,4619.2,4619.2,0.00,4619.2,4619.2,4619.2,232.76,1031.6,1031.6,1031.6,2171.2,2407.6,2407.6,2407.6,2407.6,2407.6,528.8,512.8,262.4,10316,1558.4,5328,16432,1809.8,1041.6,23236,0xA939315A
2186,0,625048,625.048,0,0,OK,4626.2,4619.2,4619.2,4619.2,4619.2,4619.2,4619.2,4619.2,4619.2,0.00,4619.2,4619.2,4619.2,231.76,1031.6,1031.6,1031.6,2171.2,2407.6,2407.6,2407.6,2407.6,2407.6,268.4,532.8,262.4,10316,1798.8,2624,11424,2050.2,1292.0,12820,0x616D14BC
2187,0,625149,625.149,0,0,OK,4624.2,4619.2,4619.2,4619.2,4619.2,4619.2,4619.2,4619.2,4619.2,0.00,4619.2,4619.2,4619.2,231.76,791.2,1031.6,791.2,4105.6,2406.6,4111.6,4110.6,2406.6,4111.6,527.8,532.8,262.4,7812,1798.8,2724,14028,2060.2,1041.6,7852,0xFA273BC1
2188,0,625251,625.251,0,0,OK,4619.2,4619.2,4619.2,4619.2,4619.2,4619.2,4619.2,4619.2,4619.2,0.00,4619.2,4619.2,4619.2,231.76,1031.6,791.2,1031.6,2171.2,4111.6,2406.6,2407.6,4111.6,2406.6,769.2,532.8,532.8,7812,1798.8,5128,11424,1809.8,1292.0,240,0x7B60F716
2189,0,625352,625.352,0,0,OK,4621.2,4619.2,4619.2,4619.2,4619.2,4619.2,4619.2,4619.2,4619.2,0.00,4619.2,4619.2,4619.2,232.76,1031.6,791.2,791.2,2171.2,4111.6,4110.6,2406.6,4111.6,4110.6,768.2,272.4,512.8,7812,1808.8,2624,16632,2050.2,1282.0,10456,0x3FA69AE0
2190,0,625454,625.454,0,0,OK,4623.2,4619.2,4619.2,4619.2,4619.2,4619.2,4619.2,4619.2,4619.2,0.00,4619.2,4619.2,4619.2,231.76,1031.6,791.2,1031.6,2171.2,4111.6,2406.6,2407.6,4111.6,2406.6,769.2,522.8,522.8,10316,1558.4,2624,19136,1809.8,1292.0,23136,0x8EEFA7B3
2191,0,625556,625.556,0,0,OK,4623.2,4619.2,4619.2,4619.2,4619.2,4619.2,4619.2,4619.2,4619.2,0.00,4619.2,4619.2,4619.2,231.76,791.2,791.2,791.2,4105.6,4110.6,4110.6,4110.6,4110.6,4110.6,527.8,272.4,272.4,10316,2049.2,5328,14028,1799.8,1282.0,5348,0x98871530
2192,0,625657,625.657,0,0,OK,4619.2,4619.2,4619.2,4619.2,4619.2,4619.2,4619.2,4619.2,4619.2,0.00,4619.2,4619.2,4619.2,231.76,1031.6,1031.6,1031.6,2171.2,2407.6,2407.6,2407.6,2407.6,2407.6,769.2,522.8,522.8,7812,1808.8,5128,16432,2050.2,1282.0,20532,0xB8ACA1AD
2193,0,625759,625.759,0,0,OK,4620.2,4619.2,4619.2,4619.2,4619.2,4619.2,4619.2,4619.2,4619.2,0.00,4619.2,4619.2,4619.2,231.76,1031.6,791.2,1031.6,2171.2,4111.6,2406.6,2407.6,4111.6,2406.6,268.4,532.8,512.8,7712,2049.2,2624,16632,1799.8,1292.0,17928,0x3D95899C
2194,0,625861,625.861,0,0,OK,4627.2,4619.2,4619.2,4619.2,4619.2,4619.2,4619.2,4619.2,4619.2,0.00,4619.2,4619.2,4619.2,231.76,1031.6,1031.6,791.2,2171.2,2407.6,4111.6,2406.6,2407.6,4111.6,527.8,262.4,262.4,10316,1558.4,5128,13828,1809.8,1041.6,23136,0x7AFA7C00
2195,0,625962,625.962,0,0,OK,4623.2,4619.2,4619.2,4619.2,4619.2,4619.2,4619.2,4619.2,4619.2,0.00,4619.2,4619.2,4619.2,231.76,1031.6,1031.6,791.2,2171.2,2407.6,4111.6,2406.6,2407.6,4111.6,517.8,522.8,512.8,10316,1808.8,5128,14028,2050.2,1041.6,2744,0xC04AC036
2196,0,626064,626.064,0,0,OK,4628.2,4619.2,4619.2,4619.2,4619.2,4619.2,4619.2,4619.2,4619.2,0.00,4619.2,4619.2,4619.2,232.76,1031.6,1031.6,791.2,2171.2,2407.6,4111.6,2406.6,2407.6,4111.6,277.4,532.8,262.4,7812,2059.2,2624,16532,1809.8,1282.0,23236,0x858C692D
2197,0,626165,626.165,0,0,OK,4620.2,4619.2,4619.2,4619.2,4619.2,4619.2,4619.2,4619.2,4619.2,0.00,4619.2,4619.2,4619.2,0.80,1031.6,1031.6,791.2,2171.2,2407.6,4111.6,2406.6,2407.6,4111.6,267.4,272.4,512.8,7712,1558.4,2624,16532,2050.2,791.2,5148,0xA2033493
2198,0,626267,626.267,0,0,OK,4627.2,4619.2,4619.2,4619.2,4619.2,4619.2,4619.2,4619.2,4619.2,0.00,4619.2,4619.2,4619.2,0.80,1031.6,791.2,791.2,2171.2,4111.6,4110.6,2406.6,4111.6,4110.6,527.8,522.8,522.8,7812,2059.2,2724,13828,2050.2,1031.6,23236,0x0E54B7F7
2199,0,626369,626.369,0,0,OK,4623.2,4619.2,4619.2,4619.2,4619.2,4619.2,4619.2,4619.2,4619.2,0.00,4619.2,4619.2,4619.2,0.80,791.2,1031.6,1031.6,4105.6,2406.6,2407.6,4111.6,2406.6,2407.6,268.4,272.4,532.8,7712,2059.2,5228,11424,2050.2,1282.0,20632,0x94385A84
2200,0,626470,626.470,0,0,OK,4622.2,4619.2,4619.2,4619.2,4619.2,4619.2,4619.2,4619.2,4619.2,0.00,4619.2,4619.2,4619.2,0.80,1031.6,791.2,1031.6,2171.2,4111.6,2406.6,2407.6,4111.6,2406.6,278.4,512.8,532.8,7712,2049.2,5328,16632,1799.8,1041.6,20632,0xCA155B0F
2201,0,626572,626.572,0,0,OK,4620.2,4619.2,4619.2,4619.2,4619.2,4619.2,4619.2,4619.2,4619.2,0.00,4619.2,4619.2,4619.2,232.76,791.2,1031.6,791.2,4105.6,2406.6,4111.6,4110.6,2406.6,4111.6,527.8,512.8,262.4,5308,2059.2,5228,21540,2060.2,1282.0,23136,0xCF6AB84D
2202,0,626674,626.674,0,0,OK,4626.2,4619.2,4619.2,4619.2,4619.2,4619.2,4619.2,4619.2,4619.2,0.00,4619.2,4619.2,4619.2,232.76,791.2,791.2,791.2,4105.6,4110.6,4110.6,4110.6,4110.6,4110.6,277.4,262.4,532.8,7712,1798.8,2624,19136,2050.2,1282.0,18028,0xC7221BFE
2203,0,626775,626.775,0,0,OK,4627.2,4619.2,4619.2,4619.2,4619.2,4619.2,4619.2,4619.2,4619.2,0.00,4619.2,4619.2,4619.2,231.76,791.2,791.2,1031.6,4105.6,4110.6,2406.6,4111.6,4110.6,2406.6,268.4,262.4,532.8,5308,1558.4,2724,13828,2050.2,1031.6,23136,0xD837AAE8
2204,0,626877,626.877,0,0,OK,4620.2,4619.2,4619.2,4619.2,4619.2,4619.2,4619.2,4619.2,4619.2,0.00,4619.2,4619.2,4619.2,0.80,1031.6,791.2,791.2,2171.2,4111.6,4110.6,2406.6,4111.6,4110.6,517.8,512.8,532.8,7912,2049.2,2624,16432,1809.8,1041.6,10456,0x26126788
2205,0,626978,626.978,0,0,OK,4623.2,4619.2,4619.2,4619.2,4619.2,4619.2,4619.2,4619.2,4619.2,0.00,4619.2,4619.2,4619.2,232.76,791.2,791.2,1031.6,4105.6,4110.6,2406.6,4111.6,4110.6,2406.6,518.8,522.8,512.8,7912,1558.4,5128,11424,1799.8,1031.6,12920,0x150CA24B
2206,0,627080,627.080,0,0,OK,4623.2,4619.2,4619.2,4619.2,4619.2,4619.2,4619.2,4619.2,4619.2,0.00,4619.2,4619.2,4619.2,231.76,1031.6,791.2,791.2,2171.2,4111.6,4110.6,2406.6,4111.6,4110.6,267.4,512.8,512.8,5308,2059.2,2724,11424,1559.4,791.2,13020,0xBF9E9F14
2207,0,627182,627.182,0,0,OK,4623.2,4619.2,4619.2,4619.2,4619.2,4619.2,4619.2,4619.2,4619.2,0.00,4619.2,4619.2,4619.2,232.76,791.2,1031.6,791.2,4105.6,2406.6,4111.6,4110.6,2406.6,4111.6,267.4,272.4,262.4,5308,2059.2,5328,19136,1799.8,1292.0,2644,0x8621D8FD
2208,0,627283,627.283,0,0,OK,4627.2,4619.2,4619.2,4619.2,4619.2,4619.2,4619.2,4619.2,4619.2,0.00,4619.2,4619.2,4619.2,232.76,1031.6,791.2,1031.6,2171.2,4111.6,2406.6,2407.6,4111.6,2406.6,278.4,272.4,272.4,5308,2059.2,5328,16432,1809.8,791.2,15524,0x88C9EAA9
2209,0,627385,627.385,0,0,OK,4625.2,4619.2,4619.2,4619.2,4619.2,4619.2,4619.2,4619.2,4619.2,0.00,4619.2,4619.2,4619.2,231.76,791.2,791.2,791.2,4105.6,4110.6,4110.6,4110.6,4110.6,4110.6,267.4,522.8,272.4,10316,1798.8,5328,13828,2050.2,1282.0,18128,0x07F6AA44
2210,0,627487,627.487,0,0,OK,4621.2,4619.2,4619.2,4619.2,4619.2,4619.2,4619.2,4619.2,4619.2,0.00,4619.2,4619.2,4619.2,0.80,791.2,791.2,1031.6,4105.6,4110.6,2406.6,4111.6,4110.6,2406.6,769.2,512.8,522.8,10316,2049.2,2724,16432,2060.2,1041.6,15524,0xA02738B6
2211,0,627588,627.588,0,0,OK,4627.2,4619.2,4619.2,4619.2,4619.2,4619.2,4619.2,4619.2,4619.2,0.00,4619.2,4619.2,4619.2,0.80,1031.6,791.2,791.2,2171.2,4111.6,4110.6,2406.6,4111.6,4110.6,768.2,512.8,272.4,7812,1808.8,5328,19136,2050.2,1041.6,12920,0xFA7CC584
2212,0,627690,627.690,0,0,OK,4624.2,4619.2,4619.2,4619.2,4619.2,4619.2,4619.2,4619.2,4619.2,0.00,4619.2,4619.2,4619.2,232.76,791.2,1031.6,1031.6,4105.6,2406.6,2407.6,4111.6,2406.6,2407.6,268.4,272.4,512.8,7712,1798.8,2724,19136,1809.8,1292.0,5348,0x5BD9C6F7
2213,0,627791,627.791,0,0,OK,4622.2,4619.2,4619.2,4619.2,4619.2,4619.2,4619.2,4619.2,4619.2,0.00,4619.2,4619.2,4619.2,232.76,1031.6,1031.6,1031.6,2171.2,2407.6,2407.6,2407.6,2407.6,2407.6,278.4,522.8,532.8,10316,2049.2,5228,19136,2050.2,1282.0,17928,0x39A64E88
2214,0,627893,627.893,0,0,OK,4621.2,4619.2,4619.2,4619.2,4619.2,4619.2,4619.2,4619.2,4619.2,0.00,4619.2,4619.2,4619.2,0.80,791.2,791.2,791.2,4105.6,4110.6,4110.6,4110.6,4110.6,4110.6,517.8,522.8,512.8,5308,2059.2,2724,11424,1559.4,1041.6,20632,0x6EEB0B39
2215,0,627995,627.995,0,0,OK,4623.2,4619.2,4619.2,4619.2,4619.2,4619.2,4619.2,4619.2,4619.2,0.00,4619.2,4619.2,4619.2,232.76,791.2,791.2,1031.6,4105.6,4110.6,2406.6,4111.6,4110.6,2406.6,769.2,522.8,262.4,5308,1558.4,2624,16632,1559.4,1031.6,18028,0x5B2DDA07
2216,0,628096,628.096,0,0,OK,4625.2,4619.2,4619.2,4619.2,4619.2,4619.2,4619.2,4619.2,4619.2,0.00,4619.2,4619.2,4619.2,0.80,791.2,1031.6,791.2,4105.6,2406.6,4111.6,4110.6,2406.6,4111.6,277.4,272.4,262.4,5308,1798.8,5128,21540,1799.8,791.2,15524,0x2EE06266
2217,0,628198,628.198,0,0,OK,4624.2,4619.2,4619.2,4619.2,4619.2,4619.2,4619.2,4619.2,4619.2,0.00,4619.2,4619.2,4619.2,231.76,791.2,791.2,1031.6,4105.6,4110.6,2406.6,4111.6,4110.6,2406.6,278.4,512.8,512.8,10316,2049.2,5128,16632,2060.2,1031.6,2644,0xF5E30476
2218,0,628300,628.300,0,0,OK,4623.2,4619.2,4619.2,4619.2,4619.2,4619.2,4619.2,4619.2,4619.2,0.00,4619.2,4619.2,4619.2,231.76,791.2,1031.6,1031.6,4105.6,2406.6,2407.6,4111.6,2406.6,2407.6,278.4,512.8,522.8,5308,2049.2,2624,13828,1799.8,1292.0,20532,0x53328EAC
2219,0,628401,628.401,0,0,OK,4620.2,4619.2,4619.2,4619.2,4619.2,4619.2,4619.2,4619.2,4619.2,0.00,4619.2,4619.2,4619.2,232.76,791.2,1031.6,1031.6,4105.6,2406.6,2407.6,4111.6,2406.6,2407.6,268.4,272.4,512.8,7912,2059.2,2724,16632,1559.4,791.2,10456,0x60DF65AC
2220,0,628503,628.503,0,0,OK,4623.2,4619.2,4619.2,4619.2,4619.2,4619.2,4619.2,4619.2,4619.2,0.00,4619.2,4619.2,4619.2,232.76,791.2,791.2,791.2,4105.6,4110.6,4110.6,4110.6,4110.6,4110.6,527.8,512.8,262.4,5308,2049.2,5228,11424,1559.4,1041.6,7912,0x9D238E4C
2221,0,628605,628.605,0,0,OK,4625.2,4619.2,4619.2,4619.2,4619.2,4619.2,4619.2,4619.2,4619.2,0.00,4619.2,4619.2,4619.2,232.76,791.2,1031.6,1031.6,4105.6,2406.6,2407.6,4111.6,2406.6,2407.6,528.8,522.8,532.8,7912,1808.8,5228,21540,1799.8,791.2,12820,0x7880923C
2222,0,628706,628.706,0,0,OK,4625.2,4619.2,4619.2,4619.2,4619.2,4619.2,4619.2,4619.2,4619.2,0.00,4619.2,4619.2,4619.2,231.76,1031.6,1031.6,1031.6,2171.2,2407.6,2407.6,2407.6,2407.6,2407.6,528.8,512.8,512.8,10316,2049.2,5128,16532,2050.2,791.2,40,0xD848F317
2223,0,628808,628.808,0,0,OK,4621.2,4619.2,4619.2,4619.2,4619.2,4619.2,4619.2,4619.2,4619.2,0.00,4619.2,4619.2,4619.2,231.76,1031.6,791.2,791.2,2171.2,4111.6,4110.6,2406.6,4111.6,4110.6,517.8,512.8,272.4,10316,2059.2,5228,19136,1809.8,1292.0,2744,0x7BC52E6F
2224,0,628910,628.910,0,0,OK,4628.2,4619.2,4619.2,4619.2,4619.2,4619.2,4619.2,4619.2,4619.2,0.00,4619.2,4619.2,4619.2,231.76,791.2,1031.6,1031.6,4105.6,2406.6,2407.6,4111.6,2406.6,2407.6,518.8,522.8,272.4,5308,1558.4,2724,21540,2050.2,1041.6,40,0x58CC11EB
2225,0,629011,629.011,0,0,OK,4627.2,4619.2,4619.2,4619.2,4619.2,4619.2,4619.2,4619.2,4619.2,0.00,4619.2,4619.2,4619.2,231.76,1031.6,791.2,791.2,2171.2,4111.6,4110.6,2406.6,4111.6,4110.6,768.2,522.8,532.8,5308,1558.4,5228,13828,2050.2,791.2,5248,0x050149B1
2226,0,629113,629.113,0,0,OK,4627.2,4619.2,4619.2,4619.2,4619.2,4619.2,4619.2,4619.2,4619.2,0.00,4619.2,4619.2,4619.2,232.76,1031.6,791.2,791.2,2171.2,4111.6,4110.6,2406.6,4111.6,4110.6,768.2,262.4,522.8,7812,2059.2,2724,16632,2060.2,1031.6,7852,0x67A600A3
2227,0,629214,629.214,0,0,OK,4619.2,4619.2,4619.2,4619.2,4619.2,4619.2,4619.2,4619.2,4619.2,0.00,4619.2,4619.2,4619.2,232.76,1031.6,1031.6,1031.6,2171.2,2407.6,2407.6,2407.6,2407.6,2407.6,769.2,262.4,272.4,7812,1808.8,2724,16432,1799.8,1041.6,40,0x06187C46
2228,0,629316,629.316,0,0,OK,4623.2,4619.2,4619.2,4619.2,4619.2,4619.2,4619.2,4619.2,4619.2,0.00,4619.2,4619.2,4619.2,231.76,791.2,791.2,1031.6,4105.6,4110.6,2406.6,4111.6,4110.6,2406.6,769.2,262.4,272.4,7912,1808.8,5228,19036,2050.2,1031.6,12920,0xA8701338
2229,0,629418,629.418,0,0,OK,4625.2,4619.2,4619.2,4619.2,4619.2,4619.2,4619.2,4619.2,4619.2,0.00,4619.2,4619.2,4619.2,0.80,791.2,1031.6,1031.6,4105.6,2406.6,2407.6,4111.6,2406.6,2407.6,528.8,532.8,532.8,7912,1798.8,5228,19036,2050.2,1031.6,12920,0x47158423
2230,0,629519,629.519,0,0,OK,4623.2,4619.2,4619.2,4619.2,4619.2,4619.2,4619.2,4619.2,4619.2,0.00,4619.2,4619.2,4619.2,232.76,1031.6,1031.6,791.2,2171.2,2407.6,4111.6,2406.6,2407.6,4111.6,768.2,532.8,512.8,7812,1808.8,5328,16632,1799.8,791.2,20632,0x37674506
2231,0,629621,629.621,0,0,OK,4621.2,4619.2,4619.2,4619.2,4619.2,4619.2,4619.2,4619.2,4619.2,0.00,4619.2,4619.2,4619.2,0.80,1031.6,791.2,1031.6,2171.2,4111.6,2406.6,2407.6,4111.6,2406.6,769.2,512.8,272.4,7812,2049.2,5328,19036,1809.8,1282.0,15424,0xD5761D77
2232,0,629722,629.722,0,0,OK,4625.2,4619.2,4619.2,4619.2,4619.2,4619.2,4619.2,4619.2,4619.2,0.00,4619.2,4619.2,4619.2,0.80,791.2,791.2,1031.6,4105.6,4110.6,2406.6,4111.6,4110.6,2406.6,518.8,262.4,262.4,7812,2049.2,5228,13828,1809.8,791.2,7912,0x5CA17537
2233,0,629824,629.824,0,0,OK,4621.2,4619.2,4619.2,4619.2,4619.2,4619.2,4619.2,4619.2,4619.2,0.00,4619.2,4619.2,4619.2,232.76,791.2,1031.6,791.2,4105.6,2406.6,4111.6,4110.6,2406.6,4111.6,768.2,532.8,532.8,10316,1808.8,5228,19136,2050.2,1031.6,40,0xD13E87FA
2234,0,629926,629.926,0,0,OK,4628.2,4619.2,4619.2,4619.2,4619.2,4619.2,4619.2,4619.2,4619.2,0.00,4619.2,4619.2,4619.2,0.80,791.2,791.2,1031.6,4105.6,4110.6,2406.6,4111.6,4110.6,2406.6,518.8,262.4,272.4,7812,1798.8,2624,13928,2050.2,1292.0,17928,0xD82C6BAA
2235,0,630027,630.027,0,0,OK,4628.2,4619.2,4619.2,4619.2,4619.2,4619.2,4619.2,4619.2,4619.2,0.00,4619.2,4619.2,4619.2,231.76,791.2,791.2,791.2,4105.6,4110.6,4110.6,4110.6,4110.6,4110.6,277.4,512.8,532.8,7712,2059.2,2624,19036,2060.2,791.2,15424,0x44F6E61F
2236,0,630129,630.129,0,0,OK,4625.2,4619.2,4619.2,4619.2,4619.2,4619.2,4619.2,4619.2,4619.2,0.00,4619.2,4619.2,4619.2,0.80,791.2,791.2,791.2,4105.6,4110.6,4110.6,4110.6,4110.6,4110.6,267.4,532.8,262.4,5308,1798.8,2724,19136,1799.8,1282.0,20732,0x577C58AC
2237,0,630231,630.231,0,0,OK,4624.2,4619.2,4619.2,4619.2,4619.2,4619.2,4619.2,4619.2,4619.2,0.00,4619.2,4619.2,4619.2,232.76,791.2,791.2,791.2,4105.6,4110.6,4110.6,4110.6,4110.6,4110.6,527.8,532.8,262.4,7912,1798.8,5228,16432,2050.2,1282.0,5348,0x79F7ACA8
2238,0,630332,630.332,0,0,OK,4626.2,4619.2,4619.2,4619.2,4619.2,4619.2,4619.2,4619.2,4619.2,0.00,4619.2,4619.2,4619.2,231.76,1031.6,1031.6,1031.6,2171.2,2407.6,2407.6,2407.6,2407.6,2407.6,268.4,532.8,522.8,7812,1798.8,5328,16432,1809.8,1282.0,10356,0x6C136732
2239,0,630434,630.434,0,0,OK,4619.2,4619.2,4619.2,4619.2,4619.2,4619.2,4619.2,4619.2,4619.2,0.00,4619.2,4619.2,4619.2,232.76,1031.6,791.2,1031.6,2171.2,4111.6,2406.6,2407.6,4111.6,2406.6,528.8,512.8,522.8,7812,1798.8,5328,11424,1799.8,1041.6,5148,0xFDC9D723
2240,0,630536,630.536,0,0,OK,4623.2,4619.2,4619.2,4619.2,4619.2,4619.2,4619.2,4619.2,4619.2,0.00,4619.2,4619.2,4619.2,0.80,791.2,791.2,791.2,4105.6,4110.6,4110.6,4110.6,4110.6,4110.6,277.4,532.8,532.8,10316,1558.4,5128,16432,1809.8,791.2,240,0x0EF36DFF
2241,0,630637,630.637,0,0,OK,4625.2,4619.2,4619.2,4619.2,4619.2,4619.2,4619.2,4619.2,4619.2,0.00,4619.2,4619.2,4619.2,0.80,1031.6,1031.6,1031.6,2171.2,2407.6,2407.6,2407.6,2407.6,2407.6,769.2,532.8,512.8,7812,2049.2,2624,13928,2060.2,791.2,5248,0x74348039
2242,0,630739,630.739,0,0,OK,4620.2,4619.2,4619.2,4619.2,4619.2,4619.2,4619.2,4619.2,4619.2,0.00,4619.2,4619.2,4619.2,0.80,791.2,791.2,1031.6,4105.6,4110.6,2406.6,4111.6,4110.6,2406.6,528.8,512.8,262.4,7812,2049.2,5228,16432,1559.4,1292.0,12860,0x119FAD4F
2243,0,630840,630.840,0,0,OK,4619.2,4619.2,4619.2,4619.2,4619.2,4619.2,4619.2,4619.2,4619.2,0.00,4619.2,4619.2,4619.2,232.76,1031.6,791.2,791.2,2171.2,4111.6,4110.6,2406.6,4111.6,4110.6,527.8,532.8,262.4,7712,1808.8,5128,19036,1799.8,1041.6,2744,0x9D6541B0
2244,0,630942,630.942,0,0,OK,4620.2,4619.2,4619.2,4619.2,4619.2,4619.2,4619.2,4619.2,4619.2,0.00,4619.2,4619.2,4619.2,0.80,1031.6,791.2,791.2,2171.2,4111.6,4110.6,2406.6,4111.6,4110.6,517.8,532.8,522.8,10316,2049.2,5128,19036,1799.8,1292.0,240,0x934D5901
2245,0,631044,631.044,0,0,OK,4620.2,4619.2,4619.2,4619.2,4619.2,4619.2,4619.2,4619.2,4619.2,0.00,4619.2,4619.2,4619.2,232.76,1031.6,791.2,1031.6,2171.2,4111.6,2406.6,2407.6,4111.6,2406.6,528.8,272.4,272.4,7912,1808.8,5328,16432,2060.2,1282.0,7912,0xE6332ACA
2246,0,631145,631.145,0,0,OK,4624.2,4619.2,4619.2,4619.2,4619.2,4619.2,4619.2,4619.2,4619.2,0.00,4619.2,4619.2,4619.2,0.80,1031.6,1031.6,1031.6,2171.2,2407.6,2407.6,2407.6,2407.6,2407.6,268.4,512.8,262.4,5308,1798.8,2624,16432,1809.8,1031.6,2644,0xE146C718
2247,0,631247,631.247,0,0,OK,4621.2,4619.2,4619.2,4619.2,4619.2,4619.2,4619.2,4619.2,4619.2,0.00,4619.2,4619.2,4619.2,231.76,791.2,791.2,791.2,4105.6,4110.6,4110.6,4110.6,4110.6,4110.6,527.8,532.8,522.8,5308,1558.4,5328,19036,2060.2,1041.6,20532,0x8BBAA32E
2248,0,631349,631.349,0,0,OK,4628.2,4619.2,4619.2,4619.2,4619.2,4619.2,4619.2,4619.2,4619.2,0.00,4619.2,4619.2,4619.2,231.76,1031.6,791.2,791.2,2171.2,4111.6,4110.6,2406.6,4111.6,4110.6,517.8,262.4,522.8,7712,1558.4,2624,13928,1809.8,1041.6,12860,0x29B69C62
2249,0,631450,631.450,0,0,OK,4620.2,4619.2,4619.2,4619.2,4619.2,4619.2,4619.2,4619.2,4619.2,0.00,4619.2,4619.2,4619.2,0.80,791.2,1031.6,1031.6,4105.6,2406.6,2407.6,4111.6,2406.6,2407.6,278.4,522.8,532.8,7812,1558.4,5328,19036,1809.8,791.2,20632,0x29AE93B6
2250,0,631552,631.552,0,0,OK,4628.2,4619.2,4619.2,4619.2,4619.2,4619.2,4619.2,4619.2,4619.2,0.00,4619.2,4619.2,4619.2,0.80,1031.6,791.2,791.2,2171.2,4111.6,4110.6,2406.6,4111.6,4110.6,768.2,532.8,512.8,7812,1808.8,2624,19136,2050.2,791.2,2644,0xB951275A
2251,0,631654,631.654,0,0,OK,4622.2,4619.2,4619.2,4619.2,4619.2,4619.2,4619.2,4619.2,4619.2,0.00,4619.2,4619.2,4619.2,0.80,1031.6,791.2,1031.6,2171.2,4111.6,2406.6,2407.6,4111.6,2406.6,769.2,262.4,272.4,5308,1558.4,2724,14028,2050.2,1041.6,15424,0x0B2EC746
2252,0,631755,631.755,0,0,OK,4619.2,4619.2,4619.2,4619.2,4619.2,4619.2,4619.2,4619.2,4619.2,0.00,4619.2,4619.2,4619.2,231.76,1031.6,791.2,791.2,2171.2,4111.6,4110.6,2406.6,4111.6,4110.6,517.8,272.4,512.8,7712,1798.8,5128,16632,2060.2,1282.0,12920,0xC2EF2F10
2253,0,631857,631.857,0,0,OK,4628.2,4619.2,4619.2,4619.2,4619.2,4619.2,4619.2,4619.2,4619.2,0.00,4619.2,4619.2,4619.2,232.76,1031.6,791.2,1031.6,2171.2,4111.6,2406.6,2407.6,4111.6,2406.6,268.4,522.8,262.4,7812,1798.8,2724,19136,2060.2,1282.0,23236,0x985DFE44
2254,0,631959,631.959,0,0,OK,4624.2,4619.2,4619.2,4619.2,4619.2,4619.2,4619.2,4619.2,4619.2,0.00,4619.2,4619.2,4619.2,231.76,1031.6,791.2,1031.6,2171.2,4111.6,2406.6,2407.6,4111.6,2406.6,268.4,522.8,512.8,7912,1808.8,5328,19136,2060.2,1031.6,2744,0x08BA2614
2255,0,632060,632.060,0,0,OK,4623.2,4619.2,4619.2,4619.2,4619.2,4619.2,4619.2,4619.2,4619.2,0.00,4619.2,4619.2,4619.2,231.76,791.2,791.2,791.2,4105.6,4110.6,4110.6,4110.6,4110.6,4110.6,517.8,272.4,532.8,7912,2059.2,5228,19136,1799.8,1282.0,7752,0xDE8CAE10
2256,0,632162,632.162,0,0,OK,4621.2,4619.2,4619.2,4619.2,4619.2,4619.2,4619.2,4619.2,4619.2,0.00,4619.2,4619.2,4619.2,232.76,791.2,1031.6,791.2,4105.6,2406.6,4111.6,4110.6,2406.6,4111.6,527.8,522.8,512.8,7712,2059.2,5328,13928,2050.2,1031.6,15424,0x8B4C5A85
2257,0,632264,632.264,0,0,OK,4621.2,4619.2,4619.2,4619.2,4619.2,4619.2,4619.2,4619.2,4619.2,0.00,4619.2,4619.2,4619.2,231.76,1031.6,791.2,1031.6,2171.2,4111.6,2406.6,2407.6,4111.6,2406.6,769.2,532.8,522.8,7812,2059.2,2724,13828,1559.4,791.2,12920,0x41C4792A
2258,0,632365,632.365,0,0,OK,4623.2,4619.2,4619.2,4619.2,4619.2,4619.2,4619.2,4619.2,4619.2,0.00,4619.2,4619.2,4619.2,232.76,1031.6,791.2,791.2,2171.2,4111.6,4110.6,2406.6,4111.6,4110.6,768.2,522.8,532.8,5308,1558.4,5228,16432,1799.8,791.2,2644,0xB6B8D42B
2259,0,632467,632.467,0,0,OK,4627.2,4619.2,4619.2,4619.2,4619.2,4619.2,4619.2,4619.2,4619.2,0.00,4619.2,4619.2,4619.2,0.80,1031.6,1031.6,1031.6,2171.2,2407.6,2407.6,2407.6,2407.6,2407.6,278.4,532.8,512.8,10316,1798.8,5228,11424,1809.8,791.2,140,0x58F60F1C
2260,0,632569,632.569,0,0,OK,4628.2,4619.2,4619.2,4619.2,4619.2,4619.2,4619.2,4619.2,4619.2,0.00,4619.2,4619.2,4619.2,232.76,791.2,791.2,1031.6,4105.6,4110.6,2406.6,4111.6,4110.6,2406.6,528.8,532.8,262.4,7712,2049.2,5328,21540,1809.8,1031.6,5248,0x62E39224
2261,0,632670,632.670,0,0,OK,4626.2,4619.2,4619.2,4619.2,4619.2,4619.2,4619.2,4619.2,4619.2,0.00,4619.2,4619.2,4619.2,231.76,1031.6,791.2,791.2,2171.2,4111.6,4110.6,2406.6,4111.6,4110.6,527.8,512.8,262.4,5308,2059.2,5228,13928,2060.2,1282.0,240,0xB59F3B07
2262,0,632772,632.772,0,0,OK,4627.2,4619.2,4619.2,4619.2,4619.2,4619.2,4619.2,4619.2,4619.2,0.00,4619.2,4619.2,4619.2,0.80,1031.6,791.2,791.2,2171.2,4111.6,4110.6,2406.6,4111.6,4110.6,277.4,512.8,262.4,7712,1798.8,5128,19136,2050.2,1031.6,12820,0x12E36B9F
2263,0,632873,632.873,0,0,OK,4621.2,4619.2,4619.2,4619.2,4619.2,4619.2,4619.2,4619.2,4619.2,0.00,4619.2,4619.2,4619.2,232.76,1031.6,791.2,791.2,2171.2,4111.6,4110.6,2406.6,4111.6,4110.6,277.4,512.8,272.4,10316,2049.2,5128,11424,2060.2,1282.0,5148,0x7E378CE4
2264,0,632975,632.975,0,0,OK,4625.2,4619.2,4619.2,4619.2,4619.2,4619.2,4619.2,4619.2,4619.2,0.00,4619.2,4619.2,4619.2,232.76,791.2,791.2,1031.6,4105.6,4110.6,2406.6,4111.6,4110.6,2406.6,518.8,272.4,512.8,7712,2049.2,5328,11424,1799.8,1292.0,10456,0xE5458A27
2265,0,633077,633.077,0,0,OK,4626.2,4619.2,4619.2,4619.2,4619.2,4619.2,4619.2,4619.2,4619.2,0.00,4619.2,4619.2,4619.2,231.76,791.2,791.2,1031.6,4105.6,4110.6,2406.6,4111.6,4110.6,2406.6,528.8,512.8,512.8,7912,1558.4,2724,19036,1809.8,1292.0,15424,0x440479A3
2266,0,633178,633.178,0,0,OK,4619.2,4619.2,4619.2,4619.2,4619.2,4619.2,4619.2,4619.2,4619.2,0.00,4619.2,4619.2,4619.2,0.80,791.2,1031.6,791.2,4105.6,2406.6,4111.6,4110.6,2406.6,4111.6,277.4,512.8,272.4,7812,1558.4,2624,13828,1799.8,791.2,18128,0x02905E11
2267,0,633280,633.280,0,0,OK,4626.2,4619.2,4619.2,4619.2,4619.2,4619.2,4619.2,4619.2,4619.2,0.00,4619.2,4619.2,4619.2,231.76,791.2,791.2,791.2,4105.6,4110.6,4110.6,4110.6,4110.6,4110.6,768.2,262.4,522.8,7812,2059.2,5228,19136,1559.4,1031.6,15524,0xE5705159
2268,0,633382,633.382,0,0,OK,4620.2,4619.2,4619.2,4619.2,4619.2,4619.2,4619.2,4619.2,4619.2,0.00,4619.2,4619.2,4619.2,0.80,1031.6,1031.6,1031.6,2171.2,2407.6,2407.6,2407.6,2407.6,2407.6,769.2,532.8,272.4,7912,1798.8,5328,19036,1799.8,1041.6,7752,0x728A5A23
2269,0,633483,633.483,0,0,OK,4624.2,4619.2,4619.2,4619.2,4619.2,4619.2,4619.2,4619.2,4619.2,0.00,4619.2,4619.2,4619.2,231.76,791.2,791.2,1031.6,4105.6,4110.6,2406.6,4111.6,4110.6,2406.6,268.4,262.4,522.8,7712,2059.2,2624,16532,1559.4,1031.6,10416,0x5B32DCD0
2270,0,633585,633.585,0,0,OK,4626.2,4619.2,4619.2,4619.2,4619.2,4619.2,4619.2,4619.2,4619.2,0.00,4619.2,4619.2,4619.2,231.76,1031.6,791.2,791.2,2171.2,4111.6,4110.6,2406.6,4111.6,4110.6,517.8,532.8,262.4,7812,1798.8,2624,16532,2050.2,1031.6,5348,0x1682C890
2271,0,633687,633.687,0,0,OK,4620.2,4619.2,4619.2,4619.2,4619.2,4619.2,4619.2,4619.2,4619.2,0.00,4619.2,4619.2,4619.2,232.76,1031.6,1031.6,791.2,2171.2,2407.6,4111.6,2406.6,2407.6,4111.6,517.8,512.8,532.8,7812,1558.4,5228,14028,2060.2,1041.6,5248,0xEFC4DD82
2272,0,633788,633.788,0,0,OK,4628.2,4619.2,4619.2,4619.2,4619.2,4619.2,4619.2,4619.2,4619.2,0.00,4619.2,4619.2,4619.2,0.80,791.2,1031.6,791.2,4105.6,2406.6,4111.6,4110.6,2406.6,4111.6,267.4,532.8,522.8,10316,1808.8,2624,11424,2050.2,1292.0,12920,0xA4C07F09
2273,0,633890,633.890,0,0,OK,4626.2,4619.2,4619.2,4619.2,4619.2,4619.2,4619.2,4619.2,4619.2,0.00,4619.2,4619.2,4619.2,231.76,791.2,791.2,791.2,4105.6,4110.6,4110.6,4110.6,4110.6,4110.6,517.8,522.8,512.8,7812,1558.4,5228,14028,1559.4,1041.6,5348,0x46346173
2274,0,633992,633.992,0,0,OK,4625.2,4619.2,4619.2,4619.2,4619.2,4619.2,4619.2,4619.2,4619.2,0.00,4619.2,4619.2,4619.2,0.80,1031.6,791.2,791.2,2171.2,4111.6,4110.6,2406.6,4111.6,4110.6,267.4,262.4,272.4,7812,1808.8,5128,11424,2060.2,1282.0,12920,0x740A29AC
2275,0,634093,634.093,0,0,OK,4622.2,4619.2,4619.2,4619.2,4619.2,4619.2,4619.2,4619.2,4619.2,0.00,4619.2,4619.2,4619.2,232.76,791.2,1031.6,791.2,4105.6,2406.6,4111.6,4110.6,2406.6,4111.6,277.4,272.4,272.4,5308,1808.8,2624,19136,1799.8,1031.6,10356,0xB5B25384
2276,0,634195,634.195,0,0,OK,4619.2,4619.2,4619.2,4619.2,4619.2,4619.2,4619.2,4619.2,4619.2,0.00,4619.2,4619.2,4619.2,232.76,791.2,1031.6,1031.6,4105.6,2406.6,2407.6,4111.6,2406.6,2407.6,278.4,262.4,272.4,5308,2049.2,5128,13828,2050.2,1282.0,23136,0x0AEAA88F
2277,0,634296,634.296,0,0,OK,4628.2,4619.2,4619.2,4619.2,4619.2,4619.2,4619.2,4619.2,4619.2,0.00,4619.2,4619.2,4619.2,231.76,791.2,791.2,791.2,4105.6,4110.6,4110.6,4110.6,4110.6,4110.6,768.2,262.4,532.8,10316,1798.8,5328,21540,2050.2,1031.6,140,0xDD8BA01B
2278,0,634398,634.398,0,0,OK,4627.2,4619.2,4619.2,4619.2,4619.2,4619.2,4619.2,4619.2,4619.2,0.00,4619.2,4619.2,4619.2,231.76,1031.6,1031.6,1031.6,2171.2,2407.6,2407.6,2407.6,2407.6,2407.6,528.8,522.8,532.8,10316,1808.8,2624,16432,1559.4,1041.6,13020,0x197F27BB
2279,0,634500,634.500,0,0,OK,4627.2,4619.2,4619.2,4619.2,4619.2,4619.2,4619.2,4619.2,4619.2,0.00,4619.2,4619.2,4619.2,231.76,1031.6,1031.6,791.2,2171.2,2407.6,4111.6,2406.6,2407.6,4111.6,267.4,262.4,272.4,7912,2059.2,5128,16632,2060.2,791.2,2744,0x240FE6E1
2280,0,634601,634.601,0,0,OK,4627.2,4619.2,4619.2,4619.2,4619.2,4619.2,4619.2,4619.2,4619.2,0.00,4619.2,4619.2,4619.2,232.76,1031.6,791.2,791.2,2171.2,4111.6,4110.6,2406.6,4111.6,4110.6,527.8,532.8,272.4,7912,2059.2,5128,16432,1559.4,1282.0,18128,0x5C1546DE
2281,0,634703,634.703,0,0,OK,4626.2,4619.2,4619.2,4619.2,4619.2,4619.2,4619.2,4619.2,4619.2,0.00,4619.2,4619.2,4619.2,0.80,791.2,791.2,791.2,4105.6,4110.6,4110.6,4110.6,4110.6,4110.6,277.4,272.4,532.8,10316,2049.2,5228,14028,1809.8,1292.0,13020,0xC9352308
2282,0,634805,634.805,0,0,OK,4623.2,4619.2,4619.2,4619.2,4619.2,4619.2,4619.2,4619.2,4619.2,0.00,4619.2,4619.2,4619.2,232.76,791.2,791.2,1031.6,4105.6,4110.6,2406.6,4111.6,4110.6,2406.6,528.8,512.8,512.8,7912,2059.2,2724,19036,1809.8,1292.0,7912,0x8048CB89
2283,0,634906,634.906,0,0,OK,4625.2,4619.2,4619.2,4619.2,4619.2,4619.2,4619.2,4619.2,4619.2,0.00,4619.2,4619.2,4619.2,0.80,1031.6,1031.6,791.2,2171.2,2407.6,4111.6,2406.6,2407.6,4111.6,768.2,532.8,272.4,5308,1558.4,5328,19136,2060.2,1041.6,240,0x7D46252C
2284,0,635008,635.008,0,0,OK,4626.2,4619.2,4619.2,4619.2,4619.2,4619.2,4619.2,4619.2,4619.2,0.00,4619.2,4619.2,4619.2,232.76,1031.6,1031.6,791.2,2171.2,2407.6,4111.6,2406.6,2407.6,4111.6,277.4,262.4,522.8,7812,2049.2,5128,11424,1809.8,791.2,5148,0x37AF4A1A
2285,0,635110,635.110,0,0,OK,4628.2,4619.2,4619.2,4619.2,4619.2,4619.2,4619.2,4619.2,4619.2,0.00,4619.2,4619.2,4619.2,231.76,1031.6,791.2,1031.6,2171.2,4111.6,2406.6,2407.6,4111.6,2406.6,528.8,262.4,522.8,7912,2049.2,5128,14028,2050.2,1282.0,15524,0xA5D9D01D
2286,0,635211,635.211,0,0,OK,4621.2,4619.2,4619.2,4619.2,4619.2,4619.2,4619.2,4619.2,4619.2,0.00,4619.2,4619.2,4619.2,232.76,791.2,1031.6,791.2,4105.6,2406.6,4111.6,4110.6,2406.6,4111.6,517.8,532.8,262.4,10316,1558.4,5328,14028,2060.2,1282.0,2644,0x192FFBB2
2287,0,635313,635.313,0,0,OK,4622.2,4619.2,4619.2,4619.2,4619.2,4619.2,4619.2,4619.2,4619.2,0.00,4619.2,4619.2,4619.2,231.76,1031.6,791.2,791.2,2171.2,4111.6,4110.6,2406.6,4111.6,4110.6,267.4,522.8,512.8,7912,1808.8,2624,16532,2050.2,1282.0,20532,0xE4B83935
2288,0,635415,635.415,0,0,OK,4627.2,4619.2,4619.2,4619.2,4619.2,4619.2,4619.2,4619.2,4619.2,0.00,4619.2,4619.2,4619.2,231.76,1031.6,791.2,1031.6,2171.2,4111.6,2406.6,2407.6,4111.6,2406.6,528.8,272.4,522.8,7812,1558.4,5228,19036,1799.8,791.2,240,0x38C3F50D
2289,0,635516,635.516,0,0,OK,4622.2,4619.2,4619.2,4619.2,4619.2,4619.2,4619.2,4619.2,4619.2,0.00,4619.2,4619.2,4619.2,231.76,791.2,1031.6,1031.6,4105.6,2406.6,2407.6,4111.6,2406.6,2407.6,268.4,272.4,512.8,7812,1798.8,2724,13928,1809.8,1282.0,240,0xC9B6CAD1
2290,0,635618,635.618,0,0,OK,4628.2,4619.2,4619.2,4619.2,4619.2,4619.2,4619.2,4619.2,4619.2,0.00,4619.2,4619.2,4619.2,0.80,1031.6,791.2,1031.6,2171.2,4111.6,2406.6,2407.6,4111.6,2406.6,518.8,522.8,272.4,7912,2049.2,2724,19136,2060.2,791.2,140,0x8E00FD4E
2291,0,635719,635.719,0,0,OK,4625.2,4619.2,4619.2,4619.2,4619.2,4619.2,4619.2,4619.2,4619.2,0.00,4619.2,4619.2,4619.2,231.76,1031.6,791.2,791.2,2171.2,4111.6,4110.6,2406.6,4111.6,4110.6,267.4,512.8,532.8,7712,2049.2,2624,16532,2060.2,1292.0,10416,0x3411EA7F
2292,0,635821,635.821,0,0,OK,4619.2,4619.2,4619.2,4619.2,4619.2,4619.2,4619.2,4619.2,4619.2,0.00,4619.2,4619.2,4619.2,231.76,791.2,791.2,1031.6,4105.6,4110.6,2406.6,4111.6,4110.6,2406.6,518.8,532.8,532.8,7812,1558.4,5228,11424,2050.2,1282.0,5348,0xF174E5A4
2293,0,635923,635.923,0,0,OK,4628.2,4619.2,4619.2,4619.2,4619.2,4619.2,4619.2,4619.2,4619.2,0.00,4619.2,4619.2,4619.2,231.76,791.2,1031.6,1031.6,4105.6,2406.6,2407.6,4111.6,2406.6,2407.6,528.8,262.4,272.4,5308,2049.2,5128,13928,1559.4,1282.0,140,0x5DA81D93
2294,0,636024,636.024,0,0,OK,4620.2,4619.2,4619.2,4619.2,4619.2,4619.2,4619.2,4619.2,4619.2,0.00,4619.2,4619.2,4619.2,0.80,1031.6,1031.6,1031.6,2171.2,2407.6,2407.6,2407.6,2407.6,2407.6,518.8,272.4,512.8,7712,1808.8,5128,19036,1799.8,791.2,10356,0x142402D5
2295,0,636126,636.126,0,0,OK,4623.2,4619.2,4619.2,4619.2,4619.2,4619.2,4619.2,4619.2,4619.2,0.00,4619.2,4619.2,4619.2,231.76,1031.6,1031.6,791.2,2171.2,2407.6,4111.6,2406.6,2407.6,4111.6,277.4,512.8,272.4,5308,1808.8,5128,19136,2050.2,1292.0,240,0x8BA1D662
2296,0,636228,636.228,0,0,OK,4623.2,4619.2,4619.2,4619.2,4619.2,4619.2,4619.2,4619.2,4619.2,0.00,4619.2,4619.2,4619.2,232.76,1031.6,791.2,1031.6,2171.2,4111.6,2406.6,2407.6,4111.6,2406.6,518.8,532.8,262.4,7712,1808.8,2624,19036,1559.4,1282.0,2644,0xA595012A
2297,0,636329,636.329,0,0,OK,4620.2,4619.2,4619.2,4619.2,4619.2,4619.2,4619.2,4619.2,4619.2,0.00,4619.2,4619.2,4619.2,231.76,791.2,1031.6,791.2,4105.6,2406.6,4111.6,4110.6,2406.6,4111.6,277.4,262.4,512.8,7812,2049.2,2724,16632,1809.8,1292.0,23236,0x8FBAC021
2298,0,636431,636.431,0,0,OK,4627.2,4619.2,4619.2,4619.2,4619.2,4619.2,4619.2,4619.2,4619.2,0.00,4619.2,4619.2,4619.2,232.76,791.2,1031.6,1031.6,4105.6,2406.6,2407.6,4111.6,2406.6,2407.6,528.8,272.4,522.8,10316,1798.8,5228,21540,1809.8,1282.0,12820,0x9D7854D5
2299,0,636533,636.533,0,0,OK,4622.2,4619.2,4619.2,4619.2,4619.2,4619.2,4619.2,4619.2,4619.2,0.00,4619.2,4619.2,4619.2,231.76,791.2,1031.6,791.2,4105.6,2406.6,4111.6,4110.6,2406.6,4111.6,768.2,532.8,262.4,7912,2059.2,2624,14028,2060.2,1292.0,140,0x8ECDE7CF
2300,0,636634,636.634,0,0,OK,4619.2,4619.2,4619.2,4619.2,4619.2,4619.2,4619.2,4619.2,4619.2,0.00,4619.2,4619.2,4619.2,0.80,791.2,791.2,791.2,4105.6,4110.6,4110.6,4110.6,4110.6,4110.6,517.8,262.4,512.8,7712,2059.2,5328,13828,2060.2,791.2,140,0x6F986D16
2301,0,636736,636.736,0,0,OK,4624.2,4619.2,4619.2,4619.2,4619.2,4619.2,4619.2,4619.2,4619.2,0.00,4619.2,4619.2,4619.2,0.80,791.2,791.2,1031.6,4105.6,4110.6,2406.6,4111.6,4110.6,2406.6,769.2,512.8,262.4,7712,1558.4,5328,21540,1809.8,791.2,10416,0xB3436907
2302,0,636837,636.837,0,0,OK,4628.2,4619.2,4619.2,4619.2,4619.2,4619.2,4619.2,4619.2,4619.2,0.00,4619.2,4619.2,4619.2,232.76,791.2,1031.6,791.2,4105.6,2406.6,4111.6,4110.6,2406.6,4111.6,267.4,522.8,522.8,7812,2059.2,5228,16632,1809.8,1041.6,7752,0x29F5D73D
2303,0,636939,636.939,0,0,OK,4624.2,4619.2,4619.2,4619.2,4619.2,4619.2,4619.2,4619.2,4619.2,0.00,4619.2,4619.2,4619.2,231.76,791.2,1031.6,791.2,4105.6,2406.6,4111.6,4110.6,2406.6,4111.6,277.4,272.4,262.4,5308,1808.8,5228,16432,1559.4,1292.0,18028,0xCB7161FB
2304,0,637041,637.041,0,0,OK,4626.2,4619.2,4619.2,4619.2,4619.2,4619.2,4619.2,4619.2,4619.2,0.00,4619.2,4619.2,4619.2,232.76,1031.6,1031.6,791.2,2171.2,2407.6,4111.6,2406.6,2407.6,4111.6,768.2,522.8,272.4,10316,2049.2,2724,19036,1799.8,791.2,5348,0xFD12F278
2305,0,637142,637.142,0,0,OK,4627.2,4619.2,4619.2,4619.2,4619.2,4619.2,4619.2,4619.2,4619.2,0.00,4619.2,4619.2,4619.2,232.76,1031.6,791.2,1031.6,2171.2,4111.6,2406.6,2407.6,4111.6,2406.6,518.8,272.4,262.4,7912,2049.2,2724,19136,2050.2,1031.6,18028,0x58A9EAA1
2306,0,637244,637.244,0,0,OK,4626.2,4619.2,4619.2,4619.2,4619.2,4619.2,4619.2,4619.2,4619.2,0.00,4619.2,4619.2,4619.2,232.76,791.2,791.2,791.2,4105.6,4110.6,4110.6,4110.6,4110.6,4110.6,768.2,262.4,272.4,5308,1798.8,5328,16632,1559.4,1031.6,20632,0x686804D0
2307,0,637346,637.346,0,0,OK,4628.2,4619.2,4619.2,4619.2,4619.2,4619.2,4619.2,4619.2,4619.2,0.00,4619.2,4619.2,4619.2,231.76,1031.6,1031.6,1031.6,2171.2,2407.6,2407.6,2407.6,2407.6,2407.6,528.8,512.8,522.8,7712,1808.8,5228,19136,1799.8,1282.0,7912,0x4EBFFA0E
2308,0,637447,637.447,0,0,OK,4624.2,4619.2,4619.2,4619.2,4619.2,4619.2,4619.2,4619.2,4619.2,0.00,4619.2,4619.2,4619.2,0.80,791.2,791.2,1031.6,4105.6,4110.6,2406.6,4111.6,4110.6,2406.6,268.4,512.8,262.4,7912,1798.8,2624,19136,1559.4,1292.0,10316,0xE236D885
2309,0,637549,637.549,0,0,OK,4620.2,4619.2,4619.2,4619.2,4619.2,4619.2,4619.2,4619.2,4619.2,0.00,4619.2,4619.2,4619.2,232.76,791.2,791.2,791.2,4105.6,4110.6,4110.6,4110.6,4110.6,4110.6,277.4,262.4,272.4,7912,2049.2,2724,21540,1809.8,1292.0,10416,0x220D9A3B
2310,0,637651,637.651,0,0,OK,4625.2,4619.2,4619.2,4619.2,4619.2,4619.2,4619.2,4619.2,4619.2,0.00,4619.2,4619.2,4619.2,231.76,791.2,1031.6,791.2,4105.6,2406.6,4111.6,4110.6,2406.6,4111.6,277.4,522.8,522.8,7712,1798.8,5128,13928,2060.2,1031.6,15524,0x3F495EF5
2311,0,637752,637.752,0,0,OK,4626.2,4619.2,4619.2,4619.2,4619.2,4619.2,4619.2,4619.2,4619.2,0.00,4619.2,4619.2,4619.2,0.80,791.2,791.2,791.2,4105.6,4110.6,4110.6,4110.6,4110.6,4110.6,517.8,272.4,262.4,5308,2059.2,5128,19136,1559.4,1041.6,240,0xBBE7B097
2312,0,637854,637.854,0,0,OK,4623.2,4619.2,4619.2,4619.2,4619.2,4619.2,4619.2,4619.2,4619.2,0.00,4619.2,4619.2,4619.2,0.80,1031.6,791.2,1031.6,2171.2,4111.6,2406.6,2407.6,4111.6,2406.6,518.8,262.4,272.4,10316,1808.8,5128,14028,2060.2,1031.6,20732,0x42099CAC
2313,0,637955,637.955,0,0,OK,4627.2,4619.2,4619.2,4619.2,4619.2,4619.2,4619.2,4619.2,4619.2,0.00,4619.2,4619.2,4619.2,0.80,791.2,791.2,791.2,4105.6,4110.6,4110.6,4110.6,4110.6,4110.6,517.8,272.4,512.8,7712,2059.2,2724,16632,2050.2,1041.6,240,0xCD1FEE89
2314,0,638057,638.057,0,0,OK,4625.2,4619.2,4619.2,4619.2,4619.2,4619.2,4619.2,4619.2,4619.2,0.00,4619.2,4619.2,4619.2,0.80,1031.6,1031.6,1031.6,2171.2,2407.6,2407.6,2407.6,2407.6,2407.6,769.2,272.4,512.8,7712,1798.8,2724,19136,1559.4,1282.0,5148,0xCAC8C1D4
2315,0,638159,638.159,0,0,OK,4626.2,4619.2,4619.2,4619.2,4619.2,4619.2,4619.2,4619.2,4619.2,0.00,4619.2,4619.2,4619.2,0.80,791.2,1031.6,1031.6,4105.6,2406.6,2407.6,4111.6,2406.6,2407.6,518.8,522.8,522.8,5308,1798.8,5128,14028,1809.8,1041.6,12920,0x96F6E537
2316,0,638260,638.260,0,0,OK,4621.2,4619.2,4619.2,4619.2,4619.2,4619.2,4619.2,4619.2,4619.2,0.00,4619.2,4619.2,4619.2,0.80,1031.6,1031.6,791.2,2171.2,2407.6,4111.6,2406.6,2407.6,4111.6,768.2,532.8,272.4,7712,1808.8,2724,13928,2050.2,1041.6,40,0xF47F5A56
2317,0,638362,638.362,0,0,OK,4627.2,4619.2,4619.2,4619.2,4619.2,4619.2,4619.2,4619.2,4619.2,0.00,4619.2,4619.2,4619.2,232.76,1031.6,1031.6,1031.6,2171.2,2407.6,2407.6,2407.6,2407.6,2407.6,268.4,272.4,522.8,7712,1808.8,2724,19036,2060.2,1031.6,15424,0x1DF66FE6
2318,0,638463,638.463,0,0,OK,4620.2,4619.2,4619.2,4619.2,4619.2,4619.2,4619.2,4619.2,4619.2,0.00,4619.2,4619.2,4619.2,0.80,1031.6,791.2,791.2,2171.2,4111.6,4110.6,2406.6,4111.6,4110.6,527.8,532.8,262.4,5308,2059.2,2724,14028,1809.8,1292.0,15524,0x20F80951
2319,0,638565,638.565,0,0,OK,4623.2,4619.2,4619.2,4619.2,4619.2,4619.2,4619.2,4619.2,4619.2,0.00,4619.2,4619.2,4619.2,231.76,1031.6,791.2,791.2,2171.2,4111.6,4110.6,2406.6,4111.6,4110.6,267.4,512.8,532.8,5308,1558.4,2624,14028,1799.8,791.2,15424,0x1F783BD0
2320,0,638667,638.667,0,0,OK,4622.2,4619.2,4619.2,4619.2,4619.2,4619.2,4619.2,4619.2,4619.2,0.00,4619.2,4619.2,4619.2,232.76,791.2,1031.6,791.2,4105.6,2406.6,4111.6,4110.6,2406.6,4111.6,267.4,272.4,272.4,7912,2059.2,2624,19136,2060.2,791.2,10256,0x016C598A
2321,0,638768,638.768,0,0,OK,4622.2,4619.2,4619.2,4619.2,4619.2,4619.2,4619.2,4619.2,4619.2,0.00,4619.2,4619.2,4619.2,231.76,1031.6,1031.6,791.2,2171.2,2407.6,4111.6,2406.6,2407.6,4111.6,527.8,532.8,512.8,7712,1558.4,2624,13828,1799.8,791.2,7852,0x6A495CDB
2322,0,638870,638.870,0,0,OK,4620.2,4619.2,4619.2,4619.2,4619.2,4619.2,4619.2,4619.2,4619.2,0.00,4619.2,4619.2,4619.2,231.76,791.2,1031.6,1031.6,4105.6,2406.6,2407.6,4111.6,2406.6,2407.6,528.8,272.4,532.8,10316,2049.2,5228,19136,1809.8,1292.0,20732,0x2BFE015B
2323,0,638972,638.972,0,0,OK,4626.2,4619.2,4619.2,4619.2,4619.2,4619.2,4619.2,4619.2,4619.2,0.00,4619.2,4619.2,4619.2,0.80,1031.6,791.2,791.2,2171.2,4111.6,4110.6,2406.6,4111.6,4110.6,277.4,272.4,272.4,7812,1558.4,2724,11424,2060.2,1292.0,20532,0x8E572775
2324,0,639073,639.073,0,0,OK,4626.2,4619.2,4619.2,4619.2,4619.2,4619.2,4619.2,4619.2,4619.2,0.00,4619.2,4619.2,4619.2,232.76,791.2,791.2,791.2,4105.6,4110.6,4110.6,4110.6,4110.6,4110.6,768.2,532.8,272.4,7912,1798.8,5128,16632,2050.2,791.2,12860,0x43411F78
2325,0,639175,639.175,0,0,OK,4621.2,4619.2,4619.2,4619.2,4619.2,4619.2,4619.2,4619.2,4619.2,0.00,4619.2,4619.2,4619.2,232.76,1031.6,791.2,1031.6,2171.2,4111.6,2406.6,2407.6,4111.6,2406.6,278.4,522.8,522.8,5308,1798.8,5128,16432,1799.8,791.2,10256,0xA156BF9D
2326,0,639276,639.276,0,0,OK,4623.2,4619.2,4619.2,4619.2,4619.2,4619.2,4619.2,4619.2,4619.2,0.00,4619.2,4619.2,4619.2,231.76,791.2,1031.6,1031.6,4105.6,2406.6,2407.6,4111.6,2406.6,2407.6,528.8,532.8,522.8,7712,1808.8,5328,16632,1559.4,1031.6,5348,0xB4A94345
2327,0,639378,639.378,0,0,OK,4628.2,4619.2,4619.2,4619.2,4619.2,4619.2,4619.2,4619.2,4619.2,0.00,4619.2,4619.2,4619.2,232.76,791.2,1031.6,791.2,4105.6,2406.6,4111.6,4110.6,2406.6,4111.6,267.4,532.8,272.4,5308,1558.4,5128,13828,1809.8,1282.0,7752,0xF80AFD48
2328,0,639480,639.480,0,0,OK,4626.2,4619.2,4619.2,4619.2,4619.2,4619.2,4619.2,4619.2,4619.2,0.00,4619.2,4619.2,4619.2,232.76,1031.6,791.2,791.2,2171.2,4111.6,4110.6,2406.6,4111.6,4110.6,517.8,512.8,272.4,7812,2059.2,5128,13928,1559.4,1282.0,10316,0xFA0FF07A
2329,0,639581,639.581,0,0,OK,4620.2,4619.2,4619.2,4619.2,4619.2,4619.2,4619.2,4619.2,4619.2,0.00,4619.2,4619.2,4619.2,231.76,1031.6,791.2,791.2,2171.2,4111.6,4110.6,2406.6,4111.6,4110.6,527.8,532.8,262.4,5308,1558.4,5128,21540,1809.8,791.2,7752,0x7E9CE82A
2330,0,639683,639.683,0,0,OK,4627.2,4619.2,4619.2,4619.2,4619.2,4619.2,4619.2,4619.2,4619.2,0.00,4619.2,4619.2,4619.2,231.76,1031.6,1031.6,791.2,2171.2,2407.6,4111.6,2406.6,2407.6,4111.6,277.4,262.4,512.8,7912,1808.8,5328,16632,1799.8,791.2,5148,0x4E043ED4
2331,0,639785,639.785,0,0,OK,4624.2,4619.2,4619.2,4619.2,4619.2,4619.2,4619.2,4619.2,4619.2,0.00,4619.2,4619.2,4619.2,232.76,1031.6,1031.6,1031.6,2171.2,2407.6,2407.6,2407.6,2407.6,2407.6,769.2,512.8,532.8,10316,1558.4,2724,19136,2060.2,1292.0,7912,0xC06F8296
2332,0,639886,639.886,0,0,OK,4626.2,4619.2,4619.2,4619.2,4619.2,4619.2,4619.2,4619.2,4619.2,0.00,4619.2,4619.2,4619.2,232.76,1031.6,791.2,791.2,2171.2,4111.6,4110.6,2406.6,4111.6,4110.6,277.4,522.8,522.8,7912,2049.2,5328,16432,1809.8,1041.6,7852,0x7D07E0CA
2333,0,639988,639.988,0,0,OK,4626.2,4619.2,4619.2,4619.2,4619.2,4619.2,4619.2,4619.2,4619.2,0.00,4619.2,4619.2,4619.2,232.76,791.2,1031.6,791.2,4105.6,2406.6,4111.6,4110.6,2406.6,4111.6,527.8,512.8,262.4,7912,2049.2,5128,16432,2050.2,1282.0,10356,0xE5D39316
2334,0,640089,640.089,0,0,OK,4623.2,4619.2,4619.2,4619.2,4619.2,4619.2,4619.2,4619.2,4619.2,0.00,4619.2,4619.2,4619.2,231.76,791.2,1031.6,791.2,4105.6,2406.6,4111.6,4110.6,2406.6,4111.6,277.4,532.8,272.4,7812,2049.2,5128,13928,1799.8,1282.0,10256,0xB60A969E
2335,0,640191,640.191,0,0,OK,4627.2,4619.2,4619.2,4619.2,4619.2,4619.2,4619.2,4619.2,4619.2,0.00,4619.2,4619.2,4619.2,0.80,791.2,791.2,791.2,4105.6,4110.6,4110.6,4110.6,4110.6,4110.6,527.8,532.8,262.4,7812,2059.2,2724,21540,1799.8,1041.6,10256,0x6318A9DC
2336,0,640293,640.293,0,0,OK,4628.2,4619.2,4619.2,4619.2,4619.2,4619.2,4619.2,4619.2,4619.2,0.00,4619.2,4619.2,4619.2,231.76,1031.6,1031.6,791.2,2171.2,2407.6,4111.6,2406.6,2407.6,4111.6,768.2,522.8,512.8,7812,1798.8,5228,13928,1809.8,1292.0,18028,0x799394F8
2337,0,640394,640.394,0,0,OK,4619.2,4619.2,4619.2,4619.2,4619.2,4619.2,4619.2,4619.2,4619.2,0.00,4619.2,4619.2,4619.2,231.76,791.2,791.2,791.2,4105.6,4110.6,4110.6,4110.6,4110.6,4110.6,527.8,272.4,512.8,7812,1808.8,5328,19036,2060.2,1041.6,13020,0xF0B30E8B
2338,0,640496,640.496,0,0,OK,4622.2,4619.2,4619.2,4619.2,4619.2,4619.2,4619.2,4619.2,4619.2,0.00,4619.2,4619.2,4619.2,231.76,791.2,791.2,1031.6,4105.6,4110.6,2406.6,4111.6,4110.6,2406.6,278.4,532.8,262.4,7812,2049.2,5328,16632,1559.4,1292.0,12860,0xC948B1E2
2339,0,640598,640.598,0,0,OK,4625.2,4619.2,4619.2,4619.2,4619.2,4619.2,4619.2,4619.2,4619.2,0.00,4619.2,4619.2,4619.2,232.76,791.2,1031.6,1031.6,4105.6,2406.6,2407.6,4111.6,2406.6,2407.6,518.8,532.8,532.8,10316,2049.2,5228,16532,2050.2,1041.6,2644,0x5F9E004F
2340,0,640699,640.699,0,0,OK,4625.2,4619.2,4619.2,4619.2,4619.2,4619.2,4619.2,4619.2,4619.2,0.00,4619.2,4619.2,4619.2,231.76,1031.6,791.2,1031.6,2171.2,4111.6,2406.6,2407.6,4111.6,2406.6,268.4,262.4,522.8,7912,2059.2,5128,13928,2050.2,1031.6,10356,0x70961F3B
2341,0,640801,640.801,0,0,OK,4625.2,4619.2,4619.2,4619.2,4619.2,4619.2,4619.2,4619.2,4619.2,0.00,4619.2,4619.2,4619.2,231.76,1031.6,791.2,1031.6,2171.2,4111.6,2406.6,2407.6,4111.6,2406.6,518.8,532.8,522.8,5308,1808.8,2624,16632,1809.8,791.2,20732,0x35EFE9C3
2342,0,640902,640.902,0,0,OK,4619.2,4619.2,4619.2,4619.2,4619.2,4619.2,4619.2,4619.2,4619.2,0.00,4619.2,4619.2,4619.2,231.76,1031.6,1031.6,1031.6,2171.2,2407.6,2407.6,2407.6,2407.6,2407.6,278.4,262.4,272.4,7812,1798.8,5128,11424,1809.8,1031.6,10416,0x3713F14C
2343,0,641004,641.004,0,0,OK,4620.2,4619.2,4619.2,4619.2,4619.2,4619.2,4619.2,4619.2,4619.2,0.00,4619.2,4619.2,4619.2,231.76,791.2,791.2,1031.6,4105.6,4110.6,2406.6,4111.6,4110.6,2406.6,278.4,272.4,522.8,7712,1558.4,2724,16632,1809.8,1282.0,15524,0x5C318569
2344,0,641106,641.106,0,0,OK,4622.2,4619.2,4619.2,4619.2,4619.2,4619.2,4619.2,4619.2,4619.2,0.00,4619.2,4619.2,4619.2,231.76,791.2,1031.6,791.2,4105.6,2406.6,4111.6,4110.6,2406.6,4111.6,277.4,272.4,532.8,7712,2049.2,5128,19036,2050.2,1282.0,7852,0x5F028386
2345,0,641207,641.207,0,0,OK,4622.2,4619.2,4619.2,4619.2,4619.2,4619.2,4619.2,4619.2,4619.2,0.00,4619.2,4619.2,4619.2,231.76,1031.6,1031.6,1031.6,2171.2,2407.6,2407.6,2407.6,2407.6,2407.6,518.8,262.4,522.8,10316,1798.8,5128,13828,2060.2,1292.0,12920,0x10A1D12B
2346,0,641309,641.309,0,0,OK,4628.2,4619.2,4619.2,4619.2,4619.2,4619.2,4619.2,4619.2,4619.2,0.00,4619.2,4619.2,4619.2,231.76,1031.6,791.2,1031.6,2171.2,4111.6,2406.6,2407.6,4111.6,2406.6,528.8,522.8,512.8,5308,2049.2,5128,16532,1809.8,1282.0,13020,0x3F93712D
2347,0,641411,641.411,0,0,OK,4628.2,4619.2,4619.2,4619.2,4619.2,4619.2,4619.2,4619.2,4619.2,0.00,4619.2,4619.2,4619.2,232.76,1031.6,1031.6,791.2,2171.2,2407.6,4111.6,2406.6,2407.6,4111.6,768.2,262.4,272.4,7712,1798.8,2624,13928,1809.8,1292.0,2744,0x500ED876
2348,0,641512,641.512,0,0,OK,4621.2,4619.2,4619.2,4619.2,4619.2,4619.2,4619.2,4619.2,4619.2,0.00,4619.2,4619.2,4619.2,232.76,791.2,791.2,1031.6,4105.6,4110.6,2406.6,4111.6,4110.6,2406.6,268.4,522.8,272.4,10316,1798.8,5328,13828,1809.8,1031.6,10256,0x2FB5FF7F
2349,0,641614,641.614,0,0,OK,4626.2,4619.2,4619.2,4619.2,4619.2,4619.2,4619.2,4619.2,4619.2,0.00,4619.2,4619.2,4619.2,0.80,1031.6,791.2,1031.6,2171.2,4111.6,2406.6,2407.6,4111.6,2406.6,518.8,522.8,512.8,5308,1798.8,5228,14028,1559.4,791.2,23236,0xE3DCD058
2350,0,641715,641.715,0,0,OK,4628.2,4619.2,4619.2,4619.2,4619.2,4619.2,4619.2,4619.2,4619.2,0.00,4619.2,4619.2,4619.2,232.76,791.2,1031.6,1031.6,4105.6,2406.6,2407.6,4111.6,2406.6,2407.6,528.8,262.4,262.4,7712,1798.8,2724,13928,2050.2,1031.6,17928,0xD88E13EF
2351,0,641817,641.817,0,0,OK,4625.2,4619.2,4619.2,4619.2,4619.2,4619.2,4619.2,4619.2,4619.2,0.00,4619.2,4619.2,4619.2,232.76,791.2,1031.6,791.2,4105.6,2406.6,4111.6,4110.6,2406.6,4111.6,527.8,522.8,522.8,5308,2059.2,5128,16632,1559.4,1041.6,7852,0x0387DCBF
2352,0,641919,641.919,0,0,OK,4619.2,4619.2,4619.2,4619.2,4619.2,4619.2,4619.2,4619.2,4619.2,0.00,4619.2,4619.2,4619.2,231.76,1031.6,1031.6,791.2,2171.2,2407.6,4111.6,2406.6,2407.6,4111.6,527.8,262.4,522.8,5308,1808.8,5128,11424,1809.8,1282.0,7852,0x1B946AA5
2353,0,642020,642.020,0,0,OK,4624.2,4619.2,4619.2,4619.2,4619.2,4619.2,4619.2,4619.2,4619.2,0.00,4619.2,4619.2,4619.2,231.76,791.2,791.2,1031.6,4105.6,4110.6,2406.6,4111.6,4110.6,2406.6,769.2,512.8,532.8,5308,2059.2,5128,13928,2050.2,1282.0,7912,0x388E6B7E
2354,0,642122,642.122,0,0,OK,4626.2,4619.2,4619.2,4619.2,4619.2,4619.2,4619.2,4619.2,4619.2,0.00,4619.2,4619.2,4619.2,0.80,791.2,791.2,791.2,4105.6,4110.6,4110.6,4110.6,4110.6,4110.6,527.8,522.8,272.4,5308,1808.8,5328,11424,1799.8,1031.6,7912,0x8DBBC2EB
2355,0,642224,642.224,0,0,OK,4624.2,4619.2,4619.2,4619.2,4619.2,4619.2,4619.2,4619.2,4619.2,0.00,4619.2,4619.2,4619.2,0.80,1031.6,1031.6,1031.6,2171.2,2407.6,2407.6,2407.6,2407.6,2407.6,278.4,532.8,262.4,10316,1798.8,2624,14028,1809.8,791.2,12820,0x7D647983
2356,0,642325,642.325,0,0,OK,4622.2,4619.2,4619.2,4619.2,4619.2,4619.2,4619.2,4619.2,4619.2,0.00,4619.2,4619.2,4619.2,232.76,1031.6,1031.6,791.2,2171.2,2407.6,4111.6,2406.6,2407.6,4111.6,517.8,262.4,522.8,10316,2049.2,5128,14028,1809.8,1282.0,20632,0x0A144803
2357,0,642427,642.427,0,0,OK,4619.2,4619.2,4619.2,4619.2,4619.2,4619.2,4619.2,4619.2,4619.2,0.00,4619.2,4619.2,4619.2,0.80,791.2,791.2,791.2,4105.6,4110.6,4110.6,4110.6,4110.6,4110.6,768.2,522.8,262.4,5308,2059.2,2624,13828,2050.2,1282.0,15424,0x0CE91D50
2358,0,642528,642.528,0,0,OK,4622.2,4619.2,4619.2,4619.2,4619.2,4619.2,4619.2,4619.2,4619.2,0.00,4619.2,4619.2,4619.2,231.76,791.2,791.2,791.2,4105.6,4110.6,4110.6,4110.6,4110.6,4110.6,517.8,522.8,272.4,5308,1558.4,2724,11424,1799.8,791.2,20632,0xEB05B645
2359,0,642630,642.630,0,0,OK,4628.2,4619.2,4619.2,4619.2,4619.2,4619.2,4619.2,4619.2,4619.2,0.00,4619.2,4619.2,4619.2,0.80,1031.6,791.2,1031.6,2171.2,4111.6,2406.6,2407.6,4111.6,2406.6,769.2,262.4,512.8,7712,1798.8,2624,16432,1799.8,1292.0,17928,0xD1AC1DCB
2360,0,642732,642.732,0,0,OK,4624.2,4619.2,4619.2,4619.2,4619.2,4619.2,4619.2,4619.2,4619.2,0.00,4619.2,4619.2,4619.2,0.80,791.2,791.2,791.2,4105.6,4110.6,4110.6,4110.6,4110.6,4110.6,768.2,272.4,272.4,7812,2049.2,2624,16632,1559.4,1282.0,10416,0x2726AA2B
2361,0,642833,642.833,0,0,OK,4626.2,4619.2,4619.2,4619.2,4619.2,4619.2,4619.2,4619.2,4619.2,0.00,4619.2,4619.2,4619.2,231.76,1031.6,791.2,791.2,2171.2,4111.6,4110.6,2406.6,4111.6,4110.6,527.8,512.8,512.8,10316,1798.8,5228,21540,1799.8,791.2,13020,0xFA015F4A
2362,0,642935,642.935,0,0,OK,4623.2,4619.2,4619.2,4619.2,4619.2,4619.2,4619.2,4619.2,4619.2,0.00,4619.2,4619.2,4619.2,232.76,1031.6,1031.6,791.2,2171.2,2407.6,4111.6,2406.6,2407.6,4111.6,768.2,512.8,522.8,7912,2059.2,2724,13828,1809.8,791.2,2744,0x8D6EAE52
2363,0,643037,643.037,0,0,OK,4622.2,4619.2,4619.2,4619.2,4619.2,4619.2,4619.2,4619.2,4619.2,0.00,4619.2,4619.2,4619.2,231.76,1031.6,1031.6,791.2,2171.2,2407.6,4111.6,2406.6,2407.6,4111.6,277.4,272.4,512.8,7712,1808.8,5328,19136,1809.8,1031.6,240,0xE731ED8E
2364,0,643138,643.138,0,0,OK,4628.2,4619.2,4619.2,4619.2,4619.2,4619.2,4619.2,4619.2,4619.2,0.00,4619.2,4619.2,4619.2,231.76,1031.6,791.2,791.2,2171.2,4111.6,4110.6,2406.6,4111.6,4110.6,277.4,272.4,532.8,5308,1798.8,2724,21540,1559.4,1292.0,12920,0xDA632066
2365,0,643240,643.240,0,0,OK,4623.2,4619.2,4619.2,4619.2,4619.2,4619.2,4619.2,4619.2,4619.2,0.00,4619.2,4619.2,4619.2,232.76,1031.6,1031.6,791.2,2171.2,2407.6,4111.6,2406.6,2407.6,4111.6,277.4,262.4,532.8,7812,1808.8,5328,19136,2050.2,1292.0,10416,0x7ED444BF
2366,0,643341,643.341,0,0,OK,4627.2,4619.2,4619.2,4619.2,4619.2,4619.2,4619.2,4619.2,4619.2,0.00,4619.2,4619.2,4619.2,231.76,791.2,1031.6,791.2,4105.6,2406.6,4111.6,4110.6,2406.6,4111.6,768.2,522.8,272.4,7712,1798.8,5128,16532,2050.2,1031.6,13020,0x5D26719F
2367,0,643443,643.443,0,0,OK,4622.2,4619.2,4619.2,4619.2,4619.2,4619.2,4619.2,4619.2,4619.2,0.00,4619.2,4619.2,4619.2,231.76,791.2,791.2,791.2,4105.6,4110.6,4110.6,4110.6,4110.6,4110.6,267.4,532.8,272.4,7912,2049.2,5128,16432,2060.2,1282.0,2644,0xC36A0E9E
2368,0,643545,643.545,0,0,OK,4628.2,4619.2,4619.2,4619.2,4619.2,4619.2,4619.2,4619.2,4619.2,0.00,4619.2,4619.2,4619.2,232.76,1031.6,791.2,1031.6,2171.2,4111.6,2406.6,2407.6,4111.6,2406.6,769.2,262.4,262.4,10316,2049.2,5328,11424,1809.8,791.2,18128,0xEA22CE0B
2369,0,643646,643.646,0,0,OK,4621.2,4619.2,4619.2,4619.2,4619.2,4619.2,4619.2,4619.2,4619.2,0.00,4619.2,4619.2,4619.2,232.76,791.2,791.2,1031.6,4105.6,4110.6,2406.6,4111.6,4110.6,2406.6,528.8,512.8,522.8,7712,2049.2,2724,14028,1799.8,791.2,240,0xB445F87F
2370,0,643748,643.748,0,0,OK,4620.2,4619.2,4619.2,4619.2,4619.2,4619.2,4619.2,4619.2,4619.2,0.00,4619.2,4619.2,4619.2,0.80,1031.6,1031.6,1031.6,2171.2,2407.6,2407.6,2407.6,2407.6,2407.6,769.2,522.8,512.8,7712,1798.8,5228,19036,2060.2,1031.6,10416,0x3C71FEC3
2371,0,643850,643.850,0,0,OK,4620.2,4619.2,4619.2,4619.2,4619.2,4619.2,4619.2,4619.2,4619.2,0.00,4619.2,4619.2,4619.2,232.76,1031.6,791.2,1031.6,2171.2,4111.6,2406.6,2407.6,4111.6,2406.6,518.8,512.8,272.4,5308,2059.2,2624,21540,1809.8,791.2,40,0xC09A1A31
2372,0,643951,643.951,0,0,OK,4619.2,4619.2,4619.2,4619.2,4619.2,4619.2,4619.2,4619.2,4619.2,0.00,4619.2,4619.2,4619.2,0.80,791.2,791.2,1031.6,4105.6,4110.6,2406.6,4111.6,4110.6,2406.6,528.8,262.4,512.8,7912,2059.2,5328,13928,1809.8,791.2,7852,0x29AFBACB
2373,0,644053,644.053,0,0,OK,4621.2,4619.2,4619.2,4619.2,4619.2,4619.2,4619.2,4619.2,4619.2,0.00,4619.2,4619.2,4619.2,0.80,1031.6,791.2,1031.6,2171.2,4111.6,2406.6,2407.6,4111.6,2406.6,278.4,262.4,262.4,7912,1798.8,5328,11424,1559.4,1031.6,40,0xAAE17259
2374,0,644155,644.155,0,0,OK,4622.2,4619.2,4619.2,4619.2,4619.2,4619.2,4619.2,4619.2,4619.2,0.00,4619.2,4619.2,4619.2,232.76,791.2,791.2,791.2,4105.6,4110.6,4110.6,4110.6,4110.6,4110.6,768.2,532.8,522.8,5308,2059.2,2624,16632,1799.8,1031.6,20532,0x3DD7B8F2
2375,0,644256,644.256,0,0,OK,4626.2,4619.2,4619.2,4619.2,4619.2,4619.2,4619.2,4619.2,4619.2,0.00,4619.2,4619.2,4619.2,231.76,1031.6,1031.6,1031.6,2171.2,2407.6,2407.6,2407.6,2407.6,2407.6,518.8,272.4,262.4,10316,1808.8,2624,19136,1559.4,791.2,2644,0x0AEA4B81
2376,0,644358,644.358,0,0,OK,4625.2,4619.2,4619.2,4619.2,4619.2,4619.2,4619.2,4619.2,4619.2,0.00,4619.2,4619.2,4619.2,232.76,1031.6,791.2,1031.6,2171.2,4111.6,2406.6,2407.6,4111.6,2406.6,278.4,522.8,262.4,5308,1808.8,2724,13928,1809.8,791.2,5348,0xBF90CB2E
2377,0,644460,644.460,0,0,OK,4619.2,4619.2,4619.2,4619.2,4619.2,4619.2,4619.2,4619.2,4619.2,0.00,4619.2,4619.2,4619.2,231.76,1031.6,791.2,791.2,2171.2,4111.6,4110.6,2406.6,4111.6,4110.6,517.8,522.8,272.4,7912,2049.2,5128,14028,1809.8,1292.0,10256,0xEEF16BCD
2378,0,644561,644.561,0,0,OK,4625.2,4619.2,4619.2,4619.2,4619.2,4619.2,4619.2,4619.2,4619.2,0.00,4619.2,4619.2,4619.2,232.76,791.2,1031.6,791.2,4105.6,2406.6,4111.6,4110.6,2406.6,4111.6,277.4,522.8,512.8,10316,2049.2,5228,11424,1809.8,1031.6,140,0xF6292A43
2379,0,644663,644.663,0,0,OK,4625.2,4619.2,4619.2,4619.2,4619.2,4619.2,4619.2,4619.2,4619.2,0.00,4619.2,4619.2,4619.2,231.76,791.2,791.2,791.2,4105.6,4110.6,4110.6,4110.6,4110.6,4110.6,517.8,532.8,512.8,10316,1558.4,2624,13828,1799.8,1041.6,20632,0x7E09ECAE
2380,0,644765,644.765,0,0,OK,4622.2,4619.2,4619.2,4619.2,4619.2,4619.2,4619.2,4619.2,4619.2,0.00,4619.2,4619.2,4619.2,232.76,791.2,791.2,1031.6,4105.6,4110.6,2406.6,4111.6,4110.6,2406.6,769.2,272.4,522.8,7912,1798.8,5328,19036,2050.2,791.2,5148,0x07279D09
2381,0,644866,644.866,0,0,OK,4625.2,4619.2,4619.2,4619.2,4619.2,4619.2,4619.2,4619.2,4619.2,0.00,4619.2,4619.2,4619.2,0.80,791.2,1031.6,1031.6,4105.6,2406.6,2407.6,4111.6,2406.6,2407.6,528.8,272.4,262.4,5308,1558.4,5328,16632,1809.8,1031.6,2644,0xC14D6A03
2382,0,644968,644.968,0,0,OK,4628.2,4619.2,4619.2,4619.2,4619.2,4619.2,4619.2,4619.2,4619.2,0.00,4619.2,4619.2,4619.2,232.76,1031.6,1031.6,1031.6,2171.2,2407.6,2407.6,2407.6,2407.6,2407.6,518.8,272.4,522.8,10316,2049.2,5228,16432,1559.4,791.2,10256,0x5F56D5A0
2383,0,645070,645.070,0,0,OK,4620.2,4619.2,4619.2,4619.2,4619.2,4619.2,4619.2,4619.2,4619.2,0.00,4619.2,4619.2,4619.2,232.76,791.2,1031.6,791.2,4105.6,2406.6,4111.6,4110.6,2406.6,4111.6,277.4,522.8,512.8,10316,1798.8,5228,11424,1559.4,1292.0,40,0xD666B513
2384,0,645171,645.171,0,0,OK,4628.2,4619.2,4619.2,4619.2,4619.2,4619.2,4619.2,4619.2,4619.2,0.00,4619.2,4619.2,4619.2,231.76,1031.6,1031.6,791.2,2171.2,2407.6,4111.6,2406.6,2407.6,4111.6,277.4,512.8,532.8,10316,1798.8,2724,16532,1799.8,1292.0,20632,0xE002E820
2385,0,645273,645.273,0,0,OK,4625.2,4619.2,4619.2,4619.2,4619.2,4619.2,4619.2,4619.2,4619.2,0.00,4619.2,4619.2,4619.2,231.76,791.2,1031.6,791.2,4105.6,2406.6,4111.6,4110.6,2406.6,4111.6,277.4,512.8,512.8,7912,1798.8,2624,19136,1809.8,1282.0,12820,0x7AA862F8
2386,0,645375,645.375,0,0,OK,4623.2,4619.2,4619.2,4619.2,4619.2,4619.2,4619.2,4619.2,4619.2,0.00,4619.2,4619.2,4619.2,232.76,1031.6,1031.6,791.2,2171.2,2407.6,4111.6,2406.6,2407.6,4111.6,517.8,512.8,262.4,7912,2049.2,5128,19036,2060.2,1031.6,12820,0x0FFFF820
2387,0,645476,645.476,0,0,OK,4621.2,4619.2,4619.2,4619.2,4619.2,4619.2,4619.2,4619.2,4619.2,0.00,4619.2,4619.2,4619.2,231.76,791.2,1031.6,791.2,4105.6,2406.6,4111.6,4110.6,2406.6,4111.6,768.2,272.4,272.4,7912,1808.8,5228,21540,1559.4,1031.6,5248,0xE247DB8A
2388,0,645578,645.578,0,0,OK,4622.2,4619.2,4619.2,4619.2,4619.2,4619.2,4619.2,4619.2,4619.2,0.00,4619.2,4619.2,4619.2,0.80,1031.6,791.2,1031.6,2171.2,4111.6,2406.6,2407.6,4111.6,2406.6,528.8,532.8,512.8,5308,1798.8,5228,16532,1559.4,1292.0,18128,0xE6B0D0D8
2389,0,645680,645.680,0,0,OK,4623.2,4619.2,4619.2,4619.2,4619.2,4619.2,4619.2,4619.2,4619.2,0.00,4619.2,4619.2,4619.2,231.76,1031.6,1031.6,791.2,2171.2,2407.6,4111.6,2406.6,2407.6,4111.6,527.8,272.4,512.8,5308,1558.4,2624,16432,2050.2,791.2,40,0x058D468C
2390,0,645781,645.781,0,0,OK,4627.2,4619.2,4619.2,4619.2,4619.2,4619.2,4619.2,4619.2,4619.2,0.00,4619.2,4619.2,4619.2,0.80,1031.6,1031.6,1031.6,2171.2,2407.6,2407.6,2407.6,2407.6,2407.6,528.8,532.8,272.4,7812,2049.2,2624,16432,1809.8,1041.6,2744,0x336D2155
2391,0,645883,645.883,0,0,OK,4620.2,4619.2,4619.2,4619.2,4619.2,4619.2,4619.2,4619.2,4619.2,0.00,4619.2,4619.2,4619.2,232.76,1031.6,1031.6,791.2,2171.2,2407.6,4111.6,2406.6,2407.6,4111.6,768.2,522.8,262.4,5308,1808.8,2724,16532,1809.8,791.2,10416,0x48D68785
2392,0,645985,645.985,0,0,OK,4627.2,4619.2,4619.2,4619.2,4619.2,4619.2,4619.2,4619.2,4619.2,0.00,4619.2,4619.2,4619.2,0.80,1031.6,1031.6,1031.6,2171.2,2407.6,2407.6,2407.6,2407.6,2407.6,528.8,272.4,532.8,10316,2059.2,5128,16632,1809.8,791.2,15424,0x0F7D4180
2393,0,646086,646.086,0,0,OK,4625.2,4619.2,4619.2,4619.2,4619.2,4619.2,4619.2,4619.2,4619.2,0.00,4619.2,4619.2,4619.2,231.76,791.2,1031.6,791.2,4105.6,2406.6,4111.6,4110.6,2406.6,4111.6,768.2,532.8,532.8,7912,2059.2,5228,14028,1809.8,1031.6,12860,0xE43E5363
2394,0,646188,646.188,0,0,OK,4627.2,4619.2,4619.2,4619.2,4619.2,4619.2,4619.2,4619.2,4619.2,0.00,4619.2,4619.2,4619.2,0.80,1031.6,1031.6,1031.6,2171.2,2407.6,2407.6,2407.6,2407.6,2407.6,528.8,512.8,272.4,10316,1558.4,5128,16532,1809.8,1292.0,7852,0x0E73EF47
2395,0,646290,646.290,0,0,OK,4628.2,4619.2,4619.2,4619.2,4619.2,4619.2,4619.2,4619.2,4619.2,0.00,4619.2,4619.2,4619.2,232.76,1031.6,1031.6,1031.6,2171.2,2407.6,2407.6,2407.6,2407.6,2407.6,518.8,512.8,272.4,7712,2059.2,5328,13828,1799.8,791.2,240,0x2E5353A9
2396,0,646391,646.391,0,0,OK,4619.2,4619.2,4619.2,4619.2,4619.2,4619.2,4619.2,4619.2,4619.2,0.00,4619.2,4619.2,4619.2,231.76,791.2,1031.6,1031.6,4105.6,2406.6,2407.6,4111.6,2406.6,2407.6,278.4,262.4,262.4,7812,1798.8,5228,19136,2060.2,1282.0,40,0x2FDBD31F
2397,0,646493,646.493,0,0,OK,4625.2,4619.2,4619.2,4619.2,4619.2,4619.2,4619.2,4619.2,4619.2,0.00,4619.2,4619.2,4619.2,0.80,1031.6,1031.6,791.2,2171.2,2407.6,4111.6,2406.6,2407.6,4111.6,517.8,522.8,272.4,7812,2059.2,5128,14028,2060.2,1292.0,140,0x23676438
2398,0,646595,646.595,0,0,OK,4626.2,4619.2,4619.2,4619.2,4619.2,4619.2,4619.2,4619.2,4619.2,0.00,4619.2,4619.2,4619.2,232.76,791.2,1031.6,1031.6,4105.6,2406.6,2407.6,4111.6,2406.6,2407.6,769.2,532.8,272.4,7912,1558.4,5328,14028,1799.8,1282.0,7752,0x86F026B4
2399,0,646696,646.696,0,0,OK,4621.2,4619.2,4619.2,4619.2,4619.2,4619.2,4619.2,4619.2,4619.2,0.00,4619.2,4619.2,4619.2,232.76,1031.6,791.2,1031.6,2171.2,4111.6,2406.6,2407.6,4111.6,2406.6,528.8,262.4,522.8,7812,2059.2,2624,16532,1559.4,1041.6,10416,0x1CE3E5F2
2400,0,646798,646.798,0,0,OK,4621.2,4619.2,4619.2,4619.2,4619.2,4619.2,4619.2,4619.2,4619.2,0.00,4619.2,4619.2,4619.2,232.76,1031.6,791.2,791.2,2171.2,4111.6,4110.6,2406.6,4111.6,4110.6,267.4,522.8,512.8,5308,2059.2,2624,21540,1559.4,1282.0,20532,0xB10B0246
2401,0,646900,646.900,0,0,OK,4623.2,4619.2,4619.2,4619.2,4619.2,4619.2,4619.2,4619.2,4619.2,0.00,4619.2,4619.2,4619.2,232.76,1031.6,1031.6,1031.6,2171.2,2407.6,2407.6,2407.6,2407.6,2407.6,278.4,262.4,522.8,7712,2059.2,2624,14028,1559.4,1041.6,15524,0x3CAB0CC0
2402,0,647001,647.001,0,0,OK,4623.2,4619.2,4619.2,4619.2,4619.2,4619.2,4619.2,4619.2,4619.2,0.00,4619.2,4619.2,4619.2,231.76,1031.6,791.2,791.2,2171.2,4111.6,4110.6,2406.6,4111.6,4110.6,267.4,522.8,272.4,10316,1798.8,5228,19136,1559.4,1031.6,140,0x14DB5CCF
2403,0,647103,647.103,0,0,OK,4619.2,4619.2,4619.2,4619.2,4619.2,4619.2,4619.2,4619.2,4619.2,0.00,4619.2,4619.2,4619.2,231.76,791.2,1031.6,791.2,4105.6,2406.6,4111.6,4110.6,2406.6,4111.6,277.4,272.4,532.8,5308,1558.4,5128,11424,2050.2,1292.0,12820,0x9C466DEF
2404,0,647205,647.205,0,0,OK,4620.2,4619.2,4619.2,4619.2,4619.2,4619.2,4619.2,4619.2,4619.2,0.00,4619.2,4619.2,4619.2,0.80,1031.6,791.2,1031.6,2171.2,4111.6,2406.6,2407.6,4111.6,2406.6,278.4,512.8,512.8,7812,2049.2,2624,16532,2060.2,1031.6,5148,0x75B4CB02
2405,0,647306,647.306,0,0,OK,4619.2,4619.2,4619.2,4619.2,4619.2,4619.2,4619.2,4619.2,4619.2,0.00,4619.2,4619.2,4619.2,231.76,1031.6,791.2,1031.6,2171.2,4111.6,2406.6,2407.6,4111.6,2406.6,278.4,522.8,512.8,10316,2059.2,2624,21540,1559.4,1041.6,7752,0xF157FACF
2406,0,647408,647.408,0,0,OK,4628.2,4619.2,4619.2,4619.2,4619.2,4619.2,4619.2,4619.2,4619.2,0.00,4619.2,4619.2,4619.2,231.76,1031.6,791.2,791.2,2171.2,4111.6,4110.6,2406.6,4111.6,4110.6,527.8,522.8,272.4,7812,2059.2,5328,16432,1559.4,1282.0,5348,0x7F8E56F6
2407,0,647510,647.510,0,0,OK,4623.2,4619.2,4619.2,4619.2,4619.2,4619.2,4619.2,4619.2,4619.2,0.00,4619.2,4619.2,4619.2,0.80,791.2,1031.6,791.2,4105.6,2406.6,4111.6,4110.6,2406.6,4111.6,277.4,522.8,272.4,10316,1798.8,2724,21540,1799.8,1292.0,23236,0x963F6316
2408,0,647611,647.611,0,0,OK,4621.2,4619.2,4619.2,4619.2,4619.2,4619.2,4619.2,4619.2,4619.2,0.00,4619.2,4619.2,4619.2,0.80,791.2,791.2,1031.6,4105.6,4110.6,2406.6,4111.6,4110.6,2406.6,268.4,532.8,512.8,7812,1798.8,5228,16532,2050.2,791.2,20632,0x347B10C0
2409,0,647713,647.713,0,0,OK,4620.2,4619.2,4619.2,4619.2,4619.2,4619.2,4619.2,4619.2,4619.2,0.00,4619.2,4619.2,4619.2,232.76,791.2,1031.6,791.2,4105.6,2406.6,4111.6,4110.6,2406.6,4111.6,768.2,512.8,262.4,7712,2059.2,5328,13928,1559.4,1292.0,18128,0x295486C4
2410,0,647815,647.815,0,0,OK,4627.2,4619.2,4619.2,4619.2,4619.2,4619.2,4619.2,4619.2,4619.2,0.00,4619.2,4619.2,4619.2,231.76,791.2,1031.6,791.2,4105.6,2406.6,4111.6,4110.6,2406.6,4111.6,527.8,512.8,272.4,10316,2059.2,5328,11424,1559.4,1292.0,2744,0xBC2724B2
2411,0,647916,647.916,0,0,OK,4628.2,4619.2,4619.2,4619.2,4619.2,4619.2,4619.2,4619.2,4619.2,0.00,4619.2,4619.2,4619.2,232.76,791.2,791.2,791.2,4105.6,4110.6,4110.6,4110.6,4110.6,4110.6,768.2,272.4,512.8,7712,1558.4,5328,13928,2060.2,1292.0,12920,0x526F72CB
2412,0,648018,648.018,0,0,OK,4628.2,4619.2,4619.2,4619.2,4619.2,4619.2,4619.2,4619.2,4619.2,0.00,4619.2,4619.2,4619.2,0.80,791.2,791.2,1031.6,4105.6,4110.6,2406.6,4111.6,4110.6,2406.6,769.2,272.4,522.8,5308,1798.8,2724,11424,2050.2,1041.6,240,0xF0359D24
2413,0,648119,648.119,0,0,OK,4620.2,4619.2,4619.2,4619.2,4619.2,4619.2,4619.2,4619.2,4619.2,0.00,4619.2,4619.2,4619.2,0.80,791.2,1031.6,791.2,4105.6,2406.6,4111.6,4110.6,2406.6,4111.6,527.8,532.8,532.8,7912,1808.8,5228,21540,2050.2,1031.6,5248,0x99692363
2414,0,648221,648.221,0,0,OK,4628.2,4619.2,4619.2,4619.2,4619.2,4619.2,4619.2,4619.2,4619.2,0.00,4619.2,4619.2,4619.2,0.80,1031.6,791.2,791.2,2171.2,4111.6,4110.6,2406.6,4111.6,4110.6,277.4,512.8,262.4,7812,2059.2,2624,16632,1559.4,1041.6,40,0xF7084337
2415,0,648323,648.323,0,0,OK,4625.2,4619.2,4619.2,4619.2,4619.2,4619.2,4619.2,4619.2,4619.2,0.00,4619.2,4619.2,4619.2,0.80,1031.6,791.2,791.2,2171.2,4111.6,4110.6,2406.6,4111.6,4110.6,277.4,262.4,522.8,5308,2049.2,2724,11424,1559.4,791.2,5148,0xC4B1AE94
2416,0,648424,648.424,0,0,OK,4622.2,4619.2,4619.2,4619.2,4619.2,4619.2,4619.2,4619.2,4619.2,0.00,4619.2,4619.2,4619.2,0.80,1031.6,1031.6,1031.6,2171.2,2407.6,2407.6,2407.6,2407.6,2407.6,528.8,512.8,522.8,10316,1558.4,5328,11424,2050.2,1292.0,15424,0x6D7B09E8
2417,0,648526,648.526,0,0,OK,4623.2,4619.2,4619.2,4619.2,4619.2,4619.2,4619.2,4619.2,4619.2,0.00,4619.2,4619.2,4619.2,0.80,791.2,791.2,1031.6,4105.6,4110.6,2406.6,4111.6,4110.6,2406.6,769.2,262.4,522.8,7812,2059.2,5228,11424,2050.2,791.2,10256,0x1092E0BA
2418,0,648628,648.628,0,0,OK,4628.2,4619.2,4619.2,4619.2,4619.2,4619.2,4619.2,4619.2,4619.2,0.00,4619.2,4619.2,4619.2,232.76,791.2,1031.6,791.2,4105.6,2406.6,4111.6,4110.6,2406.6,4111.6,768.2,272.4,262.4,7812,1808.8,5228,16632,2050.2,791.2,12920,0xE2CC545B
2419,0,648729,648.729,0,0,OK,4626.2,4619.2,4619.2,4619.2,4619.2,4619.2,4619.2,4619.2,4619.2,0.00,4619.2,4619.2,4619.2,0.80,791.2,791.2,791.2,4105.6,4110.6,4110.6,4110.6,4110.6,4110.6,527.8,522.8,272.4,7912,1798.8,5228,16632,1799.8,1282.0,5148,0x15CEC73B
2420,0,648831,648.831,0,0,OK,4627.2,4619.2,4619.2,4619.2,4619.2,4619.2,4619.2,4619.2,4619.2,0.00,4619.2,4619.2,4619.2,232.76,791.2,1031.6,791.2,4105.6,2406.6,4111.6,4110.6,2406.6,4111.6,277.4,522.8,512.8,7812,1558.4,5128,16632,1559.4,1292.0,7752,0x55826514
2421,0,648933,648.933,0,0,OK,4628.2,4619.2,4619.2,4619.2,4619.2,4619.2,4619.2,4619.2,4619.2,0.00,4619.2,4619.2,4619.2,232.76,1031.6,1031.6,791.2,2171.2,2407.6,4111.6,2406.6,2407.6,4111.6,277.4,522.8,272.4,5308,2049.2,5328,13928,1799.8,1282.0,40,0xEF16E6DD
2422,0,649034,649.034,0,0,OK,4628.2,4619.2,4619.2,4619.2,4619.2,4619.2,4619.2,4619.2,4619.2,0.00,4619.2,4619.2,4619.2,0.80,1031.6,791.2,791.2,2171.2,4111.6,4110.6,2406.6,4111.6,4110.6,277.4,522.8,262.4,7712,1558.4,5328,16632,1559.4,1041.6,20632,0x50C62CE5
2423,0,649136,649.136,0,0,OK,4620.2,4619.2,4619.2,4619.2,4619.2,4619.2,4619.2,4619.2,4619.2,0.00,4619.2,4619.2,4619.2,231.76,1031.6,791.2,791.2,2171.2,4111.6,4110.6,2406.6,4111.6,4110.6,267.4,532.8,262.4,7812,1558.4,5328,11424,2060.2,1041.6,20532,0xA62AB4E0
2424,0,649238,649.238,0,0,OK,4620.2,4619.2,4619.2,4619.2,4619.2,4619.2,4619.2,4619.2,4619.2,0.00,4619.2,4619.2,4619.2,0.80,1031.6,791.2,1031.6,2171.2,4111.6,2406.6,2407.6,4111.6,2406.6,528.8,512.8,512.8,7712,1558.4,5128,13828,1799.8,1292.0,23236,0x95230093
2425,0,649339,649.339,0,0,OK,4624.2,4619.2,4619.2,4619.2,4619.2,4619.2,4619.2,4619.2,4619.2,0.00,4619.2,4619.2,4619.2,232.76,791.2,791.2,791.2,4105.6,4110.6,4110.6,4110.6,4110.6,4110.6,527.8,262.4,272.4,5308,2049.2,2724,19136,1809.8,1031.6,10316,0x05F650ED
2426,0,649441,649.441,0,0,OK,4619.2,4619.2,4619.2,4619.2,4619.2,4619.2,4619.2,4619.2,4619.2,0.00,4619.2,4619.2,4619.2,232.76,1031.6,1031.6,1031.6,2171.2,2407.6,2407.6,2407.6,2407.6,2407.6,278.4,532.8,272.4,5308,1558.4,5128,16632,2050.2,1031.6,15424,0x0ADD186A
2427,0,649543,649.543,0,0,OK,4626.2,4619.2,4619.2,4619.2,4619.2,4619.2,4619.2,4619.2,4619.2,0.00,4619.2,4619.2,4619.2,231.76,791.2,791.2,1031.6,4105.6,4110.6,2406.6,4111.6,4110.6,2406.6,518.8,522.8,262.4,7712,1808.8,5328,13928,1799.8,1031.6,10456,0x0EACD778
2428,0,649644,649.644,0,0,OK,4626.2,4619.2,4619.2,4619.2,4619.2,4619.2,4619.2,4619.2,4619.2,0.00,4619.2,4619.2,4619.2,232.76,1031.6,1031.6,1031.6,2171.2,2407.6,2407.6,2407.6,2407.6,2407.6,518.8,512.8,522.8,5308,1798.8,5328,19136,2050.2,791.2,2744,0xFDB7CB98
2429,0,649746,649.746,0,0,OK,4621.2,4619.2,4619.2,4619.2,4619.2,4619.2,4619.2,4619.2,4619.2,0.00,4619.2,4619.2,4619.2,0.80,1031.6,1031.6,1031.6,2171.2,2407.6,2407.6,2407.6,2407.6,2407.6,518.8,522.8,262.4,7712,1798.8,5328,21540,2050.2,791.2,20632,0x51170C20
2430,0,649847,649.847,0,0,OK,4626.2,4619.2,4619.2,4619.2,4619.2,4619.2,4619.2,4619.2,4619.2,0.00,4619.2,4619.2,4619.2,231.76,791.2,791.2,1031.6,4105.6,4110.6,2406.6,4111.6,4110.6,2406.6,528.8,532.8,532.8,5308,1558.4,5128,16532,1559.4,1292.0,5248,0xFDFAF819
2431,0,649949,649.949,0,0,OK,4621.2,4619.2,4619.2,4619.2,4619.2,4619.2,4619.2,4619.2,4619.2,0.00,4619.2,4619.2,4619.2,231.76,791.2,791.2,791.2,4105.6,4110.6,4110.6,4110.6,4110.6,4110.6,267.4,522.8,532.8,7912,1808.8,2724,19036,1799.8,791.2,15424,0xB40F5EBB
2432,0,650051,650.051,0,0,OK,4626.2,4619.2,4619.2,4619.2,4619.2,4619.2,4619.2,4619.2,4619.2,0.00,4619.2,4619.2,4619.2,0.80,791.2,1031.6,791.2,4105.6,2406.6,4111.6,4110.6,2406.6,4111.6,277.4,272.4,522.8,7912,2059.2,5128,21540,2050.2,1041.6,40,0x0FB26DDE
2433,0,650152,650.152,0,0,OK,4627.2,4619.2,4619.2,4619.2,4619.2,4619.2,4619.2,4619.2,4619.2,0.00,4619.2,4619.2,4619.2,231.76,1031.6,791.2,1031.6,2171.2,4111.6,2406.6,2407.6,4111.6,2406.6,268.4,522.8,272.4,7812,2059.2,5228,13828,1559.4,791.2,12820,0xEAAD3A9B
2434,0,650254,650.254,0,0,OK,4625.2,4619.2,4619.2,4619.2,4619.2,4619.2,4619.2,4619.2,4619.2,0.00,4619.2,4619.2,4619.2,232.76,1031.6,791.2,1031.6,2171.2,4111.6,2406.6,2407.6,4111.6,2406.6,518.8,262.4,262.4,7712,1798.8,5128,19036,1559.4,1292.0,2744,0x66F1407A
2435,0,650356,650.356,0,0,OK,4622.2,4619.2,4619.2,4619.2,4619.2,4619.2,4619.2,4619.2,4619.2,0.00,4619.2,4619.2,4619.2,0.80,1031.6,1031.6,1031.6,2171.2,2407.6,2407.6,2407.6,2407.6,2407.6,268.4,262.4,262.4,7812,2049.2,5328,11424,2060.2,791.2,13020,0x70F0136B
2436,0,650457,650.457,0,0,OK,4620.2,4619.2,4619.2,4619.2,4619.2,4619.2,4619.2,4619.2,4619.2,0.00,4619.2,4619.2,4619.2,231.76,791.2,1031.6,1031.6,4105.6,2406.6,2407.6,4111.6,2406.6,2407.6,518.8,272.4,532.8,5308,1808.8,5128,19036,2060.2,1031.6,5248,0x5BAA0471
2437,0,650559,650.559,0,0,OK,4621.2,4619.2,4619.2,4619.2,4619.2,4619.2,4619.2,4619.2,4619.2,0.00,4619.2,4619.2,4619.2,231.76,791.2,1031.6,791.2,4105.6,2406.6,4111.6,4110.6,2406.6,4111.6,277.4,262.4,512.8,7812,1808.8,5128,13928,1809.8,1292.0,12860,0x54B31905
2438,0,650661,650.661,0,0,OK,4624.2,4619.2,4619.2,4619.2,4619.2,4619.2,4619.2,4619.2,4619.2,0.00,4619.2,4619.2,4619.2,0.80,791.2,1031.6,1031.6,4105.6,2406.6,2407.6,4111.6,2406.6,2407.6,528.8,262.4,512.8,7812,1798.8,5228,19036,2050.2,791.2,12860,0xEB17ECC3
2439,0,650762,650.762,0,0,OK,4621.2,4619.2,4619.2,4619.2,4619.2,4619.2,4619.2,4619.2,4619.2,0.00,4619.2,4619.2,4619.2,232.76,1031.6,791.2,1031.6,2171.2,4111.6,2406.6,2407.6,4111.6,2406.6,769.2,532.8,272.4,5308,1558.4,2624,16632,1809.8,1041.6,18028,0xE79766FA
2440,0,650864,650.864,0,0,OK,4627.2,4619.2,4619.2,4619.2,4619.2,4619.2,4619.2,4619.2,4619.2,0.00,4619.2,4619.2,4619.2,232.76,1031.6,1031.6,791.2,2171.2,2407.6,4111.6,2406.6,2407.6,4111.6,527.8,512.8,532.8,7912,1558.4,2624,14028,1809.8,1282.0,23136,0x766BD6DD
2441,0,650966,650.966,0,0,OK,4620.2,4619.2,4619.2,4619.2,4619.2,4619.2,4619.2,4619.2,4619.2,0.00,4619.2,4619.2,4619.2,0.80,791.2,791.2,1031.6,4105.6,4110.6,2406.6,4111.6,4110.6,2406.6,769.2,262.4,512.8,7712,2049.2,2724,19136,1799.8,1041.6,17928,0x209095D5
2442,0,651067,651.067,0,0,OK,4620.2,4619.2,4619.2,4619.2,4619.2,4619.2,4619.2,4619.2,4619.2,0.00,4619.2,4619.2,4619.2,232.76,1031.6,1031.6,791.2,2171.2,2407.6,4111.6,2406.6,2407.6,4111.6,768.2,532.8,512.8,10316,1808.8,5328,13928,1799.8,1282.0,20632,0xA9EADA92
2443,0,651169,651.169,0,0,OK,4620.2,4619.2,4619.2,4619.2,4619.2,4619.2,4619.2,4619.2,4619.2,0.00,4619.2,4619.2,4619.2,232.76,791.2,791.2,1031.6,4105.6,4110.6,2406.6,4111.6,4110.6,2406.6,518.8,522.8,262.4,5308,1798.8,5328,16432,1809.8,1041.6,5148,0x458401B2
2444,0,651271,651.271,0,0,OK,4628.2,4619.2,4619.2,4619.2,4619.2,4619.2,4619.2,4619.2,4619.2,0.00,4619.2,4619.2,4619.2,232.76,1031.6,1031.6,791.2,2171.2,2407.6,4111.6,2406.6,2407.6,4111.6,277.4,272.4,522.8,5308,2049.2,5128,19136,2060.2,791.2,2744,0x10CB677D
2445,0,651372,651.372,0,0,OK,4621.2,4619.2,4619.2,4619.2,4619.2,4619.2,4619.2,4619.2,4619.2,0.00,4619.2,4619.2,4619.2,0.80,791.2,791.2,1031.6,4105.6,4110.6,2406.6,4111.6,4110.6,2406.6,528.8,532.8,512.8,5308,2049.2,5128,11424,2060.2,791.2,10456,0xD596C80E
2446,0,651474,651.474,0,0,OK,4620.2,4619.2,4619.2,4619.2,4619.2,4619.2,4619.2,4619.2,4619.2,0.00,4619.2,4619.2,4619.2,232.76,1031.6,791.2,1031.6,2171.2,4111.6,2406.6,2407.6,4111.6,2406.6,518.8,522.8,262.4,5308,1558.4,2624,16432,1559.4,1292.0,15524,0xA7F4AF68
2447,0,651576,651.576,0,0,OK,4627.2,4619.2,4619.2,4619.2,4619.2,4619.2,4619.2,4619.2,4619.2,0.00,4619.2,4619.2,4619.2,232.76,791.2,1031.6,791.2,4105.6,2406.6,4111.6,4110.6,2406.6,4111.6,267.4,522.8,262.4,7812,1798.8,5228,13928,2050.2,1031.6,17928,0x44F49CA2
2448,0,651677,651.677,0,0,OK,4623.2,4619.2,4619.2,4619.2,4619.2,4619.2,4619.2,4619.2,4619.2,0.00,4619.2,4619.2,4619.2,0.80,1031.6,791.2,791.2,2171.2,4111.6,4110.6,2406.6,4111.6,4110.6,768.2,532.8,512.8,7812,2059.2,2724,16632,1809.8,1041.6,5148,0xF3C32E47
2449,0,651779,651.779,0,0,OK,4627.2,4619.2,4619.2,4619.2,4619.2,4619.2,4619.2,4619.2,4619.2,0.00,4619.2,4619.2,4619.2,232.76,1031.6,1031.6,791.2,2171.2,2407.6,4111.6,2406.6,2407.6,4111.6,517.8,262.4,532.8,10316,1558.4,5228,19036,2060.2,791.2,20632,0xA462A62F
2450,0,651881,651.881,0,0,OK,4625.2,4619.2,4619.2,4619.2,4619.2,4619.2,4619.2,4619.2,4619.2,0.00,4619.2,4619.2,4619.2,231.76,1031.6,1031.6,791.2,2171.2,2407.6,4111.6,2406.6,2407.6,4111.6,527.8,272.4,272.4,5308,2059.2,2624,21540,2050.2,791.2,10416,0xA332D357
2451,0,651982,651.982,0,0,OK,4623.2,4619.2,4619.2,4619.2,4619.2,4619.2,4619.2,4619.2,4619.2,0.00,4619.2,4619.2,4619.2,232.76,1031.6,791.2,1031.6,2171.2,4111.6,2406.6,2407.6,4111.6,2406.6,528.8,262.4,522.8,10316,2059.2,2724,16532,1559.4,1031.6,18128,0xEC17E6B9
2452,0,652084,652.084,0,0,OK,4628.2,4619.2,4619.2,4619.2,4619.2,4619.2,4619.2,4619.2,4619.2,0.00,4619.2,4619.2,4619.2,231.76,1031.6,1031.6,791.2,2171.2,2407.6,4111.6,2406.6,2407.6,4111.6,267.4,532.8,532.8,7812,2049.2,2624,13828,2050.2,1292.0,10356,0xE98CDD47
2453,0,652186,652.186,0,0,OK,4624.2,4619.2,4619.2,4619.2,4619.2,4619.2,4619.2,4619.2,4619.2,0.00,4619.2,4619.2,4619.2,0.80,791.2,791.2,1031.6,4105.6,4110.6,2406.6,4111.6,4110.6,2406.6,278.4,532.8,272.4,10316,1808.8,5128,16632,2060.2,1292.0,13020,0x4DA61482
2454,0,652288,652.288,0,0,OK,4621.2,4619.2,4619.2,4619.2,4619.2,4619.2,4619.2,4619.2,4619.2,0.00,4619.2,4619.2,4619.2,232.76,791.2,791.2,791.2,4105.6,4110.6,4110.6,4110.6,4110.6,4110.6,277.4,262.4,532.8,5308,1808.8,2724,11424,1799.8,1282.0,12920,0x52FF9911
2455,0,652389,652.389,0,0,OK,4621.2,4619.2,4619.2,4619.2,4619.2,4619.2,4619.2,4619.2,4619.2,0.00,4619.2,4619.2,4619.2,232.76,1031.6,1031.6,1031.6,2171.2,2407.6,2407.6,2407.6,2407.6,2407.6,518.8,522.8,262.4,7712,1558.4,2724,16532,2060.2,1041.6,10256,0xCBB35448
2456,0,652491,652.491,0,0,OK,4626.2,4619.2,4619.2,4619.2,4619.2,4619.2,4619.2,4619.2,4619.2,0.00,4619.2,4619.2,4619.2,231.76,791.2,791.2,1031.6,4105.6,4110.6,2406.6,4111.6,4110.6,2406.6,278.4,272.4,522.8,10316,2059.2,5128,11424,1559.4,791.2,23236,0x4AADB76B
2457,0,652593,652.593,0,0,OK,4628.2,4619.2,4619.2,4619.2,4619.2,4619.2,4619.2,4619.2,4619.2,0.00,4619.2,4619.2,4619.2,231.76,791.2,791.2,1031.6,4105.6,4110.6,2406.6,4111.6,4110.6,2406.6,769.2,272.4,532.8,7712,2049.2,2724,13928,2060.2,1292.0,15524,0x612D8D5B
2458,0,652694,652.694,0,0,OK,4627.2,4619.2,4619.2,4619.2,4619.2,4619.2,4619.2,4619.2,4619.2,0.00,4619.2,4619.2,4619.2,231.76,1031.6,791.2,1031.6,2171.2,4111.6,2406.6,2407.6,4111.6,2406.6,518.8,512.8,512.8,5308,2059.2,2724,16632,2060.2,791.2,10456,0xF2AE0587
2459,0,652796,652.796,0,0,OK,4625.2,4619.2,4619.2,4619.2,4619.2,4619.2,4619.2,4619.2,4619.2,0.00,4619.2,4619.2,4619.2,231.76,791.2,1031.6,1031.6,4105.6,2406.6,2407.6,4111.6,2406.6,2407.6,769.2,272.4,262.4,7712,1808.8,2624,19136,1809.8,1041.6,7912,0xCD692BB7
2460,0,652898,652.898,0,0,OK,4621.2,4619.2,4619.2,4619.2,4619.2,4619.2,4619.2,4619.2,4619.2,0.00,4619.2,4619.2,4619.2,232.76,1031.6,1031.6,791.2,2171.2,2407.6,4111.6,2406.6,2407.6,4111.6,768.2,272.4,272.4,7812,1798.8,2724,13828,2050.2,1031.6,10456,0xCFE0EE17
2461,0,652999,652.999,0,0,OK,4623.2,4619.2,4619.2,4619.2,4619.2,4619.2,4619.2,4619.2,4619.2,0.00,4619.2,4619.2,4619.2,0.80,1031.6,1031.6,791.2,2171.2,2407.6,4111.6,2406.6,2407.6,4111.6,267.4,522.8,512.8,5308,1558.4,2624,16632,1809.8,1041.6,17928,0xF80A78E4
2462,0,653101,653.101,0,0,OK,4624.2,4619.2,4619.2,4619.2,4619.2,4619.2,4619.2,4619.2,4619.2,0.00,4619.2,4619.2,4619.2,0.80,1031.6,791.2,791.2,2171.2,4111.6,4110.6,2406.6,4111.6,4110.6,768.2,272.4,522.8,7812,1808.8,5228,16632,1559.4,1031.6,18128,0x9B725020
2463,0,653203,653.203,0,0,OK,4627.2,4619.2,4619.2,4619.2,4619.2,4619.2,4619.2,4619.2,4619.2,0.00,4619.2,4619.2,4619.2,232.76,791.2,1031.6,1031.6,4105.6,2406.6,2407.6,4111.6,2406.6,2407.6,518.8,262.4,532.8,10316,1798.8,2624,16632,2060.2,1292.0,12860,0x8F82E2DE
2464,0,653304,653.304,0,0,OK,4621.2,4619.2,4619.2,4619.2,4619.2,4619.2,4619.2,4619.2,4619.2,0.00,4619.2,4619.2,4619.2,232.76,791.2,791.2,791.2,4105.6,4110.6,4110.6,4110.6,4110.6,4110.6,517.8,532.8,522.8,10316,1798.8,5128,16432,1559.4,791.2,12860,0xCBD40930
2465,0,653406,653.406,0,0,OK,4623.2,4619.2,4619.2,4619.2,4619.2,4619.2,4619.2,4619.2,4619.2,0.00,4619.2,4619.2,4619.2,0.80,791.2,791.2,1031.6,4105.6,4110.6,2406.6,4111.6,4110.6,2406.6,769.2,262.4,272.4,5308,1798.8,5328,16532,2050.2,1282.0,12820,0xF61DE6D2
2466,0,653508,653.508,0,0,OK,4625.2,4619.2,4619.2,4619.2,4619.2,4619.2,4619.2,4619.2,4619.2,0.00,4619.2,4619.2,4619.2,231.76,791.2,791.2,791.2,4105.6,4110.6,4110.6,4110.6,4110.6,4110.6,267.4,262.4,522.8,5308,1558.4,2624,21540,2060.2,1292.0,18128,0x652F2D87
2467,0,653609,653.609,0,0,OK,4620.2,4619.2,4619.2,4619.2,4619.2,4619.2,4619.2,4619.2,4619.2,0.00,4619.2,4619.2,4619.2,231.76,1031.6,1031.6,791.2,2171.2,2407.6,4111.6,2406.6,2407.6,4111.6,527.8,272.4,262.4,5308,1798.8,5228,21540,1559.4,1031.6,40,0x85AF68C4
2468,0,653711,653.711,0,0,OK,4623.2,4619.2,4619.2,4619.2,4619.2,4619.2,4619.2,4619.2,4619.2,0.00,4619.2,4619.2,4619.2,232.76,1031.6,791.2,1031.6,2171.2,4111.6,2406.6,2407.6,4111.6,2406.6,268.4,532.8,512.8,7812,1808.8,5328,11424,2060.2,1282.0,20532,0xAC60C116
2469,0,653813,653.813,0,0,OK,4625.2,4619.2,4619.2,4619.2,4619.2,4619.2,4619.2,4619.2,4619.2,0.00,4619.2,4619.2,4619.2,232.76,791.2,1031.6,791.2,4105.6,2406.6,4111.6,4110.6,2406.6,4111.6,527.8,272.4,512.8,7712,2059.2,2724,14028,2050.2,1031.6,12820,0xFBE10974
2470,0,653915,653.915,0,0,OK,4623.2,4619.2,4619.2,4619.2,4619.2,4619.2,4619.2,4619.2,4619.2,0.00,4619.2,4619.2,4619.2,231.76,791.2,791.2,791.2,4105.6,4110.6,4110.6,4110.6,4110.6,4110.6,517.8,272.4,272.4,7912,2059.2,2724,16632,1809.8,1282.0,13020,0xC45DEC1B
2471,0,654016,654.016,0,0,OK,4621.2,4619.2,4619.2,4619.2,4619.2,4619.2,4619.2,4619.2,4619.2,0.00,4619.2,4619.2,4619.2,232.76,791.2,791.2,791.2,4105.6,4110.6,4110.6,4110.6,4110.6,4110.6,517.8,262.4,262.4,10316,1558.4,5328,21540,2060.2,1041.6,20532,0x40208870
2472,0,654118,654.118,0,0,OK,4620.2,4619.2,4619.2,4619.2,4619.2,4619.2,4619.2,4619.2,4619.2,0.00,4619.2,4619.2,4619.2,0.80,1031.6,1031.6,1031.6,2171.2,2407.6,2407.6,2407.6,2407.6,2407.6,268.4,522.8,262.4,5308,2059.2,5228,19036,1799.8,1292.0,12860,0x2D051A1E
2473,0,654220,654.220,0,0,OK,4620.2,4619.2,4619.2,4619.2,4619.2,4619.2,4619.2,4619.2,4619.2,0.00,4619.2,4619.2,4619.2,0.80,791.2,1031.6,1031.6,4105.6,2406.6,2407.6,4111.6,2406.6,2407.6,769.2,512.8,272.4,7812,2049.2,5128,21540,1799.8,1031.6,15424,0x94FB0B9D
2474,0,654321,654.321,0,0,OK,4619.2,4619.2,4619.2,4619.2,4619.2,4619.2,4619.2,4619.2,4619.2,0.00,4619.2,4619.2,4619.2,231.76,1031.6,1031.6,1031.6,2171.2,2407.6,2407.6,2407.6,2407.6,2407.6,769.2,512.8,522.8,7712,1808.8,5328,19136,1799.8,791.2,15424,0xE9644DC1
2475,0,654423,654.423,0,0,OK,4626.2,4619.2,4619.2,4619.2,4619.2,4619.2,4619.2,4619.2,4619.2,0.00,4619.2,4619.2,4619.2,232.76,791.2,791.2,1031.6,4105.6,4110.6,2406.6,4111.6,4110.6,2406.6,268.4,512.8,532.8,5308,2059.2,5128,13828,2050.2,1292.0,10316,0xC02820C6
2476,0,654525,654.525,0,0,OK,4621.2,4619.2,4619.2,4619.2,4619.2,4619.2,4619.2,4619.2,4619.2,0.00,4619.2,4619.2,4619.2,231.76,1031.6,791.2,791.2,2171.2,4111.6,4110.6,2406.6,4111.6,4110.6,527.8,522.8,272.4,5308,1798.8,5128,19036,1809.8,1031.6,5148,0xF34AC9AD
2477,0,654626,654.626,0,0,OK,4619.2,4619.2,4619.2,4619.2,4619.2,4619.2,4619.2,4619.2,4619.2,0.00,4619.2,4619.2,4619.2,0.80,1031.6,791.2,791.2,2171.2,4111.6,4110.6,2406.6,4111.6,4110.6,527.8,522.8,512.8,10316,1798.8,5328,14028,1559.4,1031.6,10256,0x3DD9979C
2478,0,654728,654.728,0,0,OK,4627.2,4619.2,4619.2,4619.2,4619.2,4619.2,4619.2,4619.2,4619.2,0.00,4619.2,4619.2,4619.2,0.80,1031.6,1031.6,1031.6,2171.2,2407.6,2407.6,2407.6,2407.6,2407.6,268.4,512.8,262.4,7712,1798.8,5328,14028,2060.2,791.2,15524,0x68224E67
2479,0,654830,654.830,0,0,OK,4628.2,4619.2,4619.2,4619.2,4619.2,4619.2,4619.2,4619.2,4619.2,0.00,4619.2,4619.2,4619.2,231.76,1031.6,1031.6,791.2,2171.2,2407.6,4111.6,2406.6,2407.6,4111.6,517.8,522.8,262.4,7712,1798.8,5228,16432,1809.8,1031.6,23236,0xD5FC7A22
2480,0,654931,654.931,0,0,OK,4621.2,4619.2,4619.2,4619.2,4619.2,4619.2,4619.2,4619.2,4619.2,0.00,4619.2,4619.2,4619.2,0.80,1031.6,1031.6,1031.6,2171.2,2407.6,2407.6,2407.6,2407.6,2407.6,518.8,272.4,512.8,10316,1798.8,2624,11424,2050.2,1041.6,23236,0x84C6D610
2481,0,655033,655.033,0,0,OK,4622.2,4619.2,4619.2,4619.2,4619.2,4619.2,4619.2,4619.2,4619.2,0.00,4619.2,4619.2,4619.2,0.80,1031.6,1031.6,1031.6,2171.2,2407.6,2407.6,2407.6,2407.6,2407.6,769.2,262.4,262.4,10316,1558.4,2724,13828,1799.8,1031.6,2744,0xC978B0D9
2482,0,655135,655.135,0,0,OK,4619.2,4619.2,4619.2,4619.2,4619.2,4619.2,4619.2,4619.2,4619.2,0.00,4619.2,4619.2,4619.2,232.76,791.2,1031.6,791.2,4105.6,2406.6,4111.6,4110.6,2406.6,4111.6,267.4,272.4,532.8,7912,2059.2,2724,16432,1559.4,1282.0,20632,0xD9174EB0
2483,0,655236,655.236,0,0,OK,4627.2,4619.2,4619.2,4619.2,4619.2,4619.2,4619.2,4619.2,4619.2,0.00,4619.2,4619.2,4619.2,232.76,791.2,1031.6,1031.6,4105.6,2406.6,2407.6,4111.6,2406.6,2407.6,528.8,522.8,522.8,7912,1808.8,2724,19136,1799.8,1031.6,12860,0x6A1604F4
2484,0,655338,655.338,0,0,OK,4628.2,4619.2,4619.2,4619.2,4619.2,4619.2,4619.2,4619.2,4619.2,0.00,4619.2,4619.2,4619.2,231.76,1031.6,1031.6,791.2,2171.2,2407.6,4111.6,2406.6,2407.6,4111.6,267.4,272.4,272.4,7812,2049.2,2724,19036,2050.2,1282.0,10416,0x921B2290
2485,0,655440,655.440,0,0,OK,4626.2,4619.2,4619.2,4619.2,4619.2,4619.2,4619.2,4619.2,4619.2,0.00,4619.2,4619.2,4619.2,0.80,1031.6,1031.6,791.2,2171.2,2407.6,4111.6,2406.6,2407.6,4111.6,517.8,522.8,522.8,7812,1808.8,2724,11424,1809.8,1292.0,5348,0x55CD184B
2486,0,655541,655.541,0,0,OK,4625.2,4619.2,4619.2,4619.2,4619.2,4619.2,4619.2,4619.2,4619.2,0.00,4619.2,4619.2,4619.2,232.76,1031.6,1031.6,1031.6,2171.2,2407.6,2407.6,2407.6,2407.6,2407.6,278.4,532.8,522.8,7812,2059.2,5228,21540,2050.2,1292.0,2644,0xB51CFFD4
2487,0,655643,655.643,0,0,OK,4628.2,4619.2,4619.2,4619.2,4619.2,4619.2,4619.2,4619.2,4619.2,0.00,4619.2,4619.2,4619.2,232.76,791.2,1031.6,791.2,4105.6,2406.6,4111.6,4110.6,2406.6,4111.6,267.4,512.8,532.8,7712,2059.2,5228,11424,2050.2,1292.0,18028,0x09028C82
2488,0,655745,655.745,0,0,OK,4628.2,4619.2,4619.2,4619.2,4619.2,4619.2,4619.2,4619.2,4619.2,0.00,4619.2,4619.2,4619.2,0.80,1031.6,1031.6,1031.6,2171.2,2407.6,2407.6,2407.6,2407.6,2407.6,278.4,272.4,522.8,10316,2049.2,5328,21540,1559.4,791.2,10356,0xC641D45A
2489,0,655847,655.847,0,0,OK,4623.2,4619.2,4619.2,4619.2,4619.2,4619.2,4619.2,4619.2,4619.2,0.00,4619.2,4619.2,4619.2,0.80,791.2,791.2,791.2,4105.6,4110.6,4110.6,4110.6,4110.6,4110.6,277.4,522.8,532.8,7712,1808.8,2624,16432,2050.2,1031.6,10416,0x47B3EE31
2490,0,655948,655.948,0,0,OK,4624.2,4619.2,4619.2,4619.2,4619.2,4619.2,4619.2,4619.2,4619.2,0.00,4619.2,4619.2,4619.2,231.76,1031.6,791.2,1031.6,2171.2,4111.6,2406.6,2407.6,4111.6,2406.6,518.8,522.8,522.8,7712,1808.8,5128,14028,1799.8,1282.0,7912,0x0B042EC7
2491,0,656050,656.050,0,0,OK,4624.2,4619.2,4619.2,4619.2,4619.2,4619.2,4619.2,4619.2,4619.2,0.00,4619.2,4619.2,4619.2,231.76,1031.6,1031.6,791.2,2171.2,2407.6,4111.6,2406.6,2407.6,4111.6,768.2,262.4,532.8,10316,1558.4,5128,13828,2050.2,791.2,18028,0x62CBBC7B
2492,0,656152,656.152,0,0,OK,4620.2,4619.2,4619.2,4619.2,4619.2,4619.2,4619.2,4619.2,4619.2,0.00,4619.2,4619.2,4619.2,232.76,1031.6,791.2,1031.6,2171.2,4111.6,2406.6,2407.6,4111.6,2406.6,268.4,522.8,262.4,7712,2049.2,2624,19036,2050.2,1282.0,12820,0xCA3BA3EB
2493,0,656253,656.253,0,0,OK,4621.2,4619.2,4619.2,4619.2,4619.2,4619.2,4619.2,4619.2,4619.2,0.00,4619.2,4619.2,4619.2,232.76,1031.6,1031.6,1031.6,2171.2,2407.6,2407.6,2407.6,2407.6,2407.6,769.2,522.8,522.8,7712,1798.8,2724,19036,1809.8,791.2,2744,0xE23DA75A
2494,0,656355,656.355,0,0,OK,4625.2,4619.2,4619.2,4619.2,4619.2,4619.2,4619.2,4619.2,4619.2,0.00,4619.2,4619.2,4619.2,232.76,791.2,791.2,1031.6,4105.6,4110.6,2406.6,4111.6,4110.6,2406.6,518.8,522.8,262.4,10316,2049.2,5328,16532,1799.8,1031.6,240,0x0ECE254E
2495,0,656457,656.457,0,0,OK,4628.2,4619.2,4619.2,4619.2,4619.2,4619.2,4619.2,4619.2,4619.2,0.00,4619.2,4619.2,4619.2,232.76,791.2,791.2,791.2,4105.6,4110.6,4110.6,4110.6,4110.6,4110.6,517.8,522.8,522.8,7912,1808.8,5228,19036,1799.8,1282.0,15524,0x5E535520
2496,0,656558,656.558,0,0,OK,4623.2,4619.2,4619.2,4619.2,4619.2,4619.2,4619.2,4619.2,4619.2,0.00,4619.2,4619.2,4619.2,232.76,1031.6,791.2,791.2,2171.2,4111.6,4110.6,2406.6,4111.6,4110.6,527.8,262.4,262.4,7812,2049.2,2724,16632,2060.2,1282.0,20532,0xE7EAF275
2497,0,656660,656.660,0,0,OK,4628.2,4619.2,4619.2,4619.2,4619.2,4619.2,4619.2,4619.2,4619.2,0.00,4619.2,4619.2,4619.2,232.76,791.2,791.2,1031.6,4105.6,4110.6,2406.6,4111.6,4110.6,2406.6,268.4,262.4,522.8,7812,1798.8,5328,13928,1559.4,1292.0,10256,0xFCAA7BF3
2498,0,656762,656.762,0,0,OK,4627.2,4619.2,4619.2,4619.2,4619.2,4619.2,4619.2,4619.2,4619.2,0.00,4619.2,4619.2,4619.2,0.80,1031.6,1031.6,1031.6,2171.2,2407.6,2407.6,2407.6,2407.6,2407.6,268.4,272.4,512.8,5308,1558.4,5128,14028,2050.2,791.2,20532,0xB15CE0D8
2499,0,656863,656.863,0,0,OK,4628.2,4619.2,4619.2,4619.2,4619.2,4619.2,4619.2,4619.2,4619.2,0.00,4619.2,4619.2,4619.2,232.76,791.2,791.2,791.2,4105.6,4110.6,4110.6,4110.6,4110.6,4110.6,267.4,532.8,522.8,7712,2059.2,2724,16432,2050.2,1041.6,2644,0x76C53760
2500,0,656965,656.965,0,0,OK,4628.2,4619.2,4619.2,4619.2,4619.2,4619.2,4619.2,4619.2,4619.2,0.00,4619.2,4619.2,4619.2,231.76,791.2,791.2,791.2,4105.6,4110.6,4110.6,4110.6,4110.6,4110.6,768.2,522.8,262.4,7812,2049.2,5328,14028,2060.2,1031.6,20632,0x89468553
2501,0,657067,657.067,0,0,OK,4627.2,4619.2,4619.2,4619.2,4619.2,4619.2,4619.2,4619.2,4619.2,0.00,4619.2,4619.2,4619.2,231.76,1031.6,791.2,791.2,2171.2,4111.6,4110.6,2406.6,4111.6,4110.6,267.4,522.8,522.8,7812,1808.8,5128,16432,2050.2,791.2,7912,0xA9DEBC4E
2502,0,657168,657.168,0,0,OK,4626.2,4619.2,4619.2,4619.2,4619.2,4619.2,4619.2,4619.2,4619.2,0.00,4619.2,4619.2,4619.2,231.76,791.2,791.2,1031.6,4105.6,4110.6,2406.6,4111.6,4110.6,2406.6,769.2,262.4,272.4,7912,2059.2,5328,16532,1809.8,1031.6,18028,0xFF3267A7
2503,0,657270,657.270,0,0,OK,4626.2,4619.2,4619.2,4619.2,4619.2,4619.2,4619.2,4619.2,4619.2,0.00,4619.2,4619.2,4619.2,231.76,791.2,791.2,1031.6,4105.6,4110.6,2406.6,4111.6,4110.6,2406.6,528.8,532.8,272.4,5308,2049.2,5328,19136,2060.2,791.2,10316,0xF4A4910E
2504,0,657372,657.372,0,0,OK,4627.2,4619.2,4619.2,4619.2,4619.2,4619.2,4619.2,4619.2,4619.2,0.00,4619.2,4619.2,4619.2,0.80,1031.6,1031.6,1031.6,2171.2,2407.6,2407.6,2407.6,2407.6,2407.6,518.8,262.4,522.8,7812,1558.4,2624,16632,1799.8,1282.0,2644,0x27A3AFE4
2505,0,657473,657.473,0,0,OK,4619.2,4619.2,4619.2,4619.2,4619.2,4619.2,4619.2,4619.2,4619.2,0.00,4619.2,4619.2,4619.2,232.76,791.2,791.2,791.2,4105.6,4110.6,4110.6,4110.6,4110.6,4110.6,277.4,522.8,532.8,5308,1808.8,2724,19036,1559.4,1282.0,10256,0xDBDB3214
2506,0,657575,657.575,0,0,OK,4625.2,4619.2,4619.2,4619.2,4619.2,4619.2,4619.2,4619.2,4619.2,0.00,4619.2,4619.2,4619.2,232.76,791.2,1031.6,1031.6,4105.6,2406.6,2407.6,4111.6,2406.6,2407.6,518.8,522.8,522.8,7812,2049.2,5128,19036,1799.8,1292.0,2744,0x48E02735
2507,0,657677,657.677,0,0,OK,4625.2,4619.2,4619.2,4619.2,4619.2,4619.2,4619.2,4619.2,4619.2,0.00,4619.2,4619.2,4619.2,0.80,1031.6,1031.6,791.2,2171.2,2407.6,4111.6,2406.6,2407.6,4111.6,277.4,532.8,532.8,5308,1558.4,5328,16432,2050.2,1031.6,12920,0x0618A5DF
2508,0,657779,657.779,0,0,OK,4622.2,4619.2,4619.2,4619.2,4619.2,4619.2,4619.2,4619.2,4619.2,0.00,4619.2,4619.2,4619.2,231.76,791.2,1031.6,791.2,4105.6,2406.6,4111.6,4110.6,2406.6,4111.6,768.2,512.8,512.8,10316,2059.2,2624,14028,1809.8,1031.6,20532,0x9C168589
2509,0,657880,657.880,0,0,OK,4628.2,4619.2,4619.2,4619.2,4619.2,4619.2,4619.2,4619.2,4619.2,0.00,4619.2,4619.2,4619.2,0.80,1031.6,791.2,791.2,2171.2,4111.6,4110.6,2406.6,4111.6,4110.6,527.8,512.8,512.8,5308,1808.8,2724,16532,2060.2,1031.6,2644,0xC54D65B5
2510,0,657982,657.982,0,0,OK,4626.2,4619.2,4619.2,4619.2,4619.2,4619.2,4619.2,4619.2,4619.2,0.00,4619.2,4619.2,4619.2,0.80,1031.6,1031.6,791.2,2171.2,2407.6,4111.6,2406.6,2407.6,4111.6,527.8,532.8,272.4,7912,1798.8,2624,19136,1809.8,791.2,10316,0x2B4EABA9
2511,0,658084,658.084,0,0,OK,4624.2,4619.2,4619.2,4619.2,4619.2,4619.2,4619.2,4619.2,4619.2,0.00,4619.2,4619.2,4619.2,231.76,1031.6,791.2,1031.6,2171.2,4111.6,2406.6,2407.6,4111.6,2406.6,278.4,522.8,262.4,7812,2049.2,2724,16632,2060.2,791.2,5348,0x584A125E
2512,0,658185,658.185,0,0,OK,4625.2,4619.2,4619.2,4619.2,4619.2,4619.2,4619.2,4619.2,4619.2,0.00,4619.2,4619.2,4619.2,232.76,1031.6,1031.6,1031.6,2171.2,2407.6,2407.6,2407.6,2407.6,2407.6,268.4,272.4,532.8,7812,1558.4,5328,16432,1809.8,1031.6,13020,0x6259C843
2513,0,658287,658.287,0,0,OK,4620.2,4619.2,4619.2,4619.2,4619.2,4619.2,4619.2,4619.2,4619.2,0.00,4619.2,4619.2,4619.2,231.76,791.2,791.2,1031.6,4105.6,4110.6,2406.6,4111.6,4110.6,2406.6,268.4,512.8,262.4,7812,1558.4,2724,19136,2050.2,1041.6,5148,0xA6422097
2514,0,658389,658.389,0,0,OK,4622.2,4619.2,4619.2,4619.2,4619.2,4619.2,4619.2,4619.2,4619.2,0.00,4619.2,4619.2,4619.2,231.76,791.2,791.2,1031.6,4105.6,4110.6,2406.6,4111.6,4110.6,2406.6,518.8,272.4,272.4,7912,2059.2,2624,19036,1559.4,791.2,15424,0x143C59CF
2515,0,658490,658.490,0,0,OK,4620.2,4619.2,4619.2,4619.2,4619.2,4619.2,4619.2,4619.2,4619.2,0.00,4619.2,4619.2,4619.2,0.80,791.2,1031.6,791.2,4105.6,2406.6,4111.6,4110.6,2406.6,4111.6,527.8,262.4,522.8,10316,1798.8,5128,11424,1559.4,1292.0,20732,0x8A00EF1F
2516,0,658592,658.592,0,0,OK,4625.2,4619.2,4619.2,4619.2,4619.2,4619.2,4619.2,4619.2,4619.2,0.00,4619.2,4619.2,4619.2,231.76,791.2,791.2,791.2,4105.6,4110.6,4110.6,4110.6,4110.6,4110.6,768.2,272.4,522.8,7912,2059.2,2624,14028,2060.2,1282.0,5148,0xFFE09EFA
2517,0,658694,658.694,0,0,OK,4628.2,4619.2,4619.2,4619.2,4619.2,4619.2,4619.2,4619.2,4619.2,0.00,4619.2,4619.2,4619.2,0.80,1031.6,1031.6,791.2,2171.2,2407.6,4111.6,2406.6,2407.6,4111.6,267.4,512.8,262.4,7712,1558.4,5128,14028,2050.2,791.2,7912,0x117FE7D7
2518,0,658795,658.795,0,0,OK,4621.2,4619.2,4619.2,4619.2,4619.2,4619.2,4619.2,4619.2,4619.2,0.00,4619.2,4619.2,4619.2,231.76,1031.6,1031.6,1031.6,2171.2,2407.6,2407.6,2407.6,2407.6,2407.6,278.4,512.8,262.4,10316,1798.8,2624,19136,1799.8,1031.6,18128,0xE8986FEC
2519,0,658897,658.897,0,0,OK,4621.2,4619.2,4619.2,4619.2,4619.2,4619.2,4619.2,4619.2,4619.2,0.00,4619.2,4619.2,4619.2,0.80,1031.6,791.2,791.2,2171.2,4111.6,4110.6,2406.6,4111.6,4110.6,277.4,532.8,512.8,5308,2049.2,5328,19036,1809.8,1041.6,5148,0xF0395671
2520,0,658999,658.999,0,0,OK,4627.2,4619.2,4619.2,4619.2,4619.2,4619.2,4619.2,4619.2,4619.2,0.00,4619.2,4619.2,4619.2,0.80,1031.6,1031.6,791.2,2171.2,2407.6,4111.6,2406.6,2407.6,4111.6,277.4,262.4,262.4,10316,1798.8,5128,19036,1559.4,1041.6,13020,0x9F855E36
2521,0,659100,659.100,0,0,OK,4628.2,4619.2,4619.2,4619.2,4619.2,4619.2,4619.2,4619.2,4619.2,0.00,4619.2,4619.2,4619.2,231.76,1031.6,1031.6,791.2,2171.2,2407.6,4111.6,2406.6,2407.6,4111.6,277.4,532.8,522.8,5308,1808.8,2724,14028,1799.8,1282.0,23136,0x3AAA7662
2522,0,659202,659.202,0,0,OK,4619.2,4619.2,4619.2,4619.2,4619.2,4619.2,4619.2,4619.2,4619.2,0.00,4619.2,4619.2,4619.2,231.76,1031.6,1031.6,1031.6,2171.2,2407.6,2407.6,2407.6,2407.6,2407.6,528.8,262.4,522.8,7712,1808.8,5328,21540,1809.8,1031.6,140,0xA8DCF493
2523,0,659304,659.304,0,0,OK,4627.2,4619.2,4619.2,4619.2,4619.2,4619.2,4619.2,4619.2,4619.2,0.00,4619.2,4619.2,4619.2,232.76,791.2,1031.6,791.2,4105.6,2406.6,4111.6,4110.6,2406.6,4111.6,517.8,262.4,272.4,7912,1798.8,2724,13928,1559.4,1041.6,140,0x569FD1D6
2524,0,659405,659.405,0,0,OK,4627.2,4619.2,4619.2,4619.2,4619.2,4619.2,4619.2,4619.2,4619.2,0.00,4619.2,4619.2,4619.2,232.76,791.2,791.2,1031.6,4105.6,4110.6,2406.6,4111.6,4110.6,2406.6,769.2,522.8,512.8,5308,2049.2,5228,14028,1809.8,1031.6,5348,0x883C5D8E
2525,0,659507,659.507,0,0,OK,4624.2,4619.2,4619.2,4619.2,4619.2,4619.2,4619.2,4619.2,4619.2,0.00,4619.2,4619.2,4619.2,231.76,791.2,791.2,1031.6,4105.6,4110.6,2406.6,4111.6,4110.6,2406.6,518.8,522.8,262.4,7812,1798.8,5128,14028,1799.8,1292.0,10256,0xA2F9C5A6
2526,0,659609,659.609,0,0,OK,4624.2,4619.2,4619.2,4619.2,4619.2,4619.2,4619.2,4619.2,4619.2,0.00,4619.2,4619.2,4619.2,0.80,1031.6,791.2,791.2,2171.2,4111.6,4110.6,2406.6,4111.6,4110.6,267.4,272.4,272.4,7912,1798.8,5328,13928,1559.4,1041.6,2744,0xC7A011BA
2527,0,659710,659.710,0,0,OK,4625.2,4619.2,4619.2,4619.2,4619.2,4619.2,4619.2,4619.2,4619.2,0.00,4619.2,4619.2,4619.2,0.80,1031.6,791.2,1031.6,2171.2,4111.6,2406.6,2407.6,4111.6,2406.6,278.4,262.4,532.8,7812,2059.2,5228,13828,1559.4,1041.6,140,0x9871409A
2528,0,659812,659.812,0,0,OK,4624.2,4619.2,4619.2,4619.2,4619.2,4619.2,4619.2,4619.2,4619.2,0.00,4619.2,4619.2,4619.2,231.76,1031.6,1031.6,791.2,2171.2,2407.6,4111.6,2406.6,2407.6,4111.6,768.2,532.8,522.8,10316,1808.8,5128,19036,2060.2,1292.0,5148,0x60235DAC
2529,0,659914,659.914,0,0,OK,4626.2,4619.2,4619.2,4619.2,4619.2,4619.2,4619.2,4619.2,4619.2,0.00,4619.2,4619.2,4619.2,0.80,1031.6,1031.6,791.2,2171.2,2407.6,4111.6,2406.6,2407.6,4111.6,277.4,532.8,262.4,7712,2059.2,5228,14028,1799.8,1282.0,23236,0x8AC2C1B4
2530,0,660015,660.015,0,0,OK,4627.2,4619.2,4619.2,4619.2,4619.2,4619.2,4619.2,4619.2,4619.2,0.00,4619.2,4619.2,4619.2,0.80,791.2,1031.6,791.2,4105.6,2406.6,4111.6,4110.6,2406.6,4111.6,527.8,522.8,512.8,7912,2059.2,5328,16632,1809.8,1041.6,23236,0x6EE23C03
2531,0,660117,660.117,0,0,OK,4621.2,4619.2,4619.2,4619.2,4619.2,4619.2,4619.2,4619.2,4619.2,0.00,4619.2,4619.2,4619.2,0.80,1031.6,791.2,1031.6,2171.2,4111.6,2406.6,2407.6,4111.6,2406.6,518.8,262.4,522.8,5308,1558.4,5128,16432,2060.2,1041.6,40,0xCAF35449
2532,0,660219,660.219,0,0,OK,4619.2,4619.2,4619.2,4619.2,4619.2,4619.2,4619.2,4619.2,4619.2,0.00,4619.2,4619.2,4619.2,0.80,1031.6,791.2,791.2,2171.2,4111.6,4110.6,2406.6,4111.6,4110.6,517.8,262.4,262.4,7812,2049.2,5228,13928,1809.8,1282.0,12860,0xF585BAE7
2533,0,660320,660.320,0,0,OK,4620.2,4619.2,4619.2,4619.2,4619.2,4619.2,4619.2,4619.2,4619.2,0.00,4619.2,4619.2,4619.2,0.80,791.2,791.2,1031.6,4105.6,4110.6,2406.6,4111.6,4110.6,2406.6,518.8,532.8,532.8,10316,1808.8,5128,13828,2050.2,1282.0,23136,0x9F094933
2534,0,660422,660.422,0,0,OK,4626.2,4619.2,4619.2,4619.2,4619.2,4619.2,4619.2,4619.2,4619.2,0.00,4619.2,4619.2,4619.2,231.76,1031.6,1031.6,791.2,2171.2,2407.6,4111.6,2406.6,2407.6,4111.6,277.4,522.8,512.8,5308,1798.8,5228,14028,1799.8,791.2,15424,0x45A4284F
2535,0,660524,660.524,0,0,OK,4627.2,4619.2,4619.2,4619.2,4619.2,4619.2,4619.2,4619.2,4619.2,0.00,4619.2,4619.2,4619.2,231.76,791.2,791.2,1031.6,4105.6,4110.6,2406.6,4111.6,4110.6,2406.6,528.8,512.8,262.4,7912,1558.4,5228,16632,2060.2,1282.0,12820,0x03A246B5
2536,0,660625,660.625,0,0,OK,4625.2,4619.2,4619.2,4619.2,4619.2,4619.2,4619.2,4619.2,4619.2,0.00,4619.2,4619.2,4619.2,231.76,791.2,1031.6,791.2,4105.6,2406.6,4111.6,4110.6,2406.6,4111.6,768.2,532.8,272.4,10316,1558.4,5228,21540,1799.8,1292.0,10456,0x078ABB4F
2537,0,660727,660.727,0,0,OK,4626.2,4619.2,4619.2,4619.2,4619.2,4619.2,4619.2,4619.2,4619.2,0.00,4619.2,4619.2,4619.2,0.80,791.2,1031.6,1031.6,4105.6,2406.6,2407.6,4111.6,2406.6,2407.6,518.8,512.8,512.8,7812,1808.8,5128,16632,2060.2,1292.0,7852,0x914A8376
2538,0,660829,660.829,0,0,OK,4620.2,4619.2,4619.2,4619.2,4619.2,4619.2,4619.2,4619.2,4619.2,0.00,4619.2,4619.2,4619.2,231.76,791.2,1031.6,791.2,4105.6,2406.6,4111.6,4110.6,2406.6,4111.6,517.8,262.4,272.4,7812,1808.8,5328,13828,1799.8,791.2,10356,0xEF51420C
2539,0,660930,660.930,0,0,OK,4625.2,4619.2,4619.2,4619.2,4619.2,4619.2,4619.2,4619.2,4619.2,0.00,4619.2,4619.2,4619.2,0.80,1031.6,791.2,1031.6,2171.2,4111.6,2406.6,2407.6,4111.6,2406.6,268.4,522.8,512.8,10316,1558.4,2724,16532,2050.2,1031.6,12920,0xB564271C
2540,0,661032,661.032,0,0,OK,4620.2,4619.2,4619.2,4619.2,4619.2,4619.2,4619.2,4619.2,4619.2,0.00,4619.2,4619.2,4619.2,232.76,1031.6,1031.6,1031.6,2171.2,2407.6,2407.6,2407.6,2407.6,2407.6,268.4,512.8,522.8,7712,1798.8,5128,13928,1809.8,1041.6,10316,0x439862C2
2541,0,661134,661.134,0,0,OK,4623.2,4619.2,4619.2,4619.2,4619.2,4619.2,4619.2,4619.2,4619.2,0.00,4619.2,4619.2,4619.2,232.76,1031.6,791.2,1031.6,2171.2,4111.6,2406.6,2407.6,4111.6,2406.6,528.8,272.4,512.8,7812,1558.4,5128,11424,2050.2,1282.0,2644,0xB89976C1
2542,0,661235,661.235,0,0,OK,4627.2,4619.2,4619.2,4619.2,4619.2,4619.2,4619.2,4619.2,4619.2,0.00,4619.2,4619.2,4619.2,231.76,1031.6,1031.6,791.2,2171.2,2407.6,4111.6,2406.6,2407.6,4111.6,277.4,522.8,262.4,5308,1798.8,5228,16632,1809.8,1031.6,2644,0x320F4188
2543,0,661337,661.337,0,0,OK,4623.2,4619.2,4619.2,4619.2,4619.2,4619.2,4619.2,4619.2,4619.2,0.00,4619.2,4619.2,4619.2,232.76,1031.6,1031.6,791.2,2171.2,2407.6,4111.6,2406.6,2407.6,4111.6,277.4,532.8,262.4,5308,1558.4,5328,13828,2060.2,1282.0,10356,0x47E45A02
2544,0,661439,661.439,0,0,OK,4626.2,4619.2,4619.2,4619.2,4619.2,4619.2,4619.2,4619.2,4619.2,0.00,4619.2,4619.2,4619.2,231.76,791.2,1031.6,1031.6,4105.6,2406.6,2407.6,4111.6,2406.6,2407.6,278.4,272.4,512.8,7912,2049.2,5328,13828,1559.4,791.2,23136,0xE3EBBC7A
2545,0,661540,661.540,0,0,OK,4628.2,4619.2,4619.2,4619.2,4619.2,4619.2,4619.2,4619.2,4619.2,0.00,4619.2,4619.2,4619.2,232.76,1031.6,791.2,1031.6,2171.2,4111.6,2406.6,2407.6,4111.6,2406.6,268.4,532.8,522.8,5308,1808.8,5228,21540,1799.8,1041.6,10316,0x7EDA4E25
2546,0,661642,661.642,0,0,OK,4626.2,4619.2,4619.2,4619.2,4619.2,4619.2,4619.2,4619.2,4619.2,0.00,4619.2,4619.2,4619.2,0.80,1031.6,791.2,1031.6,2171.2,4111.6,2406.6,2407.6,4111.6,2406.6,278.4,262.4,512.8,7712,2049.2,2724,19136,2060.2,1031.6,240,0x295CE5AC
2547,0,661744,661.744,0,0,OK,4621.2,4619.2,4619.2,4619.2,4619.2,4619.2,4619.2,4619.2,4619.2,0.00,4619.2,4619.2,4619.2,0.80,1031.6,791.2,1031.6,2171.2,4111.6,2406.6,2407.6,4111.6,2406.6,518.8,272.4,262.4,7912,2059.2,5228,16532,1799.8,791.2,17928,0x013A32DF
2548,0,661845,661.845,0,0,OK,4622.2,4619.2,4619.2,4619.2,4619.2,4619.2,4619.2,4619.2,4619.2,0.00,4619.2,4619.2,4619.2,231.76,791.2,791.2,1031.6,4105.6,4110.6,2406.6,4111.6,4110.6,2406.6,518.8,532.8,262.4,5308,1798.8,5228,16532,2050.2,1292.0,2644,0x0B51507E
2549,0,661947,661.947,0,0,OK,4627.2,4619.2,4619.2,4619.2,4619.2,4619.2,4619.2,4619.2,4619.2,0.00,4619.2,4619.2,4619.2,231.76,1031.6,791.2,791.2,2171.2,4111.6,4110.6,2406.6,4111.6,4110.6,267.4,532.8,532.8,7712,1808.8,5228,13828,1559.4,1282.0,240,0xD8874800
2550,0,662049,662.049,0,0,OK,4624.2,4619.2,4619.2,4619.2,4619.2,4619.2,4619.2,4619.2,4619.2,0.00,4619.2,4619.2,4619.2,232.76,791.2,1031.6,791.2,4105.6,2406.6,4111.6,4110.6,2406.6,4111.6,267.4,272.4,522.8,7912,2049.2,5128,16632,2060.2,1031.6,10316,0x320B0277
2551,0,662150,662.150,0,0,OK,4622.2,4619.2,4619.2,4619.2,4619.2,4619.2,4619.2,4619.2,4619.2,0.00,4619.2,4619.2,4619.2,231.76,1031.6,1031.6,1031.6,2171.2,2407.6,2407.6,2407.6,2407.6,2407.6,278.4,272.4,532.8,7812,2059.2,2724,14028,1559.4,791.2,10256,0x04025721
2552,0,662252,662.252,0,0,OK,4622.2,4619.2,4619.2,4619.2,4619.2,4619.2,4619.2,4619.2,4619.2,0.00,4619.2,4619.2,4619.2,231.76,791.2,791.2,791.2,4105.6,4110.6,4110.6,4110.6,4110.6,4110.6,517.8,262.4,532.8,7712,1558.4,2624,11424,2060.2,1292.0,10416,0x6A34C9A3
2553,0,662354,662.354,0,0,OK,4623.2,4619.2,4619.2,4619.2,4619.2,4619.2,4619.2,4619.2,4619.2,0.00,4619.2,4619.2,4619.2,232.76,1031.6,1031.6,791.2,2171.2,2407.6,4111.6,2406.6,2407.6,4111.6,768.2,272.4,272.4,10316,2059.2,5228,14028,2050.2,791.2,10456,0x17F05107
2554,0,662455,662.455,0,0,OK,4627.2,4619.2,4619.2,4619.2,4619.2,4619.2,4619.2,4619.2,4619.2,0.00,4619.2,4619.2,4619.2,232.76,1031.6,791.2,791.2,2171.2,4111.6,4110.6,2406.6,4111.6,4110.6,277.4,512.8,512.8,7712,1808.8,2624,13928,2060.2,1031.6,10356,0x28559B54
2555,0,662557,662.557,0,0,OK,4623.2,4619.2,4619.2,4619.2,4619.2,4619.2,4619.2,4619.2,4619.2,0.00,4619.2,4619.2,4619.2,231.76,791.2,791.2,1031.6,4105.6,4110.6,2406.6,4111.6,4110.6,2406.6,268.4,522.8,532.8,5308,2059.2,5128,21540,2050.2,1282.0,12860,0x2B5A8BF1
2556,0,662659,662.659,0,0,OK,4625.2,4619.2,4619.2,4619.2,4619.2,4619.2,4619.2,4619.2,4619.2,0.00,4619.2,4619.2,4619.2,232.76,1031.6,791.2,1031.6,2171.2,4111.6,2406.6,2407.6,4111.6,2406.6,518.8,262.4,522.8,5308,2059.2,2624,13928,1559.4,1282.0,20532,0x75A256FA
2557,0,662760,662.760,0,0,OK,4627.2,4619.2,4619.2,4619.2,4619.2,4619.2,4619.2,4619.2,4619.2,0.00,4619.2,4619.2,4619.2,232.76,1031.6,1031.6,791.2,2171.2,2407.6,4111.6,2406.6,2407.6,4111.6,267.4,272.4,262.4,7812,2049.2,2624,16632,2060.2,1031.6,5348,0x30234657
2558,0,662862,662.862,0,0,OK,4627.2,4619.2,4619.2,4619.2,4619.2,4619.2,4619.2,4619.2,4619.2,0.00,4619.2,4619.2,4619.2,232.76,1031.6,791.2,1031.6,2171.2,4111.6,2406.6,2407.6,4111.6,2406.6,528.8,272.4,272.4,7712,1808.8,2624,19036,2060.2,1282.0,240,0xD6942F89
2559,0,662964,662.964,0,0,OK,4626.2,4619.2,4619.2,4619.2,4619.2,4619.2,4619.2,4619.2,4619.2,0.00,4619.2,4619.2,4619.2,232.76,791.2,791.2,791.2,4105.6,4110.6,4110.6,4110.6,4110.6,4110.6,517.8,532.8,522.8,5308,1808.8,5128,13828,1799.8,1292.0,23236,0x83499671
2560,0,663065,663.065,0,0,OK,4626.2,4619.2,4619.2,4619.2,4619.2,4619.2,4619.2,4619.2,4619.2,0.00,4619.2,4619.2,4619.2,231.76,1031.6,1031.6,1031.6,2171.2,2407.6,2407.6,2407.6,2407.6,2407.6,268.4,272.4,512.8,7812,2059.2,2724,16532,2060.2,1282.0,7912,0xF1487C67
2561,0,663167,663.167,0,0,OK,4620.2,4619.2,4619.2,4619.2,4619.2,4619.2,4619.2,4619.2,4619.2,0.00,4619.2,4619.2,4619.2,232.76,1031.6,791.2,791.2,2171.2,4111.6,4110.6,2406.6,4111.6,4110.6,517.8,272.4,262.4,5308,1558.4,5128,13928,1809.8,1292.0,5248,0x5F7310FF
2562,0,663269,663.269,0,0,OK,4624.2,4619.2,4619.2,4619.2,4619.2,4619.2,4619.2,4619.2,4619.2,0.00,4619.2,4619.2,4619.2,0.80,1031.6,791.2,791.2,2171.2,4111.6,4110.6,2406.6,4111.6,4110.6,267.4,272.4,532.8,7812,1808.8,2724,21540,2050.2,1282.0,15424,0x891F1AEA
2563,0,663370,663.370,0,0,OK,4628.2,4619.2,4619.2,4619.2,4619.2,4619.2,4619.2,4619.2,4619.2,0.00,4619.2,4619.2,4619.2,231.76,791.2,791.2,1031.6,4105.6,4110.6,2406.6,4111.6,4110.6,2406.6,268.4,512.8,532.8,7912,1798.8,5128,11424,1809.8,1292.0,7852,0xDEF2B6D1
2564,0,663472,663.472,0,0,OK,4622.2,4619.2,4619.2,4619.2,4619.2,4619.2,4619.2,4619.2,4619.2,0.00,4619.2,4619.2,4619.2,0.80,1031.6,1031.6,1031.6,2171.2,2407.6,2407.6,2407.6,2407.6,2407.6,769.2,272.4,272.4,5308,2049.2,5228,19036,1809.8,1282.0,20732,0x19E148E7
2565,0,663574,663.574,0,0,OK,4623.2,4619.2,4619.2,4619.2,4619.2,4619.2,4619.2,4619.2,4619.2,0.00,4619.2,4619.2,4619.2,0.80,791.2,1031.6,1031.6,4105.6,2406.6,2407.6,4111.6,2406.6,2407.6,518.8,262.4,262.4,7712,1558.4,2724,14028,2060.2,1041.6,7752,0xE4661E7F
2566,0,663675,663.675,0,0,OK,4623.2,4619.2,4619.2,4619.2,4619.2,4619.2,4619.2,4619.2,4619.2,0.00,4619.2,4619.2,4619.2,232.76,791.2,791.2,1031.6,4105.6,4110.6,2406.6,4111.6,4110.6,2406.6,518.8,512.8,522.8,7712,2049.2,2624,16432,1799.8,791.2,10316,0xDC836184
2567,0,663777,663.777,0,0,OK,4623.2,4619.2,4619.2,4619.2,4619.2,4619.2,4619.2,4619.2,4619.2,0.00,4619.2,4619.2,4619.2,0.80,791.2,791.2,791.2,4105.6,4110.6,4110.6,4110.6,4110.6,4110.6,267.4,522.8,262.4,10316,1798.8,2624,13928,2050.2,1292.0,15424,0x4E565272
2568,0,663879,663.879,0,0,OK,4628.2,4619.2,4619.2,4619.2,4619.2,4619.2,4619.2,4619.2,4619.2,0.00,4619.2,4619.2,4619.2,232.76,1031.6,1031.6,1031.6,2171.2,2407.6,2407.6,2407.6,2407.6,2407.6,268.4,532.8,512.8,5308,1558.4,2624,19036,1799.8,1041.6,10356,0x29B55FBD
2569,0,663980,663.980,0,0,OK,4624.2,4619.2,4619.2,4619.2,4619.2,4619.2,4619.2,4619.2,4619.2,0.00,4619.2,4619.2,4619.2,0.80,1031.6,1031.6,1031.6,2171.2,2407.6,2407.6,2407.6,2407.6,2407.6,528.8,522.8,532.8,5308,1808.8,5228,19136,1559.4,1292.0,13020,0xA80BEF6D
2570,0,664082,664.082,0,0,OK,4623.2,4619.2,4619.2,4619.2,4619.2,4619.2,4619.2,4619.2,4619.2,0.00,4619.2,4619.2,4619.2,0.80,1031.6,791.2,791.2,2171.2,4111.6,4110.6,2406.6,4111.6,4110.6,277.4,272.4,532.8,10316,1808.8,5128,13928,2050.2,1292.0,20632,0x565072D1
2571,0,664184,664.184,0,0,OK,4627.2,4619.2,4619.2,4619.2,4619.2,4619.2,4619.2,4619.2,4619.2,0.00,4619.2,4619.2,4619.2,232.76,1031.6,791.2,791.2,2171.2,4111.6,4110.6,2406.6,4111.6,4110.6,527.8,532.8,512.8,10316,1798.8,5328,16432,1559.4,1041.6,10456,0x45020C9B
2572,0,664285,664.285,0,0,OK,4627.2,4619.2,4619.2,4619.2,4619.2,4619.2,4619.2,4619.2,4619.2,0.00,4619.2,4619.2,4619.2,231.76,1031.6,1031.6,791.2,2171.2,2407.6,4111.6,2406.6,2407.6,4111.6,517.8,512.8,272.4,7712,1798.8,2624,16532,2060.2,1031.6,10256,0x6F3F0CBE
2573,0,664387,664.387,0,0,OK,4622.2,4619.2,4619.2,4619.2,4619.2,4619.2,4619.2,4619.2,4619.2,0.00,4619.2,4619.2,4619.2,232.76,1031.6,791.2,791.2,2171.2,4111.6,4110.6,2406.6,4111.6,4110.6,517.8,262.4,532.8,7712,2059.2,2724,16632,1809.8,1041.6,7912,0xEAC815F1
2574,0,664489,664.489,0,0,OK,4627.2,4619.2,4619.2,4619.2,4619.2,4619.2,4619.2,4619.2,4619.2,0.00,4619.2,4619.2,4619.2,231.76,791.2,791.2,1031.6,4105.6,4110.6,2406.6,4111.6,4110.6,2406.6,518.8,532.8,272.4,7812,1808.8,5328,14028,1799.8,1282.0,20732,0xDB97DB3B
2575,0,664590,664.590,0,0,OK,4626.2,4619.2,4619.2,4619.2,4619.2,4619.2,4619.2,4619.2,4619.2,0.00,4619.2,4619.2,4619.2,0.80,1031.6,791.2,791.2,2171.2,4111.6,4110.6,2406.6,4111.6,4110.6,267.4,262.4,272.4,7912,2059.2,5128,13828,1799.8,1041.6,10356,0x25ED95AC
2576,0,664692,664.692,0,0,OK,4625.2,4619.2,4619.2,4619.2,4619.2,4619.2,4619.2,4619.2,4619.2,0.00,4619.2,4619.2,4619.2,232.76,791.2,1031.6,791.2,4105.6,2406.6,4111.6,4110.6,2406.6,4111.6,267.4,272.4,532.8,7812,2049.2,5328,11424,2050.2,1292.0,20532,0xFDDB604A
2577,0,664794,664.794,0,0,OK,4624.2,4619.2,4619.2,4619.2,4619.2,4619.2,4619.2,4619.2,4619.2,0.00,4619.2,4619.2,4619.2,0.80,1031.6,791.2,1031.6,2171.2,4111.6,2406.6,2407.6,4111.6,2406.6,769.2,522.8,272.4,7712,1558.4,5328,16432,1809.8,1031.6,23236,0x5A80420A
2578,0,664895,664.895,0,0,OK,4623.2,4619.2,4619.2,4619.2,4619.2,4619.2,4619.2,4619.2,4619.2,0.00,4619.2,4619.2,4619.2,232.76,1031.6,791.2,791.2,2171.2,4111.6,4110.6,2406.6,4111.6,4110.6,267.4,522.8,272.4,7912,1798.8,5128,13828,1559.4,1282.0,140,0x719C6177
2579,0,664997,664.997,0,0,OK,4625.2,4619.2,4619.2,4619.2,4619.2,4619.2,4619.2,4619.2,4619.2,0.00,4619.2,4619.2,4619.2,232.76,1031.6,1031.6,791.2,2171.2,2407.6,4111.6,2406.6,2407.6,4111.6,768.2,522.8,262.4,7912,2059.2,5128,19036,1809.8,791.2,7852,0x040A4294
2580,0,665098,665.098,0,0,OK,4622.2,4619.2,4619.2,4619.2,4619.2,4619.2,4619.2,4619.2,4619.2,0.00,4619.2,4619.2,4619.2,0.80,791.2,791.2,1031.6,4105.6,4110.6,2406.6,4111.6,4110.6,2406.6,528.8,522.8,262.4,10316,1808.8,2724,16532,1809.8,1031.6,20532,0x5EEA4874
2581,0,665200,665.200,0,0,OK,4622.2,4619.2,4619.2,4619.2,4619.2,4619.2,4619.2,4619.2,4619.2,0.00,4619.2,4619.2,4619.2,232.76,1031.6,1031.6,1031.6,2171.2,2407.6,2407.6,2407.6,2407.6,2407.6,278.4,262.4,262.4,7912,2059.2,5228,16632,2060.2,1282.0,2644,0x08CA9BEB
2582,0,665302,665.302,0,0,OK,4619.2,4619.2,4619.2,4619.2,4619.2,4619.2,4619.2,4619.2,4619.2,0.00,4619.2,4619.2,4619.2,232.76,1031.6,791.2,1031.6,2171.2,4111.6,2406.6,2407.6,4111.6,2406.6,518.8,512.8,272.4,7712,1798.8,5128,19136,1559.4,1282.0,40,0xA2DC7392
2583,0,665404,665.404,0,0,OK,4627.2,4619.2,4619.2,4619.2,4619.2,4619.2,4619.2,4619.2,4619.2,0.00,4619.2,4619.2,4619.2,231.76,1031.6,1031.6,791.2,2171.2,2407.6,4111.6,2406.6,2407.6,4111.6,527.8,512.8,512.8,7812,1558.4,2724,13928,2060.2,1041.6,10316,0xE6235AD2
2584,0,665505,665.505,0,0,OK,4621.2,4619.2,4619.2,4619.2,4619.2,4619.2,4619.2,4619.2,4619.2,0.00,4619.2,4619.2,4619.2,232.76,791.2,1031.6,791.2,4105.6,2406.6,4111.6,4110.6,2406.6,4111.6,517.8,272.4,522.8,5308,1798.8,5128,13928,1559.4,1282.0,12860,0xA177880E
2585,0,665607,665.607,0,0,OK,4622.2,4619.2,4619.2,4619.2,4619.2,4619.2,4619.2,4619.2,4619.2,0.00,4619.2,4619.2,4619.2,0.80,1031.6,1031.6,1031.6,2171.2,2407.6,2407.6,2407.6,2407.6,2407.6,268.4,512.8,532.8,7812,2059.2,5228,21540,1799.8,1041.6,40,0xC3FDA6DD
2586,0,665709,665.709,0,0,OK,4619.2,4619.2,4619.2,4619.2,4619.2,4619.2,4619.2,4619.2,4619.2,0.00,4619.2,4619.2,4619.2,232.76,1031.6,791.2,791.2,2171.2,4111.6,4110.6,2406.6,4111.6,4110.6,277.4,262.4,512.8,7712,2059.2,2724,13928,1799.8,791.2,10456,0xEFA062A7
2587,0,665810,665.810,0,0,OK,4624.2,4619.2,4619.2,4619.2,4619.2,4619.2,4619.2,4619.2,4619.2,0.00,4619.2,4619.2,4619.2,232.76,1031.6,791.2,1031.6,2171.2,4111.6,2406.6,2407.6,4111.6,2406.6,528.8,522.8,532.8,7912,1558.4,5228,11424,1799.8,1292.0,15424,0x9499B946
2588,0,665912,665.912,0,0,OK,4619.2,4619.2,4619.2,4619.2,4619.2,4619.2,4619.2,4619.2,4619.2,0.00,4619.2,4619.2,4619.2,232.76,791.2,1031.6,1031.6,4105.6,2406.6,2407.6,4111.6,2406.6,2407.6,518.8,512.8,522.8,10316,1798.8,5128,13828,2060.2,1041.6,18028,0x71D471F2
2589,0,666014,666.014,0,0,OK,4622.2,4619.2,4619.2,4619.2,4619.2,4619.2,4619.2,4619.2,4619.2,0.00,4619.2,4619.2,4619.2,232.76,791.2,791.2,1031.6,4105.6,4110.6,2406.6,4111.6,4110.6,2406.6,268.4,262.4,262.4,7912,2049.2,2724,21540,2050.2,1031.6,23136,0x3A1275AD
2590,0,666115,666.115,0,0,OK,4624.2,4619.2,4619.2,4619.2,4619.2,4619.2,4619.2,4619.2,4619.2,0.00,4619.2,4619.2,4619.2,0.80,1031.6,791.2,791.2,2171.2,4111.6,4110.6,2406.6,4111.6,4110.6,267.4,522.8,512.8,10316,1798.8,2724,16632,1559.4,1031.6,12820,0xFA2CAF91
2591,0,666217,666.217,0,0,OK,4628.2,4619.2,4619.2,4619.2,4619.2,4619.2,4619.2,4619.2,4619.2,0.00,4619.2,4619.2,4619.2,232.76,791.2,1031.6,1031.6,4105.6,2406.6,2407.6,4111.6,2406.6,2407.6,528.8,262.4,262.4,7912,1808.8,5328,13828,2050.2,1041.6,23136,0x0DF346A9
2592,0,666319,666.319,0,0,OK,4619.2,4619.2,4619.2,4619.2,4619.2,4619.2,4619.2,4619.2,4619.2,0.00,4619.2,4619.2,4619.2,231.76,791.2,1031.6,1031.6,4105.6,2406.6,2407.6,4111.6,2406.6,2407.6,278.4,532.8,512.8,7712,2049.2,5128,16632,2050.2,1041.6,5348,0xD1C2A923
2593,0,666420,666.420,0,0,OK,4626.2,4619.2,4619.2,4619.2,4619.2,4619.2,4619.2,4619.2,4619.2,0.00,4619.2,4619.2,4619.2,231.76,791.2,1031.6,1031.6,4105.6,2406.6,2407.6,4111.6,2406.6,2407.6,268.4,522.8,272.4,5308,2049.2,5228,19136,1809.8,1292.0,2744,0x13ED7957
2594,0,666522,666.522,0,0,OK,4626.2,4619.2,4619.2,4619.2,4619.2,4619.2,4619.2,4619.2,4619.2,0.00,4619.2,4619.2,4619.2,231.76,791.2,1031.6,1031.6,4105.6,2406.6,2407.6,4111.6,2406.6,2407.6,268.4,532.8,512.8,10316,1798.8,5228,11424,1809.8,1041.6,140,0xD2A224B8
2595,0,666624,666.624,0,0,OK,4623.2,4619.2,4619.2,4619.2,4619.2,4619.2,4619.2,4619.2,4619.2,0.00,4619.2,4619.2,4619.2,232.76,791.2,1031.6,791.2,4105.6,2406.6,4111.6,4110.6,2406.6,4111.6,517.8,532.8,272.4,10316,2049.2,2724,14028,2050.2,791.2,17928,0x5453F3F8
2596,0,666725,666.725,0,0,OK,4621.2,4619.2,4619.2,4619.2,4619.2,4619.2,4619.2,4619.2,4619.2,0.00,4619.2,4619.2,4619.2,231.76,1031.6,791.2,1031.6,2171.2,4111.6,2406.6,2407.6,4111.6,2406.6,518.8,532.8,522.8,7812,1808.8,2624,16432,1559.4,1041.6,5348,0x1991B279
2597,0,666827,666.827,0,0,OK,4623.2,4619.2,4619.2,4619.2,4619.2,4619.2,4619.2,4619.2,4619.2,0.00,4619.2,4619.2,4619.2,231.76,791.2,1031.6,791.2,4105.6,2406.6,4111.6,4110.6,2406.6,4111.6,517.8,262.4,512.8,7912,1798.8,5328,16632,1809.8,1282.0,10256,0x6D10B96C
2598,0,666929,666.929,0,0,OK,4619.2,4619.2,4619.2,4619.2,4619.2,4619.2,4619.2,4619.2,4619.2,0.00,4619.2,4619.2,4619.2,0.80,1031.6,1031.6,1031.6,2171.2,2407.6,2407.6,2407.6,2407.6,2407.6,518.8,522.8,272.4,7912,2059.2,5128,16532,1799.8,1031.6,2644,0xF7429BE8
2599,0,667030,667.030,0,0,OK,4628.2,4619.2,4619.2,4619.2,4619.2,4619.2,4619.2,4619.2,4619.2,0.00,4619.2,4619.2,4619.2,0.80,1031.6,1031.6,791.2,2171.2,2407.6,4111.6,2406.6,2407.6,4111.6,517.8,272.4,522.8,7812,2059.2,5228,13828,2050.2,1031.6,20632,0xD29FB16B
2600,0,667132,667.132,0,0,OK,4621.2,4619.2,4619.2,4619.2,4619.2,4619.2,4619.2,4619.2,4619.2,0.00,4619.2,4619.2,4619.2,0.80,1031.6,1031.6,1031.6,2171.2,2407.6,2407.6,2407.6,2407.6,2407.6,278.4,262.4,262.4,5308,1808.8,5128,16432,1809.8,1292.0,23136,0xBCDAB51F
2601,0,667234,667.234,0,0,OK,4619.2,4619.2,4619.2,4619.2,4619.2,4619.2,4619.2,4619.2,4619.2,0.00,4619.2,4619.2,4619.2,232.76,791.2,1031.6,1031.6,4105.6,2406.6,2407.6,4111.6,2406.6,2407.6,518.8,522.8,522.8,7912,1798.8,5328,16532,2060.2,1031.6,5348,0x3BE151AE
2602,0,667335,667.335,0,0,OK,4626.2,4619.2,4619.2,4619.2,4619.2,4619.2,4619.2,4619.2,4619.2,0.00,4619.2,4619.2,4619.2,231.76,791.2,1031.6,1031.6,4105.6,2406.6,2407.6,4111.6,2406.6,2407.6,268.4,532.8,522.8,7812,2059.2,2624,13928,1559.4,1031.6,17928,0x3C605522
2603,0,667437,667.437,0,0,OK,4620.2,4619.2,4619.2,4619.2,4619.2,4619.2,4619.2,4619.2,4619.2,0.00,4619.2,4619.2,4619.2,0.80,1031.6,791.2,791.2,2171.2,4111.6,4110.6,2406.6,4111.6,4110.6,527.8,512.8,522.8,7812,2049.2,2624,11424,2060.2,1292.0,12920,0x35BD306A
2604,0,667538,667.538,0,0,OK,4625.2,4619.2,4619.2,4619.2,4619.2,4619.2,4619.2,4619.2,4619.2,0.00,4619.2,4619.2,4619.2,232.76,1031.6,791.2,791.2,2171.2,4111.6,4110.6,2406.6,4111.6,4110.6,277.4,512.8,272.4,10316,1808.8,5328,16532,2050.2,1031.6,240,0x635BF520
2605,0,667640,667.640,0,0,OK,4625.2,4619.2,4619.2,4619.2,4619.2,4619.2,4619.2,4619.2,4619.2,0.00,4619.2,4619.2,4619.2,232.76,791.2,1031.6,791.2,4105.6,2406.6,4111.6,4110.6,2406.6,4111.6,527.8,532.8,522.8,10316,1808.8,5128,16532,2060.2,1292.0,7912,0xDA61B140
2606,0,667742,667.742,0,0,OK,4628.2,4619.2,4619.2,4619.2,4619.2,4619.2,4619.2,4619.2,4619.2,0.00,4619.2,4619.2,4619.2,232.76,1031.6,1031.6,791.2,2171.2,2407.6,4111.6,2406.6,2407.6,4111.6,267.4,532.8,272.4,7812,1798.8,2624,16532,1809.8,1292.0,17928,0x583331E2
2607,0,667843,667.843,0,0,OK,4628.2,4619.2,4619.2,4619.2,4619.2,4619.2,4619.2,4619.2,4619.2,0.00,4619.2,4619.2,4619.2,231.76,791.2,1031.6,791.2,4105.6,2406.6,4111.6,4110.6,2406.6,4111.6,527.8,262.4,532.8,7912,2049.2,5328,19136,2060.2,1041.6,10356,0xECEC51B0
2608,0,667945,667.945,0,0,OK,4623.2,4619.2,4619.2,4619.2,4619.2,4619.2,4619.2,4619.2,4619.2,0.00,4619.2,4619.2,4619.2,232.76,1031.6,791.2,1031.6,2171.2,4111.6,2406.6,2407.6,4111.6,2406.6,769.2,532.8,522.8,7912,2059.2,5328,14028,1559.4,1041.6,140,0x5FA21993
2609,0,668047,668.047,0,0,OK,4628.2,4619.2,4619.2,4619.2,4619.2,4619.2,4619.2,4619.2,4619.2,0.00,4619.2,4619.2,4619.2,0.80,1031.6,791.2,1031.6,2171.2,4111.6,2406.6,2407.6,4111.6,2406.6,769.2,272.4,512.8,5308,1798.8,5328,14028,2050.2,1041.6,2644,0x204B2293
2610,0,668148,668.148,0,0,OK,4623.2,4619.2,4619.2,4619.2,4619.2,4619.2,4619.2,4619.2,4619.2,0.00,4619.2,4619.2,4619.2,0.80,1031.6,1031.6,1031.6,2171.2,2407.6,2407.6,2407.6,2407.6,2407.6,769.2,272.4,272.4,5308,2059.2,5128,19136,2050.2,1041.6,23236,0xFBE56198
2611,0,668250,668.250,0,0,OK,4620.2,4619.2,4619.2,4619.2,4619.2,4619.2,4619.2,4619.2,4619.2,0.00,4619.2,4619.2,4619.2,231.76,1031.6,1031.6,791.2,2171.2,2407.6,4111.6,2406.6,2407.6,4111.6,517.8,532.8,262.4,5308,2059.2,5228,21540,2060.2,1282.0,7912,0x10CFD525
2612,0,668351,668.351,0,0,OK,4624.2,4619.2,4619.2,4619.2,4619.2,4619.2,4619.2,4619.2,4619.2,0.00,4619.2,4619.2,4619.2,0.80,1031.6,791.2,791.2,2171.2,4111.6,4110.6,2406.6,4111.6,4110.6,527.8,522.8,532.8,7812,2049.2,2724,13928,2050.2,1041.6,10416,0x4E57751F
2613,0,668453,668.453,0,0,OK,4620.2,4619.2,4619.2,4619.2,4619.2,4619.2,4619.2,4619.2,4619.2,0.00,4619.2,4619.2,4619.2,0.80,791.2,1031.6,1031.6,4105.6,2406.6,2407.6,4111.6,2406.6,2407.6,769.2,522.8,532.8,5308,2059.2,5328,19036,2060.2,1282.0,10316,0x84F083B6
2614,0,668555,668.555,0,0,OK,4620.2,4619.2,4619.2,4619.2,4619.2,4619.2,4619.2,4619.2,4619.2,0.00,4619.2,4619.2,4619.2,232.76,791.2,1031.6,1031.6,4105.6,2406.6,2407.6,4111.6,2406.6,2407.6,278.4,272.4,512.8,7712,1798.8,5328,19136,2050.2,1292.0,140,0xA83E30BB
2615,0,668656,668.656,0,0,OK,4627.2,4619.2,4619.2,4619.2,4619.2,4619.2,4619.2,4619.2,4619.2,0.00,4619.2,4619.2,4619.2,231.76,1031.6,791.2,791.2,2171.2,4111.6,4110.6,2406.6,4111.6,4110.6,277.4,272.4,512.8,7812,2049.2,2624,19036,1799.8,1031.6,40,0x05037F31
2616,0,668758,668.758,0,0,OK,4619.2,4619.2,4619.2,4619.2,4619.2,4619.2,4619.2,4619.2,4619.2,0.00,4619.2,4619.2,4619.2,231.76,791.2,791.2,791.2,4105.6,4110.6,4110.6,4110.6,4110.6,4110.6,517.8,532.8,262.4,7712,2059.2,5128,13828,2050.2,1282.0,5248,0x6D920185
2617,0,668860,668.860,0,0,OK,4621.2,4619.2,4619.2,4619.2,4619.2,4619.2,4619.2,4619.2,4619.2,0.00,4619.2,4619.2,4619.2,231.76,1031.6,1031.6,791.2,2171.2,2407.6,4111.6,2406.6,2407.6,4111.6,267.4,522.8,532.8,5308,2059.2,5128,16532,1799.8,1041.6,5348,0x917FBAA9
2618,0,668961,668.961,0,0,OK,4621.2,4619.2,4619.2,4619.2,4619.2,4619.2,4619.2,4619.2,4619.2,0.00,4619.2,4619.2,4619.2,0.80,1031.6,791.2,1031.6,2171.2,4111.6,2406.6,2407.6,4111.6,2406.6,518.8,532.8,532.8,5308,1558.4,2624,14028,1799.8,1292.0,12820,0xB1BD21EE
2619,0,669063,669.063,0,0,OK,4624.2,4619.2,4619.2,4619.2,4619.2,4619.2,4619.2,4619.2,4619.2,0.00,4619.2,4619.2,4619.2,0.80,1031.6,1031.6,1031.6,2171.2,2407.6,2407.6,2407.6,2407.6,2407.6,268.4,262.4,532.8,7912,2059.2,5128,16632,2050.2,1282.0,10356,0x2E5DDADE
2620,0,669164,669.164,0,0,OK,4623.2,4619.2,4619.2,4619.2,4619.2,4619.2,4619.2,4619.2,4619.2,0.00,4619.2,4619.2,4619.2,0.80,791.2,1031.6,791.2,4105.6,2406.6,4111.6,4110.6,2406.6,4111.6,277.4,532.8,512.8,10316,1558.4,5128,16432,1799.8,1282.0,5348,0xBCD2ABE0
2621,0,669266,669.266,0,0,OK,4624.2,4619.2,4619.2,4619.2,4619.2,4619.2,4619.2,4619.2,4619.2,0.00,4619.2,4619.2,4619.2,231.76,791.2,791.2,791.2,4105.6,4110.6,4110.6,4110.6,4110.6,4110.6,768.2,532.8,512.8,5308,1808.8,5328,16432,1559.4,1282.0,12820,0x0A51EEB9
2622,0,669368,669.368,0,0,OK,4626.2,4619.2,4619.2,4619.2,4619.2,4619.2,4619.2,4619.2,4619.2,0.00,4619.2,4619.2,4619.2,231.76,1031.6,791.2,791.2,2171.2,4111.6,4110.6,2406.6,4111.6,4110.6,768.2,522.8,522.8,7912,2059.2,5128,14028,1559.4,1031.6,23236,0xF92F6F6D
2623,0,669469,669.469,0,0,OK,4625.2,4619.2,4619.2,4619.2,4619.2,4619.2,4619.2,4619.2,4619.2,0.00,4619.2,4619.2,4619.2,232.76,791.2,791.2,1031.6,4105.6,4110.6,2406.6,4111.6,4110.6,2406.6,268.4,262.4,262.4,7812,1558.4,2624,19136,2050.2,1292.0,10416,0xCC780EB1
2624,0,669571,669.571,0,0,OK,4623.2,4619.2,4619.2,4619.2,4619.2,4619.2,4619.2,4619.2,4619.2,0.00,4619.2,4619.2,4619.2,232.76,791.2,791.2,1031.6,4105.6,4110.6,2406.6,4111.6,4110.6,2406.6,528.8,512.8,512.8,7812,1808.8,2724,11424,2060.2,1282.0,15424,0xAA642188
2625,0,669673,669.673,0,0,OK,4628.2,4619.2,4619.2,4619.2,4619.2,4619.2,4619.2,4619.2,4619.2,0.00,4619.2,4619.2,4619.2,231.76,1031.6,1031.6,1031.6,2171.2,2407.6,2407.6,2407.6,2407.6,2407.6,518.8,272.4,522.8,5308,1558.4,2624,19136,1799.8,1031.6,5248,0xDCCEAD9F
2626,0,669774,669.774,0,0,OK,4626.2,4619.2,4619.2,4619.2,4619.2,4619.2,4619.2,4619.2,4619.2,0.00,4619.2,4619.2,4619.2,231.76,791.2,791.2,791.2,4105.6,4110.6,4110.6,4110.6,4110.6,4110.6,267.4,272.4,512.8,7912,2049.2,2624,16632,2050.2,1041.6,18128,0x321275F5
2627,0,669876,669.876,0,0,OK,4628.2,4619.2,4619.2,4619.2,4619.2,4619.2,4619.2,4619.2,4619.2,0.00,4619.2,4619.2,4619.2,232.76,791.2,791.2,1031.6,4105.6,4110.6,2406.6,4111.6,4110.6,2406.6,528.8,532.8,522.8,5308,1808.8,2624,11424,2060.2,1041.6,40,0xBCC7A9DF
2628,0,669978,669.978,0,0,OK,4620.2,4619.2,4619.2,4619.2,4619.2,4619.2,4619.2,4619.2,4619.2,0.00,4619.2,4619.2,4619.2,231.76,1031.6,1031.6,1031.6,2171.2,2407.6,2407.6,2407.6,2407.6,2407.6,769.2,522.8,512.8,7912,1558.4,5328,13828,1559.4,1031.6,23136,0xB57AC975
2629,0,670079,670.079,0,0,OK,4619.2,4619.2,4619.2,4619.2,4619.2,4619.2,4619.2,4619.2,4619.2,0.00,4619.2,4619.2,4619.2,231.76,791.2,1031.6,791.2,4105.6,2406.6,4111.6,4110.6,2406.6,4111.6,517.8,512.8,532.8,7812,1558.4,2724,16532,1799.8,791.2,15524,0x8D2B8AD0
2630,0,670181,670.181,0,0,OK,4628.2,4619.2,4619.2,4619.2,4619.2,4619.2,4619.2,4619.2,4619.2,0.00,4619.2,4619.2,4619.2,0.80,791.2,791.2,1031.6,4105.6,4110.6,2406.6,4111.6,4110.6,2406.6,769.2,512.8,522.8,7812,1798.8,5228,13828,1809.8,1031.6,7852,0x441BAD6E
2631,0,670283,670.283,0,0,OK,4628.2,4619.2,4619.2,4619.2,4619.2,4619.2,4619.2,4619.2,4619.2,0.00,4619.2,4619.2,4619.2,232.76,1031.6,1031.6,791.2,2171.2,2407.6,4111.6,2406.6,2407.6,4111.6,527.8,512.8,522.8,7912,1558.4,5328,21540,1809.8,1031.6,12820,0x3326B366
2632,0,670384,670.384,0,0,OK,4626.2,4619.2,4619.2,4619.2,4619.2,4619.2,4619.2,4619.2,4619.2,0.00,4619.2,4619.2,4619.2,0.80,1031.6,1031.6,791.2,2171.2,2407.6,4111.6,2406.6,2407.6,4111.6,768.2,262.4,272.4,10316,1798.8,2624,21540,1799.8,1282.0,17928,0xB9135231
2633,0,670486,670.486,0,0,OK,4625.2,4619.2,4619.2,4619.2,4619.2,4619.2,4619.2,4619.2,4619.2,0.00,4619.2,4619.2,4619.2,0.80,791.2,1031.6,791.2,4105.6,2406.6,4111.6,4110.6,2406.6,4111.6,517.8,262.4,512.8,7912,2059.2,5128,14028,2050.2,791.2,20532,0xABD8D8E2
2634,0,670588,670.588,0,0,OK,4627.2,4619.2,4619.2,4619.2,4619.2,4619.2,4619.2,4619.2,4619.2,0.00,4619.2,4619.2,4619.2,0.80,1031.6,791.2,791.2,2171.2,4111.6,4110.6,2406.6,4111.6,4110.6,267.4,522.8,522.8,7712,1798.8,5128,13828,1809.8,791.2,240,0x704F1268
2635,0,670689,670.689,0,0,OK,4624.2,4619.2,4619.2,4619.2,4619.2,4619.2,4619.2,4619.2,4619.2,0.00,4619.2,4619.2,4619.2,0.80,791.2,1031.6,1031.6,4105.6,2406.6,2407.6,4111.6,2406.6,2407.6,268.4,512.8,522.8,5308,2049.2,2624,11424,2060.2,1031.6,2744,0xC3DAD35B
2636,0,670791,670.791,0,0,OK,4625.2,4619.2,4619.2,4619.2,4619.2,4619.2,4619.2,4619.2,4619.2,0.00,4619.2,4619.2,4619.2,0.80,791.2,791.2,1031.6,4105.6,4110.6,2406.6,4111.6,4110.6,2406.6,518.8,262.4,272.4,7812,2049.2,5228,19136,1559.4,1282.0,23136,0x14BB59F4
2637,0,670893,670.893,0,0,OK,4624.2,4619.2,4619.2,4619.2,4619.2,4619.2,4619.2,4619.2,4619.2,0.00,4619.2,4619.2,4619.2,232.76,791.2,1031.6,791.2,4105.6,2406.6,4111.6,4110.6,2406.6,4111.6,527.8,272.4,512.8,10316,1798.8,2624,11424,1809.8,1282.0,18128,0x16DBE068
2638,0,670994,670.994,0,0,OK,4622.2,4619.2,4619.2,4619.2,4619.2,4619.2,4619.2,4619.2,4619.2,0.00,4619.2,4619.2,4619.2,232.76,1031.6,791.2,1031.6,2171.2,4111.6,2406.6,2407.6,4111.6,2406.6,268.4,532.8,512.8,10316,2049.2,5228,21540,1809.8,1031.6,240,0xB8B69A2E
2639,0,671096,671.096,0,0,OK,4619.2,4619.2,4619.2,4619.2,4619.2,4619.2,4619.2,4619.2,4619.2,0.00,4619.2,4619.2,4619.2,232.76,791.2,791.2,791.2,4105.6,4110.6,4110.6,4110.6,4110.6,4110.6,768.2,272.4,512.8,7912,2049.2,2624,16432,2050.2,1292.0,10416,0xA6B514E1
2640,0,671197,671.197,0,0,OK,4623.2,4619.2,4619.2,4619.2,4619.2,4619.2,4619.2,4619.2,4619.2,0.00,4619.2,4619.2,4619.2,0.80,791.2,1031.6,791.2,4105.6,2406.6,4111.6,4110.6,2406.6,4111.6,517.8,512.8,512.8,7812,2059.2,2724,13928,1809.8,1292.0,7752,0xCEFE289B
2641,0,671299,671.299,0,0,OK,4620.2,4619.2,4619.2,4619.2,4619.2,4619.2,4619.2,4619.2,4619.2,0.00,4619.2,4619.2,4619.2,0.80,1031.6,791.2,791.2,2171.2,4111.6,4110.6,2406.6,4111.6,4110.6,768.2,272.4,262.4,7812,2059.2,5128,14028,2060.2,1282.0,12920,0x4D31B82E
2642,0,671401,671.401,0,0,OK,4622.2,4619.2,4619.2,4619.2,4619.2,4619.2,4619.2,4619.2,4619.2,0.00,4619.2,4619.2,4619.2,231.76,791.2,1031.6,791.2,4105.6,2406.6,4111.6,4110.6,2406.6,4111.6,527.8,532.8,512.8,7712,2059.2,2724,16632,1809.8,1031.6,18028,0xA322778C
2643,0,671502,671.502,0,0,OK,4621.2,4619.2,4619.2,4619.2,4619.2,4619.2,4619.2,4619.2,4619.2,0.00,4619.2,4619.2,4619.2,232.76,791.2,791.2,791.2,4105.6,4110.6,4110.6,4110.6,4110.6,4110.6,517.8,532.8,272.4,7712,1558.4,5228,16532,2050.2,791.2,10456,0x0A75626D
2644,0,671604,671.604,0,0,OK,4628.2,4619.2,4619.2,4619.2,4619.2,4619.2,4619.2,4619.2,4619.2,0.00,4619.2,4619.2,4619.2,232.76,791.2,1031.6,791.2,4105.6,2406.6,4111.6,4110.6,2406.6,4111.6,277.4,512.8,512.8,7912,1808.8,5228,13928,1559.4,791.2,10416,0x63DAC2DC
2645,0,671706,671.706,0,0,OK,4625.2,4619.2,4619.2,4619.2,4619.2,4619.2,4619.2,4619.2,4619.2,0.00,4619.2,4619.2,4619.2,0.80,791.2,791.2,791.2,4105.6,4110.6,4110.6,4110.6,4110.6,4110.6,527.8,262.4,272.4,7912,2049.2,5328,11424,1809.8,1282.0,10456,0x3A2F46E5
2646,0,671808,671.808,0,0,OK,4619.2,4619.2,4619.2,4619.2,4619.2,4619.2,4619.2,4619.2,4619.2,0.00,4619.2,4619.2,4619.2,231.76,1031.6,791.2,1031.6,2171.2,4111.6,2406.6,2407.6,4111.6,2406.6,278.4,532.8,512.8,7912,2049.2,5228,16432,1799.8,1041.6,7752,0x8AAB31ED
2647,0,671909,671.909,0,0,OK,4621.2,4619.2,4619.2,4619.2,4619.2,4619.2,4619.2,4619.2,4619.2,0.00,4619.2,4619.2,4619.2,0.80,791.2,791.2,1031.6,4105.6,4110.6,2406.6,4111.6,4110.6,2406.6,268.4,272.4,262.4,10316,2049.2,5128,16532,1799.8,1041.6,12860,0xE268ACFF
2648,0,672011,672.011,0,0,OK,4624.2,4619.2,4619.2,4619.2,4619.2,4619.2,4619.2,4619.2,4619.2,0.00,4619.2,4619.2,4619.2,231.76,791.2,791.2,791.2,4105.6,4110.6,4110.6,4110.6,4110.6,4110.6,768.2,532.8,512.8,7912,1798.8,5328,11424,1809.8,791.2,2744,0xA4483F04
2649,0,672113,672.113,0,0,OK,4621.2,4619.2,4619.2,4619.2,4619.2,4619.2,4619.2,4619.2,4619.2,0.00,4619.2,4619.2,4619.2,0.80,1031.6,1031.6,791.2,2171.2,2407.6,4111.6,2406.6,2407.6,4111.6,527.8,272.4,512.8,7912,1558.4,2724,11424,2060.2,1292.0,17928,0x66F6CA29
2650,0,672214,672.214,0,0,OK,4619.2,4619.2,4619.2,4619.2,4619.2,4619.2,4619.2,4619.2,4619.2,0.00,4619.2,4619.2,4619.2,0.80,1031.6,1031.6,1031.6,2171.2,2407.6,2407.6,2407.6,2407.6,2407.6,268.4,262.4,522.8,10316,1558.4,2724,19136,1559.4,1292.0,12820,0x4BF750E1
2651,0,672316,672.316,0,0,OK,4622.2,4619.2,4619.2,4619.2,4619.2,4619.2,4619.2,4619.2,4619.2,0.00,4619.2,4619.2,4619.2,231.76,791.2,1031.6,1031.6,4105.6,2406.6,2407.6,4111.6,2406.6,2407.6,769.2,522.8,262.4,10316,1808.8,2624,21540,2050.2,1292.0,20732,0xC1612ACA
2652,0,672417,672.417,0,0,OK,4622.2,4619.2,4619.2,4619.2,4619.2,4619.2,4619.2,4619.2,4619.2,0.00,4619.2,4619.2,4619.2,232.76,1031.6,1031.6,791.2,2171.2,2407.6,4111.6,2406.6,2407.6,4111.6,267.4,262.4,272.4,7812,1558.4,2724,13828,2060.2,791.2,20532,0x5FBC5ABA
2653,0,672519,672.519,0,0,OK,4622.2,4619.2,4619.2,4619.2,4619.2,4619.2,4619.2,4619.2,4619.2,0.00,4619.2,4619.2,4619.2,0.80,791.2,1031.6,791.2,4105.6,2406.6,4111.6,4110.6,2406.6,4111.6,267.4,522.8,512.8,10316,2049.2,2724,19136,1559.4,791.2,23236,0x3B39805E
2654,0,672621,672.621,0,0,OK,4624.2,4619.2,4619.2,4619.2,4619.2,4619.2,4619.2,4619.2,4619.2,0.00,4619.2,4619.2,4619.2,231.76,1031.6,791.2,1031.6,2171.2,4111.6,2406.6,2407.6,4111.6,2406.6,278.4,512.8,532.8,7912,2049.2,2624,19136,1799.8,1292.0,2744,0xDDC6AB53
2655,0,672723,672.723,0,0,OK,4622.2,4619.2,4619.2,4619.2,4619.2,4619.2,4619.2,4619.2,4619.2,0.00,4619.2,4619.2,4619.2,231.76,1031.6,1031.6,791.2,2171.2,2407.6,4111.6,2406.6,2407.6,4111.6,527.8,512.8,522.8,7912,2059.2,2624,13928,1799.8,1292.0,12820,0x7838DA6F
2656,0,672824,672.824,0,0,OK,4627.2,4619.2,4619.2,4619.2,4619.2,4619.2,4619.2,4619.2,4619.2,0.00,4619.2,4619.2,4619.2,232.76,1031.6,791.2,791.2,2171.2,4111.6,4110.6,2406.6,4111.6,4110.6,277.4,262.4,272.4,5308,1558.4,5228,19036,1809.8,1292.0,7852,0xA810F914
2657,0,672926,672.926,0,0,OK,4619.2,4619.2,4619.2,4619.2,4619.2,4619.2,4619.2,4619.2,4619.2,0.00,4619.2,4619.2,4619.2,0.80,1031.6,1031.6,1031.6,2171.2,2407.6,2407.6,2407.6,2407.6,2407.6,518.8,262.4,262.4,7812,1558.4,2724,11424,1809.8,791.2,13020,0x002CE34F
2658,0,673028,673.028,0,0,OK,4626.2,4619.2,4619.2,4619.2,4619.2,4619.2,4619.2,4619.2,4619.2,0.00,4619.2,4619.2,4619.2,231.76,1031.6,791.2,791.2,2171.2,4111.6,4110.6,2406.6,4111.6,4110.6,517.8,262.4,262.4,7812,2059.2,5328,13928,2060.2,1282.0,18128,0x4DF7E8EA
2659,0,673129,673.129,0,0,OK,4625.2,4619.2,4619.2,4619.2,4619.2,4619.2,4619.2,4619.2,4619.2,0.00,4619.2,4619.2,4619.2,0.80,1031.6,791.2,1031.6,2171.2,4111.6,2406.6,2407.6,4111.6,2406.6,769.2,512.8,272.4,7912,1798.8,5228,19136,2050.2,791.2,18028,0x5F1B38E6
2660,0,673231,673.231,0,0,OK,4626.2,4619.2,4619.2,4619.2,4619.2,4619.2,4619.2,4619.2,4619.2,0.00,4619.2,4619.2,4619.2,231.76,791.2,1031.6,1031.6,4105.6,2406.6,2407.6,4111.6,2406.6,2407.6,268.4,532.8,512.8,7812,2059.2,5228,16632,1559.4,1041.6,10416,0x0AED7E8F
2661,0,673332,673.332,0,0,OK,4620.2,4619.2,4619.2,4619.2,4619.2,4619.2,4619.2,4619.2,4619.2,0.00,4619.2,4619.2,4619.2,0.80,1031.6,791.2,791.2,2171.2,4111.6,4110.6,2406.6,4111.6,4110.6,768.2,522.8,262.4,7812,1808.8,2624,14028,1559.4,791.2,10316,0x1764E21C
2662,0,673434,673.434,0,0,OK,4621.2,4619.2,4619.2,4619.2,4619.2,4619.2,4619.2,4619.2,4619.2,0.00,4619.2,4619.2,4619.2,232.76,791.2,791.2,791.2,4105.6,4110.6,4110.6,4110.6,4110.6,4110.6,527.8,522.8,522.8,5308,2059.2,5228,14028,1559.4,1031.6,2644,0x08498C32
2663,0,673536,673.536,0,0,OK,4627.2,4619.2,4619.2,4619.2,4619.2,4619.2,4619.2,4619.2,4619.2,0.00,4619.2,4619.2,4619.2,231.76,791.2,1031.6,791.2,4105.6,2406.6,4111.6,4110.6,2406.6,4111.6,768.2,272.4,522.8,7912,1808.8,5328,19136,1799.8,1031.6,7852,0x3729F3CC
2664,0,673637,673.637,0,0,OK,4619.2,4619.2,4619.2,4619.2,4619.2,4619.2,4619.2,4619.2,4619.2,0.00,4619.2,4619.2,4619.2,0.80,791.2,1031.6,1031.6,4105.6,2406.6,2407.6,4111.6,2406.6,2407.6,278.4,512.8,522.8,10316,2049.2,2724,13828,1809.8,1041.6,12820,0x1327360A
2665,0,673739,673.739,0,0,OK,4627.2,4619.2,4619.2,4619.2,4619.2,4619.2,4619.2,4619.2,4619.2,0.00,4619.2,4619.2,4619.2,232.76,791.2,791.2,1031.6,4105.6,4110.6,2406.6,4111.6,4110.6,2406.6,769.2,532.8,522.8,5308,1798.8,5228,13828,2050.2,1282.0,12820,0xC9C02058
2666,0,673841,673.841,0,0,OK,4627.2,4619.2,4619.2,4619.2,4619.2,4619.2,4619.2,4619.2,4619.2,0.00,4619.2,4619.2,4619.2,231.76,791.2,1031.6,791.2,4105.6,2406.6,4111.6,4110.6,2406.6,4111.6,527.8,532.8,512.8,7812,1558.4,5128,16532,2060.2,1031.6,10256,0x296936F9
2667,0,673942,673.942,0,0,OK,4622.2,4619.2,4619.2,4619.2,4619.2,4619.2,4619.2,4619.2,4619.2,0.00,4619.2,4619.2,4619.2,232.76,791.2,791.2,1031.6,4105.6,4110.6,2406.6,4111.6,4110.6,2406.6,268.4,522.8,522.8,7712,1798.8,5328,13828,1559.4,1031.6,18128,0x05C20112
2668,0,674044,674.044,0,0,OK,4624.2,4619.2,4619.2,4619.2,4619.2,4619.2,4619.2,4619.2,4619.2,0.00,4619.2,4619.2,4619.2,231.76,1031.6,1031.6,791.2,2171.2,2407.6,4111.6,2406.6,2407.6,4111.6,527.8,532.8,532.8,10316,1798.8,2724,19036,2060.2,1282.0,7912,0x34FC532C
2669,0,674145,674.145,0,0,OK,4627.2,4619.2,4619.2,4619.2,4619.2,4619.2,4619.2,4619.2,4619.2,0.00,4619.2,4619.2,4619.2,0.80,791.2,1031.6,791.2,4105.6,2406.6,4111.6,4110.6,2406.6,4111.6,267.4,272.4,262.4,5308,1798.8,2724,16432,1559.4,1292.0,5348,0x4DC03092
2670,0,674247,674.247,0,0,OK,4623.2,4619.2,4619.2,4619.2,4619.2,4619.2,4619.2,4619.2,4619.2,0.00,4619.2,4619.2,4619.2,232.76,791.2,791.2,1031.6,4105.6,4110.6,2406.6,4111.6,4110.6,2406.6,268.4,532.8,272.4,7712,1558.4,5128,16632,1799.8,1031.6,2644,0x5B210064
2671,0,674349,674.349,0,0,OK,4627.2,4619.2,4619.2,4619.2,4619.2,4619.2,4619.2,4619.2,4619.2,0.00,4619.2,4619.2,4619.2,232.76,1031.6,1031.6,791.2,2171.2,2407.6,4111.6,2406.6,2407.6,4111.6,768.2,272.4,512.8,10316,1558.4,5228,16532,1559.4,791.2,2644,0xBB4F7CA4
2672,0,674450,674.450,0,0,OK,4628.2,4619.2,4619.2,4619.2,4619.2,4619.2,4619.2,4619.2,4619.2,0.00,4619.2,4619.2,4619.2,232.76,791.2,1031.6,791.2,4105.6,2406.6,4111.6,4110.6,2406.6,4111.6,517.8,522.8,532.8,5308,1808.8,5328,16632,1799.8,1031.6,18028,0x1C7FA54E
2673,0,674552,674.552,0,0,OK,4624.2,4619.2,4619.2,4619.2,4619.2,4619.2,4619.2,4619.2,4619.2,0.00,4619.2,4619.2,4619.2,231.76,791.2,1031.6,1031.6,4105.6,2406.6,2407.6,4111.6,2406.6,2407.6,528.8,532.8,522.8,5308,1798.8,2724,16432,1559.4,791.2,20532,0x5310EA53
2674,0,674654,674.654,0,0,OK,4619.2,4619.2,4619.2,4619.2,4619.2,4619.2,4619.2,4619.2,4619.2,0.00,4619.2,4619.2,4619.2,232.76,1031.6,791.2,1031.6,2171.2,4111.6,2406.6,2407.6,4111.6,2406.6,769.2,522.8,512.8,5308,2049.2,2624,16532,1799.8,1282.0,5248,0x8AA71DA3
2675,0,674755,674.755,0,0,OK,4627.2,4619.2,4619.2,4619.2,4619.2,4619.2,4619.2,4619.2,4619.2,0.00,4619.2,4619.2,4619.2,232.76,791.2,791.2,1031.6,4105.6,4110.6,2406.6,4111.6,4110.6,2406.6,268.4,262.4,532.8,7812,2049.2,5128,11424,1559.4,1292.0,12860,0xD53435C4
2676,0,674857,674.857,0,0,OK,4626.2,4619.2,4619.2,4619.2,4619.2,4619.2,4619.2,4619.2,4619.2,0.00,4619.2,4619.2,4619.2,231.76,1031.6,1031.6,791.2,2171.2,2407.6,4111.6,2406.6,2407.6,4111.6,768.2,512.8,262.4,10316,2049.2,5328,16432,1559.4,1031.6,20732,0xBF82774F
2677,0,674959,674.959,0,0,OK,4628.2,4619.2,4619.2,4619.2,4619.2,4619.2,4619.2,4619.2,4619.2,0.00,4619.2,4619.2,4619.2,0.80,791.2,791.2,791.2,4105.6,4110.6,4110.6,4110.6,4110.6,4110.6,527.8,262.4,272.4,7812,2059.2,5328,21540,1809.8,1282.0,7752,0x22B5E90D
2678,0,675061,675.061,0,0,OK,4622.2,4619.2,4619.2,4619.2,4619.2,4619.2,4619.2,4619.2,4619.2,0.00,4619.2,4619.2,4619.2,232.76,1031.6,791.2,791.2,2171.2,4111.6,4110.6,2406.6,4111.6,4110.6,517.8,262.4,532.8,7812,1808.8,5128,11424,2050.2,1031.6,18028,0x27F1E158
2679,0,675162,675.162,0,0,OK,4627.2,4619.2,4619.2,4619.2,4619.2,4619.2,4619.2,4619.2,4619.2,0.00,4619.2,4619.2,4619.2,232.76,791.2,1031.6,791.2,4105.6,2406.6,4111.6,4110.6,2406.6,4111.6,517.8,262.4,512.8,7812,2049.2,5128,13928,1559.4,1041.6,2644,0xBB38179A
2680,0,675264,675.264,0,0,OK,4621.2,4619.2,4619.2,4619.2,4619.2,4619.2,4619.2,4619.2,4619.2,0.00,4619.2,4619.2,4619.2,231.76,1031.6,791.2,1031.6,2171.2,4111.6,2406.6,2407.6,4111.6,2406.6,528.8,262.4,272.4,5308,1798.8,5128,13928,2060.2,1041.6,12920,0xB1688A56
2681,0,675366,675.366,0,0,OK,4621.2,4619.2,4619.2,4619.2,4619.2,4619.2,4619.2,4619.2,4619.2,0.00,4619.2,4619.2,4619.2,0.80,791.2,791.2,791.2,4105.6,4110.6,4110.6,4110.6,4110.6,4110.6,517.8,262.4,512.8,7912,1558.4,5128,21540,2060.2,791.2,13020,0xCC0AD16E
2682,0,675467,675.467,0,0,OK,4622.2,4619.2,4619.2,4619.2,4619.2,4619.2,4619.2,4619.2,4619.2,0.00,4619.2,4619.2,4619.2,231.76,1031.6,791.2,1031.6,2171.2,4111.6,2406.6,2407.6,4111.6,2406.6,278.4,522.8,522.8,7812,2049.2,2624,13828,1799.8,791.2,17928,0x0AA68785
2683,0,675569,675.569,0,0,OK,4623.2,4619.2,4619.2,4619.2,4619.2,4619.2,4619.2,4619.2,4619.2,0.00,4619.2,4619.2,4619.2,232.76,1031.6,1031.6,1031.6,2171.2,2407.6,2407.6,2407.6,2407.6,2407.6,278.4,532.8,532.8,7912,2049.2,2724,14028,1559.4,791.2,12920,0xEA61D24D
2684,0,675670,675.670,0,0,OK,4621.2,4619.2,4619.2,4619.2,4619.2,4619.2,4619.2,4619.2,4619.2,0.00,4619.2,4619.2,4619.2,231.76,1031.6,1031.6,1031.6,2171.2,2407.6,2407.6,2407.6,2407.6,2407.6,769.2,512.8,532.8,10316,1558.4,2624,16532,2050.2,1041.6,12820,0xBFE84124
2685,0,675772,675.772,0,0,OK,4619.2,4619.2,4619.2,4619.2,4619.2,4619.2,4619.2,4619.2,4619.2,0.00,4619.2,4619.2,4619.2,231.76,1031.6,791.2,791.2,2171.2,4111.6,4110.6,2406.6,4111.6,4110.6,768.2,512.8,532.8,7812,1558.4,5328,16432,2060.2,1282.0,5148,0x80D2C027
2686,0,675874,675.874,0,0,OK,4627.2,4619.2,4619.2,4619.2,4619.2,4619.2,4619.2,4619.2,4619.2,0.00,4619.2,4619.2,4619.2,232.76,791.2,1031.6,791.2,4105.6,2406.6,4111.6,4110.6,2406.6,4111.6,277.4,512.8,262.4,7712,2059.2,5328,13928,1809.8,1292.0,20732,0x82BBE18D
2687,0,675975,675.975,0,0,OK,4620.2,4619.2,4619.2,4619.2,4619.2,4619.2,4619.2,4619.2,4619.2,0.00,4619.2,4619.2,4619.2,232.76,1031.6,791.2,791.2,2171.2,4111.6,4110.6,2406.6,4111.6,4110.6,277.4,272.4,272.4,7812,1558.4,2724,16632,2050.2,1031.6,20632,0xDBF3E7EF
2688,0,676077,676.077,0,0,OK,4619.2,4619.2,4619.2,4619.2,4619.2,4619.2,4619.2,4619.2,4619.2,0.00,4619.2,4619.2,4619.2,231.76,1031.6,1031.6,1031.6,2171.2,2407.6,2407.6,2407.6,2407.6,2407.6,769.2,512.8,522.8,5308,1558.4,5328,16532,1809.8,1282.0,10256,0x7C27469F
2689,0,676179,676.179,0,0,OK,4627.2,4619.2,4619.2,4619.2,4619.2,4619.2,4619.2,4619.2,4619.2,0.00,4619.2,4619.2,4619.2,232.76,791.2,1031.6,1031.6,4105.6,2406.6,2407.6,4111.6,2406.6,2407.6,278.4,512.8,532.8,7712,1798.8,5128,16432,1809.8,1282.0,40,0x08FE15ED
2690,0,676280,676.280,0,0,OK,4620.2,4619.2,4619.2,4619.2,4619.2,4619.2,4619.2,4619.2,4619.2,0.00,4619.2,4619.2,4619.2,0.80,791.2,1031.6,1031.6,4105.6,2406.6,2407.6,4111.6,2406.6,2407.6,518.8,262.4,262.4,10316,2059.2,5328,16632,2050.2,1282.0,10416,0xEC50C53C
2691,0,676382,676.382,0,0,OK,4627.2,4619.2,4619.2,4619.2,4619.2,4619.2,4619.2,4619.2,4619.2,0.00,4619.2,4619.2,4619.2,231.76,1031.6,1031.6,1031.6,2171.2,2407.6,2407.6,2407.6,2407.6,2407.6,518.8,532.8,262.4,7912,2049.2,5128,19136,2060.2,1031.6,5148,0xB703CCBE
2692,0,676484,676.484,0,0,OK,4623.2,4619.2,4619.2,4619.2,4619.2,4619.2,4619.2,4619.2,4619.2,0.00,4619.2,4619.2,4619.2,0.80,791.2,1031.6,1031.6,4105.6,2406.6,2407.6,4111.6,2406.6,2407.6,278.4,272.4,262.4,7812,1808.8,2624,19136,2060.2,1031.6,20732,0xFCFB4E3D
2693,0,676585,676.585,0,0,OK,4624.2,4619.2,4619.2,4619.2,4619.2,4619.2,4619.2,4619.2,4619.2,0.00,4619.2,4619.2,4619.2,232.76,1031.6,1031.6,791.2,2171.2,2407.6,4111.6,2406.6,2407.6,4111.6,277.4,522.8,512.8,7812,1808.8,5328,13828,1559.4,791.2,23236,0x63986850
2694,0,676687,676.687,0,0,OK,4619.2,4619.2,4619.2,4619.2,4619.2,4619.2,4619.2,4619.2,4619.2,0.00,4619.2,4619.2,4619.2,0.80,791.2,791.2,1031.6,4105.6,4110.6,2406.6,4111.6,4110.6,2406.6,528.8,522.8,532.8,7712,1808.8,2724,19036,1559.4,1041.6,12820,0xE679346B
2695,0,676788,676.788,0,0,OK,4628.2,4619.2,4619.2,4619.2,4619.2,4619.2,4619.2,4619.2,4619.2,0.00,4619.2,4619.2,4619.2,231.76,791.2,791.2,791.2,4105.6,4110.6,4110.6,4110.6,4110.6,4110.6,527.8,522.8,532.8,10316,1808.8,5128,19036,1559.4,1031.6,18128,0x117B94ED
2696,0,676890,676.890,0,0,OK,4623.2,4619.2,4619.2,4619.2,4619.2,4619.2,4619.2,4619.2,4619.2,0.00,4619.2,4619.2,4619.2,0.80,791.2,791.2,1031.6,4105.6,4110.6,2406.6,4111.6,4110.6,2406.6,528.8,262.4,522.8,5308,2049.2,2624,14028,2060.2,1041.6,10416,0x5B10310F
2697,0,676992,676.992,0,0,OK,4623.2,4619.2,4619.2,4619.2,4619.2,4619.2,4619.2,4619.2,4619.2,0.00,4619.2,4619.2,4619.2,0.80,1031.6,1031.6,1031.6,2171.2,2407.6,2407.6,2407.6,2407.6,2407.6,769.2,512.8,522.8,7712,1558.4,5228,16632,1559.4,791.2,18028,0x61F9A2B6
2698,0,677093,677.093,0,0,OK,4625.2,4619.2,4619.2,4619.2,4619.2,4619.2,4619.2,4619.2,4619.2,0.00,4619.2,4619.2,4619.2,232.76,791.2,791.2,1031.6,4105.6,4110.6,2406.6,4111.6,4110.6,2406.6,528.8,272.4,522.8,5308,2049.2,2624,21540,2050.2,791.2,7752,0xFA534F05
2699,0,677195,677.195,0,0,OK,4620.2,4619.2,4619.2,4619.2,4619.2,4619.2,4619.2,4619.2,4619.2,0.00,4619.2,4619.2,4619.2,0.80,1031.6,791.2,791.2,2171.2,4111.6,4110.6,2406.6,4111.6,4110.6,527.8,512.8,512.8,5308,1798.8,2724,16632,1799.8,1292.0,20732,0x72F51B03
2700,0,677297,677.297,0,0,OK,4619.2,4619.2,4619.2,4619.2,4619.2,4619.2,4619.2,4619.2,4619.2,0.00,4619.2,4619.2,4619.2,231.76,1031.6,791.2,791.2,2171.2,4111.6,4110.6,2406.6,4111.6,4110.6,768.2,512.8,522.8,7812,1808.8,2724,19036,1799.8,791.2,7852,0x91DF509E
2701,0,677398,677.398,0,0,OK,4619.2,4619.2,4619.2,4619.2,4619.2,4619.2,4619.2,4619.2,4619.2,0.00,4619.2,4619.2,4619.2,231.76,791.2,1031.6,1031.6,4105.6,2406.6,2407.6,4111.6,2406.6,2407.6,278.4,532.8,522.8,7712,1798.8,5128,16532,2060.2,1041.6,2744,0x58EDF24B
2702,0,677500,677.500,0,0,OK,4625.2,4619.2,4619.2,4619.2,4619.2,4619.2,4619.2,4619.2,4619.2,0.00,4619.2,4619.2,4619.2,232.76,791.2,791.2,1031.6,4105.6,4110.6,2406.6,4111.6,4110.6,2406.6,528.8,262.4,522.8,10316,1798.8,2624,21540,1559.4,1282.0,20632,0xEF818D1A
2703,0,677602,677.602,0,0,OK,4624.2,4619.2,4619.2,4619.2,4619.2,4619.2,4619.2,4619.2,4619.2,0.00,4619.2,4619.2,4619.2,0.80,1031.6,791.2,791.2,2171.2,4111.6,4110.6,2406.6,4111.6,4110.6,267.4,532.8,512.8,5308,2059.2,2624,19136,1809.8,791.2,5148,0xF93D0F4E
2704,0,677703,677.703,0,0,OK,4620.2,4619.2,4619.2,4619.2,4619.2,4619.2,4619.2,4619.2,4619.2,0.00,4619.2,4619.2,4619.2,231.76,791.2,1031.6,791.2,4105.6,2406.6,4111.6,4110.6,2406.6,4111.6,267.4,532.8,532.8,5308,2049.2,5228,21540,2050.2,1292.0,40,0xFA915FBE
2705,0,677805,677.805,0,0,OK,4620.2,4619.2,4619.2,4619.2,4619.2,4619.2,4619.2,4619.2,4619.2,0.00,4619.2,4619.2,4619.2,231.76,791.2,791.2,791.2,4105.6,4110.6,4110.6,4110.6,4110.6,4110.6,277.4,532.8,272.4,7912,1558.4,5228,19136,1809.8,1031.6,5248,0xC561525D
2706,0,677907,677.907,0,0,OK,4624.2,4619.2,4619.2,4619.2,4619.2,4619.2,4619.2,4619.2,4619.2,0.00,4619.2,4619.2,4619.2,0.80,1031.6,791.2,791.2,2171.2,4111.6,4110.6,2406.6,4111.6,4110.6,768.2,512.8,512.8,7912,1808.8,5328,16532,2060.2,1031.6,12920,0x0A1718FC
2707,0,678008,678.008,0,0,OK,4621.2,4619.2,4619.2,4619.2,4619.2,4619.2,4619.2,4619.2,4619.2,0.00,4619.2,4619.2,4619.2,0.80,1031.6,791.2,1031.6,2171.2,4111.6,2406.6,2407.6,4111.6,2406.6,278.4,532.8,512.8,10316,1798.8,5228,13828,2050.2,1041.6,2644,0x901919E3
2708,0,678110,678.110,0,0,OK,4623.2,4619.2,4619.2,4619.2,4619.2,4619.2,4619.2,4619.2,4619.2,0.00,4619.2,4619.2,4619.2,232.76,1031.6,791.2,791.2,2171.2,4111.6,4110.6,2406.6,4111.6,4110.6,277.4,262.4,272.4,7912,1808.8,5228,21540,2050.2,1041.6,18128,0x4DE1F206
2709,0,678212,678.212,0,0,OK,4623.2,4619.2,4619.2,4619.2,4619.2,4619.2,4619.2,4619.2,4619.2,0.00,4619.2,4619.2,4619.2,232.76,1031.6,1031.6,1031.6,2171.2,2407.6,2407.6,2407.6,2407.6,2407.6,528.8,532.8,512.8,7712,1808.8,2624,13928,2060.2,1292.0,10416,0xCD16860E
2710,0,678313,678.313,0,0,OK,4620.2,4619.2,4619.2,4619.2,4619.2,4619.2,4619.2,4619.2,4619.2,0.00,4619.2,4619.2,4619.2,232.76,1031.6,791.2,1031.6,2171.2,4111.6,2406.6,2407.6,4111.6,2406.6,278.4,272.4,262.4,10316,1808.8,5228,13828,1799.8,791.2,20732,0xA0162E34
2711,0,678415,678.415,0,0,OK,4627.2,4619.2,4619.2,4619.2,4619.2,4619.2,4619.2,4619.2,4619.2,0.00,4619.2,4619.2,4619.2,232.76,791.2,791.2,791.2,4105.6,4110.6,4110.6,4110.6,4110.6,4110.6,267.4,272.4,262.4,7712,1558.4,2624,19136,1799.8,791.2,20532,0xD613E739
2712,0,678517,678.517,0,0,OK,4626.2,4619.2,4619.2,4619.2,4619.2,4619.2,4619.2,4619.2,4619.2,0.00,4619.2,4619.2,4619.2,0.80,791.2,1031.6,791.2,4105.6,2406.6,4111.6,4110.6,2406.6,4111.6,267.4,512.8,512.8,10316,2049.2,5328,16632,2060.2,1041.6,5348,0x39A2607B
2713,0,678618,678.618,0,0,OK,4620.2,4619.2,4619.2,4619.2,4619.2,4619.2,4619.2,4619.2,4619.2,0.00,4619.2,4619.2,4619.2,231.76,1031.6,791.2,1031.6,2171.2,4111.6,2406.6,2407.6,4111.6,2406.6,769.2,522.8,532.8,7912,2059.2,5228,21540,1799.8,1282.0,7752,0xE917902B
2714,0,678720,678.720,0,0,OK,4621.2,4619.2,4619.2,4619.2,4619.2,4619.2,4619.2,4619.2,4619.2,0.00,4619.2,4619.2,4619.2,231.76,1031.6,1031.6,791.2,2171.2,2407.6,4111.6,2406.6,2407.6,4111.6,768.2,522.8,262.4,5308,2059.2,5228,14028,1799.8,1031.6,5248,0xAB0A2DFD
2715,0,678822,678.822,0,0,OK,4620.2,4619.2,4619.2,4619.2,4619.2,4619.2,4619.2,4619.2,4619.2,0.00,4619.2,4619.2,4619.2,231.76,1031.6,791.2,1031.6,2171.2,4111.6,2406.6,2407.6,4111.6,2406.6,528.8,272.4,522.8,7812,1558.4,5228,13828,1559.4,1282.0,18128,0x6C4687C7
2716,0,678923,678.923,0,0,OK,4625.2,4619.2,4619.2,4619.2,4619.2,4619.2,4619.2,4619.2,4619.2,0.00,4619.2,4619.2,4619.2,232.76,1031.6,791.2,1031.6,2171.2,4111.6,2406.6,2407.6,4111.6,2406.6,528.8,532.8,532.8,7912,1798.8,2624,19036,2050.2,1282.0,18128,0xB1947D91
2717,0,679025,679.025,0,0,OK,4626.2,4619.2,4619.2,4619.2,4619.2,4619.2,4619.2,4619.2,4619.2,0.00,4619.2,4619.2,4619.2,231.76,791.2,791.2,791.2,4105.6,4110.6,4110.6,4110.6,4110.6,4110.6,267.4,522.8,522.8,7912,2049.2,2724,19136,1559.4,1041.6,18128,0x78631450
2718,0,679127,679.127,0,0,OK,4620.2,4619.2,4619.2,4619.2,4619.2,4619.2,4619.2,4619.2,4619.2,0.00,4619.2,4619.2,4619.2,0.80,791.2,1031.6,791.2,4105.6,2406.6,4111.6,4110.6,2406.6,4111.6,527.8,522.8,532.8,7912,1808.8,5128,19136,1559.4,791.2,12920,0x627C8AD4
2719,0,679228,679.228,0,0,OK,4628.2,4619.2,4619.2,4619.2,4619.2,4619.2,4619.2,4619.2,4619.2,0.00,4619.2,4619.2,4619.2,232.76,791.2,1031.6,1031.6,4105.6,2406.6,2407.6,4111.6,2406.6,2407.6,769.2,522.8,262.4,7712,2059.2,5228,19036,1809.8,1292.0,10416,0x7C3B70CC
2720,0,679330,679.330,0,0,OK,4623.2,4619.2,4619.2,4619.2,4619.2,4619.2,4619.2,4619.2,4619.2,0.00,4619.2,4619.2,4619.2,231.76,1031.6,791.2,791.2,2171.2,4111.6,4110.6,2406.6,4111.6,4110.6,517.8,512.8,272.4,5308,2049.2,5228,16532,1559.4,1282.0,240,0xBAC94A37
2721,0,679432,679.432,0,0,OK,4622.2,4619.2,4619.2,4619.2,4619.2,4619.2,4619.2,4619.2,4619.2,0.00,4619.2,4619.2,4619.2,0.80,791.2,791.2,1031.6,4105.6,4110.6,2406.6,4111.6,4110.6,2406.6,769.2,272.4,262.4,7912,2049.2,5228,16632,1559.4,791.2,18028,0x3B813F8F
2722,0,679533,679.533,0,0,OK,4619.2,4619.2,4619.2,4619.2,4619.2,4619.2,4619.2,4619.2,4619.2,0.00,4619.2,4619.2,4619.2,232.76,791.2,1031.6,791.2,4105.6,2406.6,4111.6,4110.6,2406.6,4111.6,267.4,512.8,262.4,7812,1798.8,5328,19136,2050.2,1282.0,5348,0x882B461F
2723,0,679635,679.635,0,0,OK,4622.2,4619.2,4619.2,4619.2,4619.2,4619.2,4619.2,4619.2,4619.2,0.00,4619.2,4619.2,4619.2,231.76,791.2,1031.6,1031.6,4105.6,2406.6,2407.6,4111.6,2406.6,2407.6,528.8,522.8,522.8,7712,1798.8,2624,21540,2050.2,1041.6,23136,0x49DA4B97
2724,0,679736,679.736,0,0,OK,4625.2,4619.2,4619.2,4619.2,4619.2,4619.2,4619.2,4619.2,4619.2,0.00,4619.2,4619.2,4619.2,232.76,1031.6,791.2,1031.6,2171.2,4111.6,2406.6,2407.6,4111.6,2406.6,278.4,272.4,512.8,5308,1808.8,2624,11424,2060.2,791.2,5348,0x58D1B055
2725,0,679838,679.838,0,0,OK,4623.2,4619.2,4619.2,4619.2,4619.2,4619.2,4619.2,4619.2,4619.2,0.00,4619.2,4619.2,4619.2,231.76,791.2,791.2,791.2,4105.6,4110.6,4110.6,4110.6,4110.6,4110.6,267.4,272.4,262.4,7912,1798.8,2624,16432,1559.4,791.2,15524,0x32ECD33B
2726,0,679940,679.940,0,0,OK,4625.2,4619.2,4619.2,4619.2,4619.2,4619.2,4619.2,4619.2,4619.2,0.00,4619.2,4619.2,4619.2,231.76,1031.6,1031.6,791.2,2171.2,2407.6,4111.6,2406.6,2407.6,4111.6,768.2,272.4,262.4,5308,2059.2,2624,19136,1799.8,1282.0,7752,0xE695FE32
2727,0,680041,680.041,0,0,OK,4624.2,4619.2,4619.2,4619.2,4619.2,4619.2,4619.2,4619.2,4619.2,0.00,4619.2,4619.2,4619.2,0.80,1031.6,1031.6,791.2,2171.2,2407.6,4111.6,2406.6,2407.6,4111.6,267.4,522.8,262.4,5308,1798.8,5328,11424,2050.2,1292.0,15524,0x06B8025E
2728,0,680143,680.143,0,0,OK,4624.2,4619.2,4619.2,4619.2,4619.2,4619.2,4619.2,4619.2,4619.2,0.00,4619.2,4619.2,4619.2,231.76,791.2,1031.6,1031.6,4105.6,2406.6,2407.6,4111.6,2406.6,2407.6,528.8,522.8,522.8,7812,1808.8,2724,16432,2050.2,791.2,10316,0xFA82AAE3
2729,0,680244,680.244,0,0,OK,4625.2,4619.2,4619.2,4619.2,4619.2,4619.2,4619.2,4619.2,4619.2,0.00,4619.2,4619.2,4619.2,231.76,791.2,791.2,1031.6,4105.6,4110.6,2406.6,4111.6,4110.6,2406.6,769.2,262.4,272.4,7712,1558.4,5128,11424,1559.4,791.2,40,0x77ACA499
2730,0,680346,680.346,0,0,OK,4621.2,4619.2,4619.2,4619.2,4619.2,4619.2,4619.2,4619.2,4619.2,0.00,4619.2,4619.2,4619.2,232.76,791.2,791.2,791.2,4105.6,4110.6,4110.6,4110.6,4110.6,4110.6,768.2,512.8,512.8,10316,1798.8,5228,16532,2060.2,1041.6,23236,0x17B867EE
2731,0,680448,680.448,0,0,OK,4624.2,4619.2,4619.2,4619.2,4619.2,4619.2,4619.2,4619.2,4619.2,0.00,4619.2,4619.2,4619.2,231.76,791.2,791.2,1031.6,4105.6,4110.6,2406.6,4111.6,4110.6,2406.6,268.4,272.4,522.8,7912,2049.2,5228,11424,1809.8,1292.0,12920,0x761D7164
2732,0,680549,680.549,0,0,OK,4628.2,4619.2,4619.2,4619.2,4619.2,4619.2,4619.2,4619.2,4619.2,0.00,4619.2,4619.2,4619.2,231.76,1031.6,791.2,1031.6,2171.2,4111.6,2406.6,2407.6,4111.6,2406.6,528.8,522.8,272.4,7812,1808.8,2624,11424,2060.2,1282.0,5148,0x4A1307F4
2733,0,680651,680.651,0,0,OK,4626.2,4619.2,4619.2,4619.2,4619.2,4619.2,4619.2,4619.2,4619.2,0.00,4619.2,4619.2,4619.2,0.80,791.2,791.2,791.2,4105.6,4110.6,4110.6,4110.6,4110.6,4110.6,277.4,522.8,512.8,5308,1558.4,2724,16432,2050.2,1292.0,12820,0xDED6DD0A
2734,0,680753,680.753,0,0,OK,4627.2,4619.2,4619.2,4619.2,4619.2,4619.2,4619.2,4619.2,4619.2,0.00,4619.2,4619.2,4619.2,232.76,1031.6,1031.6,791.2,2171.2,2407.6,4111.6,2406.6,2407.6,4111.6,517.8,272.4,512.8,10316,1808.8,2724,13828,1799.8,1041.6,17928,0x52DF0D79
2735,0,680854,680.854,0,0,OK,4619.2,4619.2,4619.2,4619.2,4619.2,4619.2,4619.2,4619.2,4619.2,0.00,4619.2,4619.2,4619.2,0.80,1031.6,1031.6,1031.6,2171.2,2407.6,2407.6,2407.6,2407.6,2407.6,518.8,262.4,522.8,7912,2059.2,5228,16432,1799.8,1282.0,5148,0x63A58CBB
2736,0,680956,680.956,0,0,OK,4623.2,4619.2,4619.2,4619.2,4619.2,4619.2,4619.2,4619.2,4619.2,0.00,4619.2,4619.2,4619.2,231.76,791.2,791.2,1031.6,4105.6,4110.6,2406.6,4111.6,4110.6,2406.6,769.2,532.8,532.8,7812,1798.8,5128,21540,1799.8,1282.0,12860,0x23044A6D
2737,0,681058,681.058,0,0,OK,4622.2,4619.2,4619.2,4619.2,4619.2,4619.2,4619.2,4619.2,4619.2,0.00,4619.2,4619.2,4619.2,231.76,791.2,1031.6,791.2,4105.6,2406.6,4111.6,4110.6,2406.6,4111.6,768.2,532.8,272.4,7912,1798.8,5228,21540,2050.2,791.2,20532,0xA7053528
2738,0,681159,681.159,0,0,OK,4622.2,4619.2,4619.2,4619.2,4619.2,4619.2,4619.2,4619.2,4619.2,0.00,4619.2,4619.2,4619.2,0.80,791.2,791.2,1031.6,4105.6,4110.6,2406.6,4111.6,4110.6,2406.6,268.4,522.8,532.8,5308,1808.8,2724,21540,2060.2,791.2,20532,0x7B701E7C
2739,0,681261,681.261,0,0,OK,4623.2,4619.2,4619.2,4619.2,4619.2,4619.2,4619.2,4619.2,4619.2,0.00,4619.2,4619.2,4619.2,232.76,791.2,1031.6,791.2,4105.6,2406.6,4111.6,4110.6,2406.6,4111.6,267.4,512.8,262.4,7712,1808.8,5328,11424,2060.2,1041.6,12860,0xB9B0B031
2740,0,681363,681.363,0,0,OK,4619.2,4619.2,4619.2,4619.2,4619.2,4619.2,4619.2,4619.2,4619.2,0.00,4619.2,4619.2,4619.2,231.76,791.2,791.2,791.2,4105.6,4110.6,4110.6,4110.6,4110.6,4110.6,517.8,532.8,522.8,5308,1808.8,5128,16532,2060.2,1031.6,12920,0x53683677
2741,0,681464,681.464,0,0,OK,4627.2,4619.2,4619.2,4619.2,4619.2,4619.2,4619.2,4619.2,4619.2,0.00,4619.2,4619.2,4619.2,232.76,1031.6,1031.6,791.2,2171.2,2407.6,4111.6,2406.6,2407.6,4111.6,517.8,272.4,512.8,7812,2059.2,5328,11424,1799.8,1292.0,2744,0x57CDA18F
2742,0,681566,681.566,0,0,OK,4620.2,4619.2,4619.2,4619.2,4619.2,4619.2,4619.2,4619.2,4619.2,0.00,4619.2,4619.2,4619.2,232.76,1031.6,791.2,791.2,2171.2,4111.6,4110.6,2406.6,4111.6,4110.6,267.4,272.4,272.4,5308,1798.8,5128,19136,1799.8,1041.6,10416,0xC4CED71C
2743,0,676069456,676069.456,0,0,OK,4624.2,4619.2,4619.2,4619.2,4619.2,4619.2,4619.2,4619.2,4619.2,0.00,4619.2,4619.2,4619.2,231.76,1031.6,791.2,4360.5,4360.5,0.0,0.0,0.0,0.0,4620.2,4619.2,4619.2,4619.2,46192,4619.2,46192,46192,4619.2,0.0,46192,0xB470B470
2744,0,681973,681.973,0,0,OK,4628.2,4619.2,4619.2,4619.2,4619.2,4619.2,4619.2,4619.2,4619.2,0.00,4619.2,4619.2,4619.2,232.76,791.2,791.2,1031.6,4105.6,4110.6,2406.6,4111.6,4110.6,2406.6,769.2,262.4,262.4,7912,1558.4,5128,19036,2050.2,1041.6,15524,0x713B967D
2745,0,682074,682.074,0,0,OK,4624.2,4619.2,4619.2,4619.2,4619.2,4619.2,4619.2,4619.2,4619.2,0.00,4619.2,4619.2,4619.2,0.80,791.2,791.2,1031.6,4105.6,4110.6,2406.6,4111.6,4110.6,2406.6,769.2,262.4,272.4,7912,2059.2,5328,21540,1799.8,1041.6,20732,0x70F8E4B8
2746,0,682176,682.176,0,0,OK,4619.2,4619.2,4619.2,4619.2,4619.2,4619.2,4619.2,4619.2,4619.2,0.00,4619.2,4619.2,4619.2,0.80,791.2,791.2,1031.6,4105.6,4110.6,2406.6,4111.6,4110.6,2406.6,278.4,272.4,262.4,7812,1808.8,5128,16632,1559.4,1282.0,12820,0x567E1754
2747,0,682278,682.278,0,0,OK,4621.2,4619.2,4619.2,4619.2,4619.2,4619.2,4619.2,4619.2,4619.2,0.00,4619.2,4619.2,4619.2,232.76,791.2,791.2,791.2,4105.6,4110.6,4110.6,4110.6,4110.6,4110.6,267.4,532.8,512.8,10316,1798.8,5128,16532,1799.8,1041.6,10316,0xEA52EF0B
2748,0,682379,682.379,0,0,OK,4623.2,4619.2,4619.2,4619.2,4619.2,4619.2,4619.2,4619.2,4619.2,0.00,4619.2,4619.2,4619.2,0.80,1031.6,1031.6,1031.6,2171.2,2407.6,2407.6,2407.6,2407.6,2407.6,278.4,512.8,262.4,7812,2049.2,5228,19036,2050.2,1031.6,10416,0x847B4096
2749,0,682481,682.481,0,0,OK,4622.2,4619.2,4619.2,4619.2,4619.2,4619.2,4619.2,4619.2,4619.2,0.00,4619.2,4619.2,4619.2,232.76,791.2,1031.6,1031.6,4105.6,2406.6,2407.6,4111.6,2406.6,2407.6,278.4,532.8,532.8,10316,2059.2,2624,16432,1809.8,1031.6,10256,0x212708E1
2750,0,682583,682.583,0,0,OK,4628.2,4619.2,4619.2,4619.2,4619.2,4619.2,4619.2,4619.2,4619.2,0.00,4619.2,4619.2,4619.2,232.76,1031.6,791.2,1031.6,2171.2,4111.6,2406.6,2407.6,4111.6,2406.6,769.2,532.8,522.8,7712,2059.2,2624,11424,1809.8,791.2,12920,0x917848BB
2751,0,682684,682.684,0,0,OK,4625.2,4619.2,4619.2,4619.2,4619.2,4619.2,4619.2,4619.2,4619.2,0.00,4619.2,4619.2,4619.2,0.80,791.2,791.2,1031.6,4105.6,4110.6,2406.6,4111.6,4110.6,2406.6,528.8,522.8,262.4,7812,1558.4,2724,21540,1559.4,1282.0,13020,0x066601FD
2752,0,682786,682.786,0,0,OK,4620.2,4619.2,4619.2,4619.2,4619.2,4619.2,4619.2,4619.2,4619.2,0.00,4619.2,4619.2,4619.2,0.80,1031.6,791.2,791.2,2171.2,4111.6,4110.6,2406.6,4111.6,4110.6,517.8,532.8,532.8,10316,1798.8,2624,16432,1559.4,1031.6,20632,0xBAA58BC8
2753,0,682888,682.888,0,0,OK,4627.2,4619.2,4619.2,4619.2,4619.2,4619.2,4619.2,4619.2,4619.2,0.00,4619.2,4619.2,4619.2,232.76,791.2,1031.6,1031.6,4105.6,2406.6,2407.6,4111.6,2406.6,2407.6,518.8,262.4,512.8,7712,1558.4,2624,16432,1799.8,1031.6,140,0x951E3C94
2754,0,682989,682.989,0,0,OK,4625.2,4619.2,4619.2,4619.2,4619.2,4619.2,4619.2,4619.2,4619.2,0.00,4619.2,4619.2,4619.2,231.76,791.2,791.2,1031.6,4105.6,4110.6,2406.6,4111.6,4110.6,2406.6,528.8,512.8,532.8,10316,1808.8,2724,13828,1809.8,1282.0,40,0xD377591A
2755,0,683091,683.091,0,0,OK,4621.2,4619.2,4619.2,4619.2,4619.2,4619.2,4619.2,4619.2,4619.2,0.00,4619.2,4619.2,4619.2,232.76,791.2,791.2,1031.6,4105.6,4110.6,2406.6,4111.6,4110.6,2406.6,769.2,262.4,262.4,7712,1798.8,5128,14028,1809.8,1292.0,10456,0x35F0B555
2756,0,683193,683.193,0,0,OK,4620.2,4619.2,4619.2,4619.2,4619.2,4619.2,4619.2,4619.2,4619.2,0.00,4619.2,4619.2,4619.2,0.80,1031.6,791.2,1031.6,2171.2,4111.6,2406.6,2407.6,4111.6,2406.6,518.8,522.8,512.8,5308,1808.8,5228,19036,2050.2,1282.0,17928,0x49CEEFCB
2757,0,683294,683.294,0,0,OK,4624.2,4619.2,4619.2,4619.2,4619.2,4619.2,4619.2,4619.2,4619.2,0.00,4619.2,4619.2,4619.2,0.80,1031.6,791.2,1031.6,2171.2,4111.6,2406.6,2407.6,4111.6,2406.6,528.8,262.4,262.4,10316,1808.8,5328,16532,2060.2,1031.6,15424,0x52464705
2758,0,683396,683.396,0,0,OK,4626.2,4619.2,4619.2,4619.2,4619.2,4619.2,4619.2,4619.2,4619.2,0.00,4619.2,4619.2,4619.2,0.80,1031.6,791.2,1031.6,2171.2,4111.6,2406.6,2407.6,4111.6,2406.6,769.2,522.8,532.8,5308,2049.2,2624,21540,2060.2,1282.0,13020,0xA13F3AD3
2759,0,683498,683.498,0,0,OK,4622.2,4619.2,4619.2,4619.2,4619.2,4619.2,4619.2,4619.2,4619.2,0.00,4619.2,4619.2,4619.2,0.80,1031.6,791.2,1031.6,2171.2,4111.6,2406.6,2407.6,4111.6,2406.6,769.2,532.8,522.8,7812,2059.2,2624,16632,1809.8,1041.6,140,0x74E8658A
2760,0,683599,683.599,0,0,OK,4621.2,4619.2,4619.2,4619.2,4619.2,4619.2,4619.2,4619.2,4619.2,0.00,4619.2,4619.2,4619.2,231.76,1031.6,1031.6,791.2,2171.2,2407.6,4111.6,2406.6,2407.6,4111.6,517.8,522.8,532.8,7912,1808.8,5128,16632,2050.2,1292.0,10256,0xD3A66B96
2761,0,683701,683.701,0,0,OK,4626.2,4619.2,4619.2,4619.2,4619.2,4619.2,4619.2,4619.2,4619.2,0.00,4619.2,4619.2,4619.2,0.80,791.2,791.2,1031.6,4105.6,4110.6,2406.6,4111.6,4110.6,2406.6,518.8,272.4,262.4,7712,2049.2,2724,16632,2060.2,1292.0,2744,0xABD872E2
2762,0,683803,683.803,0,0,OK,4624.2,4619.2,4619.2,4619.2,4619.2,4619.2,4619.2,4619.2,4619.2,0.00,4619.2,4619.2,4619.2,231.76,1031.6,1031.6,791.2,2171.2,2407.6,4111.6,2406.6,2407.6,4111.6,277.4,532.8,262.4,7912,1558.4,5228,16432,1809.8,1282.0,23236,0xE9B4DE57
2763,0,683904,683.904,0,0,OK,4624.2,4619.2,4619.2,4619.2,4619.2,4619.2,4619.2,4619.2,4619.2,0.00,4619.2,4619.2,4619.2,0.80,791.2,791.2,791.2,4105.6,4110.6,4110.6,4110.6,4110.6,4110.6,267.4,272.4,522.8,7912,2059.2,5328,16532,1559.4,1292.0,18028,0xE9BD3CF8
2764,0,684006,684.006,0,0,OK,4624.2,4619.2,4619.2,4619.2,4619.2,4619.2,4619.2,4619.2,4619.2,0.00,4619.2,4619.2,4619.2,0.80,791.2,1031.6,1031.6,4105.6,2406.6,2407.6,4111.6,2406.6,2407.6,528.8,272.4,512.8,7812,2059.2,5128,13928,1799.8,1292.0,5348,0x12B62947
2765,0,684107,684.107,0,0,OK,4625.2,4619.2,4619.2,4619.2,4619.2,4619.2,4619.2,4619.2,4619.2,0.00,4619.2,4619.2,4619.2,232.76,791.2,1031.6,1031.6,4105.6,2406.6,2407.6,4111.6,2406.6,2407.6,278.4,532.8,532.8,5308,1798.8,2724,13928,1799.8,1031.6,10456,0xCA3FF5FE
2766,0,684209,684.209,0,0,OK,4622.2,4619.2,4619.2,4619.2,4619.2,4619.2,4619.2,4619.2,4619.2,0.00,4619.2,4619.2,4619.2,0.80,791.2,1031.6,791.2,4105.6,2406.6,4111.6,4110.6,2406.6,4111.6,517.8,262.4,512.8,7912,1808.8,2724,14028,1799.8,1292.0,15424,0xF4DA130F
2767,0,684311,684.311,0,0,OK,4621.2,4619.2,4619.2,4619.2,4619.2,4619.2,4619.2,4619.2,4619.2,0.00,4619.2,4619.2,4619.2,232.76,1031.6,1031.6,1031.6,2171.2,2407.6,2407.6,2407.6,2407.6,2407.6,278.4,272.4,272.4,7812,1798.8,5228,19036,2050.2,1031.6,17928,0x3E2B0C2B
2768,0,684412,684.412,0,0,OK,4628.2,4619.2,4619.2,4619.2,4619.2,4619.2,4619.2,4619.2,4619.2,0.00,4619.2,4619.2,4619.2,232.76,1031.6,791.2,791.2,2171.2,4111.6,4110.6,2406.6,4111.6,4110.6,277.4,272.4,522.8,7812,2049.2,5328,16432,1559.4,791.2,18028,0x8009EEDE
2769,0,684514,684.514,0,0,OK,4626.2,4619.2,4619.2,4619.2,4619.2,4619.2,4619.2,4619.2,4619.2,0.00,4619.2,4619.2,4619.2,232.76,791.2,1031.6,791.2,4105.6,2406.6,4111.6,4110.6,2406.6,4111.6,527.8,512.8,262.4,7712,2049.2,5128,16632,2060.2,791.2,20532,0x9175A600
2770,0,684616,684.616,0,0,OK,4624.2,4619.2,4619.2,4619.2,4619.2,4619.2,4619.2,4619.2,4619.2,0.00,4619.2,4619.2,4619.2,232.76,1031.6,791.2,791.2,2171.2,4111.6,4110.6,2406.6,4111.6,4110.6,768.2,512.8,262.4,5308,1798.8,5228,19036,1559.4,791.2,23136,0x933F8D8D
2771,0,684717,684.717,0,0,OK,4619.2,4619.2,4619.2,4619.2,4619.2,4619.2,4619.2,4619.2,4619.2,0.00,4619.2,4619.2,4619.2,231.76,791.2,1031.6,791.2,4105.6,2406.6,4111.6,4110.6,2406.6,4111.6,768.2,512.8,532.8,7812,2049.2,2724,16632,2060.2,1292.0,5348,0x3E5ADD1C
2772,0,684819,684.819,0,0,OK,4626.2,4619.2,4619.2,4619.2,4619.2,4619.2,4619.2,4619.2,4619.2,0.00,4619.2,4619.2,4619.2,231.76,791.2,791.2,1031.6,4105.6,4110.6,2406.6,4111.6,4110.6,2406.6,769.2,272.4,512.8,10316,2059.2,5328,13828,1559.4,1031.6,5248,0x8CC5D9F4
2773,0,684921,684.921,0,0,OK,4623.2,4619.2,4619.2,4619.2,4619.2,4619.2,4619.2,4619.2,4619.2,0.00,4619.2,4619.2,4619.2,0.80,791.2,791.2,1031.6,4105.6,4110.6,2406.6,4111.6,4110.6,2406.6,268.4,262.4,532.8,7912,2049.2,2624,16432,1799.8,791.2,240,0x9E967FB7
2774,0,685022,685.022,0,0,OK,4626.2,4619.2,4619.2,4619.2,4619.2,4619.2,4619.2,4619.2,4619.2,0.00,4619.2,4619.2,4619.2,231.76,1031.6,1031.6,791.2,2171.2,2407.6,4111.6,2406.6,2407.6,4111.6,768.2,512.8,262.4,7912,2049.2,2624,13928,2050.2,1031.6,18028,0x58703D91
2775,0,685124,685.124,0,0,OK,4628.2,4619.2,4619.2,4619.2,4619.2,4619.2,4619.2,4619.2,4619.2,0.00,4619.2,4619.2,4619.2,231.76,1031.6,1031.6,791.2,2171.2,2407.6,4111.6,2406.6,2407.6,4111.6,517.8,512.8,512.8,10316,1798.8,2624,19136,1799.8,791.2,15424,0xDDAEC184
2776,0,685226,685.226,0,0,OK,4623.2,4619.2,4619.2,4619.2,4619.2,4619.2,4619.2,4619.2,4619.2,0.00,4619.2,4619.2,4619.2,0.80,1031.6,791.2,1031.6,2171.2,4111.6,2406.6,2407.6,4111.6,2406.6,769.2,532.8,272.4,10316,1808.8,2624,13828,2060.2,1031.6,10356,0xAC2A4376
2777,0,685327,685.327,0,0,OK,4624.2,4619.2,4619.2,4619.2,4619.2,4619.2,4619.2,4619.2,4619.2,0.00,4619.2,4619.2,4619.2,0.80,791.2,1031.6,791.2,4105.6,2406.6,4111.6,4110.6,2406.6,4111.6,517.8,262.4,272.4,7712,1558.4,5228,13928,1559.4,1041.6,12920,0x7DC7A027
2778,0,685429,685.429,0,0,OK,4619.2,4619.2,4619.2,4619.2,4619.2,4619.2,4619.2,4619.2,4619.2,0.00,4619.2,4619.2,4619.2,231.76,791.2,1031.6,1031.6,4105.6,2406.6,2407.6,4111.6,2406.6,2407.6,528.8,532.8,512.8,7712,2059.2,2624,16432,2060.2,1041.6,10316,0xA935391C
2779,0,685531,685.531,0,0,OK,4627.2,4619.2,4619.2,4619.2,4619.2,4619.2,4619.2,4619.2,4619.2,0.00,4619.2,4619.2,4619.2,231.76,1031.6,1031.6,1031.6,2171.2,2407.6,2407.6,2407.6,2407.6,2407.6,268.4,512.8,272.4,10316,2059.2,5228,13828,2060.2,1282.0,23136,0x1AED6E07
2780,0,685632,685.632,0,0,OK,4624.2,4619.2,4619.2,4619.2,4619.2,4619.2,4619.2,4619.2,4619.2,0.00,4619.2,4619.2,4619.2,231.76,791.2,1031.6,1031.6,4105.6,2406.6,2407.6,4111.6,2406.6,2407.6,278.4,522.8,522.8,10316,1808.8,5328,13828,1809.8,1041.6,140,0x2B33319A
2781,0,685734,685.734,0,0,OK,4621.2,4619.2,4619.2,4619.2,4619.2,4619.2,4619.2,4619.2,4619.2,0.00,4619.2,4619.2,4619.2,0.80,1031.6,791.2,791.2,2171.2,4111.6,4110.6,2406.6,4111.6,4110.6,768.2,512.8,532.8,7912,1798.8,5328,14028,1809.8,1031.6,12860,0xCB37F53D
2782,0,685836,685.836,0,0,OK,4626.2,4619.2,4619.2,4619.2,4619.2,4619.2,4619.2,4619.2,4619.2,0.00,4619.2,4619.2,4619.2,0.80,791.2,791.2,1031.6,4105.6,4110.6,2406.6,4111.6,4110.6,2406.6,268.4,532.8,512.8,7712,1558.4,5228,19036,1809.8,1292.0,15424,0xB8479507
2783,0,685937,685.937,0,0,OK,4621.2,4619.2,4619.2,4619.2,4619.2,4619.2,4619.2,4619.2,4619.2,0.00,4619.2,4619.2,4619.2,231.76,791.2,1031.6,1031.6,4105.6,2406.6,2407.6,4111.6,2406.6,2407.6,268.4,532.8,532.8,7812,1558.4,5328,14028,1799.8,791.2,7752,0x90C76CE3
2784,0,686039,686.039,0,0,OK,4623.2,4619.2,4619.2,4619.2,4619.2,4619.2,4619.2,4619.2,4619.2,0.00,4619.2,4619.2,4619.2,232.76,1031.6,791.2,791.2,2171.2,4111.6,4110.6,2406.6,4111.6,4110.6,527.8,522.8,262.4,5308,1798.8,5328,19036,1559.4,1292.0,2744,0x1FD700A6
2785,0,686141,686.141,0,0,OK,4627.2,4619.2,4619.2,4619.2,4619.2,4619.2,4619.2,4619.2,4619.2,0.00,4619.2,4619.2,4619.2,231.76,791.2,791.2,1031.6,4105.6,4110.6,2406.6,4111.6,4110.6,2406.6,518.8,532.8,532.8,5308,1558.4,5228,14028,1809.8,1292.0,240,0xB157B0D4
2786,0,686242,686.242,0,0,OK,4628.2,4619.2,4619.2,4619.2,4619.2,4619.2,4619.2,4619.2,4619.2,0.00,4619.2,4619.2,4619.2,0.80,1031.6,1031.6,791.2,2171.2,2407.6,4111.6,2406.6,2407.6,4111.6,768.2,512.8,532.8,7912,1558.4,2724,11424,1559.4,791.2,240,0x13C53BAE
2787,0,686344,686.344,0,0,OK,4623.2,4619.2,4619.2,4619.2,4619.2,4619.2,4619.2,4619.2,4619.2,0.00,4619.2,4619.2,4619.2,232.76,1031.6,1031.6,791.2,2171.2,2407.6,4111.6,2406.6,2407.6,4111.6,277.4,262.4,272.4,5308,1808.8,5228,16532,1799.8,1041.6,2644,0xDDD3B681
2788,0,686446,686.446,0,0,OK,4620.2,4619.2,4619.2,4619.2,4619.2,4619.2,4619.2,4619.2,4619.2,0.00,4619.2,4619.2,4619.2,0.80,1031.6,791.2,791.2,2171.2,4111.6,4110.6,2406.6,4111.6,4110.6,277.4,532.8,272.4,10316,2059.2,5328,11424,1809.8,1041.6,5148,0x2E1DD09E
2789,0,686547,686.547,0,0,OK,4626.2,4619.2,4619.2,4619.2,4619.2,4619.2,4619.2,4619.2,4619.2,0.00,4619.2,4619.2,4619.2,231.76,791.2,791.2,791.2,4105.6,4110.6,4110.6,4110.6,4110.6,4110.6,517.8,272.4,532.8,7712,1798.8,5128,16632,1799.8,1031.6,10356,0x31C5F713
2790,0,686649,686.649,0,0,OK,4622.2,4619.2,4619.2,4619.2,4619.2,4619.2,4619.2,4619.2,4619.2,0.00,4619.2,4619.2,4619.2,0.80,791.2,791.2,791.2,4105.6,4110.6,4110.6,4110.6,4110.6,4110.6,527.8,532.8,272.4,7812,1558.4,2624,21540,1809.8,1031.6,10256,0xF435431C
2791,0,686751,686.751,0,0,OK,4625.2,4619.2,4619.2,4619.2,4619.2,4619.2,4619.2,4619.2,4619.2,0.00,4619.2,4619.2,4619.2,232.76,1031.6,1031.6,1031.6,2171.2,2407.6,2407.6,2407.6,2407.6,2407.6,528.8,512.8,262.4,7812,1558.4,5128,14028,1559.4,791.2,12920,0xAFAF6059
2792,0,686852,686.852,0,0,OK,4622.2,4619.2,4619.2,4619.2,4619.2,4619.2,4619.2,4619.2,4619.2,0.00,4619.2,4619.2,4619.2,0.80,791.2,1031.6,1031.6,4105.6,2406.6,2407.6,4111.6,2406.6,2407.6,769.2,532.8,532.8,10316,1798.8,5128,19036,1799.8,1282.0,12920,0x2514D171
2793,0,686954,686.954,0,0,OK,4628.2,4619.2,4619.2,4619.2,4619.2,4619.2,4619.2,4619.2,4619.2,0.00,4619.2,4619.2,4619.2,232.76,1031.6,1031.6,791.2,2171.2,2407.6,4111.6,2406.6,2407.6,4111.6,267.4,522.8,272.4,5308,2059.2,2724,19036,1809.8,791.2,13020,0x67E930CF
2794,0,687056,687.056,0,0,OK,4628.2,4619.2,4619.2,4619.2,4619.2,4619.2,4619.2,4619.2,4619.2,0.00,4619.2,4619.2,4619.2,232.76,1031.6,1031.6,791.2,2171.2,2407.6,4111.6,2406.6,2407.6,4111.6,517.8,262.4,512.8,10316,2049.2,2624,14028,2050.2,1041.6,7752,0x9197C2B6
2795,0,687157,687.157,0,0,OK,4620.2,4619.2,4619.2,4619.2,4619.2,4619.2,4619.2,4619.2,4619.2,0.00,4619.2,4619.2,4619.2,231.76,791.2,1031.6,1031.6,4105.6,2406.6,2407.6,4111.6,2406.6,2407.6,278.4,272.4,522.8,7912,1558.4,5128,11424,1799.8,1031.6,40,0x8B45FD4A
2796,0,687259,687.259,0,0,OK,4624.2,4619.2,4619.2,4619.2,4619.2,4619.2,4619.2,4619.2,4619.2,0.00,4619.2,4619.2,4619.2,0.80,791.2,1031.6,1031.6,4105.6,2406.6,2407.6,4111.6,2406.6,2407.6,518.8,262.4,522.8,10316,2059.2,5128,16632,1809.8,1041.6,18028,0x6A1DE2CB
2797,0,687361,687.361,0,0,OK,4628.2,4619.2,4619.2,4619.2,4619.2,4619.2,4619.2,4619.2,4619.2,0.00,4619.2,4619.2,4619.2,0.80,1031.6,1031.6,791.2,2171.2,2407.6,4111.6,2406.6,2407.6,4111.6,277.4,272.4,532.8,7712,2059.2,5128,16432,1799.8,1292.0,13020,0x9F0045D2
2798,0,687462,687.462,0,0,OK,4626.2,4619.2,4619.2,4619.2,4619.2,4619.2,4619.2,4619.2,4619.2,0.00,4619.2,4619.2,4619.2,0.80,1031.6,791.2,1031.6,2171.2,4111.6,2406.6,2407.6,4111.6,2406.6,769.2,272.4,512.8,7812,1798.8,5328,16632,2050.2,1041.6,12860,0x54CC7495
2799,0,687564,687.564,0,0,OK,4623.2,4619.2,4619.2,4619.2,4619.2,4619.2,4619.2,4619.2,4619.2,0.00,4619.2,4619.2,4619.2,231.76,1031.6,791.2,791.2,2171.2,4111.6,4110.6,2406.6,4111.6,4110.6,277.4,272.4,532.8,10316,2059.2,5128,11424,2050.2,791.2,40,0x7B44D53D
2800,0,687665,687.665,0,0,OK,4621.2,4619.2,4619.2,4619.2,4619.2,4619.2,4619.2,4619.2,4619.2,0.00,4619.2,4619.2,4619.2,231.76,1031.6,791.2,1031.6,2171.2,4111.6,2406.6,2407.6,4111.6,2406.6,268.4,532.8,272.4,7912,2059.2,5328,13828,1799.8,1041.6,5348,0xF16CE096
2801,0,687767,687.767,0,0,OK,4628.2,4619.2,4619.2,4619.2,4619.2,4619.2,4619.2,4619.2,4619.2,0.00,4619.2,4619.2,4619.2,232.76,1031.6,791.2,1031.6,2171.2,4111.6,2406.6,2407.6,4111.6,2406.6,278.4,262.4,272.4,5308,1808.8,5328,16432,1799.8,1292.0,40,0x31214A63
2802,0,687869,687.869,0,0,OK,4626.2,4619.2,4619.2,4619.2,4619.2,4619.2,4619.2,4619.2,4619.2,0.00,4619.2,4619.2,4619.2,231.76,791.2,1031.6,791.2,4105.6,2406.6,4111.6,4110.6,2406.6,4111.6,527.8,522.8,512.8,7712,1808.8,2624,11424,1559.4,1282.0,12860,0xC7059793
2803,0,687970,687.970,0,0,OK,4619.2,4619.2,4619.2,4619.2,4619.2,4619.2,4619.2,4619.2,4619.2,0.00,4619.2,4619.2,4619.2,0.80,1031.6,1031.6,1031.6,2171.2,2407.6,2407.6,2407.6,2407.6,2407.6,278.4,272.4,532.8,5308,1808.8,5328,13828,1809.8,1282.0,20532,0xDFF7960B
2804,0,688072,688.072,0,0,OK,4621.2,4619.2,4619.2,4619.2,4619.2,4619.2,4619.2,4619.2,4619.2,0.00,4619.2,4619.2,4619.2,231.76,791.2,1031.6,791.2,4105.6,2406.6,4111.6,4110.6,2406.6,4111.6,277.4,532.8,262.4,7712,1808.8,2624,16432,1559.4,1282.0,10416,0x89C6F37E
2805,0,688174,688.174,0,0,OK,4623.2,4619.2,4619.2,4619.2,4619.2,4619.2,4619.2,4619.2,4619.2,0.00,4619.2,4619.2,4619.2,232.76,791.2,791.2,1031.6,4105.6,4110.6,2406.6,4111.6,4110.6,2406.6,268.4,262.4,532.8,7912,1798.8,5128,16432,1799.8,1031.6,20732,0xFD17F20E
2806,0,688275,688.275,0,0,OK,4624.2,4619.2,4619.2,4619.2,4619.2,4619.2,4619.2,4619.2,4619.2,0.00,4619.2,4619.2,4619.2,231.76,791.2,791.2,791.2,4105.6,4110.6,4110.6,4110.6,4110.6,4110.6,277.4,522.8,262.4,10316,2059.2,5128,19136,2050.2,1031.6,10456,0x71140F96
2807,0,688377,688.377,0,0,OK,4627.2,4619.2,4619.2,4619.2,4619.2,4619.2,4619.2,4619.2,4619.2,0.00,4619.2,4619.2,4619.2,231.76,1031.6,791.2,791.2,2171.2,4111.6,4110.6,2406.6,4111.6,4110.6,517.8,512.8,532.8,10316,1798.8,5328,13828,2050.2,791.2,17928,0x82C1A440
2808,0,688479,688.479,0,0,OK,4622.2,4619.2,4619.2,4619.2,4619.2,4619.2,4619.2,4619.2,4619.2,0.00,4619.2,4619.2,4619.2,232.76,1031.6,1031.6,1031.6,2171.2,2407.6,2407.6,2407.6,2407.6,2407.6,268.4,272.4,512.8,7712,2059.2,5228,19036,1809.8,1292.0,20532,0x10F38F41
2809,0,688580,688.580,0,0,OK,4623.2,4619.2,4619.2,4619.2,4619.2,4619.2,4619.2,4619.2,4619.2,0.00,4619.2,4619.2,4619.2,231.76,1031.6,1031.6,1031.6,2171.2,2407.6,2407.6,2407.6,2407.6,2407.6,268.4,262.4,262.4,5308,2059.2,5328,19136,2060.2,1031.6,7752,0x7CFCF63E
2810,0,688682,688.682,0,0,OK,4621.2,4619.2,4619.2,4619.2,4619.2,4619.2,4619.2,4619.2,4619.2,0.00,4619.2,4619.2,4619.2,232.76,791.2,1031.6,1031.6,4105.6,2406.6,2407.6,4111.6,2406.6,2407.6,518.8,262.4,532.8,7912,2049.2,2624,19136,1559.4,1282.0,10416,0x96845F20
2811,0,688784,688.784,0,0,OK,4628.2,4619.2,4619.2,4619.2,4619.2,4619.2,4619.2,4619.2,4619.2,0.00,4619.2,4619.2,4619.2,232.76,791.2,791.2,791.2,4105.6,4110.6,4110.6,4110.6,4110.6,4110.6,517.8,532.8,532.8,7712,1558.4,2724,13828,2050.2,791.2,13020,0x1E373D40
2812,0,688885,688.885,0,0,OK,4623.2,4619.2,4619.2,4619.2,4619.2,4619.2,4619.2,4619.2,4619.2,0.00,4619.2,4619.2,4619.2,231.76,1031.6,791.2,791.2,2171.2,4111.6,4110.6,2406.6,4111.6,4110.6,527.8,272.4,512.8,7712,2049.2,2724,19136,2050.2,791.2,240,0x35113196
2813,0,688987,688.987,0,0,OK,4620.2,4619.2,4619.2,4619.2,4619.2,4619.2,4619.2,4619.2,4619.2,0.00,4619.2,4619.2,4619.2,231.76,1031.6,791.2,791.2,2171.2,4111.6,4110.6,2406.6,4111.6,4110.6,267.4,262.4,262.4,7912,2059.2,2724,16632,2050.2,1282.0,12860,0x7630683F
2814,0,689088,689.088,0,0,OK,4626.2,4619.2,4619.2,4619.2,4619.2,4619.2,4619.2,4619.2,4619.2,0.00,4619.2,4619.2,4619.2,0.80,791.2,1031.6,1031.6,4105.6,2406.6,2407.6,4111.6,2406.6,2407.6,528.8,262.4,512.8,5308,1798.8,2624,11424,1809.8,1282.0,7912,0xC62BEFF2
2815,0,689190,689.190,0,0,OK,4619.2,4619.2,4619.2,4619.2,4619.2,4619.2,4619.2,4619.2,4619.2,0.00,4619.2,4619.2,4619.2,231.76,1031.6,791.2,791.2,2171.2,4111.6,4110.6,2406.6,4111.6,4110.6,768.2,522.8,512.8,7712,2059.2,2724,19136,1809.8,1031.6,40,0x86F4D4F3
2816,0,689292,689.292,0,0,OK,4624.2,4619.2,4619.2,4619.2,4619.2,4619.2,4619.2,4619.2,4619.2,0.00,4619.2,4619.2,4619.2,231.76,1031.6,1031.6,791.2,2171.2,2407.6,4111.6,2406.6,2407.6,4111.6,768.2,512.8,272.4,10316,1808.8,2624,16432,1799.8,1031.6,17928,0x9A95876B
2817,0,689393,689.393,0,0,OK,4619.2,4619.2,4619.2,4619.2,4619.2,4619.2,4619.2,4619.2,4619.2,0.00,4619.2,4619.2,4619.2,231.76,1031.6,1031.6,791.2,2171.2,2407.6,4111.6,2406.6,2407.6,4111.6,527.8,532.8,522.8,7812,2049.2,5128,21540,1559.4,1041.6,13020,0xC75CD6E5
2818,0,689495,689.495,0,0,OK,4626.2,4619.2,4619.2,4619.2,4619.2,4619.2,4619.2,4619.2,4619.2,0.00,4619.2,4619.2,4619.2,231.76,791.2,1031.6,1031.6,4105.6,2406.6,2407.6,4111.6,2406.6,2407.6,268.4,532.8,262.4,7712,2049.2,2624,13828,2060.2,1282.0,20732,0x0E7B0701
2819,0,689597,689.597,0,0,OK,4628.2,4619.2,4619.2,4619.2,4619.2,4619.2,4619.2,4619.2,4619.2,0.00,4619.2,4619.2,4619.2,0.80,791.2,791.2,1031.6,4105.6,4110.6,2406.6,4111.6,4110.6,2406.6,268.4,522.8,532.8,7812,2049.2,5128,13928,2050.2,1292.0,15424,0x9C4DFFC1
2820,0,689698,689.698,0,0,OK,4626.2,4619.2,4619.2,4619.2,4619.2,4619.2,4619.2,4619.2,4619.2,0.00,4619.2,4619.2,4619.2,231.76,791.2,1031.6,791.2,4105.6,2406.6,4111.6,4110.6,2406.6,4111.6,277.4,262.4,512.8,10316,1798.8,5128,13928,2060.2,1292.0,10456,0xC75E4476
2821,0,689800,689.800,0,0,OK,4628.2,4619.2,4619.2,4619.2,4619.2,4619.2,4619.2,4619.2,4619.2,0.00,4619.2,4619.2,4619.2,231.76,1031.6,1031.6,1031.6,2171.2,2407.6,2407.6,2407.6,2407.6,2407.6,769.2,512.8,522.8,7912,1808.8,5328,21540,2050.2,1292.0,18128,0x55CA7EA0
2822,0,689902,689.902,0,0,OK,4619.2,4619.2,4619.2,4619.2,4619.2,4619.2,4619.2,4619.2,4619.2,0.00,4619.2,4619.2,4619.2,0.80,1031.6,1031.6,791.2,2171.2,2407.6,4111.6,2406.6,2407.6,4111.6,527.8,532.8,522.8,7912,1808.8,5228,21540,1559.4,1031.6,17928,0xA2F4253D
2823,0,690003,690.003,0,0,OK,4625.2,4619.2,4619.2,4619.2,4619.2,4619.2,4619.2,4619.2,4619.2,0.00,4619.2,4619.2,4619.2,232.76,791.2,791.2,791.2,4105.6,4110.6,4110.6,4110.6,4110.6,4110.6,267.4,262.4,272.4,7912,1558.4,5328,21540,2050.2,1292.0,140,0x1D386592
2824,0,690105,690.105,0,0,OK,4627.2,4619.2,4619.2,4619.2,4619.2,4619.2,4619.2,4619.2,4619.2,0.00,4619.2,4619.2,4619.2,0.80,1031.6,1031.6,791.2,2171.2,2407.6,4111.6,2406.6,2407.6,4111.6,517.8,262.4,272.4,7912,2059.2,5128,19136,2050.2,1041.6,2744,0xF0910F09
2825,0,690206,690.206,0,0,OK,4619.2,4619.2,4619.2,4619.2,4619.2,4619.2,4619.2,4619.2,4619.2,0.00,4619.2,4619.2,4619.2,232.76,1031.6,1031.6,1031.6,2171.2,2407.6,2407.6,2407.6,2407.6,2407.6,518.8,512.8,512.8,7912,1798.8,2624,19136,1809.8,1041.6,140,0x4BE87A87
2826,0,690308,690.308,0,0,OK,4627.2,4619.2,4619.2,4619.2,4619.2,4619.2,4619.2,4619.2,4619.2,0.00,4619.2,4619.2,4619.2,0.80,1031.6,791.2,791.2,2171.2,4111.6,4110.6,2406.6,4111.6,4110.6,527.8,532.8,512.8,7912,1798.8,2624,19036,1559.4,1282.0,20632,0x91545607
2827,0,690410,690.410,0,0,OK,4624.2,4619.2,4619.2,4619.2,4619.2,4619.2,4619.2,4619.2,4619.2,0.00,4619.2,4619.2,4619.2,0.80,1031.6,1031.6,791.2,2171.2,2407.6,4111.6,2406.6,2407.6,4111.6,267.4,532.8,272.4,7712,2059.2,5328,19036,2050.2,1292.0,17928,0x20856162
2828,0,690511,690.511,0,0,OK,4619.2,4619.2,4619.2,4619.2,4619.2,4619.2,4619.2,4619.2,4619.2,0.00,4619.2,4619.2,4619.2,0.80,791.2,1031.6,791.2,4105.6,2406.6,4111.6,4110.6,2406.6,4111.6,517.8,272.4,522.8,7912,1808.8,2724,13828,1559.4,1031.6,20632,0xAEFB0FB0
2829,0,690613,690.613,0,0,OK,4622.2,4619.2,4619.2,4619.2,4619.2,4619.2,4619.2,4619.2,4619.2,0.00,4619.2,4619.2,4619.2,232.76,1031.6,791.2,1031.6,2171.2,4111.6,2406.6,2407.6,4111.6,2406.6,528.8,262.4,262.4,7812,1808.8,5128,16432,1809.8,1031.6,2744,0xEDCF9824
2830,0,690715,690.715,0,0,OK,4628.2,4619.2,4619.2,4619.2,4619.2,4619.2,4619.2,4619.2,4619.2,0.00,4619.2,4619.2,4619.2,231.76,1031.6,791.2,1031.6,2171.2,4111.6,2406.6,2407.6,4111.6,2406.6,278.4,262.4,262.4,7712,1808.8,5128,16532,1559.4,1292.0,17928,0xAB924E50
2831,0,690816,690.816,0,0,OK,4624.2,4619.2,4619.2,4619.2,4619.2,4619.2,4619.2,4619.2,4619.2,0.00,4619.2,4619.2,4619.2,232.76,791.2,1031.6,1031.6,4105.6,2406.6,2407.6,4111.6,2406.6,2407.6,528.8,512.8,262.4,7912,1808.8,5328,16532,2060.2,1041.6,40,0xFE6FE746
2832,0,690918,690.918,0,0,OK,4627.2,4619.2,4619.2,4619.2,4619.2,4619.2,4619.2,4619.2,4619.2,0.00,4619.2,4619.2,4619.2,232.76,1031.6,791.2,791.2,2171.2,4111.6,4110.6,2406.6,4111.6,4110.6,517.8,522.8,272.4,7912,1558.4,5328,16432,1809.8,791.2,10256,0x17FD7023
2833,0,691020,691.020,0,0,OK,4627.2,4619.2,4619.2,4619.2,4619.2,4619.2,4619.2,4619.2,4619.2,0.00,4619.2,4619.2,4619.2,231.76,791.2,1031.6,791.2,4105.6,2406.6,4111.6,4110.6,2406.6,4111.6,768.2,522.8,272.4,7912,1798.8,2624,14028,2050.2,1031.6,15424,0x76ED4C7E
2834,0,691121,691.121,0,0,OK,4626.2,4619.2,4619.2,4619.2,4619.2,4619.2,4619.2,4619.2,4619.2,0.00,4619.2,4619.2,4619.2,232.76,1031.6,1031.6,1031.6,2171.2,2407.6,2407.6,2407.6,2407.6,2407.6,518.8,512.8,272.4,5308,1558.4,5128,14028,1809.8,1282.0,40,0x03B4691B
2835,0,691223,691.223,0,0,OK,4622.2,4619.2,4619.2,4619.2,4619.2,4619.2,4619.2,4619.2,4619.2,0.00,4619.2,4619.2,4619.2,0.80,1031.6,791.2,1031.6,2171.2,4111.6,2406.6,2407.6,4111.6,2406.6,528.8,262.4,532.8,5308,1558.4,2724,16532,1559.4,1031.6,15424,0x10C4B8BB
2836,0,691325,691.325,0,0,OK,4628.2,4619.2,4619.2,4619.2,4619.2,4619.2,4619.2,4619.2,4619.2,0.00,4619.2,4619.2,4619.2,232.76,791.2,791.2,791.2,4105.6,4110.6,4110.6,4110.6,4110.6,4110.6,768.2,262.4,272.4,10316,1808.8,5228,13828,1799.8,791.2,10256,0xC15411C7
2837,0,691426,691.426,0,0,OK,4621.2,4619.2,4619.2,4619.2,4619.2,4619.2,4619.2,4619.2,4619.2,0.00,4619.2,4619.2,4619.2,231.76,1031.6,791.2,791.2,2171.2,4111.6,4110.6,2406.6,4111.6,4110.6,517.8,262.4,532.8,7812,2049.2,2724,21540,1809.8,1292.0,140,0x318B10B9
2838,0,691528,691.528,0,0,OK,4620.2,4619.2,4619.2,4619.2,4619.2,4619.2,4619.2,4619.2,4619.2,0.00,4619.2,4619.2,4619.2,231.76,791.2,1031.6,1031.6,4105.6,2406.6,2407.6,4111.6,2406.6,2407.6,769.2,532.8,262.4,7912,2059.2,2724,11424,1559.4,791.2,240,0x10834DFC
2839,0,691630,691.630,0,0,OK,4621.2,4619.2,4619.2,4619.2,4619.2,4619.2,4619.2,4619.2,4619.2,0.00,4619.2,4619.2,4619.2,231.76,1031.6,791.2,1031.6,2171.2,4111.6,2406.6,2407.6,4111.6,2406.6,268.4,262.4,262.4,5308,1808.8,5128,19136,1799.8,1292.0,7912,0xF99D0258
2840,0,691731,691.731,0,0,OK,4625.2,4619.2,4619.2,4619.2,4619.2,4619.2,4619.2,4619.2,4619.2,0.00,4619.2,4619.2,4619.2,232.76,1031.6,791.2,1031.6,2171.2,4111.6,2406.6,2407.6,4111.6,2406.6,268.4,532.8,262.4,5308,1798.8,2624,13928,2060.2,1282.0,12860,0x2160A787
2841,0,691833,691.833,0,0,OK,4626.2,4619.2,4619.2,4619.2,4619.2,4619.2,4619.2,4619.2,4619.2,0.00,4619.2,4619.2,4619.2,0.80,791.2,791.2,791.2,4105.6,4110.6,4110.6,4110.6,4110.6,4110.6,277.4,262.4,512.8,7912,1808.8,2724,11424,2050.2,1031.6,18028,0x5AE609E9
2842,0,691934,691.934,0,0,OK,4621.2,4619.2,4619.2,4619.2,4619.2,4619.2,4619.2,4619.2,4619.2,0.00,4619.2,4619.2,4619.2,232.76,1031.6,1031.6,791.2,2171.2,2407.6,4111.6,2406.6,2407.6,4111.6,277.4,272.4,522.8,7812,1808.8,5128,16632,2060.2,1041.6,7912,0x73966757
2843,0,692036,692.036,0,0,OK,4625.2,4619.2,4619.2,4619.2,4619.2,4619.2,4619.2,4619.2,4619.2,0.00,4619.2,4619.2,4619.2,231.76,1031.6,791.2,1031.6,2171.2,4111.6,2406.6,2407.6,4111.6,2406.6,769.2,272.4,522.8,5308,2049.2,5328,19036,1809.8,1041.6,7912,0xF79485C6
2844,0,692138,692.138,0,0,OK,4622.2,4619.2,4619.2,4619.2,4619.2,4619.2,4619.2,4619.2,4619.2,0.00,4619.2,4619.2,4619.2,231.76,1031.6,791.2,791.2,2171.2,4111.6,4110.6,2406.6,4111.6,4110.6,277.4,272.4,522.8,5308,2049.2,5328,21540,2060.2,1041.6,20532,0x16E1E1A7
2845,0,692239,692.239,0,0,OK,4627.2,4619.2,4619.2,4619.2,4619.2,4619.2,4619.2,4619.2,4619.2,0.00,4619.2,4619.2,4619.2,0.80,1031.6,791.2,791.2,2171.2,4111.6,4110.6,2406.6,4111.6,4110.6,768.2,512.8,512.8,10316,2059.2,2724,13828,1809.8,1031.6,20632,0xE7AA5A7C
2846,0,692341,692.341,0,0,OK,4626.2,4619.2,4619.2,4619.2,4619.2,4619.2,4619.2,4619.2,4619.2,0.00,4619.2,4619.2,4619.2,232.76,1031.6,1031.6,791.2,2171.2,2407.6,4111.6,2406.6,2407.6,4111.6,267.4,512.8,262.4,7712,1558.4,5228,11424,1809.8,1041.6,10316,0xC987486D
2847,0,692443,692.443,0,0,OK,4622.2,4619.2,4619.2,4619.2,4619.2,4619.2,4619.2,4619.2,4619.2,0.00,4619.2,4619.2,4619.2,232.76,791.2,1031.6,1031.6,4105.6,2406.6,2407.6,4111.6,2406.6,2407.6,268.4,272.4,272.4,5308,2059.2,5228,16432,2050.2,791.2,5148,0x8671E3ED
2848,0,692544,692.544,0,0,OK,4621.2,4619.2,4619.2,4619.2,4619.2,4619.2,4619.2,4619.2,4619.2,0.00,4619.2,4619.2,4619.2,232.76,1031.6,1031.6,791.2,2171.2,2407.6,4111.6,2406.6,2407.6,4111.6,768.2,522.8,262.4,7712,1558.4,5328,19036,2050.2,791.2,240,0xA7C5F9D9
2849,0,692646,692.646,0,0,OK,4619.2,4619.2,4619.2,4619.2,4619.2,4619.2,4619.2,4619.2,4619.2,0.00,4619.2,4619.2,4619.2,0.80,1031.6,791.2,1031.6,2171.2,4111.6,2406.6,2407.6,4111.6,2406.6,268.4,512.8,512.8,7912,2059.2,2624,16532,1799.8,791.2,7752,0xB776B633
2850,0,692747,692.747,0,0,OK,4620.2,4619.2,4619.2,4619.2,4619.2,4619.2,4619.2,4619.2,4619.2,0.00,4619.2,4619.2,4619.2,0.80,1031.6,791.2,1031.6,2171.2,4111.6,2406.6,2407.6,4111.6,2406.6,268.4,532.8,532.8,7812,2059.2,2624,16432,2060.2,791.2,18128,0xE8945923
2851,0,692849,692.849,0,0,OK,4627.2,4619.2,4619.2,4619.2,4619.2,4619.2,4619.2,4619.2,4619.2,0.00,4619.2,4619.2,4619.2,0.80,1031.6,1031.6,791.2,2171.2,2407.6,4111.6,2406.6,2407.6,4111.6,768.2,512.8,522.8,7912,1808.8,5228,19136,2050.2,1031.6,40,0x2096A696
2852,0,692951,692.951,0,0,OK,4619.2,4619.2,4619.2,4619.2,4619.2,4619.2,4619.2,4619.2,4619.2,0.00,4619.2,4619.2,4619.2,0.80,1031.6,1031.6,1031.6,2171.2,2407.6,2407.6,2407.6,2407.6,2407.6,518.8,512.8,272.4,7712,1558.4,5328,16432,1559.4,1031.6,10316,0xD8F65098
2853,0,693052,693.052,0,0,OK,4619.2,4619.2,4619.2,4619.2,4619.2,4619.2,4619.2,4619.2,4619.2,0.00,4619.2,4619.2,4619.2,231.76,1031.6,1031.6,791.2,2171.2,2407.6,4111.6,2406.6,2407.6,4111.6,768.2,262.4,262.4,5308,2059.2,2724,16432,1559.4,1282.0,10256,0x5BFA2223
2854,0,693154,693.154,0,0,OK,4627.2,4619.2,4619.2,4619.2,4619.2,4619.2,4619.2,4619.2,4619.2,0.00,4619.2,4619.2,4619.2,231.76,1031.6,1031.6,791.2,2171.2,2407.6,4111.6,2406.6,2407.6,4111.6,517.8,532.8,262.4,7912,1808.8,2724,16532,1809.8,1282.0,10456,0x7F9303AE
2855,0,693256,693.256,0,0,OK,4622.2,4619.2,4619.2,4619.2,4619.2,4619.2,4619.2,4619.2,4619.2,0.00,4619.2,4619.2,4619.2,232.76,791.2,1031.6,1031.6,4105.6,2406.6,2407.6,4111.6,2406.6,2407.6,769.2,262.4,522.8,7812,1558.4,5128,19036,2060.2,1282.0,5148,0xB43859DC
2856,0,693357,693.357,0,0,OK,4624.2,4619.2,4619.2,4619.2,4619.2,4619.2,4619.2,4619.2,4619.2,0.00,4619.2,4619.2,4619.2,232.76,791.2,791.2,791.2,4105.6,4110.6,4110.6,4110.6,4110.6,4110.6,527.8,272.4,522.8,5308,2059.2,2624,16632,2050.2,791.2,15424,0x3BC36162
2857,0,693459,693.459,0,0,OK,4619.2,4619.2,4619.2,4619.2,4619.2,4619.2,4619.2,4619.2,4619.2,0.00,4619.2,4619.2,4619.2,232.76,1031.6,1031.6,1031.6,2171.2,2407.6,2407.6,2407.6,2407.6,2407.6,769.2,262.4,262.4,7912,2059.2,5228,13928,1799.8,1031.6,15524,0x7FB6DB27
2858,0,693560,693.560,0,0,OK,4620.2,4619.2,4619.2,4619.2,4619.2,4619.2,4619.2,4619.2,4619.2,0.00,4619.2,4619.2,4619.2,231.76,1031.6,791.2,791.2,2171.2,4111.6,4110.6,2406.6,4111.6,4110.6,277.4,262.4,532.8,5308,1558.4,5128,14028,1809.8,1031.6,7912,0x9402F4B1
2859,0,693662,693.662,0,0,OK,4619.2,4619.2,4619.2,4619.2,4619.2,4619.2,4619.2,4619.2,4619.2,0.00,4619.2,4619.2,4619.2,0.80,791.2,1031.6,791.2,4105.6,2406.6,4111.6,4110.6,2406.6,4111.6,768.2,272.4,532.8,7912,2059.2,2624,16632,1559.4,791.2,240,0x9FEEE129
2860,0,693764,693.764,0,0,OK,4622.2,4619.2,4619.2,4619.2,4619.2,4619.2,4619.2,4619.2,4619.2,0.00,4619.2,4619.2,4619.2,232.76,1031.6,791.2,791.2,2171.2,4111.6,4110.6,2406.6,4111.6,4110.6,527.8,522.8,512.8,7812,2049.2,5128,21540,1809.8,1031.6,7912,0x8A5B21F8
2861,0,693865,693.865,0,0,OK,4621.2,4619.2,4619.2,4619.2,4619.2,4619.2,4619.2,4619.2,4619.2,0.00,4619.2,4619.2,4619.2,0.80,1031.6,791.2,791.2,2171.2,4111.6,4110.6,2406.6,4111.6,4110.6,517.8,262.4,522.8,7812,1558.4,5228,16532,2060.2,1292.0,20732,0x68EC9ADD
2862,0,693967,693.967,0,0,OK,4624.2,4619.2,4619.2,4619.2,4619.2,4619.2,4619.2,4619.2,4619.2,0.00,4619.2,4619.2,4619.2,231.76,1031.6,791.2,791.2,2171.2,4111.6,4110.6,2406.6,4111.6,4110.6,277.4,262.4,532.8,7912,1808.8,5128,19036,2050.2,1292.0,12920,0x14891512
2863,0,694069,694.069,0,0,OK,4627.2,4619.2,4619.2,4619.2,4619.2,4619.2,4619.2,4619.2,4619.2,0.00,4619.2,4619.2,4619.2,232.76,1031.6,1031.6,791.2,2171.2,2407.6,4111.6,2406.6,2407.6,4111.6,267.4,272.4,522.8,7912,2049.2,2624,13828,2060.2,1292.0,23136,0x0808EB40
2864,0,694170,694.170,0,0,OK,4625.2,4619.2,4619.2,4619.2,4619.2,4619.2,4619.2,4619.2,4619.2,0.00,4619.2,4619.2,4619.2,231.76,791.2,791.2,791.2,4105.6,4110.6,4110.6,4110.6,4110.6,4110.6,527.8,272.4,512.8,7812,1798.8,5128,19036,1809.8,791.2,40,0x63EB9068
2865,0,694272,694.272,0,0,OK,4624.2,4619.2,4619.2,4619.2,4619.2,4619.2,4619.2,4619.2,4619.2,0.00,4619.2,4619.2,4619.2,0.80,791.2,1031.6,791.2,4105.6,2406.6,4111.6,4110.6,2406.6,4111.6,527.8,512.8,532.8,7812,1798.8,5128,11424,2060.2,791.2,20632,0x0BD6FBBB
2866,0,694374,694.374,0,0,OK,4623.2,4619.2,4619.2,4619.2,4619.2,4619.2,4619.2,4619.2,4619.2,0.00,4619.2,4619.2,4619.2,231.76,1031.6,791.2,1031.6,2171.2,4111.6,2406.6,2407.6,4111.6,2406.6,528.8,532.8,272.4,7712,2059.2,5228,16632,2050.2,1031.6,140,0x2BD284CF
2867,0,694475,694.475,0,0,OK,4621.2,4619.2,4619.2,4619.2,4619.2,4619.2,4619.2,4619.2,4619.2,0.00,4619.2,4619.2,4619.2,231.76,1031.6,1031.6,791.2,2171.2,2407.6,4111.6,2406.6,2407.6,4111.6,277.4,272.4,262.4,7912,2049.2,2724,11424,1559.4,1292.0,12920,0xCB87A1CC
2868,0,694577,694.577,0,0,OK,4625.2,4619.2,4619.2,4619.2,4619.2,4619.2,4619.2,4619.2,4619.2,0.00,4619.2,4619.2,4619.2,232.76,1031.6,791.2,791.2,2171.2,4111.6,4110.6,2406.6,4111.6,4110.6,527.8,262.4,262.4,7912,1798.8,5228,19036,1559.4,1282.0,20532,0xC74530D1
2869,0,694679,694.679,0,0,OK,4628.2,4619.2,4619.2,4619.2,4619.2,4619.2,4619.2,4619.2,4619.2,0.00,4619.2,4619.2,4619.2,231.76,791.2,1031.6,791.2,4105.6,2406.6,4111.6,4110.6,2406.6,4111.6,527.8,522.8,262.4,7912,2059.2,2624,21540,2050.2,1041.6,23136,0xB3ECBC22
2870,0,694780,694.780,0,0,OK,4624.2,4619.2,4619.2,4619.2,4619.2,4619.2,4619.2,4619.2,4619.2,0.00,4619.2,4619.2,4619.2,0.80,791.2,1031.6,791.2,4105.6,2406.6,4111.6,4110.6,2406.6,4111.6,267.4,522.8,262.4,7712,1798.8,5328,13928,2060.2,1292.0,23236,0xEFDEFD03
2871,0,694882,694.882,0,0,OK,4624.2,4619.2,4619.2,4619.2,4619.2,4619.2,4619.2,4619.2,4619.2,0.00,4619.2,4619.2,4619.2,0.80,1031.6,1031.6,1031.6,2171.2,2407.6,2407.6,2407.6,2407.6,2407.6,278.4,262.4,532.8,7812,2059.2,5228,13828,1559.4,791.2,18028,0xC460D395
2872,0,694984,694.984,0,0,OK,4622.2,4619.2,4619.2,4619.2,4619.2,4619.2,4619.2,4619.2,4619.2,0.00,4619.2,4619.2,4619.2,231.76,1031.6,1031.6,1031.6,2171.2,2407.6,2407.6,2407.6,2407.6,2407.6,278.4,272.4,272.4,5308,1808.8,5228,14028,2060.2,1292.0,10256,0xDABE5B22
2873,0,695085,695.085,0,0,OK,4626.2,4619.2,4619.2,4619.2,4619.2,4619.2,4619.2,4619.2,4619.2,0.00,4619.2,4619.2,4619.2,0.80,791.2,1031.6,1031.6,4105.6,2406.6,2407.6,4111.6,2406.6,2407.6,268.4,262.4,532.8,7812,2059.2,5128,13928,2060.2,1031.6,12820,0xA17D9B57
2874,0,695187,695.187,0,0,OK,4625.2,4619.2,4619.2,4619.2,4619.2,4619.2,4619.2,4619.2,4619.2,0.00,4619.2,4619.2,4619.2,231.76,791.2,791.2,791.2,4105.6,4110.6,4110.6,4110.6,4110.6,4110.6,768.2,522.8,522.8,5308,1798.8,2624,16632,1809.8,1282.0,18028,0xC9C8E9EC
2875,0,695288,695.288,0,0,OK,4623.2,4619.2,4619.2,4619.2,4619.2,4619.2,4619.2,4619.2,4619.2,0.00,4619.2,4619.2,4619.2,231.76,791.2,791.2,1031.6,4105.6,4110.6,2406.6,4111.6,4110.6,2406.6,769.2,272.4,272.4,7812,1798.8,2724,14028,1799.8,1041.6,15424,0x3907B3C1
2876,0,695390,695.390,0,0,OK,4627.2,4619.2,4619.2,4619.2,4619.2,4619.2,4619.2,4619.2,4619.2,0.00,4619.2,4619.2,4619.2,0.80,1031.6,1031.6,1031.6,2171.2,2407.6,2407.6,2407.6,2407.6,2407.6,528.8,512.8,272.4,7812,1808.8,2724,11424,2050.2,1282.0,23236,0x28210504
2877,0,695492,695.492,0,0,OK,4621.2,4619.2,4619.2,4619.2,4619.2,4619.2,4619.2,4619.2,4619.2,0.00,4619.2,4619.2,4619.2,0.80,1031.6,791.2,791.2,2171.2,4111.6,4110.6,2406.6,4111.6,4110.6,527.8,512.8,532.8,7712,2049.2,2724,16632,2060.2,1041.6,12860,0xA4A8A27B
2878,0,695593,695.593,0,0,OK,4623.2,4619.2,4619.2,4619.2,4619.2,4619.2,4619.2,4619.2,4619.2,0.00,4619.2,4619.2,4619.2,232.76,791.2,1031.6,1031.6,4105.6,2406.6,2407.6,4111.6,2406.6,2407.6,268.4,532.8,522.8,7712,1558.4,5128,21540,1559.4,1031.6,13020,0x256169CB
2879,0,695695,695.695,0,0,OK,4620.2,4619.2,4619.2,4619.2,4619.2,4619.2,4619.2,4619.2,4619.2,0.00,4619.2,4619.2,4619.2,232.76,791.2,1031.6,1031.6,4105.6,2406.6,2407.6,4111.6,2406.6,2407.6,518.8,532.8,272.4,7712,1558.4,5128,19136,2060.2,1031.6,140,0xFBD0CA5B
2880,0,695797,695.797,0,0,OK,4627.2,4619.2,4619.2,4619.2,4619.2,4619.2,4619.2,4619.2,4619.2,0.00,4619.2,4619.2,4619.2,0.80,1031.6,791.2,1031.6,2171.2,4111.6,2406.6,2407.6,4111.6,2406.6,268.4,532.8,532.8,7812,1558.4,2624,19036,1809.8,1282.0,20532,0xE336034F
2881,0,695898,695.898,0,0,OK,4628.2,4619.2,4619.2,4619.2,4619.2,4619.2,4619.2,4619.2,4619.2,0.00,4619.2,4619.2,4619.2,0.80,791.2,1031.6,1031.6,4105.6,2406.6,2407.6,4111.6,2406.6,2407.6,769.2,262.4,522.8,7712,1808.8,5228,16632,1559.4,791.2,15424,0xEA448824
2882,0,696000,696.000,0,0,OK,4621.2,4619.2,4619.2,4619.2,4619.2,4619.2,4619.2,4619.2,4619.2,0.00,4619.2,4619.2,4619.2,232.76,1031.6,791.2,1031.6,2171.2,4111.6,2406.6,2407.6,4111.6,2406.6,518.8,262.4,522.8,7812,1558.4,5128,16432,1799.8,1041.6,2644,0xA4C40590
2883,0,696102,696.102,0,0,OK,4621.2,4619.2,4619.2,4619.2,4619.2,4619.2,4619.2,4619.2,4619.2,0.00,4619.2,4619.2,4619.2,0.80,791.2,1031.6,1031.6,4105.6,2406.6,2407.6,4111.6,2406.6,2407.6,518.8,262.4,262.4,10316,2049.2,2624,21540,2060.2,1031.6,20532,0xC57D510E
2884,0,696203,696.203,0,0,OK,4621.2,4619.2,4619.2,4619.2,4619.2,4619.2,4619.2,4619.2,4619.2,0.00,4619.2,4619.2,4619.2,232.76,1031.6,1031.6,791.2,2171.2,2407.6,4111.6,2406.6,2407.6,4111.6,267.4,272.4,522.8,10316,2059.2,5228,16532,1799.8,1282.0,18028,0xC06EFF7E
2885,0,696305,696.305,0,0,OK,4627.2,4619.2,4619.2,4619.2,4619.2,4619.2,4619.2,4619.2,4619.2,0.00,4619.2,4619.2,4619.2,0.80,791.2,1031.6,791.2,4105.6,2406.6,4111.6,4110.6,2406.6,4111.6,517.8,522.8,522.8,7812,2049.2,2724,11424,2050.2,1282.0,140,0x67E44226
2886,0,696406,696.406,0,0,OK,4622.2,4619.2,4619.2,4619.2,4619.2,4619.2,4619.2,4619.2,4619.2,0.00,4619.2,4619.2,4619.2,232.76,1031.6,791.2,1031.6,2171.2,4111.6,2406.6,2407.6,4111.6,2406.6,518.8,532.8,262.4,10316,2059.2,5228,11424,2050.2,1041.6,10416,0xE1F3D282
2887,0,696508,696.508,0,0,OK,4619.2,4619.2,4619.2,4619.2,4619.2,4619.2,4619.2,4619.2,4619.2,0.00,4619.2,4619.2,4619.2,232.76,791.2,791.2,791.2,4105.6,4110.6,4110.6,4110.6,4110.6,4110.6,277.4,532.8,512.8,7812,2059.2,5328,21540,1559.4,1041.6,12920,0x1332E3C0
2888,0,696610,696.610,0,0,OK,4619.2,4619.2,4619.2,4619.2,4619.2,4619.2,4619.2,4619.2,4619.2,0.00,4619.2,4619.2,4619.2,232.76,1031.6,1031.6,791.2,2171.2,2407.6,4111.6,2406.6,2407.6,4111.6,267.4,522.8,272.4,5308,2059.2,2624,11424,1559.4,1041.6,5348,0x9E8D4D6F
2889,0,696711,696.711,0,0,OK,4621.2,4619.2,4619.2,4619.2,4619.2,4619.2,4619.2,4619.2,4619.2,0.00,4619.2,4619.2,4619.2,0.80,791.2,1031.6,791.2,4105.6,2406.6,4111.6,4110.6,2406.6,4111.6,267.4,522.8,272.4,7812,1798.8,5228,13828,1809.8,1031.6,7852,0x5E6DA4F7
2890,0,696813,696.813,0,0,OK,4626.2,4619.2,4619.2,4619.2,4619.2,4619.2,4619.2,4619.2,4619.2,0.00,4619.2,4619.2,4619.2,231.76,1031.6,791.2,1031.6,2171.2,4111.6,2406.6,2407.6,4111.6,2406.6,528.8,522.8,522.8,5308,1808.8,2724,16532,1809.8,1031.6,18028,0x49DDD30D
2891,0,696914,696.914,0,0,OK,4621.2,4619.2,4619.2,4619.2,4619.2,4619.2,4619.2,4619.2,4619.2,0.00,4619.2,4619.2,4619.2,0.80,1031.6,1031.6,791.2,2171.2,2407.6,4111.6,2406.6,2407.6,4111.6,277.4,262.4,262.4,5308,2059.2,2724,21540,2050.2,1282.0,12820,0x7A585884
2892,0,697016,697.016,0,0,OK,4626.2,4619.2,4619.2,4619.2,4619.2,4619.2,4619.2,4619.2,4619.2,0.00,4619.2,4619.2,4619.2,232.76,1031.6,1031.6,791.2,2171.2,2407.6,4111.6,2406.6,2407.6,4111.6,517.8,262.4,272.4,10316,1798.8,5128,13828,2050.2,1031.6,40,0x6A6A39A0
2893,0,697118,697.118,0,0,OK,4619.2,4619.2,4619.2,4619.2,4619.2,4619.2,4619.2,4619.2,4619.2,0.00,4619.2,4619.2,4619.2,231.76,791.2,791.2,791.2,4105.6,4110.6,4110.6,4110.6,4110.6,4110.6,267.4,532.8,262.4,7912,1808.8,5328,16432,1799.8,1292.0,12920,0x1DF22862
2894,0,697219,697.219,0,0,OK,4621.2,4619.2,4619.2,4619.2,4619.2,4619.2,4619.2,4619.2,4619.2,0.00,4619.2,4619.2,4619.2,231.76,1031.6,1031.6,791.2,2171.2,2407.6,4111.6,2406.6,2407.6,4111.6,277.4,512.8,532.8,7812,2049.2,2724,21540,2050.2,791.2,140,0xC5B1D093
2895,0,697321,697.321,0,0,OK,4625.2,4619.2,4619.2,4619.2,4619.2,4619.2,4619.2,4619.2,4619.2,0.00,4619.2,4619.2,4619.2,231.76,791.2,791.2,791.2,4105.6,4110.6,4110.6,4110.6,4110.6,4110.6,277.4,532.8,522.8,7712,1798.8,2624,16432,1799.8,1031.6,18028,0x23C7A46F
2896,0,697423,697.423,0,0,OK,4623.2,4619.2,4619.2,4619.2,4619.2,4619.2,4619.2,4619.2,4619.2,0.00,4619.2,4619.2,4619.2,0.80,791.2,1031.6,1031.6,4105.6,2406.6,2407.6,4111.6,2406.6,2407.6,528.8,532.8,262.4,5308,1808.8,5128,19136,1799.8,1031.6,2744,0x630DC0C1
2897,0,697524,697.524,0,0,OK,4627.2,4619.2,4619.2,4619.2,4619.2,4619.2,4619.2,4619.2,4619.2,0.00,4619.2,4619.2,4619.2,0.80,791.2,1031.6,791.2,4105.6,2406.6,4111.6,4110.6,2406.6,4111.6,768.2,262.4,522.8,7912,1808.8,2724,16432,1799.8,791.2,10416,0x260BF6B2
2898,0,697626,697.626,0,0,OK,4623.2,4619.2,4619.2,4619.2,4619.2,4619.2,4619.2,4619.2,4619.2,0.00,4619.2,4619.2,4619.2,0.80,791.2,791.2,791.2,4105.6,4110.6,4110.6,4110.6,4110.6,4110.6,527.8,262.4,262.4,7812,2059.2,5128,19136,1559.4,791.2,5148,0x64325ABC
2899,0,697727,697.727,0,0,OK,4627.2,4619.2,4619.2,4619.2,4619.2,4619.2,4619.2,4619.2,4619.2,0.00,4619.2,4619.2,4619.2,232.76,1031.6,791.2,791.2,2171.2,4111.6,4110.6,2406.6,4111.6,4110.6,768.2,512.8,522.8,5308,1808.8,2624,16532,1809.8,1292.0,5348,0x3FF74D5D
2900,0,697829,697.829,0,0,OK,4619.2,4619.2,4619.2,4619.2,4619.2,4619.2,4619.2,4619.2,4619.2,0.00,4619.2,4619.2,4619.2,232.76,791.2,1031.6,1031.6,4105.6,2406.6,2407.6,4111.6,2406.6,2407.6,528.8,532.8,522.8,7712,2049.2,2724,16432,1559.4,791.2,20732,0x09ACBDAC
2901,0,697931,697.931,0,0,OK,4623.2,4619.2,4619.2,4619.2,4619.2,4619.2,4619.2,4619.2,4619.2,0.00,4619.2,4619.2,4619.2,232.76,791.2,791.2,791.2,4105.6,4110.6,4110.6,4110.6,4110.6,4110.6,517.8,272.4,272.4,7712,2049.2,5328,16632,1559.4,791.2,7852,0xBBD1AA28
2902,0,698032,698.032,0,0,OK,4622.2,4619.2,4619.2,4619.2,4619.2,4619.2,4619.2,4619.2,4619.2,0.00,4619.2,4619.2,4619.2,0.80,1031.6,791.2,1031.6,2171.2,4111.6,2406.6,2407.6,4111.6,2406.6,769.2,532.8,262.4,7812,1798.8,5128,16632,2050.2,1031.6,13020,0x06160350
2903,0,698134,698.134,0,0,OK,4620.2,4619.2,4619.2,4619.2,4619.2,4619.2,4619.2,4619.2,4619.2,0.00,4619.2,4619.2,4619.2,232.76,1031.6,1031.6,1031.6,2171.2,2407.6,2407.6,2407.6,2407.6,2407.6,518.8,272.4,532.8,10316,1808.8,2624,16432,2050.2,1031.6,15424,0xABEDEDB3
2904,0,698236,698.236,0,0,OK,4619.2,4619.2,4619.2,4619.2,4619.2,4619.2,4619.2,4619.2,4619.2,0.00,4619.2,4619.2,4619.2,232.76,791.2,1031.6,1031.6,4105.6,2406.6,2407.6,4111.6,2406.6,2407.6,268.4,272.4,532.8,7712,1558.4,2624,14028,1809.8,791.2,10256,0x114D5D9F
2905,0,698337,698.337,0,0,OK,4625.2,4619.2,4619.2,4619.2,4619.2,4619.2,4619.2,4619.2,4619.2,0.00,4619.2,4619.2,4619.2,232.76,1031.6,1031.6,1031.6,2171.2,2407.6,2407.6,2407.6,2407.6,2407.6,518.8,512.8,532.8,7812,2059.2,5328,16632,2050.2,1031.6,5348,0x0CCB5CAE
2906,0,698439,698.439,0,0,OK,4622.2,4619.2,4619.2,4619.2,4619.2,4619.2,4619.2,4619.2,4619.2,0.00,4619.2,4619.2,4619.2,0.80,791.2,791.2,1031.6,4105.6,4110.6,2406.6,4111.6,4110.6,2406.6,518.8,512.8,262.4,5308,1808.8,2624,19036,2050.2,1031.6,10416,0x8EB3E9D7
2907,0,698541,698.541,0,0,OK,4624.2,4619.2,4619.2,4619.2,4619.2,4619.2,4619.2,4619.2,4619.2,0.00,4619.2,4619.2,4619.2,231.76,791.2,791.2,791.2,4105.6,4110.6,4110.6,4110.6,4110.6,4110.6,768.2,522.8,272.4,10316,1808.8,5228,19136,2060.2,1041.6,18028,0x974B1D81
2908,0,698642,698.642,0,0,OK,4625.2,4619.2,4619.2,4619.2,4619.2,4619.2,4619.2,4619.2,4619.2,0.00,4619.2,4619.2,4619.2,0.80,791.2,791.2,1031.6,4105.6,4110.6,2406.6,4111.6,4110.6,2406.6,268.4,262.4,272.4,7912,1798.8,5328,16432,2060.2,1282.0,12860,0xF973DFF8
2909,0,698744,698.744,0,0,OK,4626.2,4619.2,4619.2,4619.2,4619.2,4619.2,4619.2,4619.2,4619.2,0.00,4619.2,4619.2,4619.2,232.76,1031.6,791.2,791.2,2171.2,4111.6,4110.6,2406.6,4111.6,4110.6,527.8,262.4,512.8,7912,2049.2,5128,14028,1799.8,1292.0,2744,0x3777CB8F
2910,0,698846,698.846,0,0,OK,4625.2,4619.2,4619.2,4619.2,4619.2,4619.2,4619.2,4619.2,4619.2,0.00,4619.2,4619.2,4619.2,0.80,1031.6,791.2,791.2,2171.2,4111.6,4110.6,2406.6,4111.6,4110.6,527.8,512.8,522.8,7912,1558.4,5228,16632,2050.2,1041.6,12860,0x91566757
2911,0,698947,698.947,0,0,OK,4623.2,4619.2,4619.2,4619.2,4619.2,4619.2,4619.2,4619.2,4619.2,0.00,4619.2,4619.2,4619.2,231.76,791.2,791.2,1031.6,4105.6,4110.6,2406.6,4111.6,4110.6,2406.6,528.8,532.8,532.8,7912,1808.8,2724,19036,2060.2,1282.0,10456,0xA24F0C0B
2912,0,699049,699.049,0,0,OK,4620.2,4619.2,4619.2,4619.2,4619.2,4619.2,4619.2,4619.2,4619.2,0.00,4619.2,4619.2,4619.2,0.80,791.2,1031.6,791.2,4105.6,2406.6,4111.6,4110.6,2406.6,4111.6,527.8,262.4,532.8,7912,2049.2,2724,14028,1559.4,1041.6,13020,0x0730B0C4
2913,0,699150,699.150,0,0,OK,4621.2,4619.2,4619.2,4619.2,4619.2,4619.2,4619.2,4619.2,4619.2,0.00,4619.2,4619.2,4619.2,232.76,791.2,791.2,791.2,4105.6,4110.6,4110.6,4110.6,4110.6,4110.6,267.4,532.8,262.4,5308,1798.8,5328,16632,1559.4,1031.6,5248,0x940C95F2
2914,0,699252,699.252,0,0,OK,4625.2,4619.2,4619.2,4619.2,4619.2,4619.2,4619.2,4619.2,4619.2,0.00,4619.2,4619.2,4619.2,231.76,791.2,791.2,791.2,4105.6,4110.6,4110.6,4110.6,4110.6,4110.6,517.8,272.4,512.8,7712,1798.8,2624,19136,1799.8,1031.6,10416,0x96626AC4
2915,0,699354,699.354,0,0,OK,4626.2,4619.2,4619.2,4619.2,4619.2,4619.2,4619.2,4619.2,4619.2,0.00,4619.2,4619.2,4619.2,231.76,1031.6,1031.6,791.2,2171.2,2407.6,4111.6,2406.6,2407.6,4111.6,517.8,522.8,522.8,7912,2059.2,2624,13828,1799.8,1031.6,23136,0xA626B9DA
2916,0,699455,699.455,0,0,OK,4622.2,4619.2,4619.2,4619.2,4619.2,4619.2,4619.2,4619.2,4619.2,0.00,4619.2,4619.2,4619.2,232.76,791.2,1031.6,791.2,4105.6,2406.6,4111.6,4110.6,2406.6,4111.6,277.4,272.4,272.4,5308,1808.8,2624,21540,1799.8,1282.0,13020,0x017D51FC
2917,0,699557,699.557,0,0,OK,4627.2,4619.2,4619.2,4619.2,4619.2,4619.2,4619.2,4619.2,4619.2,0.00,4619.2,4619.2,4619.2,0.80,791.2,791.2,791.2,4105.6,4110.6,4110.6,4110.6,4110.6,4110.6,768.2,522.8,522.8,7912,2059.2,5228,13928,1799.8,791.2,12820,0xE27FF1AB
2918,0,699658,699.658,0,0,OK,4622.2,4619.2,4619.2,4619.2,4619.2,4619.2,4619.2,4619.2,4619.2,0.00,4619.2,4619.2,4619.2,231.76,791.2,791.2,791.2,4105.6,4110.6,4110.6,4110.6,4110.6,4110.6,277.4,262.4,262.4,5308,1558.4,5328,14028,2050.2,1282.0,5348,0x82551D03
2919,0,699760,699.760,0,0,OK,4620.2,4619.2,4619.2,4619.2,4619.2,4619.2,4619.2,4619.2,4619.2,0.00,4619.2,4619.2,4619.2,231.76,791.2,1031.6,1031.6,4105.6,2406.6,2407.6,4111.6,2406.6,2407.6,769.2,272.4,272.4,10316,1798.8,5328,19136,2050.2,1031.6,2644,0xC11ECB45
2920,0,699862,699.862,0,0,OK,4619.2,4619.2,4619.2,4619.2,4619.2,4619.2,4619.2,4619.2,4619.2,0.00,4619.2,4619.2,4619.2,232.76,791.2,791.2,1031.6,4105.6,4110.6,2406.6,4111.6,4110.6,2406.6,278.4,272.4,262.4,7712,2049.2,2624,13928,1559.4,1292.0,15424,0xE24D6921
2921,0,699963,699.963,0,0,OK,4620.2,4619.2,4619.2,4619.2,4619.2,4619.2,4619.2,4619.2,4619.2,0.00,4619.2,4619.2,4619.2,231.76,1031.6,1031.6,791.2,2171.2,2407.6,4111.6,2406.6,2407.6,4111.6,267.4,522.8,262.4,10316,2049.2,5328,16532,1809.8,1041.6,13020,0xB2C7FD6E
2922,0,700065,700.065,0,0,OK,4625.2,4619.2,4619.2,4619.2,4619.2,4619.2,4619.2,4619.2,4619.2,0.00,4619.2,4619.2,4619.2,231.76,791.2,1031.6,791.2,4105.6,2406.6,4111.6,4110.6,2406.6,4111.6,277.4,262.4,532.8,7912,1808.8,2724,11424,1559.4,1292.0,40,0xB4C64F96
2923,0,700166,700.166,0,0,OK,4626.2,4619.2,4619.2,4619.2,4619.2,4619.2,4619.2,4619.2,4619.2,0.00,4619.2,4619.2,4619.2,231.76,1031.6,791.2,791.2,2171.2,4111.6,4110.6,2406.6,4111.6,4110.6,768.2,272.4,272.4,7912,1798.8,5228,19136,1559.4,1292.0,10316,0xD2C276FA
2924,0,700268,700.268,0,0,OK,4623.2,4619.2,4619.2,4619.2,4619.2,4619.2,4619.2,4619.2,4619.2,0.00,4619.2,4619.2,4619.2,232.76,791.2,1031.6,1031.6,4105.6,2406.6,2407.6,4111.6,2406.6,2407.6,518.8,532.8,262.4,7912,1558.4,5228,16532,2050.2,1292.0,5348,0x25B3B969
2925,0,700370,700.370,0,0,OK,4628.2,4619.2,4619.2,4619.2,4619.2,4619.2,4619.2,4619.2,4619.2,0.00,4619.2,4619.2,4619.2,232.76,791.2,791.2,791.2,4105.6,4110.6,4110.6,4110.6,4110.6,4110.6,517.8,512.8,272.4,7812,1798.8,2624,16632,1559.4,791.2,20632,0xB1ED3C64
2926,0,700471,700.471,0,0,OK,4626.2,4619.2,4619.2,4619.2,4619.2,4619.2,4619.2,4619.2,4619.2,0.00,4619.2,4619.2,4619.2,0.80,791.2,791.2,1031.6,4105.6,4110.6,2406.6,4111.6,4110.6,2406.6,528.8,522.8,522.8,5308,2049.2,5328,16632,1559.4,1031.6,23236,0xD9A3B364
2927,0,700573,700.573,0,0,OK,4626.2,4619.2,4619.2,4619.2,4619.2,4619.2,4619.2,4619.2,4619.2,0.00,4619.2,4619.2,4619.2,0.80,1031.6,1031.6,791.2,2171.2,2407.6,4111.6,2406.6,2407.6,4111.6,768.2,272.4,522.8,7812,1558.4,5228,19136,1799.8,791.2,10316,0xA0087F2A
2928,0,700674,700.674,0,0,OK,4621.2,4619.2,4619.2,4619.2,4619.2,4619.2,4619.2,4619.2,4619.2,0.00,4619.2,4619.2,4619.2,231.76,791.2,1031.6,1031.6,4105.6,2406.6,2407.6,4111.6,2406.6,2407.6,518.8,272.4,262.4,7812,1808.8,5228,16432,1799.8,791.2,240,0xB820471F
2929,0,700776,700.776,0,0,OK,4622.2,4619.2,4619.2,4619.2,4619.2,4619.2,4619.2,4619.2,4619.2,0.00,4619.2,4619.2,4619.2,231.76,1031.6,1031.6,791.2,2171.2,2407.6,4111.6,2406.6,2407.6,4111.6,527.8,522.8,532.8,7812,1808.8,5228,11424,1559.4,1292.0,7752,0x6AF0DDEA
2930,0,700878,700.878,0,0,OK,4625.2,4619.2,4619.2,4619.2,4619.2,4619.2,4619.2,4619.2,4619.2,0.00,4619.2,4619.2,4619.2,0.80,791.2,791.2,791.2,4105.6,4110.6,4110.6,4110.6,4110.6,4110.6,277.4,532.8,532.8,7812,2049.2,5328,11424,2050.2,1282.0,15424,0x098F45BA
2931,0,700979,700.979,0,0,OK,4622.2,4619.2,4619.2,4619.2,4619.2,4619.2,4619.2,4619.2,4619.2,0.00,4619.2,4619.2,4619.2,0.80,1031.6,1031.6,1031.6,2171.2,2407.6,2407.6,2407.6,2407.6,2407.6,278.4,512.8,262.4,7812,1808.8,5128,11424,1799.8,1292.0,140,0x2C1D4131
2932,0,701081,701.081,0,0,OK,4623.2,4619.2,4619.2,4619.2,4619.2,4619.2,4619.2,4619.2,4619.2,0.00,4619.2,4619.2,4619.2,232.76,791.2,791.2,791.2,4105.6,4110.6,4110.6,4110.6,4110.6,4110.6,768.2,512.8,272.4,7712,2049.2,5228,14028,2050.2,1031.6,10316,0x4FC83B9A
2933,0,701183,701.183,0,0,OK,4622.2,4619.2,4619.2,4619.2,4619.2,4619.2,4619.2,4619.2,4619.2,0.00,4619.2,4619.2,4619.2,231.76,1031.6,1031.6,1031.6,2171.2,2407.6,2407.6,2407.6,2407.6,2407.6,528.8,262.4,532.8,10316,1798.8,2724,21540,2060.2,791.2,10416,0xCDCA9114
2934,0,701284,701.284,0,0,OK,4625.2,4619.2,4619.2,4619.2,4619.2,4619.2,4619.2,4619.2,4619.2,0.00,4619.2,4619.2,4619.2,231.76,1031.6,1031.6,1031.6,2171.2,2407.6,2407.6,2407.6,2407.6,2407.6,528.8,532.8,262.4,5308,2049.2,5328,16632,1559.4,1292.0,10316,0xB8DC1000
2935,0,701386,701.386,0,0,OK,4626.2,4619.2,4619.2,4619.2,4619.2,4619.2,4619.2,4619.2,4619.2,0.00,4619.2,4619.2,4619.2,0.80,791.2,1031.6,1031.6,4105.6,2406.6,2407.6,4111.6,2406.6,2407.6,769.2,272.4,272.4,7812,1808.8,5128,16632,1809.8,791.2,7912,0xB2354057
2936,0,701488,701.488,0,0,OK,4622.2,4619.2,4619.2,4619.2,4619.2,4619.2,4619.2,4619.2,4619.2,0.00,4619.2,4619.2,4619.2,0.80,1031.6,1031.6,791.2,2171.2,2407.6,4111.6,2406.6,2407.6,4111.6,517.8,272.4,532.8,7712,2059.2,2624,19036,1559.4,1041.6,2744,0xCEC629D9
2937,0,701589,701.589,0,0,OK,4627.2,4619.2,4619.2,4619.2,4619.2,4619.2,4619.2,4619.2,4619.2,0.00,4619.2,4619.2,4619.2,0.80,1031.6,1031.6,1031.6,2171.2,2407.6,2407.6,2407.6,2407.6,2407.6,518.8,522.8,272.4,7912,1808.8,2624,11424,2060.2,1031.6,140,0x188097AA
2938,0,701691,701.691,0,0,OK,4624.2,4619.2,4619.2,4619.2,4619.2,4619.2,4619.2,4619.2,4619.2,0.00,4619.2,4619.2,4619.2,231.76,791.2,791.2,791.2,4105.6,4110.6,4110.6,4110.6,4110.6,4110.6,527.8,272.4,272.4,7912,2049.2,5328,11424,1559.4,1041.6,240,0x85A13D42
2939,0,701792,701.792,0,0,OK,4619.2,4619.2,4619.2,4619.2,4619.2,4619.2,4619.2,4619.2,4619.2,0.00,4619.2,4619.2,4619.2,231.76,1031.6,791.2,1031.6,2171.2,4111.6,2406.6,2407.6,4111.6,2406.6,518.8,262.4,512.8,5308,2059.2,5128,13928,1559.4,1031.6,7852,0xD74B4FA1
2940,0,701894,701.894,0,0,OK,4628.2,4619.2,4619.2,4619.2,4619.2,4619.2,4619.2,4619.2,4619.2,0.00,4619.2,4619.2,4619.2,0.80,791.2,791.2,1031.6,4105.6,4110.6,2406.6,4111.6,4110.6,2406.6,528.8,512.8,262.4,7812,1798.8,5228,16432,2060.2,1031.6,10416,0xAA0BEC42
2941,0,701996,701.996,0,0,OK,4621.2,4619.2,4619.2,4619.2,4619.2,4619.2,4619.2,4619.2,4619.2,0.00,4619.2,4619.2,4619.2,0.80,1031.6,791.2,791.2,2171.2,4111.6,4110.6,2406.6,4111.6,4110.6,267.4,532.8,512.8,7712,1808.8,5228,19036,1559.4,1282.0,7852,0x17DCFE74
2942,0,702097,702.097,0,0,OK,4624.2,4619.2,4619.2,4619.2,4619.2,4619.2,4619.2,4619.2,4619.2,0.00,4619.2,4619.2,4619.2,231.76,1031.6,1031.6,1031.6,2171.2,2407.6,2407.6,2407.6,2407.6,2407.6,528.8,272.4,532.8,10316,2049.2,5228,13828,1809.8,1031.6,10356,0x1FC9EC42
2943,0,702199,702.199,0,0,OK,4627.2,4619.2,4619.2,4619.2,4619.2,4619.2,4619.2,4619.2,4619.2,0.00,4619.2,4619.2,4619.2,0.80,791.2,1031.6,1031.6,4105.6,2406.6,2407.6,4111.6,2406.6,2407.6,268.4,262.4,522.8,7812,1558.4,2724,11424,1809.8,1292.0,2744,0x1A30C505
2944,0,702300,702.300,0,0,OK,4624.2,4619.2,4619.2,4619.2,4619.2,4619.2,4619.2,4619.2,4619.2,0.00,4619.2,4619.2,4619.2,0.80,791.2,1031.6,1031.6,4105.6,2406.6,2407.6,4111.6,2406.6,2407.6,518.8,532.8,512.8,5308,2049.2,5328,13928,2050.2,1031.6,13020,0x7A8121BA
2945,0,702402,702.402,0,0,OK,4625.2,4619.2,4619.2,4619.2,4619.2,4619.2,4619.2,4619.2,4619.2,0.00,4619.2,4619.2,4619.2,0.80,791.2,1031.6,791.2,4105.6,2406.6,4111.6,4110.6,2406.6,4111.6,277.4,512.8,532.8,7812,1798.8,5228,19136,1809.8,1292.0,10416,0x141EA0AA
2946,0,702504,702.504,0,0,OK,4627.2,4619.2,4619.2,4619.2,4619.2,4619.2,4619.2,4619.2,4619.2,0.00,4619.2,4619.2,4619.2,232.76,1031.6,791.2,791.2,2171.2,4111.6,4110.6,2406.6,4111.6,4110.6,267.4,272.4,512.8,10316,2049.2,2724,13828,1559.4,1292.0,7852,0x82598C4D
2947,0,702605,702.605,0,0,OK,4620.2,4619.2,4619.2,4619.2,4619.2,4619.2,4619.2,4619.2,4619.2,0.00,4619.2,4619.2,4619.2,232.76,1031.6,791.2,1031.6,2171.2,4111.6,2406.6,2407.6,4111.6,2406.6,278.4,262.4,272.4,7812,1808.8,2624,14028,1559.4,1031.6,10456,0xE18A4DB1
2948,0,702707,702.707,0,0,OK,4621.2,4619.2,4619.2,4619.2,4619.2,4619.2,4619.2,4619.2,4619.2,0.00,4619.2,4619.2,4619.2,0.80,791.2,791.2,791.2,4105.6,4110.6,4110.6,4110.6,4110.6,4110.6,768.2,522.8,522.8,7712,1558.4,5228,11424,2050.2,1282.0,7752,0xA809CB53
2949,0,702809,702.809,0,0,OK,4619.2,4619.2,4619.2,4619.2,4619.2,4619.2,4619.2,4619.2,4619.2,0.00,4619.2,4619.2,4619.2,0.80,791.2,1031.6,791.2,4105.6,2406.6,4111.6,4110.6,2406.6,4111.6,277.4,512.8,532.8,7812,1558.4,5228,19136,1559.4,1292.0,12860,0x5CCA53E9
2950,0,702910,702.910,0,0,OK,4626.2,4619.2,4619.2,4619.2,4619.2,4619.2,4619.2,4619.2,4619.2,0.00,4619.2,4619.2,4619.2,232.76,791.2,1031.6,1031.6,4105.6,2406.6,2407.6,4111.6,2406.6,2407.6,528.8,262.4,522.8,5308,2049.2,5228,16632,1559.4,1041.6,15524,0x76995BC6
2951,0,703012,703.012,0,0,OK,4623.2,4619.2,4619.2,4619.2,4619.2,4619.2,4619.2,4619.2,4619.2,0.00,4619.2,4619.2,4619.2,231.76,791.2,791.2,791.2,4105.6,4110.6,4110.6,4110.6,4110.6,4110.6,277.4,522.8,532.8,5308,1798.8,2624,11424,2060.2,1041.6,10256,0xD9E31872
2952,0,703113,703.113,0,0,OK,4623.2,4619.2,4619.2,4619.2,4619.2,4619.2,4619.2,4619.2,4619.2,0.00,4619.2,4619.2,4619.2,0.80,791.2,791.2,1031.6,4105.6,4110.6,2406.6,4111.6,4110.6,2406.6,518.8,272.4,512.8,7812,1558.4,2724,19136,1809.8,1282.0,10356,0xFA71B46E
2953,0,703215,703.215,0,0,OK,4619.2,4619.2,4619.2,4619.2,4619.2,4619.2,4619.2,4619.2,4619.2,0.00,4619.2,4619.2,4619.2,0.80,791.2,791.2,791.2,4105.6,4110.6,4110.6,4110.6,4110.6,4110.6,768.2,532.8,272.4,10316,2049.2,5228,16432,1809.8,1292.0,5348,0xF5D3E45C
2954,0,703317,703.317,0,0,OK,4627.2,4619.2,4619.2,4619.2,4619.2,4619.2,4619.2,4619.2,4619.2,0.00,4619.2,4619.2,4619.2,232.76,791.2,1031.6,1031.6,4105.6,2406.6,2407.6,4111.6,2406.6,2407.6,278.4,272.4,532.8,5308,1558.4,5228,11424,1809.8,791.2,15424,0xE77F4FF1
2955,0,703418,703.418,0,0,OK,4625.2,4619.2,4619.2,4619.2,4619.2,4619.2,4619.2,4619.2,4619.2,0.00,4619.2,4619.2,4619.2,231.76,1031.6,791.2,791.2,2171.2,4111.6,4110.6,2406.6,4111.6,4110.6,768.2,262.4,262.4,10316,2059.2,2724,11424,1809.8,1292.0,5348,0x595440CA
2956,0,703520,703.520,0,0,OK,4625.2,4619.2,4619.2,4619.2,4619.2,4619.2,4619.2,4619.2,4619.2,0.00,4619.2,4619.2,4619.2,232.76,1031.6,1031.6,1031.6,2171.2,2407.6,2407.6,2407.6,2407.6,2407.6,278.4,532.8,522.8,7712,2059.2,2624,16632,1799.8,1041.6,5148,0x7E7DB65F
2957,0,703621,703.621,0,0,OK,4621.2,4619.2,4619.2,4619.2,4619.2,4619.2,4619.2,4619.2,4619.2,0.00,4619.2,4619.2,4619.2,0.80,1031.6,791.2,791.2,2171.2,4111.6,4110.6,2406.6,4111.6,4110.6,768.2,272.4,522.8,10316,1808.8,2624,16632,2050.2,1282.0,10356,0x599809D2
2958,0,703723,703.723,0,0,OK,4627.2,4619.2,4619.2,4619.2,4619.2,4619.2,4619.2,4619.2,4619.2,0.00,4619.2,4619.2,4619.2,232.76,791.2,791.2,1031.6,4105.6,4110.6,2406.6,4111.6,4110.6,2406.6,528.8,262.4,512.8,7812,1558.4,5328,21540,1799.8,1041.6,7912,0x52D4B5A7
2959,0,703825,703.825,0,0,OK,4625.2,4619.2,4619.2,4619.2,4619.2,4619.2,4619.2,4619.2,4619.2,0.00,4619.2,4619.2,4619.2,231.76,791.2,1031.6,1031.6,4105.6,2406.6,2407.6,4111.6,2406.6,2407.6,528.8,532.8,512.8,10316,2059.2,5128,21540,2060.2,791.2,12820,0x9D93F682
2960,0,703926,703.926,0,0,OK,4621.2,4619.2,4619.2,4619.2,4619.2,4619.2,4619.2,4619.2,4619.2,0.00,4619.2,4619.2,4619.2,231.76,791.2,791.2,791.2,4105.6,4110.6,4110.6,4110.6,4110.6,4110.6,277.4,522.8,262.4,5308,2049.2,2624,16632,1799.8,1041.6,7852,0x1CE50A82
2961,0,704028,704.028,0,0,OK,4619.2,4619.2,4619.2,4619.2,4619.2,4619.2,4619.2,4619.2,4619.2,0.00,4619.2,4619.2,4619.2,232.76,1031.6,791.2,1031.6,2171.2,4111.6,2406.6,2407.6,4111.6,2406.6,528.8,512.8,532.8,10316,2049.2,5328,13928,1799.8,1041.6,5348,0x67A5A31A
2962,0,704130,704.130,0,0,OK,4621.2,4619.2,4619.2,4619.2,4619.2,4619.2,4619.2,4619.2,4619.2,0.00,4619.2,4619.2,4619.2,0.80,1031.6,791.2,1031.6,2171.2,4111.6,2406.6,2407.6,4111.6,2406.6,769.2,532.8,272.4,7712,1798.8,5328,13828,2050.2,1041.6,7752,0xD1D2AECB
2963,0,704231,704.231,0,0,OK,4624.2,4619.2,4619.2,4619.2,4619.2,4619.2,4619.2,4619.2,4619.2,0.00,4619.2,4619.2,4619.2,232.76,1031.6,1031.6,1031.6,2171.2,2407.6,2407.6,2407.6,2407.6,2407.6,769.2,522.8,262.4,5308,1798.8,2724,16532,1799.8,1282.0,20732,0x67083261
2964,0,704333,704.333,0,0,OK,4623.2,4619.2,4619.2,4619.2,4619.2,4619.2,4619.2,4619.2,4619.2,0.00,4619.2,4619.2,4619.2,232.76,1031.6,791.2,1031.6,2171.2,4111.6,2406.6,2407.6,4111.6,2406.6,528.8,532.8,522.8,5308,2049.2,2724,11424,2060.2,1041.6,15424,0xEE21B5F3
2965,0,704434,704.434,0,0,OK,4621.2,4619.2,4619.2,4619.2,4619.2,4619.2,4619.2,4619.2,4619.2,0.00,4619.2,4619.2,4619.2,0.80,1031.6,791.2,1031.6,2171.2,4111.6,2406.6,2407.6,4111.6,2406.6,518.8,512.8,272.4,7812,2059.2,5228,16532,2060.2,1292.0,10356,0x7AE24563
2966,0,704536,704.536,0,0,OK,4622.2,4619.2,4619.2,4619.2,4619.2,4619.2,4619.2,4619.2,4619.2,0.00,4619.2,4619.2,4619.2,232.76,791.2,1031.6,791.2,4105.6,2406.6,4111.6,4110.6,2406.6,4111.6,527.8,262.4,532.8,5308,2059.2,5228,16532,2060.2,1282.0,5348,0x1301CC75
2967,0,704638,704.638,0,0,OK,4625.2,4619.2,4619.2,4619.2,4619.2,4619.2,4619.2,4619.2,4619.2,0.00,4619.2,4619.2,4619.2,0.80,1031.6,791.2,791.2,2171.2,4111.6,4110.6,2406.6,4111.6,4110.6,517.8,532.8,522.8,7912,1798.8,5228,19036,2060.2,1282.0,13020,0x9C585FCD
2968,0,704739,704.739,0,0,OK,4626.2,4619.2,4619.2,4619.2,4619.2,4619.2,4619.2,4619.2,4619.2,0.00,4619.2,4619.2,4619.2,231.76,791.2,1031.6,791.2,4105.6,2406.6,4111.6,4110.6,2406.6,4111.6,267.4,522.8,262.4,7912,1558.4,5228,16632,1799.8,1282.0,7852,0x7134ED36
2969,0,704841,704.841,0,0,OK,4621.2,4619.2,4619.2,4619.2,4619.2,4619.2,4619.2,4619.2,4619.2,0.00,4619.2,4619.2,4619.2,231.76,791.2,791.2,791.2,4105.6,4110.6,4110.6,4110.6,4110.6,4110.6,527.8,532.8,532.8,7712,2059.2,2624,19036,1559.4,1041.6,23136,0x980896DC
2970,0,704943,704.943,0,0,OK,4621.2,4619.2,4619.2,4619.2,4619.2,4619.2,4619.2,4619.2,4619.2,0.00,4619.2,4619.2,4619.2,231.76,791.2,1031.6,791.2,4105.6,2406.6,4111.6,4110.6,2406.6,4111.6,277.4,532.8,262.4,7712,2059.2,2624,14028,2050.2,1041.6,17928,0xD975D9C5
2971,0,705044,705.044,0,0,OK,4625.2,4619.2,4619.2,4619.2,4619.2,4619.2,4619.2,4619.2,4619.2,0.00,4619.2,4619.2,4619.2,231.76,1031.6,791.2,791.2,2171.2,4111.6,4110.6,2406.6,4111.6,4110.6,527.8,262.4,262.4,7812,1808.8,5328,16632,1559.4,1282.0,140,0xF278896F
2972,0,705146,705.146,0,0,OK,4627.2,4619.2,4619.2,4619.2,4619.2,4619.2,4619.2,4619.2,4619.2,0.00,4619.2,4619.2,4619.2,232.76,791.2,1031.6,791.2,4105.6,2406.6,4111.6,4110.6,2406.6,4111.6,517.8,522.8,262.4,7712,1798.8,5228,16632,1559.4,1292.0,23136,0x752439C5
2973,0,705247,705.247,0,0,OK,4621.2,4619.2,4619.2,4619.2,4619.2,4619.2,4619.2,4619.2,4619.2,0.00,4619.2,4619.2,4619.2,0.80,1031.6,1031.6,791.2,2171.2,2407.6,4111.6,2406.6,2407.6,4111.6,267.4,272.4,512.8,7912,1808.8,5328,13828,1559.4,791.2,7852,0x488945E5
2974,0,705349,705.349,0,0,OK,4628.2,4619.2,4619.2,4619.2,4619.2,4619.2,4619.2,4619.2,4619.2,0.00,4619.2,4619.2,4619.2,231.76,791.2,791.2,791.2,4105.6,4110.6,4110.6,4110.6,4110.6,4110.6,267.4,532.8,532.8,7912,2049.2,2624,13828,1799.8,1041.6,5348,0x8A10A909
2975,0,705451,705.451,0,0,OK,4619.2,4619.2,4619.2,4619.2,4619.2,4619.2,4619.2,4619.2,4619.2,0.00,4619.2,4619.2,4619.2,231.76,1031.6,791.2,1031.6,2171.2,4111.6,2406.6,2407.6,4111.6,2406.6,518.8,262.4,512.8,7912,1558.4,5328,16432,1809.8,1041.6,18028,0x915AFC5E
2976,0,705552,705.552,0,0,OK,4619.2,4619.2,4619.2,4619.2,4619.2,4619.2,4619.2,4619.2,4619.2,0.00,4619.2,4619.2,4619.2,231.76,791.2,791.2,791.2,4105.6,4110.6,4110.6,4110.6,4110.6,4110.6,517.8,262.4,262.4,7812,1558.4,5228,16532,1559.4,1292.0,2644,0xF2888732
2977,0,705654,705.654,0,0,OK,4622.2,4619.2,4619.2,4619.2,4619.2,4619.2,4619.2,4619.2,4619.2,0.00,4619.2,4619.2,4619.2,0.80,1031.6,791.2,791.2,2171.2,4111.6,4110.6,2406.6,4111.6,4110.6,527.8,532.8,532.8,7912,1808.8,2624,14028,1799.8,1031.6,10416,0x9208CC67
2978,0,705756,705.756,0,0,OK,4622.2,4619.2,4619.2,4619.2,4619.2,4619.2,4619.2,4619.2,4619.2,0.00,4619.2,4619.2,4619.2,232.76,791.2,791.2,791.2,4105.6,4110.6,4110.6,4110.6,4110.6,4110.6,517.8,512.8,262.4,5308,2059.2,5228,13928,1799.8,1292.0,12920,0x13E8A710
2979,0,705857,705.857,0,0,OK,4626.2,4619.2,4619.2,4619.2,4619.2,4619.2,4619.2,4619.2,4619.2,0.00,4619.2,4619.2,4619.2,231.76,1031.6,1031.6,791.2,2171.2,2407.6,4111.6,2406.6,2407.6,4111.6,267.4,522.8,272.4,10316,2059.2,2724,14028,1799.8,1031.6,7852,0x50282708
2980,0,705959,705.959,0,0,OK,4626.2,4619.2,4619.2,4619.2,4619.2,4619.2,4619.2,4619.2,4619.2,0.00,4619.2,4619.2,4619.2,232.76,1031.6,791.2,1031.6,2171.2,4111.6,2406.6,2407.6,4111.6,2406.6,769.2,272.4,522.8,7712,2049.2,5228,16632,2060.2,1292.0,10316,0xDA313367
2981,0,706060,706.060,0,0,OK,4622.2,4619.2,4619.2,4619.2,4619.2,4619.2,4619.2,4619.2,4619.2,0.00,4619.2,4619.2,4619.2,0.80,791.2,1031.6,791.2,4105.6,2406.6,4111.6,4110.6,2406.6,4111.6,768.2,532.8,272.4,7712,1808.8,2724,16532,2060.2,1292.0,40,0x778A8D18
2982,0,706162,706.162,0,0,OK,4621.2,4619.2,4619.2,4619.2,4619.2,4619.2,4619.2,4619.2,4619.2,0.00,4619.2,4619.2,4619.2,232.76,1031.6,791.2,1031.6,2171.2,4111.6,2406.6,2407.6,4111.6,2406.6,769.2,532.8,532.8,7912,1808.8,5128,16632,1809.8,1031.6,140,0x8FD59766
2983,0,706264,706.264,0,0,OK,4620.2,4619.2,4619.2,4619.2,4619.2,4619.2,4619.2,4619.2,4619.2,0.00,4619.2,4619.2,4619.2,232.76,1031.6,1031.6,1031.6,2171.2,2407.6,2407.6,2407.6,2407.6,2407.6,518.8,532.8,522.8,7912,1558.4,5328,19036,1559.4,1041.6,23236,0x60DBDDC0
2984,0,706365,706.365,0,0,OK,4621.2,4619.2,4619.2,4619.2,4619.2,4619.2,4619.2,4619.2,4619.2,0.00,4619.2,4619.2,4619.2,232.76,1031.6,791.2,791.2,2171.2,4111.6,4110.6,2406.6,4111.6,4110.6,527.8,532.8,272.4,10316,2059.2,5128,13828,2060.2,1041.6,10456,0xE3979393
2985,0,706467,706.467,0,0,OK,4625.2,4619.2,4619.2,4619.2,4619.2,4619.2,4619.2,4619.2,4619.2,0.00,4619.2,4619.2,4619.2,0.80,791.2,791.2,791.2,4105.6,4110.6,4110.6,4110.6,4110.6,4110.6,267.4,262.4,262.4,5308,1808.8,5128,13928,2050.2,791.2,15424,0xB7B6CA89
2986,0,706569,706.569,0,0,OK,4628.2,4619.2,4619.2,4619.2,4619.2,4619.2,4619.2,4619.2,4619.2,0.00,4619.2,4619.2,4619.2,231.76,1031.6,791.2,791.2,2171.2,4111.6,4110.6,2406.6,4111.6,4110.6,768.2,272.4,272.4,7912,2049.2,5228,11424,1809.8,1282.0,20732,0xDF7986E4
2987,0,706670,706.670,0,0,OK,4625.2,4619.2,4619.2,4619.2,4619.2,4619.2,4619.2,4619.2,4619.2,0.00,4619.2,4619.2,4619.2,232.76,791.2,1031.6,1031.6,4105.6,2406.6,2407.6,4111.6,2406.6,2407.6,518.8,522.8,512.8,7912,1808.8,2724,14028,1799.8,1292.0,5248,0x00B58554
2988,0,706772,706.772,0,0,OK,4623.2,4619.2,4619.2,4619.2,4619.2,4619.2,4619.2,4619.2,4619.2,0.00,4619.2,4619.2,4619.2,0.80,791.2,1031.6,1031.6,4105.6,2406.6,2407.6,4111.6,2406.6,2407.6,769.2,512.8,522.8,10316,2059.2,2624,21540,2060.2,791.2,7752,0xB81A39CE
2989,0,706873,706.873,0,0,OK,4619.2,4619.2,4619.2,4619.2,4619.2,4619.2,4619.2,4619.2,4619.2,0.00,4619.2,4619.2,4619.2,231.76,1031.6,791.2,791.2,2171.2,4111.6,4110.6,2406.6,4111.6,4110.6,527.8,522.8,522.8,5308,2049.2,5328,19136,1559.4,1292.0,17928,0x36677737
2990,0,706975,706.975,0,0,OK,4627.2,4619.2,4619.2,4619.2,4619.2,4619.2,4619.2,4619.2,4619.2,0.00,4619.2,4619.2,4619.2,0.80,791.2,791.2,1031.6,4105.6,4110.6,2406.6,4111.6,4110.6,2406.6,268.4,532.8,522.8,7912,1798.8,5228,16432,1799.8,1041.6,15524,0x76A4814D
2991,0,707077,707.077,0,0,OK,4624.2,4619.2,4619.2,4619.2,4619.2,4619.2,4619.2,4619.2,4619.2,0.00,4619.2,4619.2,4619.2,232.76,1031.6,791.2,791.2,2171.2,4111.6,4110.6,2406.6,4111.6,4110.6,517.8,262.4,532.8,7712,1558.4,5328,14028,1809.8,1031.6,10256,0x4359985C
2992,0,707178,707.178,0,0,OK,4620.2,4619.2,4619.2,4619.2,4619.2,4619.2,4619.2,4619.2,4619.2,0.00,4619.2,4619.2,4619.2,0.80,791.2,791.2,791.2,4105.6,4110.6,4110.6,4110.6,4110.6,4110.6,267.4,532.8,522.8,7912,2049.2,5328,13828,1809.8,791.2,7912,0xF312B332
2993,0,707280,707.280,0,0,OK,4620.2,4619.2,4619.2,4619.2,4619.2,4619.2,4619.2,4619.2,4619.2,0.00,4619.2,4619.2,4619.2,0.80,791.2,791.2,791.2,4105.6,4110.6,4110.6,4110.6,4110.6,4110.6,277.4,262.4,262.4,5308,1798.8,5228,16432,2050.2,1282.0,7752,0x53AF191E
2994,0,707381,707.381,0,0,OK,4627.2,4619.2,4619.2,4619.2,4619.2,4619.2,4619.2,4619.2,4619.2,0.00,4619.2,4619.2,4619.2,232.76,791.2,1031.6,791.2,4105.6,2406.6,4111.6,4110.6,2406.6,4111.6,267.4,512.8,522.8,7812,1808.8,5128,19136,1559.4,1041.6,2744,0x1FE5494C
2995,0,707483,707.483,0,0,OK,4619.2,4619.2,4619.2,4619.2,4619.2,4619.2,4619.2,4619.2,4619.2,0.00,4619.2,4619.2,4619.2,0.80,1031.6,1031.6,791.2,2171.2,2407.6,4111.6,2406.6,2407.6,4111.6,517.8,272.4,512.8,7712,1798.8,5128,19036,2060.2,1041.6,7852,0xEA4A392D
2996,0,707584,707.584,0,0,OK,4620.2,4619.2,4619.2,4619.2,4619.2,4619.2,4619.2,4619.2,4619.2,0.00,4619.2,4619.2,4619.2,231.76,1031.6,791.2,791.2,2171.2,4111.6,4110.6,2406.6,4111.6,4110.6,267.4,272.4,512.8,10316,1808.8,5328,14028,1809.8,1031.6,20532,0x204FA6F4
2997,0,707686,707.686,0,0,OK,4624.2,4619.2,4619.2,4619.2,4619.2,4619.2,4619.2,4619.2,4619.2,0.00,4619.2,4619.2,4619.2,231.76,1031.6,791.2,791.2,2171.2,4111.6,4110.6,2406.6,4111.6,4110.6,768.2,532.8,522.8,7712,2059.2,5328,11424,2050.2,1031.6,5148,0x9E9BBDC7
2998,0,707788,707.788,0,0,OK,4621.2,4619.2,4619.2,4619.2,4619.2,4619.2,4619.2,4619.2,4619.2,0.00,4619.2,4619.2,4619.2,0.80,1031.6,791.2,1031.6,2171.2,4111.6,2406.6,2407.6,4111.6,2406.6,278.4,262.4,512.8,7912,1558.4,5328,19036,1799.8,1282.0,240,0x1E448476
2999,0,707889,707.889,0,0,OK,4628.2,4619.2,4619.2,4619.2,4619.2,4619.2,4619.2,4619.2,4619.2,0.00,4619.2,4619.2,4619.2,0.80,791.2,791.2,1031.6,4105.6,4110.6,2406.6,4111.6,4110.6,2406.6,518.8,262.4,262.4,5308,1808.8,2624,13828,2060.2,1282.0,7852,0xA0B7A7D6
3000,0,707991,707.991,0,0,OK,4621.2,4619.2,4619.2,4619.2,4619.2,4619.2,4619.2,4619.2,4619.2,0.00,4619.2,4619.2,4619.2,232.76,791.2,791.2,1031.6,4105.6,4110.6,2406.6,4111.6,4110.6,2406.6,518.8,272.4,532.8,10316,1558.4,5128,16532,1799.8,1031.6,5348,0x8E8344CC
3001,0,708092,708.092,0,0,OK,4619.2,4619.2,4619.2,4619.2,4619.2,4619.2,4619.2,4619.2,4619.2,0.00,4619.2,4619.2,4619.2,231.76,1031.6,1031.6,791.2,2171.2,2407.6,4111.6,2406.6,2407.6,4111.6,768.2,522.8,272.4,10316,2059.2,2724,13928,2050.2,1282.0,5248,0x60A51EA4
3002,0,708194,708.194,0,0,OK,4625.2,4619.2,4619.2,4619.2,4619.2,4619.2,4619.2,4619.2,4619.2,0.00,4619.2,4619.2,4619.2,231.76,791.2,1031.6,791.2,4105.6,2406.6,4111.6,4110.6,2406.6,4111.6,267.4,272.4,272.4,10316,2049.2,5328,11424,2050.2,1282.0,5348,0x0FAB650C
3003,0,708296,708.296,0,0,OK,4623.2,4619.2,4619.2,4619.2,4619.2,4619.2,4619.2,4619.2,4619.2,0.00,4619.2,4619.2,4619.2,0.80,1031.6,791.2,791.2,2171.2,4111.6,4110.6,2406.6,4111.6,4110.6,768.2,512.8,272.4,7912,1798.8,2724,19136,1559.4,1282.0,2644,0xDC92A0D6
3004,0,708397,708.397,0,0,OK,4623.2,4619.2,4619.2,4619.2,4619.2,4619.2,4619.2,4619.2,4619.2,0.00,4619.2,4619.2,4619.2,231.76,791.2,1031.6,1031.6,4105.6,2406.6,2407.6,4111.6,2406.6,2407.6,278.4,522.8,522.8,10316,1808.8,5128,13928,2060.2,791.2,5348,0x14C34A0A
3005,0,708499,708.499,0,0,OK,4621.2,4619.2,4619.2,4619.2,4619.2,4619.2,4619.2,4619.2,4619.2,0.00,4619.2,4619.2,4619.2,231.76,1031.6,791.2,1031.6,2171.2,4111.6,2406.6,2407.6,4111.6,2406.6,268.4,522.8,262.4,5308,1558.4,2724,14028,2050.2,1282.0,10256,0x02E6EB73
3006,0,708600,708.600,0,0,OK,4626.2,4619.2,4619.2,4619.2,4619.2,4619.2,4619.2,4619.2,4619.2,0.00,4619.2,4619.2,4619.2,231.76,791.2,791.2,1031.6,4105.6,4110.6,2406.6,4111.6,4110.6,2406.6,518.8,522.8,512.8,10316,2049.2,2624,19036,2060.2,1292.0,5348,0x0B1E098D
3007,0,708702,708.702,0,0,OK,4624.2,4619.2,4619.2,4619.2,4619.2,4619.2,4619.2,4619.2,4619.2,0.00,4619.2,4619.2,4619.2,0.80,1031.6,791.2,791.2,2171.2,4111.6,4110.6,2406.6,4111.6,4110.6,527.8,272.4,512.8,7712,1558.4,2624,16532,1799.8,791.2,12820,0xB3965B2E
3008,0,708803,708.803,0,0,OK,4627.2,4619.2,4619.2,4619.2,4619.2,4619.2,4619.2,4619.2,4619.2,0.00,4619.2,4619.2,4619.2,232.76,791.2,791.2,1031.6,4105.6,4110.6,2406.6,4111.6,4110.6,2406.6,518.8,272.4,522.8,7712,1808.8,2624,21540,2060.2,791.2,18028,0xD6D4DF87
3009,0,708905,708.905,0,0,OK,4628.2,4619.2,4619.2,4619.2,4619.2,4619.2,4619.2,4619.2,4619.2,0.00,4619.2,4619.2,4619.2,231.76,1031.6,791.2,1031.6,2171.2,4111.6,2406.6,2407.6,4111.6,2406.6,518.8,262.4,512.8,7812,1808.8,5228,14028,1559.4,791.2,2644,0x848E86B7
3010,0,709007,709.007,0,0,OK,4625.2,4619.2,4619.2,4619.2,4619.2,4619.2,4619.2,4619.2,4619.2,0.00,4619.2,4619.2,4619.2,0.80,1031.6,791.2,1031.6,2171.2,4111.6,2406.6,2407.6,4111.6,2406.6,278.4,272.4,262.4,7712,2049.2,2724,16632,1559.4,791.2,20532,0xFE77C1C0
3011,0,709108,709.108,0,0,OK,4623.2,4619.2,4619.2,4619.2,4619.2,4619.2,4619.2,4619.2,4619.2,0.00,4619.2,4619.2,4619.2,232.76,791.2,791.2,1031.6,4105.6,4110.6,2406.6,4111.6,4110.6,2406.6,769.2,262.4,272.4,7812,2059.2,5328,14028,1799.8,1292.0,240,0x5F61868C
3012,0,709210,709.210,0,0,OK,4619.2,4619.2,4619.2,4619.2,4619.2,4619.2,4619.2,4619.2,4619.2,0.00,4619.2,4619.2,4619.2,232.76,791.2,1031.6,1031.6,4105.6,2406.6,2407.6,4111.6,2406.6,2407.6,278.4,262.4,522.8,7712,1558.4,5228,16432,1809.8,791.2,5148,0x9446A457
3013,0,709312,709.312,0,0,OK,4621.2,4619.2,4619.2,4619.2,4619.2,4619.2,4619.2,4619.2,4619.2,0.00,4619.2,4619.2,4619.2,0.80,1031.6,1031.6,1031.6,2171.2,2407.6,2407.6,2407.6,2407.6,2407.6,268.4,272.4,522.8,10316,2049.2,2724,16632,1559.4,1041.6,20732,0xC440ADB4
3014,0,709413,709.413,0,0,OK,4619.2,4619.2,4619.2,4619.2,4619.2,4619.2,4619.2,4619.2,4619.2,0.00,4619.2,4619.2,4619.2,231.76,1031.6,791.2,1031.6,2171.2,4111.6,2406.6,2407.6,4111.6,2406.6,278.4,532.8,262.4,7912,1558.4,2624,19036,2050.2,1041.6,2644,0x8801646B
3015,0,709515,709.515,0,0,OK,4628.2,4619.2,4619.2,4619.2,4619.2,4619.2,4619.2,4619.2,4619.2,0.00,4619.2,4619.2,4619.2,231.76,1031.6,791.2,791.2,2171.2,4111.6,4110.6,2406.6,4111.6,4110.6,267.4,522.8,532.8,7812,1798.8,5328,19036,1809.8,1282.0,10356,0xB2FDE334
3016,0,709616,709.616,0,0,OK,4623.2,4619.2,4619.2,4619.2,4619.2,4619.2,4619.2,4619.2,4619.2,0.00,4619.2,4619.2,4619.2,231.76,791.2,1031.6,1031.6,4105.6,2406.6,2407.6,4111.6,2406.6,2407.6,278.4,512.8,262.4,7712,2059.2,2724,13928,1799.8,1031.6,5148,0x654C335F
3017,0,709718,709.718,0,0,OK,4626.2,4619.2,4619.2,4619.2,4619.2,4619.2,4619.2,4619.2,4619.2,0.00,4619.2,4619.2,4619.2,231.76,1031.6,791.2,791.2,2171.2,4111.6,4110.6,2406.6,4111.6,4110.6,527.8,262.4,512.8,7912,1558.4,5128,11424,2060.2,1282.0,20632,0xFC0D451F
3018,0,709820,709.820,0,0,OK,4624.2,4619.2,4619.2,4619.2,4619.2,4619.2,4619.2,4619.2,4619.2,0.00,4619.2,4619.2,4619.2,231.76,791.2,791.2,791.2,4105.6,4110.6,4110.6,4110.6,4110.6,4110.6,527.8,532.8,522.8,5308,2059.2,2724,13828,1809.8,1292.0,15524,0xEA6B12D2
3019,0,709921,709.921,0,0,OK,4626.2,4619.2,4619.2,4619.2,4619.2,4619.2,4619.2,4619.2,4619.2,0.00,4619.2,4619.2,4619.2,232.76,791.2,1031.6,1031.6,4105.6,2406.6,2407.6,4111.6,2406.6,2407.6,278.4,262.4,522.8,7812,2049.2,5328,19036,2050.2,1041.6,2744,0xF2B76A3F
3020,0,710023,710.023,0,0,OK,4623.2,4619.2,4619.2,4619.2,4619.2,4619.2,4619.2,4619.2,4619.2,0.00,4619.2,4619.2,4619.2,231.76,1031.6,1031.6,791.2,2171.2,2407.6,4111.6,2406.6,2407.6,4111.6,768.2,262.4,262.4,7812,1798.8,5328,21540,1799.8,791.2,7912,0xA301B165
3021,0,710124,710.124,0,0,OK,4622.2,4619.2,4619.2,4619.2,4619.2,4619.2,4619.2,4619.2,4619.2,0.00,4619.2,4619.2,4619.2,232.76,791.2,1031.6,1031.6,4105.6,2406.6,2407.6,4111.6,2406.6,2407.6,528.8,522.8,522.8,10316,2059.2,5128,13928,2060.2,1031.6,140,0xDFC51367
3022,0,710226,710.226,0,0,OK,4620.2,4619.2,4619.2,4619.2,4619.2,4619.2,4619.2,4619.2,4619.2,0.00,4619.2,4619.2,4619.2,232.76,791.2,791.2,791.2,4105.6,4110.6,4110.6,4110.6,4110.6,4110.6,768.2,272.4,512.8,7912,1558.4,2624,13928,1809.8,1292.0,2644,0x8BCD2DC6
3023,0,710328,710.328,0,0,OK,4627.2,4619.2,4619.2,4619.2,4619.2,4619.2,4619.2,4619.2,4619.2,0.00,4619.2,4619.2,4619.2,232.76,791.2,1031.6,1031.6,4105.6,2406.6,2407.6,4111.6,2406.6,2407.6,268.4,272.4,512.8,10316,2059.2,5228,13828,2050.2,1041.6,20732,0x38A8C4D8
3024,0,710429,710.429,0,0,OK,4622.2,4619.2,4619.2,4619.2,4619.2,4619.2,4619.2,4619.2,4619.2,0.00,4619.2,4619.2,4619.2,232.76,791.2,791.2,1031.6,4105.6,4110.6,2406.6,4111.6,4110.6,2406.6,278.4,262.4,522.8,5308,1558.4,5228,21540,1799.8,1031.6,2744,0x4A2BC51B
3025,0,710531,710.531,0,0,OK,4626.2,4619.2,4619.2,4619.2,4619.2,4619.2,4619.2,4619.2,4619.2,0.00,4619.2,4619.2,4619.2,231.76,791.2,791.2,1031.6,4105.6,4110.6,2406.6,4111.6,4110.6,2406.6,268.4,272.4,512.8,7812,1558.4,5328,19036,2060.2,791.2,7852,0x0E974DF3
3026,0,710632,710.632,0,0,OK,4625.2,4619.2,4619.2,4619.2,4619.2,4619.2,4619.2,4619.2,4619.2,0.00,4619.2,4619.2,4619.2,231.76,1031.6,1031.6,1031.6,2171.2,2407.6,2407.6,2407.6,2407.6,2407.6,278.4,262.4,532.8,7712,2059.2,2624,13828,1559.4,1031.6,7752,0xC166C039
3027,0,710734,710.734,0,0,OK,4622.2,4619.2,4619.2,4619.2,4619.2,4619.2,4619.2,4619.2,4619.2,0.00,4619.2,4619.2,4619.2,231.76,791.2,1031.6,1031.6,4105.6,2406.6,2407.6,4111.6,2406.6,2407.6,278.4,522.8,522.8,7712,1798.8,5128,11424,2050.2,1041.6,10316,0x0065A0CA
3028,0,710836,710.836,0,0,OK,4620.2,4619.2,4619.2,4619.2,4619.2,4619.2,4619.2,4619.2,4619.2,0.00,4619.2,4619.2,4619.2,232.76,1031.6,791.2,1031.6,2171.2,4111.6,2406.6,2407.6,4111.6,2406.6,268.4,512.8,272.4,7712,2059.2,5228,16632,1559.4,1292.0,18128,0xBA1D3C43
3029,0,710937,710.937,0,0,OK,4624.2,4619.2,4619.2,4619.2,4619.2,4619.2,4619.2,4619.2,4619.2,0.00,4619.2,4619.2,4619.2,232.76,791.2,791.2,791.2,4105.6,4110.6,4110.6,4110.6,4110.6,4110.6,267.4,272.4,532.8,7812,2049.2,2624,11424,1559.4,791.2,5148,0x75947D44
3030,0,711039,711.039,0,0,OK,4622.2,4619.2,4619.2,4619.2,4619.2,4619.2,4619.2,4619.2,4619.2,0.00,4619.2,4619.2,4619.2,231.76,1031.6,1031.6,1031.6,2171.2,2407.6,2407.6,2407.6,2407.6,2407.6,518.8,262.4,262.4,10316,2049.2,5328,13828,1809.8,791.2,7752,0x46D50454
3031,0,711141,711.141,0,0,OK,4627.2,4619.2,4619.2,4619.2,4619.2,4619.2,4619.2,4619.2,4619.2,0.00,4619.2,4619.2,4619.2,232.76,1031.6,1031.6,1031.6,2171.2,2407.6,2407.6,2407.6,2407.6,2407.6,518.8,532.8,262.4,7712,1798.8,5228,14028,1809.8,1292.0,18128,0x8B5E502E
3032,0,711242,711.242,0,0,OK,4624.2,4619.2,4619.2,4619.2,4619.2,4619.2,4619.2,4619.2,4619.2,0.00,4619.2,4619.2,4619.2,0.80,1031.6,1031.6,791.2,2171.2,2407.6,4111.6,2406.6,2407.6,4111.6,768.2,512.8,532.8,7912,1808.8,5128,14028,2060.2,1031.6,7752,0xBBD68AFD
3033,0,711344,711.344,0,0,OK,4624.2,4619.2,4619.2,4619.2,4619.2,4619.2,4619.2,4619.2,4619.2,0.00,4619.2,4619.2,4619.2,232.76,1031.6,1031.6,1031.6,2171.2,2407.6,2407.6,2407.6,2407.6,2407.6,769.2,272.4,262.4,7712,1808.8,2624,19036,1809.8,1282.0,17928,0x5F50E7C6
3034,0,711445,711.445,0,0,OK,4627.2,4619.2,4619.2,4619.2,4619.2,4619.2,4619.2,4619.2,4619.2,0.00,4619.2,4619.2,4619.2,0.80,1031.6,1031.6,791.2,2171.2,2407.6,4111.6,2406.6,2407.6,4111.6,277.4,532.8,272.4,7912,1798.8,2624,16632,2050.2,1041.6,20532,0x6003D152
3035,0,711547,711.547,0,0,OK,4625.2,4619.2,4619.2,4619.2,4619.2,4619.2,4619.2,4619.2,4619.2,0.00,4619.2,4619.2,4619.2,0.80,1031.6,1031.6,791.2,2171.2,2407.6,4111.6,2406.6,2407.6,4111.6,267.4,532.8,522.8,7712,2049.2,2724,19136,1799.8,1031.6,10356,0x4F14E2A6
3036,0,711649,711.649,0,0,OK,4624.2,4619.2,4619.2,4619.2,4619.2,4619.2,4619.2,4619.2,4619.2,0.00,4619.2,4619.2,4619.2,0.80,791.2,791.2,1031.6,4105.6,4110.6,2406.6,4111.6,4110.6,2406.6,528.8,512.8,532.8,7912,1798.8,2624,16632,2050.2,791.2,12860,0x14608B0B
3037,0,711750,711.750,0,0,OK,4619.2,4619.2,4619.2,4619.2,4619.2,4619.2,4619.2,4619.2,4619.2,0.00,4619.2,4619.2,4619.2,0.80,1031.6,1031.6,791.2,2171.2,2407.6,4111.6,2406.6,2407.6,4111.6,768.2,272.4,512.8,7712,1798.8,2724,13828,2060.2,791.2,5148,0xA09CD79C
3038,0,711852,711.852,0,0,OK,4627.2,4619.2,4619.2,4619.2,4619.2,4619.2,4619.2,4619.2,4619.2,0.00,4619.2,4619.2,4619.2,0.80,791.2,1031.6,791.2,4105.6,2406.6,4111.6,4110.6,2406.6,4111.6,527.8,262.4,262.4,7812,1558.4,2724,11424,2050.2,1041.6,12920,0x2A2CA15D
3039,0,711953,711.953,0,0,OK,4626.2,4619.2,4619.2,4619.2,4619.2,4619.2,4619.2,4619.2,4619.2,0.00,4619.2,4619.2,4619.2,0.80,1031.6,791.2,1031.6,2171.2,4111.6,2406.6,2407.6,4111.6,2406.6,268.4,522.8,522.8,7812,2059.2,5128,14028,1799.8,791.2,7852,0x28B845B5
3040,0,712055,712.055,0,0,OK,4620.2,4619.2,4619.2,4619.2,4619.2,4619.2,4619.2,4619.2,4619.2,0.00,4619.2,4619.2,4619.2,232.76,1031.6,791.2,1031.6,2171.2,4111.6,2406.6,2407.6,4111.6,2406.6,769.2,512.8,532.8,7712,2059.2,2724,19036,1799.8,791.2,2644,0x35D3EDFB
3041,0,712157,712.157,0,0,OK,4620.2,4619.2,4619.2,4619.2,4619.2,4619.2,4619.2,4619.2,4619.2,0.00,4619.2,4619.2,4619.2,232.76,791.2,1031.6,1031.6,4105.6,2406.6,2407.6,4111.6,2406.6,2407.6,518.8,272.4,532.8,5308,2059.2,5228,13828,1809.8,1282.0,40,0xC409E359
3042,0,712258,712.258,0,0,OK,4624.2,4619.2,4619.2,4619.2,4619.2,4619.2,4619.2,4619.2,4619.2,0.00,4619.2,4619.2,4619.2,231.76,791.2,1031.6,791.2,4105.6,2406.6,4111.6,4110.6,2406.6,4111.6,768.2,522.8,272.4,7912,2049.2,5128,13928,1809.8,1041.6,10456,0x165E3DD8
3043,0,712360,712.360,0,0,OK,4628.2,4619.2,4619.2,4619.2,4619.2,4619.2,4619.2,4619.2,4619.2,0.00,4619.2,4619.2,4619.2,231.76,1031.6,791.2,1031.6,2171.2,4111.6,2406.6,2407.6,4111.6,2406.6,278.4,512.8,532.8,10316,1558.4,5228,19036,2050.2,1282.0,12860,0x1EB9A889
3044,0,712462,712.462,0,0,OK,4621.2,4619.2,4619.2,4619.2,4619.2,4619.2,4619.2,4619.2,4619.2,0.00,4619.2,4619.2,4619.2,231.76,791.2,791.2,791.2,4105.6,4110.6,4110.6,4110.6,4110.6,4110.6,527.8,532.8,532.8,10316,1558.4,2724,14028,2060.2,1041.6,7912,0x56A384A9
3045,0,712563,712.563,0,0,OK,4621.2,4619.2,4619.2,4619.2,4619.2,4619.2,4619.2,4619.2,4619.2,0.00,4619.2,4619.2,4619.2,0.80,791.2,791.2,791.2,4105.6,4110.6,4110.6,4110.6,4110.6,4110.6,277.4,522.8,262.4,7912,2049.2,5128,11424,2050.2,1041.6,13020,0x718E11C2
3046,0,712665,712.665,0,0,OK,4627.2,4619.2,4619.2,4619.2,4619.2,4619.2,4619.2,4619.2,4619.2,0.00,4619.2,4619.2,4619.2,232.76,791.2,1031.6,1031.6,4105.6,2406.6,2407.6,4111.6,2406.6,2407.6,528.8,522.8,272.4,10316,2059.2,5328,19036,1809.8,1041.6,20732,0x0B6ADA3E
3047,0,712766,712.766,0,0,OK,4620.2,4619.2,4619.2,4619.2,4619.2,4619.2,4619.2,4619.2,4619.2,0.00,4619.2,4619.2,4619.2,231.76,1031.6,791.2,1031.6,2171.2,4111.6,2406.6,2407.6,4111.6,2406.6,278.4,512.8,272.4,7812,1808.8,5328,16532,1799.8,791.2,18128,0x8062D5F7
3048,0,712868,712.868,0,0,OK,4620.2,4619.2,4619.2,4619.2,4619.2,4619.2,4619.2,4619.2,4619.2,0.00,4619.2,4619.2,4619.2,0.80,791.2,791.2,1031.6,4105.6,4110.6,2406.6,4111.6,4110.6,2406.6,769.2,262.4,532.8,7812,2059.2,2724,19136,2060.2,1031.6,5248,0x7B185743
3049,0,712970,712.970,0,0,OK,4620.2,4619.2,4619.2,4619.2,4619.2,4619.2,4619.2,4619.2,4619.2,0.00,4619.2,4619.2,4619.2,0.80,1031.6,1031.6,1031.6,2171.2,2407.6,2407.6,2407.6,2407.6,2407.6,278.4,262.4,512.8,5308,1558.4,5328,14028,2060.2,1292.0,5148,0x07E3E79E
3050,0,713071,713.071,0,0,OK,4620.2,4619.2,4619.2,4619.2,4619.2,4619.2,4619.2,4619.2,4619.2,0.00,4619.2,4619.2,4619.2,0.80,791.2,1031.6,1031.6,4105.6,2406.6,2407.6,4111.6,2406.6,2407.6,528.8,522.8,532.8,10316,1558.4,2724,13928,2050.2,1282.0,7752,0x61C42949
3051,0,713173,713.173,0,0,OK,4623.2,4619.2,4619.2,4619.2,4619.2,4619.2,4619.2,4619.2,4619.2,0.00,4619.2,4619.2,4619.2,0.80,791.2,1031.6,1031.6,4105.6,2406.6,2407.6,4111.6,2406.6,2407.6,769.2,272.4,532.8,5308,1808.8,2624,11424,2060.2,1282.0,40,0x89B3149B
3052,0,713274,713.274,0,0,OK,4628.2,4619.2,4619.2,4619.2,4619.2,4619.2,4619.2,4619.2,4619.2,0.00,4619.2,4619.2,4619.2,0.80,1031.6,1031.6,1031.6,2171.2,2407.6,2407.6,2407.6,2407.6,2407.6,769.2,522.8,532.8,7812,1798.8,2624,19036,1559.4,1041.6,2644,0x51C81175
3053,0,713376,713.376,0,0,OK,4621.2,4619.2,4619.2,4619.2,4619.2,4619.2,4619.2,4619.2,4619.2,0.00,4619.2,4619.2,4619.2,0.80,791.2,1031.6,1031.6,4105.6,2406.6,2407.6,4111.6,2406.6,2407.6,268.4,512.8,512.8,5308,2049.2,2624,21540,1809.8,1282.0,20732,0xD099AA23
3054,0,713478,713.478,0,0,OK,4622.2,4619.2,4619.2,4619.2,4619.2,4619.2,4619.2,4619.2,4619.2,0.00,4619.2,4619.2,4619.2,232.76,791.2,1031.6,791.2,4105.6,2406.6,4111.6,4110.6,2406.6,4111.6,517.8,522.8,512.8,10316,1798.8,5328,19036,2060.2,1041.6,12920,0x3C97A6E1
3055,0,713579,713.579,0,0,OK,4624.2,4619.2,4619.2,4619.2,4619.2,4619.2,4619.2,4619.2,4619.2,0.00,4619.2,4619.2,4619.2,232.76,791.2,791.2,1031.6,4105.6,4110.6,2406.6,4111.6,4110.6,2406.6,528.8,262.4,262.4,7912,1558.4,2624,19136,1559.4,1041.6,12920,0x320C100A
3056,0,713681,713.681,0,0,OK,4619.2,4619.2,4619.2,4619.2,4619.2,4619.2,4619.2,4619.2,4619.2,0.00,4619.2,4619.2,4619.2,0.80,791.2,1031.6,791.2,4105.6,2406.6,4111.6,4110.6,2406.6,4111.6,517.8,522.8,512.8,5308,1808.8,5228,11424,2050.2,791.2,10416,0x2F8C4BAC
3057,0,713782,713.782,0,0,OK,4621.2,4619.2,4619.2,4619.2,4619.2,4619.2,4619.2,4619.2,4619.2,0.00,4619.2,4619.2,4619.2,231.76,791.2,791.2,791.2,4105.6,4110.6,4110.6,4110.6,4110.6,4110.6,527.8,532.8,522.8,7812,1808.8,2624,16432,1799.8,1031.6,2744,0x25664E68
3058,0,713884,713.884,0,0,OK,4621.2,4619.2,4619.2,4619.2,4619.2,4619.2,4619.2,4619.2,4619.2,0.00,4619.2,4619.2,4619.2,0.80,791.2,1031.6,791.2,4105.6,2406.6,4111.6,4110.6,2406.6,4111.6,277.4,522.8,512.8,7712,1558.4,2724,11424,2060.2,1282.0,10416,0xD2A7CA57
3059,0,713986,713.986,0,0,OK,4622.2,4619.2,4619.2,4619.2,4619.2,4619.2,4619.2,4619.2,4619.2,0.00,4619.2,4619.2,4619.2,0.80,1031.6,1031.6,791.2,2171.2,2407.6,4111.6,2406.6,2407.6,4111.6,768.2,512.8,512.8,7712,2059.2,5328,21540,1809.8,1282.0,7912,0x47BFCC2B
3060,0,714087,714.087,0,0,OK,4627.2,4619.2,4619.2,4619.2,4619.2,4619.2,4619.2,4619.2,4619.2,0.00,4619.2,4619.2,4619.2,0.80,1031.6,791.2,1031.6,2171.2,4111.6,2406.6,2407.6,4111.6,2406.6,278.4,532.8,532.8,7712,1808.8,2724,16532,2060.2,1282.0,2644,0x090C8584
3061,0,714189,714.189,0,0,OK,4625.2,4619.2,4619.2,4619.2,4619.2,4619.2,4619.2,4619.2,4619.2,0.00,4619.2,4619.2,4619.2,231.76,1031.6,1031.6,791.2,2171.2,2407.6,4111.6,2406.6,2407.6,4111.6,768.2,272.4,512.8,10316,1558.4,2724,13828,2060.2,1031.6,18028,0xC011DEA6
3062,0,714290,714.290,0,0,OK,4628.2,4619.2,4619.2,4619.2,4619.2,4619.2,4619.2,4619.2,4619.2,0.00,4619.2,4619.2,4619.2,231.76,1031.6,791.2,791.2,2171.2,4111.6,4110.6,2406.6,4111.6,4110.6,517.8,512.8,522.8,7912,2049.2,5128,13928,1809.8,791.2,10356,0x362F33F9
3063,0,714392,714.392,0,0,OK,4623.2,4619.2,4619.2,4619.2,4619.2,4619.2,4619.2,4619.2,4619.2,0.00,4619.2,4619.2,4619.2,231.76,791.2,791.2,791.2,4105.6,4110.6,4110.6,4110.6,4110.6,4110.6,527.8,272.4,262.4,5308,2049.2,5328,14028,1799.8,1041.6,17928,0x79C3157B
3064,0,714494,714.494,0,0,OK,4626.2,4619.2,4619.2,4619.2,4619.2,4619.2,4619.2,4619.2,4619.2,0.00,4619.2,4619.2,4619.2,232.76,791.2,1031.6,1031.6,4105.6,2406.6,2407.6,4111.6,2406.6,2407.6,278.4,532.8,522.8,5308,1558.4,5128,16632,1809.8,1292.0,13020,0xB1CC7952
3065,0,714595,714.595,0,0,OK,4619.2,4619.2,4619.2,4619.2,4619.2,4619.2,4619.2,4619.2,4619.2,0.00,4619.2,4619.2,4619.2,231.76,1031.6,791.2,1031.6,2171.2,4111.6,2406.6,2407.6,4111.6,2406.6,268.4,532.8,272.4,5308,1558.4,5128,16632,1559.4,1292.0,13020,0x41EFDDEE
3066,0,714697,714.697,0,0,OK,4624.2,4619.2,4619.2,4619.2,4619.2,4619.2,4619.2,4619.2,4619.2,0.00,4619.2,4619.2,4619.2,0.80,1031.6,1031.6,1031.6,2171.2,2407.6,2407.6,2407.6,2407.6,2407.6,518.8,272.4,512.8,7912,2059.2,5228,16632,2060.2,1282.0,2744,0x7E292B5B
3067,0,714798,714.798,0,0,OK,4623.2,4619.2,4619.2,4619.2,4619.2,4619.2,4619.2,4619.2,4619.2,0.00,4619.2,4619.2,4619.2,232.76,1031.6,791.2,1031.6,2171.2,4111.6,2406.6,2407.6,4111.6,2406.6,769.2,262.4,272.4,10316,2059.2,5328,13828,1559.4,1282.0,2744,0xF0BD05D6
3068,0,714900,714.900,0,0,OK,4626.2,4619.2,4619.2,4619.2,4619.2,4619.2,4619.2,4619.2,4619.2,0.00,4619.2,4619.2,4619.2,232.76,791.2,1031.6,791.2,4105.6,2406.6,4111.6,4110.6,2406.6,4111.6,277.4,522.8,272.4,5308,2049.2,5128,21540,2050.2,1282.0,140,0x11699D6F
3069,0,715002,715.002,0,0,OK,4625.2,4619.2,4619.2,4619.2,4619.2,4619.2,4619.2,4619.2,4619.2,0.00,4619.2,4619.2,4619.2,0.80,791.2,1031.6,1031.6,4105.6,2406.6,2407.6,4111.6,2406.6,2407.6,278.4,272.4,512.8,7912,1798.8,5128,16432,2050.2,1031.6,10356,0xB1E4BFA7
3070,0,715103,715.103,0,0,OK,4619.2,4619.2,4619.2,4619.2,4619.2,4619.2,4619.2,4619.2,4619.2,0.00,4619.2,4619.2,4619.2,232.76,791.2,791.2,791.2,4105.6,4110.6,4110.6,4110.6,4110.6,4110.6,527.8,512.8,262.4,7712,1798.8,2624,16632,2050.2,1282.0,10356,0x38E6BE78
3071,0,715205,715.205,0,0,OK,4626.2,4619.2,4619.2,4619.2,4619.2,4619.2,4619.2,4619.2,4619.2,0.00,4619.2,4619.2,4619.2,0.80,791.2,791.2,791.2,4105.6,4110.6,4110.6,4110.6,4110.6,4110.6,517.8,522.8,272.4,5308,1798.8,5328,19036,1799.8,1292.0,140,0x2A00D5B6
3072,0,715306,715.306,0,0,OK,4626.2,4619.2,4619.2,4619.2,4619.2,4619.2,4619.2,4619.2,4619.2,0.00,4619.2,4619.2,4619.2,0.80,791.2,791.2,791.2,4105.6,4110.6,4110.6,4110.6,4110.6,4110.6,267.4,262.4,532.8,10316,2059.2,5128,16532,1809.8,1282.0,12820,0x36395141
3073,0,715408,715.408,0,0,OK,4619.2,4619.2,4619.2,4619.2,4619.2,4619.2,4619.2,4619.2,4619.2,0.00,4619.2,4619.2,4619.2,231.76,791.2,791.2,791.2,4105.6,4110.6,4110.6,4110.6,4110.6,4110.6,277.4,532.8,522.8,5308,2059.2,5128,16532,1559.4,791.2,12820,0x3564647F
3074,0,715509,715.509,0,0,OK,4623.2,4619.2,4619.2,4619.2,4619.2,4619.2,4619.2,4619.2,4619.2,0.00,4619.2,4619.2,4619.2,231.76,791.2,1031.6,1031.6,4105.6,2406.6,2407.6,4111.6,2406.6,2407.6,278.4,522.8,262.4,10316,1558.4,5228,16432,1559.4,1031.6,7752,0xB7768610
3075,0,715611,715.611,0,0,OK,4620.2,4619.2,4619.2,4619.2,4619.2,4619.2,4619.2,4619.2,4619.2,0.00,4619.2,4619.2,4619.2,0.80,791.2,1031.6,1031.6,4105.6,2406.6,2407.6,4111.6,2406.6,2407.6,518.8,522.8,512.8,10316,2059.2,2724,14028,2060.2,1292.0,12920,0xEAFEAC53
3076,0,715713,715.713,0,0,OK,4625.2,4619.2,4619.2,4619.2,4619.2,4619.2,4619.2,4619.2,4619.2,0.00,4619.2,4619.2,4619.2,232.76,1031.6,791.2,1031.6,2171.2,4111.6,2406.6,2407.6,4111.6,2406.6,518.8,262.4,532.8,10316,1798.8,5228,21540,2050.2,1041.6,2644,0x8AC7EEE1
3077,0,715814,715.814,0,0,OK,4624.2,4619.2,4619.2,4619.2,4619.2,4619.2,4619.2,4619.2,4619.2,0.00,4619.2,4619.2,4619.2,0.80,1031.6,1031.6,1031.6,2171.2,2407.6,2407.6,2407.6,2407.6,2407.6,278.4,512.8,522.8,5308,1798.8,5328,16632,1799.8,791.2,10256,0x6D6B760A
3078,0,715916,715.916,0,0,OK,4622.2,4619.2,4619.2,4619.2,4619.2,4619.2,4619.2,4619.2,4619.2,0.00,4619.2,4619.2,4619.2,0.80,1031.6,1031.6,1031.6,2171.2,2407.6,2407.6,2407.6,2407.6,2407.6,268.4,512.8,522.8,10316,2059.2,5128,19036,1809.8,1282.0,20732,0x30BA0010
3079,0,716017,716.017,0,0,OK,4622.2,4619.2,4619.2,4619.2,4619.2,4619.2,4619.2,4619.2,4619.2,0.00,4619.2,4619.2,4619.2,0.80,791.2,1031.6,791.2,4105.6,2406.6,4111.6,4110.6,2406.6,4111.6,768.2,532.8,532.8,10316,2049.2,5128,14028,2050.2,1282.0,12820,0x8234899E
3080,0,716119,716.119,0,0,OK,4624.2,4619.2,4619.2,4619.2,4619.2,4619.2,4619.2,4619.2,4619.2,0.00,4619.2,4619.2,4619.2,0.80,1031.6,1031.6,791.2,2171.2,2407.6,4111.6,2406.6,2407.6,4111.6,267.4,532.8,262.4,7712,2049.2,5328,13928,2050.2,1292.0,17928,0x9A07663B
3081,0,716220,716.220,0,0,OK,4620.2,4619.2,4619.2,4619.2,4619.2,4619.2,4619.2,4619.2,4619.2,0.00,4619.2,4619.2,4619.2,231.76,1031.6,1031.6,791.2,2171.2,2407.6,4111.6,2406.6,2407.6,4111.6,527.8,522.8,262.4,7712,1798.8,5328,16432,2060.2,1031.6,10456,0xBA013CB4
3082,0,716322,716.322,0,0,OK,4619.2,4619.2,4619.2,4619.2,4619.2,4619.2,4619.2,4619.2,4619.2,0.00,4619.2,4619.2,4619.2,232.76,791.2,1031.6,1031.6,4105.6,2406.6,2407.6,4111.6,2406.6,2407.6,278.4,512.8,532.8,7912,1798.8,2624,11424,1809.8,1031.6,20532,0x6F3037B4
3083,0,716424,716.424,0,0,OK,4626.2,4619.2,4619.2,4619.2,4619.2,4619.2,4619.2,4619.2,4619.2,0.00,4619.2,4619.2,4619.2,0.80,1031.6,1031.6,1031.6,2171.2,2407.6,2407.6,2407.6,2407.6,2407.6,268.4,522.8,512.8,7912,1798.8,5228,19036,2060.2,1292.0,240,0x00C0D575
3084,0,716525,716.525,0,0,OK,4623.2,4619.2,4619.2,4619.2,4619.2,4619.2,4619.2,4619.2,4619.2,0.00,4619.2,4619.2,4619.2,0.80,1031.6,791.2,1031.6,2171.2,4111.6,2406.6,2407.6,4111.6,2406.6,528.8,532.8,262.4,7912,2049.2,5328,21540,2060.2,1031.6,10416,0x7DA6186E
3085,0,716627,716.627,0,0,OK,4619.2,4619.2,4619.2,4619.2,4619.2,4619.2,4619.2,4619.2,4619.2,0.00,4619.2,4619.2,4619.2,231.76,791.2,791.2,1031.6,4105.6,4110.6,2406.6,4111.6,4110.6,2406.6,769.2,272.4,532.8,7812,1558.4,2624,11424,1799.8,1041.6,240,0x69259308
3086,0,716728,716.728,0,0,OK,4621.2,4619.2,4619.2,4619.2,4619.2,4619.2,4619.2,4619.2,4619.2,0.00,4619.2,4619.2,4619.2,0.80,791.2,791.2,1031.6,4105.6,4110.6,2406.6,4111.6,4110.6,2406.6,769.2,522.8,272.4,10316,1558.4,5128,16632,2060.2,791.2,20632,0x9419ABD0
3087,0,716830,716.830,0,0,OK,4628.2,4619.2,4619.2,4619.2,4619.2,4619.2,4619.2,4619.2,4619.2,0.00,4619.2,4619.2,4619.2,232.76,791.2,791.2,791.2,4105.6,4110.6,4110.6,4110.6,4110.6,4110.6,527.8,512.8,272.4,7812,2049.2,2624,11424,1809.8,1041.6,18028,0xCD109B0D
3088,0,716932,716.932,0,0,OK,4627.2,4619.2,4619.2,4619.2,4619.2,4619.2,4619.2,4619.2,4619.2,0.00,4619.2,4619.2,4619.2,231.76,791.2,1031.6,1031.6,4105.6,2406.6,2407.6,4111.6,2406.6,2407.6,769.2,262.4,532.8,5308,2059.2,5128,19136,1799.8,1031.6,10256,0xB990F0BA
3089,0,717033,717.033,0,0,OK,4622.2,4619.2,4619.2,4619.2,4619.2,4619.2,4619.2,4619.2,4619.2,0.00,4619.2,4619.2,4619.2,231.76,1031.6,791.2,791.2,2171.2,4111.6,4110.6,2406.6,4111.6,4110.6,768.2,272.4,272.4,7912,1798.8,2724,16632,1559.4,1282.0,5348,0xFBAA9AB6
3090,0,717135,717.135,0,0,OK,4624.2,4619.2,4619.2,4619.2,4619.2,4619.2,4619.2,4619.2,4619.2,0.00,4619.2,4619.2,4619.2,232.76,1031.6,1031.6,1031.6,2171.2,2407.6,2407.6,2407.6,2407.6,2407.6,518.8,532.8,522.8,7712,1798.8,2724,16632,1809.8,1282.0,5248,0x8801F0FD
3091,0,717236,717.236,0,0,OK,4622.2,4619.2,4619.2,4619.2,4619.2,4619.2,4619.2,4619.2,4619.2,0.00,4619.2,4619.2,4619.2,231.76,1031.6,1031.6,1031.6,2171.2,2407.6,2407.6,2407.6,2407.6,2407.6,268.4,532.8,272.4,5308,1558.4,2624,19036,2050.2,1292.0,2744,0xC54BA82B
3092,0,717338,717.338,0,0,OK,4628.2,4619.2,4619.2,4619.2,4619.2,4619.2,4619.2,4619.2,4619.2,0.00,4619.2,4619.2,4619.2,232.76,1031.6,1031.6,791.2,2171.2,2407.6,4111.6,2406.6,2407.6,4111.6,277.4,532.8,512.8,7712,1558.4,2624,19036,1799.8,1282.0,18128,0x459648D4
3093,0,717440,717.440,0,0,OK,4625.2,4619.2,4619.2,4619.2,4619.2,4619.2,4619.2,4619.2,4619.2,0.00,4619.2,4619.2,4619.2,231.76,791.2,1031.6,1031.6,4105.6,2406.6,2407.6,4111.6,2406.6,2407.6,528.8,512.8,512.8,7912,2049.2,5128,13828,2060.2,1031.6,10316,0xE950721D
3094,0,717541,717.541,0,0,OK,4623.2,4619.2,4619.2,4619.2,4619.2,4619.2,4619.2,4619.2,4619.2,0.00,4619.2,4619.2,4619.2,0.80,1031.6,1031.6,1031.6,2171.2,2407.6,2407.6,2407.6,2407.6,2407.6,518.8,272.4,272.4,7712,1558.4,5328,13928,1559.4,1282.0,12860,0x81294EF0
3095,0,717643,717.643,0,0,OK,4622.2,4619.2,4619.2,4619.2,4619.2,4619.2,4619.2,4619.2,4619.2,0.00,4619.2,4619.2,4619.2,232.76,791.2,791.2,1031.6,4105.6,4110.6,2406.6,4111.6,4110.6,2406.6,278.4,262.4,532.8,7712,2049.2,5328,16432,2060.2,1041.6,40,0x7013D1EE
3096,0,717744,717.744,0,0,OK,4620.2,4619.2,4619.2,4619.2,4619.2,4619.2,4619.2,4619.2,4619.2,0.00,4619.2,4619.2,4619.2,0.80,791.2,791.2,791.2,4105.6,4110.6,4110.6,4110.6,4110.6,4110.6,517.8,522.8,262.4,7712,1558.4,5328,13928,2050.2,1031.6,23136,0x68DAF401
3097,0,717846,717.846,0,0,OK,4621.2,4619.2,4619.2,4619.2,4619.2,4619.2,4619.2,4619.2,4619.2,0.00,4619.2,4619.2,4619.2,232.76,791.2,791.2,791.2,4105.6,4110.6,4110.6,4110.6,4110.6,4110.6,267.4,522.8,262.4,7812,1808.8,2724,21540,1809.8,1041.6,7852,0xA55CA248
3098,0,717948,717.948,0,0,OK,4628.2,4619.2,4619.2,4619.2,4619.2,4619.2,4619.2,4619.2,4619.2,0.00,4619.2,4619.2,4619.2,231.76,1031.6,791.2,791.2,2171.2,4111.6,4110.6,2406.6,4111.6,4110.6,527.8,522.8,512.8,7912,1558.4,2624,16432,1799.8,1282.0,10416,0xCFB85221
3099,0,718049,718.049,0,0,OK,4626.2,4619.2,4619.2,4619.2,4619.2,4619.2,4619.2,4619.2,4619.2,0.00,4619.2,4619.2,4619.2,0.80,1031.6,791.2,1031.6,2171.2,4111.6,2406.6,2407.6,4111.6,2406.6,278.4,512.8,262.4,5308,1808.8,5328,16432,1799.8,1292.0,23136,0xCAA6BAF2
3100,0,718151,718.151,0,0,OK,4628.2,4619.2,4619.2,4619.2,4619.2,4619.2,4619.2,4619.2,4619.2,0.00,4619.2,4619.2,4619.2,231.76,791.2,1031.6,1031.6,4105.6,2406.6,2407.6,4111.6,2406.6,2407.6,268.4,522.8,272.4,7812,1558.4,5128,16432,1559.4,1292.0,40,0x3A1E7A9E
3101,0,718252,718.252,0,0,OK,4619.2,4619.2,4619.2,4619.2,4619.2,4619.2,4619.2,4619.2,4619.2,0.00,4619.2,4619.2,4619.2,231.76,1031.6,791.2,1031.6,2171.2,4111.6,2406.6,2407.6,4111.6,2406.6,769.2,272.4,272.4,7712,2049.2,2624,13828,1559.4,1031.6,2644,0x793B25A6
3102,0,718354,718.354,0,0,OK,4625.2,4619.2,4619.2,4619.2,4619.2,4619.2,4619.2,4619.2,4619.2,0.00,4619.2,4619.2,4619.2,231.76,1031.6,791.2,1031.6,2171.2,4111.6,2406.6,2407.6,4111.6,2406.6,769.2,522.8,262.4,10316,1808.8,2624,19036,1559.4,791.2,10256,0xB9A0596E
3103,0,718456,718.456,0,0,OK,4619.2,4619.2,4619.2,4619.2,4619.2,4619.2,4619.2,4619.2,4619.2,0.00,4619.2,4619.2,4619.2,0.80,1031.6,791.2,1031.6,2171.2,4111.6,2406.6,2407.6,4111.6,2406.6,769.2,272.4,522.8,7812,1798.8,2724,13828,1559.4,1031.6,20632,0x7C66A8C1
3104,0,718557,718.557,0,0,OK,4621.2,4619.2,4619.2,4619.2,4619.2,4619.2,4619.2,4619.2,4619.2,0.00,4619.2,4619.2,4619.2,231.76,791.2,1031.6,791.2,4105.6,2406.6,4111.6,4110.6,2406.6,4111.6,517.8,512.8,532.8,5308,1798.8,2724,13828,1809.8,1031.6,17928,0x6586071C
3105,0,718659,718.659,0,0,OK,4627.2,4619.2,4619.2,4619.2,4619.2,4619.2,4619.2,4619.2,4619.2,0.00,4619.2,4619.2,4619.2,232.76,791.2,1031.6,1031.6,4105.6,2406.6,2407.6,4111.6,2406.6,2407.6,769.2,522.8,262.4,7712,1798.8,2724,16432,1799.8,1041.6,2644,0x9F6E3817
3106,0,718760,718.760,0,0,OK,4628.2,4619.2,4619.2,4619.2,4619.2,4619.2,4619.2,4619.2,4619.2,0.00,4619.2,4619.2,4619.2,231.76,1031.6,1031.6,1031.6,2171.2,2407.6,2407.6,2407.6,2407.6,2407.6,518.8,272.4,512.8,7912,1808.8,2624,14028,2060.2,1282.0,7912,0x41710495
3107,0,718862,718.862,0,0,OK,4625.2,4619.2,4619.2,4619.2,4619.2,4619.2,4619.2,4619.2,4619.2,0.00,4619.2,4619.2,4619.2,231.76,791.2,791.2,1031.6,4105.6,4110.6,2406.6,4111.6,4110.6,2406.6,518.8,272.4,522.8,7712,1558.4,2724,14028,2050.2,1282.0,10256,0x3AC07799
3108,0,718963,718.963,0,0,OK,4627.2,4619.2,4619.2,4619.2,4619.2,4619.2,4619.2,4619.2,4619.2,0.00,4619.2,4619.2,4619.2,232.76,1031.6,791.2,791.2,2171.2,4111.6,4110.6,2406.6,4111.6,4110.6,277.4,522.8,532.8,10316,2059.2,5228,19036,1809.8,1292.0,23136,0xC9ACB23A
3109,0,719065,719.065,0,0,OK,4622.2,4619.2,4619.2,4619.2,4619.2,4619.2,4619.2,4619.2,4619.2,0.00,4619.2,4619.2,4619.2,232.76,791.2,791.2,791.2,4105.6,4110.6,4110.6,4110.6,4110.6,4110.6,277.4,532.8,512.8,7712,1798.8,5128,21540,2050.2,1292.0,12860,0x5F04E687
3110,0,719167,719.167,0,0,OK,4626.2,4619.2,4619.2,4619.2,4619.2,4619.2,4619.2,4619.2,4619.2,0.00,4619.2,4619.2,4619.2,231.76,1031.6,1031.6,791.2,2171.2,2407.6,4111.6,2406.6,2407.6,4111.6,768.2,272.4,512.8,7812,1798.8,2724,11424,2060.2,1292.0,20532,0x003592B9
3111,0,719268,719.268,0,0,OK,4625.2,4619.2,4619.2,4619.2,4619.2,4619.2,4619.2,4619.2,4619.2,0.00,4619.2,4619.2,4619.2,231.76,791.2,791.2,1031.6,4105.6,4110.6,2406.6,4111.6,4110.6,2406.6,528.8,272.4,522.8,7912,2049.2,2724,19136,1559.4,1041.6,12820,0x4382CE44
3112,0,719370,719.370,0,0,OK,4621.2,4619.2,4619.2,4619.2,4619.2,4619.2,4619.2,4619.2,4619.2,0.00,4619.2,4619.2,4619.2,232.76,1031.6,1031.6,1031.6,2171.2,2407.6,2407.6,2407.6,2407.6,2407.6,518.8,522.8,522.8,7912,1558.4,5128,21540,1809.8,1041.6,5248,0xFD186842
3113,0,719472,719.472,0,0,OK,4623.2,4619.2,4619.2,4619.2,4619.2,4619.2,4619.2,4619.2,4619.2,0.00,4619.2,4619.2,4619.2,231.76,791.2,791.2,791.2,4105.6,4110.6,4110.6,4110.6,4110.6,4110.6,768.2,532.8,512.8,10316,1558.4,5128,16632,2050.2,1041.6,10256,0x3A051DB7
3114,0,719573,719.573,0,0,OK,4627.2,4619.2,4619.2,4619.2,4619.2,4619.2,4619.2,4619.2,4619.2,0.00,4619.2,4619.2,4619.2,232.76,1031.6,791.2,791.2,2171.2,4111.6,4110.6,2406.6,4111.6,4110.6,768.2,272.4,272.4,7912,1798.8,5128,11424,1799.8,1031.6,12860,0x540A9BC6
3115,0,719675,719.675,0,0,OK,4626.2,4619.2,4619.2,4619.2,4619.2,4619.2,4619.2,4619.2,4619.2,0.00,4619.2,4619.2,4619.2,0.80,1031.6,791.2,1031.6,2171.2,4111.6,2406.6,2407.6,4111.6,2406.6,769.2,512.8,262.4,10316,1808.8,5228,19036,1559.4,1282.0,20732,0x9950479B
3116,0,719776,719.776,0,0,OK,4626.2,4619.2,4619.2,4619.2,4619.2,4619.2,4619.2,4619.2,4619.2,0.00,4619.2,4619.2,4619.2,231.76,1031.6,791.2,791.2,2171.2,4111.6,4110.6,2406.6,4111.6,4110.6,517.8,262.4,512.8,5308,1558.4,2724,19136,1809.8,1282.0,18028,0xBEE1590A
3117,0,719878,719.878,0,0,OK,4623.2,4619.2,4619.2,4619.2,4619.2,4619.2,4619.2,4619.2,4619.2,0.00,4619.2,4619.2,4619.2,231.76,791.2,1031.6,1031.6,4105.6,2406.6,2407.6,4111.6,2406.6,2407.6,769.2,512.8,512.8,7912,1808.8,2724,14028,2060.2,1031.6,10316,0xDA21C261
3118,0,719980,719.980,0,0,OK,4621.2,4619.2,4619.2,4619.2,4619.2,4619.2,4619.2,4619.2,4619.2,0.00,4619.2,4619.2,4619.2,0.80,1031.6,791.2,1031.6,2171.2,4111.6,2406.6,2407.6,4111.6,2406.6,528.8,272.4,272.4,5308,1808.8,5228,16632,2050.2,1282.0,10256,0x62B0631A
3119,0,720081,720.081,0,0,OK,4623.2,4619.2,4619.2,4619.2,4619.2,4619.2,4619.2,4619.2,4619.2,0.00,4619.2,4619.2,4619.2,232.76,791.2,791.2,791.2,4105.6,4110.6,4110.6,4110.6,4110.6,4110.6,277.4,272.4,522.8,7712,1808.8,5128,16432,1809.8,1041.6,10456,0x2293FE35
3120,0,720183,720.183,0,0,OK,4624.2,4619.2,4619.2,4619.2,4619.2,4619.2,4619.2,4619.2,4619.2,0.00,4619.2,4619.2,4619.2,232.76,791.2,791.2,791.2,4105.6,4110.6,4110.6,4110.6,4110.6,4110.6,277.4,522.8,262.4,10316,2059.2,5328,19136,1799.8,1282.0,10356,0xA8559B85
3121,0,720284,720.284,0,0,OK,4628.2,4619.2,4619.2,4619.2,4619.2,4619.2,4619.2,4619.2,4619.2,0.00,4619.2,4619.2,4619.2,0.80,1031.6,1031.6,1031.6,2171.2,2407.6,2407.6,2407.6,2407.6,2407.6,528.8,262.4,272.4,7812,1808.8,5128,19036,1809.8,1041.6,2644,0x51FECB20
3122,0,720386,720.386,0,0,OK,4628.2,4619.2,4619.2,4619.2,4619.2,4619.2,4619.2,4619.2,4619.2,0.00,4619.2,4619.2,4619.2,232.76,1031.6,791.2,1031.6,2171.2,4111.6,2406.6,2407.6,4111.6,2406.6,769.2,262.4,262.4,7712,2049.2,5228,19036,2060.2,791.2,23136,0xDD21FD9C
3123,0,720488,720.488,0,0,OK,4620.2,4619.2,4619.2,4619.2,4619.2,4619.2,4619.2,4619.2,4619.2,0.00,4619.2,4619.2,4619.2,231.76,791.2,1031.6,1031.6,4105.6,2406.6,2407.6,4111.6,2406.6,2407.6,528.8,522.8,262.4,7912,1808.8,2624,21540,1799.8,1292.0,2744,0xDC80FA0D
3124,0,720589,720.589,0,0,OK,4619.2,4619.2,4619.2,4619.2,4619.2,4619.2,4619.2,4619.2,4619.2,0.00,4619.2,4619.2,4619.2,232.76,1031.6,1031.6,1031.6,2171.2,2407.6,2407.6,2407.6,2407.6,2407.6,528.8,522.8,512.8,10316,1558.4,5228,14028,2050.2,791.2,2744,0xF29B0739
3125,0,720691,720.691,0,0,OK,4626.2,4619.2,4619.2,4619.2,4619.2,4619.2,4619.2,4619.2,4619.2,0.00,4619.2,4619.2,4619.2,231.76,791.2,791.2,1031.6,4105.6,4110.6,2406.6,4111.6,4110.6,2406.6,518.8,272.4,532.8,7712,2049.2,5328,13828,1559.4,1282.0,10416,0x7191A5E7
3126,0,720793,720.793,0,0,OK,4627.2,4619.2,4619.2,4619.2,4619.2,4619.2,4619.2,4619.2,4619.2,0.00,4619.2,4619.2,4619.2,232.76,791.2,1031.6,791.2,4105.6,2406.6,4111.6,4110.6,2406.6,4111.6,768.2,262.4,512.8,7912,1798.8,5228,19136,2060.2,791.2,18028,0xFAAA91BC
3127,0,720894,720.894,0,0,OK,4622.2,4619.2,4619.2,4619.2,4619.2,4619.2,4619.2,4619.2,4619.2,0.00,4619.2,4619.2,4619.2,0.80,1031.6,1031.6,791.2,2171.2,2407.6,4111.6,2406.6,2407.6,4111.6,517.8,532.8,262.4,7712,2059.2,2724,19036,1809.8,1041.6,240,0xFC7BACC0
3128,0,720996,720.996,0,0,OK,4625.2,4619.2,4619.2,4619.2,4619.2,4619.2,4619.2,4619.2,4619.2,0.00,4619.2,4619.2,4619.2,0.80,791.2,791.2,791.2,4105.6,4110.6,4110.6,4110.6,4110.6,4110.6,768.2,512.8,522.8,7812,1798.8,5128,16632,1799.8,1282.0,10356,0x7CE6CDD5
3129,0,721097,721.097,0,0,OK,4624.2,4619.2,4619.2,4619.2,4619.2,4619.2,4619.2,4619.2,4619.2,0.00,4619.2,4619.2,4619.2,231.76,791.2,791.2,791.2,4105.6,4110.6,4110.6,4110.6,4110.6,4110.6,277.4,512.8,522.8,7812,2059.2,2724,19036,1799.8,1031.6,17928,0x5972B862
3130,0,721199,721.199,0,0,OK,4625.2,4619.2,4619.2,4619.2,4619.2,4619.2,4619.2,4619.2,4619.2,0.00,4619.2,4619.2,4619.2,232.76,1031.6,791.2,791.2,2171.2,4111.6,4110.6,2406.6,4111.6,4110.6,517.8,512.8,522.8,7912,1558.4,5228,21540,1559.4,791.2,23236,0x3CA7AD39
3131,0,721301,721.301,0,0,OK,4623.2,4619.2,4619.2,4619.2,4619.2,4619.2,4619.2,4619.2,4619.2,0.00,4619.2,4619.2,4619.2,231.76,791.2,791.2,1031.6,4105.6,4110.6,2406.6,4111.6,4110.6,2406.6,518.8,522.8,272.4,7812,1558.4,5228,16432,1799.8,1031.6,23236,0xC1160198
3132,0,721402,721.402,0,0,OK,4623.2,4619.2,4619.2,4619.2,4619.2,4619.2,4619.2,4619.2,4619.2,0.00,4619.2,4619.2,4619.2,232.76,791.2,1031.6,791.2,4105.6,2406.6,4111.6,4110.6,2406.6,4111.6,517.8,522.8,512.8,7812,1808.8,5228,14028,1809.8,1292.0,240,0x16E3C844
3133,0,721504,721.504,0,0,OK,4627.2,4619.2,4619.2,4619.2,4619.2,4619.2,4619.2,4619.2,4619.2,0.00,4619.2,4619.2,4619.2,232.76,1031.6,1031.6,1031.6,2171.2,2407.6,2407.6,2407.6,2407.6,2407.6,528.8,512.8,522.8,7912,1808.8,5328,16632,1809.8,1282.0,2644,0xDF0915AC
3134,0,721605,721.605,0,0,OK,4619.2,4619.2,4619.2,4619.2,4619.2,4619.2,4619.2,4619.2,4619.2,0.00,4619.2,4619.2,4619.2,0.80,1031.6,1031.6,791.2,2171.2,2407.6,4111.6,2406.6,2407.6,4111.6,517.8,272.4,522.8,7712,2049.2,5328,21540,1809.8,1292.0,18128,0x25ED6428
3135,0,721707,721.707,0,0,OK,4625.2,4619.2,4619.2,4619.2,4619.2,4619.2,4619.2,4619.2,4619.2,0.00,4619.2,4619.2,4619.2,232.76,1031.6,1031.6,791.2,2171.2,2407.6,4111.6,2406.6,2407.6,4111.6,517.8,512.8,512.8,10316,2049.2,5328,11424,2060.2,1041.6,13020,0xFA4181E5
3136,0,721809,721.809,0,0,OK,4623.2,4619.2,4619.2,4619.2,4619.2,4619.2,4619.2,4619.2,4619.2,0.00,4619.2,4619.2,4619.2,231.76,791.2,1031.6,791.2,4105.6,2406.6,4111.6,4110.6,2406.6,4111.6,768.2,522.8,272.4,5308,1808.8,5128,19136,1799.8,1282.0,23136,0x2142E958
3137,0,721910,721.910,0,0,OK,4623.2,4619.2,4619.2,4619.2,4619.2,4619.2,4619.2,4619.2,4619.2,0.00,4619.2,4619.2,4619.2,231.76,791.2,1031.6,1031.6,4105.6,2406.6,2407.6,4111.6,2406.6,2407.6,268.4,512.8,532.8,7912,1798.8,5328,16432,1809.8,1292.0,5148,0x100A956A
3138,0,722012,722.012,0,0,OK,4624.2,4619.2,4619.2,4619.2,4619.2,4619.2,4619.2,4619.2,4619.2,0.00,4619.2,4619.2,4619.2,0.80,1031.6,791.2,1031.6,2171.2,4111.6,2406.6,2407.6,4111.6,2406.6,528.8,262.4,512.8,5308,1558.4,5128,16432,1559.4,1031.6,23136,0x6A37208B
3139,0,722113,722.113,0,0,OK,4624.2,4619.2,4619.2,4619.2,4619.2,4619.2,4619.2,4619.2,4619.2,0.00,4619.2,4619.2,4619.2,0.80,791.2,791.2,791.2,4105.6,4110.6,4110.6,4110.6,4110.6,4110.6,267.4,522.8,272.4,7912,1808.8,2624,16432,2050.2,1282.0,13020,0x7F6CC36B
3140,0,722215,722.215,0,0,OK,4621.2,4619.2,4619.2,4619.2,4619.2,4619.2,4619.2,4619.2,4619.2,0.00,4619.2,4619.2,4619.2,232.76,791.2,1031.6,791.2,4105.6,2406.6,4111.6,4110.6,2406.6,4111.6,527.8,262.4,522.8,7912,1558.4,5228,16432,2060.2,1292.0,20532,0x355CCAB7
3141,0,722317,722.317,0,0,OK,4623.2,4619.2,4619.2,4619.2,4619.2,4619.2,4619.2,4619.2,4619.2,0.00,4619.2,4619.2,4619.2,0.80,1031.6,1031.6,791.2,2171.2,2407.6,4111.6,2406.6,2407.6,4111.6,527.8,522.8,512.8,7712,1558.4,5228,11424,1799.8,791.2,20732,0x2E20BE9D
3142,0,722418,722.418,0,0,OK,4624.2,4619.2,4619.2,4619.2,4619.2,4619.2,4619.2,4619.2,4619.2,0.00,4619.2,4619.2,4619.2,232.76,791.2,791.2,791.2,4105.6,4110.6,4110.6,4110.6,4110.6,4110.6,768.2,262.4,532.8,7812,1558.4,5228,21540,1799.8,1282.0,23236,0x383D5289
3143,0,722520,722.520,0,0,OK,4624.2,4619.2,4619.2,4619.2,4619.2,4619.2,4619.2,4619.2,4619.2,0.00,4619.2,4619.2,4619.2,231.76,1031.6,1031.6,1031.6,2171.2,2407.6,2407.6,2407.6,2407.6,2407.6,278.4,512.8,272.4,7712,2049.2,2624,13828,1809.8,1282.0,12920,0x553A6858
3144,0,722621,722.621,0,0,OK,4624.2,4619.2,4619.2,4619.2,4619.2,4619.2,4619.2,4619.2,4619.2,0.00,4619.2,4619.2,4619.2,0.80,791.2,1031.6,1031.6,4105.6,2406.6,2407.6,4111.6,2406.6,2407.6,268.4,522.8,262.4,7712,2059.2,5228,16432,2060.2,1041.6,17928,0xE774E9B3
3145,0,722723,722.723,0,0,OK,4619.2,4619.2,4619.2,4619.2,4619.2,4619.2,4619.2,4619.2,4619.2,0.00,4619.2,4619.2,4619.2,231.76,1031.6,1031.6,1031.6,2171.2,2407.6,2407.6,2407.6,2407.6,2407.6,528.8,532.8,262.4,7712,2049.2,2724,16532,1799.8,1031.6,10416,0xA00F5B9D
3146,0,722825,722.825,0,0,OK,4622.2,4619.2,4619.2,4619.2,4619.2,4619.2,4619.2,4619.2,4619.2,0.00,4619.2,4619.2,4619.2,0.80,791.2,791.2,791.2,4105.6,4110.6,4110.6,4110.6,4110.6,4110.6,768.2,262.4,522.8,7812,1808.8,5228,19136,2060.2,791.2,2744,0xC7ADB5C1
3147,0,722926,722.926,0,0,OK,4627.2,4619.2,4619.2,4619.2,4619.2,4619.2,4619.2,4619.2,4619.2,0.00,4619.2,4619.2,4619.2,0.80,791.2,1031.6,791.2,4105.6,2406.6,4111.6,4110.6,2406.6,4111.6,267.4,532.8,272.4,7712,2049.2,5328,19136,2060.2,1292.0,10356,0x328E5857
3148,0,723028,723.028,0,0,OK,4624.2,4619.2,4619.2,4619.2,4619.2,4619.2,4619.2,4619.2,4619.2,0.00,4619.2,4619.2,4619.2,0.80,791.2,791.2,791.2,4105.6,4110.6,4110.6,4110.6,4110.6,4110.6,267.4,522.8,522.8,7812,2059.2,5328,11424,1809.8,1031.6,10456,0x40221CAB
3149,0,723129,723.129,0,0,OK,4620.2,4619.2,4619.2,4619.2,4619.2,4619.2,4619.2,4619.2,4619.2,0.00,4619.2,4619.2,4619.2,0.80,791.2,1031.6,1031.6,4105.6,2406.6,2407.6,4111.6,2406.6,2407.6,268.4,272.4,532.8,7812,2049.2,5228,14028,2050.2,1031.6,23236,0xDAA7EE31
3150,0,723231,723.231,0,0,OK,4622.2,4619.2,4619.2,4619.2,4619.2,4619.2,4619.2,4619.2,4619.2,0.00,4619.2,4619.2,4619.2,0.80,791.2,1031.6,791.2,4105.6,2406.6,4111.6,4110.6,2406.6,4111.6,267.4,522.8,272.4,7712,1808.8,2724,21540,2050.2,791.2,18128,0x7689EB00
3151,0,723333,723.333,0,0,OK,4626.2,4619.2,4619.2,4619.2,4619.2,4619.2,4619.2,4619.2,4619.2,0.00,4619.2,4619.2,4619.2,0.80,791.2,791.2,791.2,4105.6,4110.6,4110.6,4110.6,4110.6,4110.6,768.2,532.8,512.8,7812,2059.2,5328,16432,1559.4,1292.0,10456,0xBE771457
3152,0,723434,723.434,0,0,OK,4624.2,4619.2,4619.2,4619.2,4619.2,4619.2,4619.2,4619.2,4619.2,0.00,4619.2,4619.2,4619.2,231.76,791.2,791.2,791.2,4105.6,4110.6,4110.6,4110.6,4110.6,4110.6,517.8,262.4,512.8,5308,1808.8,5128,21540,2060.2,1041.6,15424,0x4ACDDA3E
3153,0,723536,723.536,0,0,OK,4623.2,4619.2,4619.2,4619.2,4619.2,4619.2,4619.2,4619.2,4619.2,0.00,4619.2,4619.2,4619.2,231.76,1031.6,1031.6,791.2,2171.2,2407.6,4111.6,2406.6,2407.6,4111.6,277.4,512.8,522.8,7712,1558.4,5328,16432,1799.8,1292.0,23136,0x1EF66414
3154,0,723637,723.637,0,0,OK,4626.2,4619.2,4619.2,4619.2,4619.2,4619.2,4619.2,4619.2,4619.2,0.00,4619.2,4619.2,4619.2,232.76,791.2,1031.6,1031.6,4105.6,2406.6,2407.6,4111.6,2406.6,2407.6,518.8,532.8,522.8,7912,1558.4,5128,16532,1559.4,1031.6,10416,0x83C2DE91
3155,0,723739,723.739,0,0,OK,4619.2,4619.2,4619.2,4619.2,4619.2,4619.2,4619.2,4619.2,4619.2,0.00,4619.2,4619.2,4619.2,232.76,1031.6,1031.6,791.2,2171.2,2407.6,4111.6,2406.6,2407.6,4111.6,277.4,512.8,522.8,5308,2049.2,2624,13828,1799.8,1031.6,20532,0x24B00EA0
3156,0,723841,723.841,0,0,OK,4624.2,4619.2,4619.2,4619.2,4619.2,4619.2,4619.2,4619.2,4619.2,0.00,4619.2,4619.2,4619.2,0.80,1031.6,1031.6,791.2,2171.2,2407.6,4111.6,2406.6,2407.6,4111.6,517.8,262.4,522.8,7912,1808.8,2724,13828,1559.4,1292.0,7752,0x0135922C
3157,0,723942,723.942,0,0,OK,4624.2,4619.2,4619.2,4619.2,4619.2,4619.2,4619.2,4619.2,4619.2,0.00,4619.2,4619.2,4619.2,0.80,1031.6,791.2,1031.6,2171.2,4111.6,2406.6,2407.6,4111.6,2406.6,518.8,522.8,512.8,7712,1808.8,5328,13928,1799.8,1292.0,7752,0x03F1E946
3158,0,724044,724.044,0,0,OK,4621.2,4619.2,4619.2,4619.2,4619.2,4619.2,4619.2,4619.2,4619.2,0.00,4619.2,4619.2,4619.2,232.76,1031.6,791.2,1031.6,2171.2,4111.6,2406.6,2407.6,4111.6,2406.6,528.8,532.8,532.8,5308,1558.4,5228,21540,2050.2,791.2,10416,0x3091169E
3159,0,724146,724.146,0,0,OK,4619.2,4619.2,4619.2,4619.2,4619.2,4619.2,4619.2,4619.2,4619.2,0.00,4619.2,4619.2,4619.2,232.76,1031.6,791.2,791.2,2171.2,4111.6,4110.6,2406.6,4111.6,4110.6,267.4,522.8,262.4,7812,2059.2,5328,16632,1799.8,1282.0,13020,0x3B3C08A2
3160,0,724247,724.247,0,0,OK,4626.2,4619.2,4619.2,4619.2,4619.2,4619.2,4619.2,4619.2,4619.2,0.00,4619.2,4619.2,4619.2,231.76,791.2,791.2,791.2,4105.6,4110.6,4110.6,4110.6,4110.6,4110.6,517.8,532.8,532.8,10316,2049.2,5228,16532,1559.4,1031.6,10316,0xADD03055
3161,0,724349,724.349,0,0,OK,4626.2,4619.2,4619.2,4619.2,4619.2,4619.2,4619.2,4619.2,4619.2,0.00,4619.2,4619.2,4619.2,232.76,1031.6,791.2,1031.6,2171.2,4111.6,2406.6,2407.6,4111.6,2406.6,528.8,522.8,272.4,10316,1798.8,5228,16632,1809.8,1292.0,12920,0x404C9E16
3162,0,724450,724.450,0,0,OK,4623.2,4619.2,4619.2,4619.2,4619.2,4619.2,4619.2,4619.2,4619.2,0.00,4619.2,4619.2,4619.2,231.76,1031.6,791.2,1031.6,2171.2,4111.6,2406.6,2407.6,4111.6,2406.6,268.4,532.8,532.8,7912,2059.2,2724,21540,2050.2,1292.0,18028,0x6D6A25B5
3163,0,724552,724.552,0,0,OK,4622.2,4619.2,4619.2,4619.2,4619.2,4619.2,4619.2,4619.2,4619.2,0.00,4619.2,4619.2,4619.2,231.76,1031.6,1031.6,791.2,2171.2,2407.6,4111.6,2406.6,2407.6,4111.6,768.2,512.8,522.8,5308,1808.8,2624,14028,2060.2,1282.0,7752,0x4E4D802C
3164,0,724654,724.654,0,0,OK,4619.2,4619.2,4619.2,4619.2,4619.2,4619.2,4619.2,4619.2,4619.2,0.00,4619.2,4619.2,4619.2,232.76,791.2,791.2,1031.6,4105.6,4110.6,2406.6,4111.6,4110.6,2406.6,528.8,522.8,262.4,5308,1798.8,5228,19036,1809.8,1292.0,2744,0x469891A1
3165,0,724755,724.755,0,0,OK,4623.2,4619.2,4619.2,4619.2,4619.2,4619.2,4619.2,4619.2,4619.2,0.00,4619.2,4619.2,4619.2,232.76,791.2,1031.6,791.2,4105.6,2406.6,4111.6,4110.6,2406.6,4111.6,527.8,532.8,262.4,5308,1798.8,5128,11424,1799.8,791.2,7912,0xF9F224DD
3166,0,724857,724.857,0,0,OK,4626.2,4619.2,4619.2,4619.2,4619.2,4619.2,4619.2,4619.2,4619.2,0.00,4619.2,4619.2,4619.2,0.80,1031.6,1031.6,791.2,2171.2,2407.6,4111.6,2406.6,2407.6,4111.6,768.2,532.8,272.4,7712,1808.8,2724,19136,1799.8,791.2,7752,0x45D90A87
3167,0,724958,724.958,0,0,OK,4622.2,4619.2,4619.2,4619.2,4619.2,4619.2,4619.2,4619.2,4619.2,0.00,4619.2,4619.2,4619.2,231.76,1031.6,1031.6,791.2,2171.2,2407.6,4111.6,2406.6,2407.6,4111.6,517.8,512.8,512.8,7812,2049.2,2724,21540,1559.4,791.2,20732,0xF9319923
3168,0,725060,725.060,0,0,OK,4627.2,4619.2,4619.2,4619.2,4619.2,4619.2,4619.2,4619.2,4619.2,0.00,4619.2,4619.2,4619.2,232.76,791.2,791.2,791.2,4105.6,4110.6,4110.6,4110.6,4110.6,4110.6,768.2,512.8,272.4,7712,1558.4,2724,16532,1809.8,791.2,17928,0x45B5FAF8
3169,0,725162,725.162,0,0,OK,4627.2,4619.2,4619.2,4619.2,4619.2,4619.2,4619.2,4619.2,4619.2,0.00,4619.2,4619.2,4619.2,232.76,1031.6,791.2,791.2,2171.2,4111.6,4110.6,2406.6,4111.6,4110.6,527.8,512.8,262.4,7812,1808.8,2624,16532,1559.4,1031.6,5248,0x9DE906E7
3170,0,725263,725.263,0,0,OK,4621.2,4619.2,4619.2,4619.2,4619.2,4619.2,4619.2,4619.2,4619.2,0.00,4619.2,4619.2,4619.2,232.76,1031.6,791.2,791.2,2171.2,4111.6,4110.6,2406.6,4111.6,4110.6,527.8,522.8,262.4,10316,1558.4,5228,16432,1799.8,791.2,12860,0x6A2B08DF
3171,0,725365,725.365,0,0,OK,4628.2,4619.2,4619.2,4619.2,4619.2,4619.2,4619.2,4619.2,4619.2,0.00,4619.2,4619.2,4619.2,231.76,1031.6,1031.6,791.2,2171.2,2407.6,4111.6,2406.6,2407.6,4111.6,517.8,262.4,512.8,5308,1558.4,2624,19036,1809.8,1282.0,7852,0x75966023
3172,0,725466,725.466,0,0,OK,4625.2,4619.2,4619.2,4619.2,4619.2,4619.2,4619.2,4619.2,4619.2,0.00,4619.2,4619.2,4619.2,232.76,1031.6,791.2,1031.6,2171.2,4111.6,2406.6,2407.6,4111.6,2406.6,769.2,272.4,512.8,7712,2049.2,5128,11424,2060.2,1282.0,7752,0x0B0F7CDA
3173,0,725568,725.568,0,0,OK,4621.2,4619.2,4619.2,4619.2,4619.2,4619.2,4619.2,4619.2,4619.2,0.00,4619.2,4619.2,4619.2,0.80,791.2,791.2,791.2,4105.6,4110.6,4110.6,4110.6,4110.6,4110.6,267.4,512.8,272.4,7912,2059.2,2724,13828,2060.2,1031.6,17928,0x09B59F21
3174,0,725670,725.670,0,0,OK,4621.2,4619.2,4619.2,4619.2,4619.2,4619.2,4619.2,4619.2,4619.2,0.00,4619.2,4619.2,4619.2,231.76,1031.6,791.2,1031.6,2171.2,4111.6,2406.6,2407.6,4111.6,2406.6,278.4,512.8,272.4,10316,1798.8,5228,16532,2050.2,1031.6,12920,0xDDF440BA
3175,0,725771,725.771,0,0,OK,4619.2,4619.2,4619.2,4619.2,4619.2,4619.2,4619.2,4619.2,4619.2,0.00,4619.2,4619.2,4619.2,231.76,1031.6,1031.6,1031.6,2171.2,2407.6,2407.6,2407.6,2407.6,2407.6,528.8,262.4,272.4,10316,2059.2,5228,14028,1559.4,1031.6,7852,0xF9F8F51E
3176,0,725873,725.873,0,0,OK,4621.2,4619.2,4619.2,4619.2,4619.2,4619.2,4619.2,4619.2,4619.2,0.00,4619.2,4619.2,4619.2,0.80,791.2,791.2,1031.6,4105.6,4110.6,2406.6,4111.6,4110.6,2406.6,528.8,272.4,522.8,7912,1798.8,5128,14028,2060.2,1031.6,7752,0xC079B80A
3177,0,725974,725.974,0,0,OK,4625.2,4619.2,4619.2,4619.2,4619.2,4619.2,4619.2,4619.2,4619.2,0.00,4619.2,4619.2,4619.2,232.76,791.2,1031.6,791.2,4105.6,2406.6,4111.6,4110.6,2406.6,4111.6,277.4,262.4,522.8,5308,1808.8,2724,13928,1559.4,1292.0,10316,0x6370CEAA
3178,0,726076,726.076,0,0,OK,4622.2,4619.2,4619.2,4619.2,4619.2,4619.2,4619.2,4619.2,4619.2,0.00,4619.2,4619.2,4619.2,232.76,1031.6,791.2,791.2,2171.2,4111.6,4110.6,2406.6,4111.6,4110.6,267.4,532.8,512.8,7712,1798.8,5128,19136,1809.8,1292.0,20732,0x9D0E1320
3179,0,726178,726.178,0,0,OK,4623.2,4619.2,4619.2,4619.2,4619.2,4619.2,4619.2,4619.2,4619.2,0.00,4619.2,4619.2,4619.2,231.76,1031.6,791.2,1031.6,2171.2,4111.6,2406.6,2407.6,4111.6,2406.6,268.4,532.8,532.8,5308,2049.2,5128,11424,2060.2,1282.0,15424,0x1065D9A6
3180,0,726279,726.279,0,0,OK,4628.2,4619.2,4619.2,4619.2,4619.2,4619.2,4619.2,4619.2,4619.2,0.00,4619.2,4619.2,4619.2,0.80,1031.6,1031.6,1031.6,2171.2,2407.6,2407.6,2407.6,2407.6,2407.6,528.8,512.8,532.8,10316,1808.8,5228,16432,2050.2,1282.0,2744,0xE97853AA
3181,0,726381,726.381,0,0,OK,4625.2,4619.2,4619.2,4619.2,4619.2,4619.2,4619.2,4619.2,4619.2,0.00,4619.2,4619.2,4619.2,231.76,791.2,791.2,1031.6,4105.6,4110.6,2406.6,4111.6,4110.6,2406.6,528.8,272.4,532.8,7812,2049.2,5128,11424,1809.8,1031.6,2644,0x47F22D37
3182,0,726482,726.482,0,0,OK,4621.2,4619.2,4619.2,4619.2,4619.2,4619.2,4619.2,4619.2,4619.2,0.00,4619.2,4619.2,4619.2,232.76,1031.6,1031.6,1031.6,2171.2,2407.6,2407.6,2407.6,2407.6,2407.6,268.4,532.8,262.4,5308,2049.2,5228,11424,1799.8,1041.6,12860,0xFEC35815
3183,0,726584,726.584,0,0,OK,4624.2,4619.2,4619.2,4619.2,4619.2,4619.2,4619.2,4619.2,4619.2,0.00,4619.2,4619.2,4619.2,231.76,1031.6,791.2,1031.6,2171.2,4111.6,2406.6,2407.6,4111.6,2406.6,769.2,512.8,522.8,7712,1558.4,5328,19136,1799.8,1031.6,7752,0x991D4A97
3184,0,726686,726.686,0,0,OK,4620.2,4619.2,4619.2,4619.2,4619.2,4619.2,4619.2,4619.2,4619.2,0.00,4619.2,4619.2,4619.2,231.76,1031.6,791.2,1031.6,2171.2,4111.6,2406.6,2407.6,4111.6,2406.6,528.8,262.4,532.8,7812,2059.2,5128,19036,2050.2,1031.6,13020,0xBDD8CDE6
3185,0,726787,726.787,0,0,OK,4627.2,4619.2,4619.2,4619.2,4619.2,4619.2,4619.2,4619.2,4619.2,0.00,4619.2,4619.2,4619.2,232.76,791.2,1031.6,1031.6,4105.6,2406.6,2407.6,4111.6,2406.6,2407.6,268.4,522.8,522.8,10316,2059.2,2724,13928,1809.8,791.2,5148,0x6489C74C
3186,0,726889,726.889,0,0,OK,4625.2,4619.2,4619.2,4619.2,4619.2,4619.2,4619.2,4619.2,4619.2,0.00,4619.2,4619.2,4619.2,231.76,791.2,1031.6,1031.6,4105.6,2406.6,2407.6,4111.6,2406.6,2407.6,278.4,512.8,522.8,7712,2049.2,5228,19036,2060.2,791.2,20732,0xF75C58E0
3187,0,726990,726.990,0,0,OK,4628.2,4619.2,4619.2,4619.2,4619.2,4619.2,4619.2,4619.2,4619.2,0.00,4619.2,4619.2,4619.2,231.76,1031.6,1031.6,1031.6,2171.2,2407.6,2407.6,2407.6,2407.6,2407.6,278.4,262.4,532.8,10316,1808.8,2724,19036,1799.8,791.2,15424,0xA8655E0E
3188,0,727092,727.092,0,0,OK,4621.2,4619.2,4619.2,4619.2,4619.2,4619.2,4619.2,4619.2,4619.2,0.00,4619.2,4619.2,4619.2,231.76,791.2,791.2,791.2,4105.6,4110.6,4110.6,4110.6,4110.6,4110.6,277.4,262.4,262.4,10316,1798.8,5128,14028,1799.8,1292.0,20732,0x611BDA0B
3189,0,727193,727.193,0,0,OK,4627.2,4619.2,4619.2,4619.2,4619.2,4619.2,4619.2,4619.2,4619.2,0.00,4619.2,4619.2,4619.2,232.76,1031.6,791.2,1031.6,2171.2,4111.6,2406.6,2407.6,4111.6,2406.6,518.8,262.4,522.8,7912,1558.4,2624,19036,2060.2,1292.0,240,0x015FDD18
3190,0,727295,727.295,0,0,OK,4621.2,4619.2,4619.2,4619.2,4619.2,4619.2,4619.2,4619.2,4619.2,0.00,4619.2,4619.2,4619.2,231.76,1031.6,1031.6,791.2,2171.2,2407.6,4111.6,2406.6,2407.6,4111.6,527.8,262.4,262.4,10316,2049.2,5228,11424,1809.8,791.2,18028,0xFFB0B0E2
3191,0,727397,727.397,0,0,OK,4620.2,4619.2,4619.2,4619.2,4619.2,4619.2,4619.2,4619.2,4619.2,0.00,4619.2,4619.2,4619.2,231.76,791.2,1031.6,791.2,4105.6,2406.6,4111.6,4110.6,2406.6,4111.6,277.4,512.8,512.8,7912,2059.2,2724,13928,1559.4,1282.0,20732,0x8646939D
3192,0,727498,727.498,0,0,OK,4625.2,4619.2,4619.2,4619.2,4619.2,4619.2,4619.2,4619.2,4619.2,0.00,4619.2,4619.2,4619.2,231.76,791.2,791.2,1031.6,4105.6,4110.6,2406.6,4111.6,4110.6,2406.6,278.4,272.4,272.4,7912,1558.4,2724,13928,1809.8,1292.0,2644,0xA8A2FFD7
3193,0,727600,727.600,0,0,OK,4626.2,4619.2,4619.2,4619.2,4619.2,4619.2,4619.2,4619.2,4619.2,0.00,4619.2,4619.2,4619.2,0.80,1031.6,1031.6,1031.6,2171.2,2407.6,2407.6,2407.6,2407.6,2407.6,528.8,512.8,272.4,5308,2049.2,5128,19136,1809.8,1031.6,140,0xF5D1EC41
3194,0,727701,727.701,0,0,OK,4625.2,4619.2,4619.2,4619.2,4619.2,4619.2,4619.2,4619.2,4619.2,0.00,4619.2,4619.2,4619.2,231.76,1031.6,791.2,791.2,2171.2,4111.6,4110.6,2406.6,4111.6,4110.6,768.2,532.8,272.4,7712,1558.4,5228,14028,2050.2,1041.6,23236,0x89C4253B
3195,0,727803,727.803,0,0,OK,4628.2,4619.2,4619.2,4619.2,4619.2,4619.2,4619.2,4619.2,4619.2,0.00,4619.2,4619.2,4619.2,0.80,791.2,1031.6,1031.6,4105.6,2406.6,2407.6,4111.6,2406.6,2407.6,278.4,532.8,262.4,7812,2049.2,5228,16532,1809.8,1292.0,17928,0xF2889A2A
3196,0,727905,727.905,0,0,OK,4625.2,4619.2,4619.2,4619.2,4619.2,4619.2,4619.2,4619.2,4619.2,0.00,4619.2,4619.2,4619.2,0.80,791.2,791.2,1031.6,4105.6,4110.6,2406.6,4111.6,4110.6,2406.6,769.2,272.4,512.8,7812,1798.8,5228,16532,1559.4,791.2,23136,0x3EA374E7
3197,0,728006,728.006,0,0,OK,4625.2,4619.2,4619.2,4619.2,4619.2,4619.2,4619.2,4619.2,4619.2,0.00,4619.2,4619.2,4619.2,0.80,1031.6,791.2,791.2,2171.2,4111.6,4110.6,2406.6,4111.6,4110.6,277.4,532.8,262.4,5308,1798.8,5228,13828,2050.2,1031.6,20732,0x6A5D4A94
3198,0,728108,728.108,0,0,OK,4619.2,4619.2,4619.2,4619.2,4619.2,4619.2,4619.2,4619.2,4619.2,0.00,4619.2,4619.2,4619.2,231.76,1031.6,1031.6,791.2,2171.2,2407.6,4111.6,2406.6,2407.6,4111.6,517.8,272.4,532.8,7712,1798.8,2724,16432,1809.8,1041.6,140,0xDC8C29D6
3199,0,728210,728.210,0,0,OK,4621.2,4619.2,4619.2,4619.2,4619.2,4619.2,4619.2,4619.2,4619.2,0.00,4619.2,4619.2,4619.2,232.76,1031.6,1031.6,791.2,2171.2,2407.6,4111.6,2406.6,2407.6,4111.6,768.2,272.4,532.8,7912,2059.2,5128,16532,1559.4,1031.6,10416,0x7E0A0B99
3200,0,728311,728.311,0,0,OK,4621.2,4619.2,4619.2,4619.2,4619.2,4619.2,4619.2,4619.2,4619.2,0.00,4619.2,4619.2,4619.2,231.76,1031.6,791.2,791.2,2171.2,4111.6,4110.6,2406.6,4111.6,4110.6,267.4,512.8,262.4,7712,1798.8,5228,16432,1809.8,1282.0,23136,0xBDED6BFA
3201,0,728413,728.413,0,0,OK,4624.2,4619.2,4619.2,4619.2,4619.2,4619.2,4619.2,4619.2,4619.2,0.00,4619.2,4619.2,4619.2,232.76,791.2,1031.6,791.2,4105.6,2406.6,4111.6,4110.6,2406.6,4111.6,527.8,522.8,272.4,7912,1558.4,5328,21540,2060.2,1041.6,7852,0x1B746983
3202,0,728514,728.514,0,0,OK,4625.2,4619.2,4619.2,4619.2,4619.2,4619.2,4619.2,4619.2,4619.2,0.00,4619.2,4619.2,4619.2,0.80,1031.6,791.2,791.2,2171.2,4111.6,4110.6,2406.6,4111.6,4110.6,277.4,512.8,522.8,7812,1798.8,5128,13828,1799.8,1041.6,18028,0x62C1E7AC
3203,0,728616,728.616,0,0,OK,4626.2,4619.2,4619.2,4619.2,4619.2,4619.2,4619.2,4619.2,4619.2,0.00,4619.2,4619.2,4619.2,232.76,1031.6,791.2,791.2,2171.2,4111.6,4110.6,2406.6,4111.6,4110.6,768.2,262.4,522.8,10316,1558.4,2724,19136,1809.8,1041.6,15524,0x5AB18A19
3204,0,728718,728.718,0,0,OK,4628.2,4619.2,4619.2,4619.2,4619.2,4619.2,4619.2,4619.2,4619.2,0.00,4619.2,4619.2,4619.2,232.76,1031.6,1031.6,1031.6,2171.2,2407.6,2407.6,2407.6,2407.6,2407.6,769.2,522.8,512.8,5308,2049.2,5228,13928,1809.8,791.2,17928,0xB4D88395
3205,0,728819,728.819,0,0,OK,4624.2,4619.2,4619.2,4619.2,4619.2,4619.2,4619.2,4619.2,4619.2,0.00,4619.2,4619.2,4619.2,0.80,791.2,791.2,1031.6,4105.6,4110.6,2406.6,4111.6,4110.6,2406.6,518.8,512.8,262.4,5308,2059.2,2624,14028,1809.8,791.2,10256,0xE2BD684A
3206,0,728921,728.921,0,0,OK,4627.2,4619.2,4619.2,4619.2,4619.2,4619.2,4619.2,4619.2,4619.2,0.00,4619.2,4619.2,4619.2,231.76,1031.6,1031.6,1031.6,2171.2,2407.6,2407.6,2407.6,2407.6,2407.6,769.2,532.8,272.4,5308,2059.2,2724,14028,1799.8,1282.0,12820,0x28969664
3207,0,729023,729.023,0,0,OK,4627.2,4619.2,4619.2,4619.2,4619.2,4619.2,4619.2,4619.2,4619.2,0.00,4619.2,4619.2,4619.2,232.76,1031.6,1031.6,1031.6,2171.2,2407.6,2407.6,2407.6,2407.6,2407.6,278.4,262.4,272.4,5308,1558.4,2624,11424,2050.2,1041.6,5248,0x4395600F
3208,0,729124,729.124,0,0,OK,4628.2,4619.2,4619.2,4619.2,4619.2,4619.2,4619.2,4619.2,4619.2,0.00,4619.2,4619.2,4619.2,231.76,1031.6,1031.6,791.2,2171.2,2407.6,4111.6,2406.6,2407.6,4111.6,527.8,532.8,522.8,10316,1798.8,2624,14028,1799.8,1031.6,2744,0xAF7DD943
3209,0,729226,729.226,0,0,OK,4624.2,4619.2,4619.2,4619.2,4619.2,4619.2,4619.2,4619.2,4619.2,0.00,4619.2,4619.2,4619.2,231.76,791.2,791.2,1031.6,4105.6,4110.6,2406.6,4111.6,4110.6,2406.6,268.4,532.8,532.8,5308,1558.4,5328,13928,1559.4,1292.0,10356,0x0789701F
3210,0,729328,729.328,0,0,OK,4619.2,4619.2,4619.2,4619.2,4619.2,4619.2,4619.2,4619.2,4619.2,0.00,4619.2,4619.2,4619.2,0.80,1031.6,791.2,791.2,2171.2,4111.6,4110.6,2406.6,4111.6,4110.6,527.8,262.4,262.4,5308,1808.8,2624,19036,1799.8,1282.0,13020,0x72044B39
3211,0,729429,729.429,0,0,OK,4619.2,4619.2,4619.2,4619.2,4619.2,4619.2,4619.2,4619.2,4619.2,0.00,4619.2,4619.2,4619.2,232.76,1031.6,791.2,1031.6,2171.2,4111.6,2406.6,2407.6,4111.6,2406.6,528.8,262.4,522.8,7712,2059.2,5128,13828,2050.2,791.2,23136,0x92149A87
3212,0,729531,729.531,0,0,OK,4622.2,4619.2,4619.2,4619.2,4619.2,4619.2,4619.2,4619.2,4619.2,0.00,4619.2,4619.2,4619.2,231.76,1031.6,791.2,1031.6,2171.2,4111.6,2406.6,2407.6,4111.6,2406.6,528.8,262.4,272.4,7712,1808.8,5228,19136,1799.8,1292.0,13020,0x2A9584E8
3213,0,729632,729.632,0,0,OK,4620.2,4619.2,4619.2,4619.2,4619.2,4619.2,4619.2,4619.2,4619.2,0.00,4619.2,4619.2,4619.2,232.76,791.2,1031.6,791.2,4105.6,2406.6,4111.6,4110.6,2406.6,4111.6,267.4,522.8,512.8,7712,1558.4,5228,16432,1559.4,1041.6,5348,0x3304D99B
3214,0,729734,729.734,0,0,OK,4627.2,4619.2,4619.2,4619.2,4619.2,4619.2,4619.2,4619.2,4619.2,0.00,4619.2,4619.2,4619.2,232.76,1031.6,1031.6,791.2,2171.2,2407.6,4111.6,2406.6,2407.6,4111.6,768.2,262.4,522.8,5308,1798.8,5228,16632,2050.2,1282.0,5348,0xDD6EBA8A
3215,0,729836,729.836,0,0,OK,4619.2,4619.2,4619.2,4619.2,4619.2,4619.2,4619.2,4619.2,4619.2,0.00,4619.2,4619.2,4619.2,231.76,1031.6,1031.6,791.2,2171.2,2407.6,4111.6,2406.6,2407.6,4111.6,517.8,262.4,522.8,7912,1558.4,2624,11424,2060.2,1292.0,12860,0xC373F60C
3216,0,729937,729.937,0,0,OK,4627.2,4619.2,4619.2,4619.2,4619.2,4619.2,4619.2,4619.2,4619.2,0.00,4619.2,4619.2,4619.2,231.76,791.2,1031.6,791.2,4105.6,2406.6,4111.6,4110.6,2406.6,4111.6,517.8,512.8,522.8,7912,2049.2,5228,16432,2060.2,791.2,18128,0x1280FDFD
3217,0,730039,730.039,0,0,OK,4619.2,4619.2,4619.2,4619.2,4619.2,4619.2,4619.2,4619.2,4619.2,0.00,4619.2,4619.2,4619.2,0.80,791.2,1031.6,1031.6,4105.6,2406.6,2407.6,4111.6,2406.6,2407.6,528.8,262.4,512.8,7812,2059.2,5328,13828,1809.8,1282.0,5248,0xD2953501
3218,0,730141,730.141,0,0,OK,4623.2,4619.2,4619.2,4619.2,4619.2,4619.2,4619.2,4619.2,4619.2,0.00,4619.2,4619.2,4619.2,231.76,791.2,1031.6,1031.6,4105.6,2406.6,2407.6,4111.6,2406.6,2407.6,518.8,272.4,272.4,7712,1558.4,5228,16432,2060.2,1031.6,5348,0x49919F02
3219,0,730242,730.242,0,0,OK,4628.2,4619.2,4619.2,4619.2,4619.2,4619.2,4619.2,4619.2,4619.2,0.00,4619.2,4619.2,4619.2,232.76,1031.6,791.2,1031.6,2171.2,4111.6,2406.6,2407.6,4111.6,2406.6,268.4,522.8,512.8,5308,2059.2,5228,16532,2060.2,1282.0,12820,0x27BA762D
3220,0,730344,730.344,0,0,OK,4619.2,4619.2,4619.2,4619.2,4619.2,4619.2,4619.2,4619.2,4619.2,0.00,4619.2,4619.2,4619.2,231.76,1031.6,791.2,791.2,2171.2,4111.6,4110.6,2406.6,4111.6,4110.6,517.8,522.8,512.8,10316,2049.2,2624,21540,2060.2,1292.0,5248,0xB26136AC
3221,0,730446,730.446,0,0,OK,4626.2,4619.2,4619.2,4619.2,4619.2,4619.2,4619.2,4619.2,4619.2,0.00,4619.2,4619.2,4619.2,232.76,791.2,791.2,1031.6,4105.6,4110.6,2406.6,4111.6,4110.6,2406.6,518.8,532.8,532.8,5308,2049.2,5328,16632,2060.2,1041.6,7852,0x0BA2EAF4
3222,0,730547,730.547,0,0,OK,4626.2,4619.2,4619.2,4619.2,4619.2,4619.2,4619.2,4619.2,4619.2,0.00,4619.2,4619.2,4619.2,231.76,791.2,1031.6,1031.6,4105.6,2406.6,2407.6,4111.6,2406.6,2407.6,528.8,532.8,522.8,7812,1798.8,5128,16632,1799.8,791.2,7852,0x2F9D4891
3223,0,730649,730.649,0,0,OK,4623.2,4619.2,4619.2,4619.2,4619.2,4619.2,4619.2,4619.2,4619.2,0.00,4619.2,4619.2,4619.2,231.76,1031.6,1031.6,1031.6,2171.2,2407.6,2407.6,2407.6,2407.6,2407.6,769.2,272.4,532.8,10316,1558.4,2724,16532,2050.2,1282.0,7912,0xFA9CD4A9
3224,0,730750,730.750,0,0,OK,4621.2,4619.2,4619.2,4619.2,4619.2,4619.2,4619.2,4619.2,4619.2,0.00,4619.2,4619.2,4619.2,231.76,791.2,1031.6,1031.6,4105.6,2406.6,2407.6,4111.6,2406.6,2407.6,769.2,522.8,512.8,7712,1808.8,5228,16432,1559.4,1282.0,5148,0xBF0A50F7
3225,0,730852,730.852,0,0,OK,4626.2,4619.2,4619.2,4619.2,4619.2,4619.2,4619.2,4619.2,4619.2,0.00,4619.2,4619.2,4619.2,231.76,1031.6,1031.6,1031.6,2171.2,2407.6,2407.6,2407.6,2407.6,2407.6,769.2,532.8,512.8,7712,1558.4,5228,19136,2060.2,1031.6,40,0x653433D2
3226,0,730954,730.954,0,0,OK,4626.2,4619.2,4619.2,4619.2,4619.2,4619.2,4619.2,4619.2,4619.2,0.00,4619.2,4619.2,4619.2,0.80,791.2,791.2,1031.6,4105.6,4110.6,2406.6,4111.6,4110.6,2406.6,528.8,262.4,532.8,7812,1808.8,2724,13828,1559.4,1292.0,7912,0xC1692A43
3227,0,731055,731.055,0,0,OK,4624.2,4619.2,4619.2,4619.2,4619.2,4619.2,4619.2,4619.2,4619.2,0.00,4619.2,4619.2,4619.2,0.80,1031.6,1031.6,791.2,2171.2,2407.6,4111.6,2406.6,2407.6,4111.6,267.4,272.4,532.8,7912,1808.8,2624,19136,1799.8,1031.6,12860,0xAB572752
3228,0,731157,731.157,0,0,OK,4619.2,4619.2,4619.2,4619.2,4619.2,4619.2,4619.2,4619.2,4619.2,0.00,4619.2,4619.2,4619.2,0.80,1031.6,791.2,791.2,2171.2,4111.6,4110.6,2406.6,4111.6,4110.6,517.8,522.8,522.8,5308,1808.8,2724,11424,2050.2,1031.6,240,0xDC1A39B5
3229,0,731259,731.259,0,0,OK,4621.2,4619.2,4619.2,4619.2,4619.2,4619.2,4619.2,4619.2,4619.2,0.00,4619.2,4619.2,4619.2,231.76,791.2,1031.6,1031.6,4105.6,2406.6,2407.6,4111.6,2406.6,2407.6,518.8,522.8,512.8,5308,1808.8,2624,14028,1809.8,1292.0,7912,0x3B0270E3
3230,0,731360,731.360,0,0,OK,4625.2,4619.2,4619.2,4619.2,4619.2,4619.2,4619.2,4619.2,4619.2,0.00,4619.2,4619.2,4619.2,0.80,791.2,791.2,791.2,4105.6,4110.6,4110.6,4110.6,4110.6,4110.6,527.8,532.8,272.4,10316,1808.8,5328,19136,1559.4,1292.0,23136,0xA9D3E120
3231,0,731462,731.462,0,0,OK,4621.2,4619.2,4619.2,4619.2,4619.2,4619.2,4619.2,4619.2,4619.2,0.00,4619.2,4619.2,4619.2,231.76,1031.6,791.2,1031.6,2171.2,4111.6,2406.6,2407.6,4111.6,2406.6,278.4,522.8,522.8,7712,2049.2,5128,16432,1809.8,791.2,23236,0x9A5EDCEF
3232,0,731564,731.564,0,0,OK,4625.2,4619.2,4619.2,4619.2,4619.2,4619.2,4619.2,4619.2,4619.2,0.00,4619.2,4619.2,4619.2,232.76,791.2,791.2,791.2,4105.6,4110.6,4110.6,4110.6,4110.6,4110.6,517.8,532.8,532.8,7712,1558.4,5128,11424,1559.4,1282.0,10316,0x425135A9
3233,0,731665,731.665,0,0,OK,4628.2,4619.2,4619.2,4619.2,4619.2,4619.2,4619.2,4619.2,4619.2,0.00,4619.2,4619.2,4619.2,231.76,791.2,791.2,791.2,4105.6,4110.6,4110.6,4110.6,4110.6,4110.6,517.8,532.8,272.4,7912,1798.8,2724,16632,1809.8,791.2,18128,0x1C53A82E
3234,0,731767,731.767,0,0,OK,4620.2,4619.2,4619.2,4619.2,4619.2,4619.2,4619.2,4619.2,4619.2,0.00,4619.2,4619.2,4619.2,0.80,791.2,1031.6,1031.6,4105.6,2406.6,2407.6,4111.6,2406.6,2407.6,268.4,532.8,532.8,5308,2059.2,5328,16432,2060.2,1292.0,18128,0x5555BE8D
3235,0,731868,731.868,0,0,OK,4624.2,4619.2,4619.2,4619.2,4619.2,4619.2,4619.2,4619.2,4619.2,0.00,4619.2,4619.2,4619.2,231.76,791.2,1031.6,791.2,4105.6,2406.6,4111.6,4110.6,2406.6,4111.6,277.4,512.8,522.8,10316,1798.8,5128,16632,1799.8,1282.0,2644,0x8B39E4DB
3236,0,731970,731.970,0,0,OK,4619.2,4619.2,4619.2,4619.2,4619.2,4619.2,4619.2,4619.2,4619.2,0.00,4619.2,4619.2,4619.2,232.76,1031.6,791.2,1031.6,2171.2,4111.6,2406.6,2407.6,4111.6,2406.6,518.8,532.8,512.8,7912,2049.2,2724,11424,2050.2,791.2,7852,0xC2F883FE
3237,0,732072,732.072,0,0,OK,4625.2,4619.2,4619.2,4619.2,4619.2,4619.2,4619.2,4619.2,4619.2,0.00,4619.2,4619.2,4619.2,0.80,791.2,1031.6,1031.6,4105.6,2406.6,2407.6,4111.6,2406.6,2407.6,769.2,512.8,522.8,5308,1798.8,2724,19036,2060.2,1282.0,15524,0x83AAE7CB
3238,0,732173,732.173,0,0,OK,4627.2,4619.2,4619.2,4619.2,4619.2,4619.2,4619.2,4619.2,4619.2,0.00,4619.2,4619.2,4619.2,0.80,1031.6,791.2,791.2,2171.2,4111.6,4110.6,2406.6,4111.6,4110.6,267.4,512.8,272.4,7812,1808.8,2624,16632,1799.8,1282.0,7852,0x932C826C
3239,0,732275,732.275,0,0,OK,4622.2,4619.2,4619.2,4619.2,4619.2,4619.2,4619.2,4619.2,4619.2,0.00,4619.2,4619.2,4619.2,231.76,791.2,1031.6,791.2,4105.6,2406.6,4111.6,4110.6,2406.6,4111.6,517.8,272.4,272.4,7912,1798.8,5228,19036,2050.2,791.2,7752,0x73FE16BE
3240,0,732377,732.377,0,0,OK,4623.2,4619.2,4619.2,4619.2,4619.2,4619.2,4619.2,4619.2,4619.2,0.00,4619.2,4619.2,4619.2,231.76,1031.6,791.2,1031.6,2171.2,4111.6,2406.6,2407.6,4111.6,2406.6,769.2,262.4,262.4,7912,1808.8,2724,13828,2050.2,1292.0,17928,0x65C91BE4
3241,0,732478,732.478,0,0,OK,4626.2,4619.2,4619.2,4619.2,4619.2,4619.2,4619.2,4619.2,4619.2,0.00,4619.2,4619.2,4619.2,232.76,791.2,791.2,1031.6,4105.6,4110.6,2406.6,4111.6,4110.6,2406.6,278.4,522.8,272.4,7712,2059.2,2624,14028,1799.8,1041.6,7852,0x5FBA59E4
3242,0,732580,732.580,0,0,OK,4619.2,4619.2,4619.2,4619.2,4619.2,4619.2,4619.2,4619.2,4619.2,0.00,4619.2,4619.2,4619.2,231.76,791.2,1031.6,791.2,4105.6,2406.6,4111.6,4110.6,2406.6,4111.6,768.2,522.8,522.8,7712,1798.8,2724,21540,1809.8,1041.6,12820,0x4BA8CF48
3243,0,732682,732.682,0,0,OK,4619.2,4619.2,4619.2,4619.2,4619.2,4619.2,4619.2,4619.2,4619.2,0.00,4619.2,4619.2,4619.2,0.80,1031.6,1031.6,1031.6,2171.2,2407.6,2407.6,2407.6,2407.6,2407.6,268.4,512.8,272.4,7912,2049.2,5128,11424,1809.8,1292.0,20532,0x75C570A2
3244,0,732783,732.783,0,0,OK,4624.2,4619.2,4619.2,4619.2,4619.2,4619.2,4619.2,4619.2,4619.2,0.00,4619.2,4619.2,4619.2,231.76,791.2,791.2,1031.6,4105.6,4110.6,2406.6,4111.6,4110.6,2406.6,278.4,522.8,512.8,10316,1808.8,2624,13828,1809.8,1031.6,18028,0x90CEEFD7
3245,0,732885,732.885,0,0,OK,4626.2,4619.2,4619.2,4619.2,4619.2,4619.2,4619.2,4619.2,4619.2,0.00,4619.2,4619.2,4619.2,231.76,791.2,1031.6,1031.6,4105.6,2406.6,2407.6,4111.6,2406.6,2407.6,278.4,522.8,532.8,10316,1798.8,5228,14028,2060.2,1041.6,20532,0xBDE5CEED
3246,0,732987,732.987,0,0,OK,4622.2,4619.2,4619.2,4619.2,4619.2,4619.2,4619.2,4619.2,4619.2,0.00,4619.2,4619.2,4619.2,232.76,1031.6,1031.6,791.2,2171.2,2407.6,4111.6,2406.6,2407.6,4111.6,277.4,272.4,532.8,5308,1798.8,2624,13928,1809.8,791.2,2644,0x00AAAC4A
3247,0,733088,733.088,0,0,OK,4619.2,4619.2,4619.2,4619.2,4619.2,4619.2,4619.2,4619.2,4619.2,0.00,4619.2,4619.2,4619.2,232.76,1031.6,791.2,1031.6,2171.2,4111.6,2406.6,2407.6,4111.6,2406.6,518.8,272.4,532.8,5308,2059.2,5128,13828,2060.2,1041.6,5348,0x2791F146
3248,0,733190,733.190,0,0,OK,4621.2,4619.2,4619.2,4619.2,4619.2,4619.2,4619.2,4619.2,4619.2,0.00,4619.2,4619.2,4619.2,0.80,791.2,1031.6,791.2,4105.6,2406.6,4111.6,4110.6,2406.6,4111.6,267.4,272.4,522.8,7812,2059.2,2624,14028,1799.8,1041.6,5348,0x1CF78728
3249,0,733292,733.292,0,0,OK,4624.2,4619.2,4619.2,4619.2,4619.2,4619.2,4619.2,4619.2,4619.2,0.00,4619.2,4619.2,4619.2,231.76,791.2,1031.6,791.2,4105.6,2406.6,4111.6,4110.6,2406.6,4111.6,768.2,512.8,522.8,7812,1558.4,5328,21540,1809.8,1041.6,140,0x267A001E
3250,0,733393,733.393,0,0,OK,4623.2,4619.2,4619.2,4619.2,4619.2,4619.2,4619.2,4619.2,4619.2,0.00,4619.2,4619.2,4619.2,232.76,1031.6,1031.6,791.2,2171.2,2407.6,4111.6,2406.6,2407.6,4111.6,517.8,272.4,522.8,5308,1798.8,2724,14028,1799.8,791.2,12920,0x53441589
3251,0,733495,733.495,0,0,OK,4626.2,4619.2,4619.2,4619.2,4619.2,4619.2,4619.2,4619.2,4619.2,0.00,4619.2,4619.2,4619.2,232.76,791.2,791.2,791.2,4105.6,4110.6,4110.6,4110.6,4110.6,4110.6,277.4,512.8,512.8,7812,1808.8,5328,13828,2060.2,1292.0,20532,0x39E54FE1
3252,0,733596,733.596,0,0,OK,4621.2,4619.2,4619.2,4619.2,4619.2,4619.2,4619.2,4619.2,4619.2,0.00,4619.2,4619.2,4619.2,231.76,1031.6,1031.6,791.2,2171.2,2407.6,4111.6,2406.6,2407.6,4111.6,517.8,522.8,532.8,10316,2049.2,5228,16632,2060.2,1282.0,12820,0x51F6DF44
3253,0,733698,733.698,0,0,OK,4620.2,4619.2,4619.2,4619.2,4619.2,4619.2,4619.2,4619.2,4619.2,0.00,4619.2,4619.2,4619.2,232.76,1031.6,791.2,791.2,2171.2,4111.6,4110.6,2406.6,4111.6,4110.6,517.8,272.4,532.8,5308,2049.2,5128,11424,1799.8,791.2,10456,0x824EBDA2
3254,0,733800,733.800,0,0,OK,4628.2,4619.2,4619.2,4619.2,4619.2,4619.2,4619.2,4619.2,4619.2,0.00,4619.2,4619.2,4619.2,231.76,791.2,791.2,791.2,4105.6,4110.6,4110.6,4110.6,4110.6,4110.6,527.8,262.4,532.8,7812,1798.8,5228,19036,1799.8,1282.0,12920,0xDA7CC331
3255,0,733902,733.902,0,0,OK,4626.2,4619.2,4619.2,4619.2,4619.2,4619.2,4619.2,4619.2,4619.2,0.00,4619.2,4619.2,4619.2,231.76,1031.6,791.2,1031.6,2171.2,4111.6,2406.6,2407.6,4111.6,2406.6,528.8,512.8,262.4,7912,1808.8,2624,16532,1559.4,1282.0,7752,0x5EAC2700
3256,0,734003,734.003,0,0,OK,4620.2,4619.2,4619.2,4619.2,4619.2,4619.2,4619.2,4619.2,4619.2,0.00,4619.2,4619.2,4619.2,231.76,1031.6,1031.6,1031.6,2171.2,2407.6,2407.6,2407.6,2407.6,2407.6,769.2,512.8,522.8,7912,1558.4,2624,21540,2060.2,791.2,18128,0xA710503B
3257,0,734105,734.105,0,0,OK,4625.2,4619.2,4619.2,4619.2,4619.2,4619.2,4619.2,4619.2,4619.2,0.00,4619.2,4619.2,4619.2,232.76,791.2,791.2,791.2,4105.6,4110.6,4110.6,4110.6,4110.6,4110.6,527.8,272.4,522.8,7812,1808.8,5328,19136,2060.2,1041.6,5248,0x30ED9212
3258,0,734207,734.207,0,0,OK,4626.2,4619.2,4619.2,4619.2,4619.2,4619.2,4619.2,4619.2,4619.2,0.00,4619.2,4619.2,4619.2,231.76,1031.6,791.2,1031.6,2171.2,4111.6,2406.6,2407.6,4111.6,2406.6,769.2,512.8,522.8,7912,1808.8,2624,21540,2060.2,1031.6,10456,0xA0651498
3259,0,734308,734.308,0,0,OK,4627.2,4619.2,4619.2,4619.2,4619.2,4619.2,4619.2,4619.2,4619.2,0.00,4619.2,4619.2,4619.2,231.76,1031.6,1031.6,1031.6,2171.2,2407.6,2407.6,2407.6,2407.6,2407.6,518.8,522.8,532.8,10316,1798.8,5128,11424,1559.4,791.2,13020,0x678516B0
3260,0,734410,734.410,0,0,OK,4621.2,4619.2,4619.2,4619.2,4619.2,4619.2,4619.2,4619.2,4619.2,0.00,4619.2,4619.2,4619.2,232.76,1031.6,1031.6,1031.6,2171.2,2407.6,2407.6,2407.6,2407.6,2407.6,518.8,522.8,522.8,10316,1558.4,5328,16532,1799.8,1282.0,18128,0x8AA8FF4C
3261,0,734511,734.511,0,0,OK,4622.2,4619.2,4619.2,4619.2,4619.2,4619.2,4619.2,4619.2,4619.2,0.00,4619.2,4619.2,4619.2,232.76,1031.6,1031.6,791.2,2171.2,2407.6,4111.6,2406.6,2407.6,4111.6,768.2,522.8,512.8,7812,2059.2,5128,19036,1559.4,1031.6,10356,0x79FFDFC7
3262,0,734613,734.613,0,0,OK,4619.2,4619.2,4619.2,4619.2,4619.2,4619.2,4619.2,4619.2,4619.2,0.00,4619.2,4619.2,4619.2,232.76,791.2,791.2,1031.6,4105.6,4110.6,2406.6,4111.6,4110.6,2406.6,769.2,262.4,512.8,10316,1808.8,5228,16432,1559.4,791.2,18128,0x70495395
3263,0,734715,734.715,0,0,OK,4625.2,4619.2,4619.2,4619.2,4619.2,4619.2,4619.2,4619.2,4619.2,0.00,4619.2,4619.2,4619.2,232.76,1031.6,1031.6,791.2,2171.2,2407.6,4111.6,2406.6,2407.6,4111.6,267.4,262.4,512.8,7912,1798.8,5328,14028,2060.2,791.2,2744,0xEDD95E29
3264,0,734816,734.816,0,0,OK,4626.2,4619.2,4619.2,4619.2,4619.2,4619.2,4619.2,4619.2,4619.2,0.00,4619.2,4619.2,4619.2,0.80,1031.6,1031.6,1031.6,2171.2,2407.6,2407.6,2407.6,2407.6,2407.6,278.4,272.4,262.4,7712,1808.8,5328,16632,1809.8,1031.6,18028,0x6566B7C5
3265,0,734918,734.918,0,0,OK,4627.2,4619.2,4619.2,4619.2,4619.2,4619.2,4619.2,4619.2,4619.2,0.00,4619.2,4619.2,4619.2,231.76,791.2,1031.6,791.2,4105.6,2406.6,4111.6,4110.6,2406.6,4111.6,267.4,272.4,272.4,7912,2059.2,5128,16532,1799.8,1041.6,12820,0x5D1D5C7E
3266,0,735020,735.020,0,0,OK,4619.2,4619.2,4619.2,4619.2,4619.2,4619.2,4619.2,4619.2,4619.2,0.00,4619.2,4619.2,4619.2,0.80,791.2,791.2,791.2,4105.6,4110.6,4110.6,4110.6,4110.6,4110.6,277.4,272.4,272.4,7912,2059.2,5128,16432,2050.2,1041.6,5248,0xACF16DCD
3267,0,735121,735.121,0,0,OK,4624.2,4619.2,4619.2,4619.2,4619.2,4619.2,4619.2,4619.2,4619.2,0.00,4619.2,4619.2,4619.2,231.76,791.2,791.2,1031.6,4105.6,4110.6,2406.6,4111.6,4110.6,2406.6,278.4,522.8,262.4,5308,1798.8,5328,19136,1799.8,791.2,5248,0x5A6EE7F0
3268,0,735223,735.223,0,0,OK,4627.2,4619.2,4619.2,4619.2,4619.2,4619.2,4619.2,4619.2,4619.2,0.00,4619.2,4619.2,4619.2,0.80,791.2,791.2,1031.6,4105.6,4110.6,2406.6,4111.6,4110.6,2406.6,278.4,532.8,272.4,10316,2049.2,5228,13928,2050.2,1292.0,240,0x53D950C3
3269,0,735325,735.325,0,0,OK,4621.2,4619.2,4619.2,4619.2,4619.2,4619.2,4619.2,4619.2,4619.2,0.00,4619.2,4619.2,4619.2,231.76,1031.6,791.2,791.2,2171.2,4111.6,4110.6,2406.6,4111.6,4110.6,277.4,272.4,262.4,10316,1558.4,2724,14028,1559.4,1041.6,5148,0xE79ACCFD
3270,0,735426,735.426,0,0,OK,4625.2,4619.2,4619.2,4619.2,4619.2,4619.2,4619.2,4619.2,4619.2,0.00,4619.2,4619.2,4619.2,232.76,1031.6,791.2,1031.6,2171.2,4111.6,2406.6,2407.6,4111.6,2406.6,528.8,272.4,512.8,7812,1558.4,5128,19136,2050.2,791.2,20732,0xA281C992
3271,0,735528,735.528,0,0,OK,4625.2,4619.2,4619.2,4619.2,4619.2,4619.2,4619.2,4619.2,4619.2,0.00,4619.2,4619.2,4619.2,231.76,791.2,791.2,791.2,4105.6,4110.6,4110.6,4110.6,4110.6,4110.6,527.8,532.8,272.4,7712,1808.8,2624,14028,1559.4,1282.0,10316,0xDFD094D1
3272,0,735630,735.630,0,0,OK,4620.2,4619.2,4619.2,4619.2,4619.2,4619.2,4619.2,4619.2,4619.2,0.00,4619.2,4619.2,4619.2,0.80,791.2,1031.6,1031.6,4105.6,2406.6,2407.6,4111.6,2406.6,2407.6,528.8,522.8,522.8,7712,2059.2,5228,13828,1559.4,1282.0,10256,0x57C29B2A
3273,0,735731,735.731,0,0,OK,4624.2,4619.2,4619.2,4619.2,4619.2,4619.2,4619.2,4619.2,4619.2,0.00,4619.2,4619.2,4619.2,0.80,791.2,791.2,791.2,4105.6,4110.6,4110.6,4110.6,4110.6,4110.6,517.8,262.4,272.4,7712,1798.8,5228,13828,1559.4,1031.6,2744,0x4CE3E61D
3274,0,735833,735.833,0,0,OK,4621.2,4619.2,4619.2,4619.2,4619.2,4619.2,4619.2,4619.2,4619.2,0.00,4619.2,4619.2,4619.2,232.76,791.2,1031.6,1031.6,4105.6,2406.6,2407.6,4111.6,2406.6,2407.6,769.2,522.8,532.8,5308,2059.2,2724,14028,2050.2,1292.0,2744,0x6175BE96
3275,0,735934,735.934,0,0,OK,4620.2,4619.2,4619.2,4619.2,4619.2,4619.2,4619.2,4619.2,4619.2,0.00,4619.2,4619.2,4619.2,232.76,1031.6,1031.6,791.2,2171.2,2407.6,4111.6,2406.6,2407.6,4111.6,768.2,512.8,272.4,10316,1558.4,2624,19136,1809.8,1031.6,15424,0x6C995AE4
3276,0,736036,736.036,0,0,OK,4626.2,4619.2,4619.2,4619.2,4619.2,4619.2,4619.2,4619.2,4619.2,0.00,4619.2,4619.2,4619.2,0.80,1031.6,791.2,1031.6,2171.2,4111.6,2406.6,2407.6,4111.6,2406.6,268.4,532.8,262.4,10316,1798.8,5128,19136,2060.2,791.2,5248,0x22682C84
3277,0,736138,736.138,0,0,OK,4623.2,4619.2,4619.2,4619.2,4619.2,4619.2,4619.2,4619.2,4619.2,0.00,4619.2,4619.2,4619.2,0.80,791.2,791.2,1031.6,4105.6,4110.6,2406.6,4111.6,4110.6,2406.6,769.2,532.8,522.8,7812,1558.4,2724,21540,1559.4,1292.0,20532,0xEA117A57
3278,0,736239,736.239,0,0,OK,4628.2,4619.2,4619.2,4619.2,4619.2,4619.2,4619.2,4619.2,4619.2,0.00,4619.2,4619.2,4619.2,232.76,791.2,1031.6,1031.6,4105.6,2406.6,2407.6,4111.6,2406.6,2407.6,518.8,262.4,532.8,7712,2059.2,2724,16432,1809.8,1292.0,20532,0x806370D0
3279,0,736341,736.341,0,0,OK,4622.2,4619.2,4619.2,4619.2,4619.2,4619.2,4619.2,4619.2,4619.2,0.00,4619.2,4619.2,4619.2,232.76,1031.6,791.2,791.2,2171.2,4111.6,4110.6,2406.6,4111.6,4110.6,768.2,272.4,532.8,5308,1808.8,5228,19036,1559.4,1031.6,23136,0xC3559E7E
3280,0,736443,736.443,0,0,OK,4624.2,4619.2,4619.2,4619.2,4619.2,4619.2,4619.2,4619.2,4619.2,0.00,4619.2,4619.2,4619.2,0.80,1031.6,1031.6,1031.6,2171.2,2407.6,2407.6,2407.6,2407.6,2407.6,268.4,512.8,532.8,7712,2049.2,2724,11424,2050.2,1292.0,15424,0xC8947D66
3281,0,736544,736.544,0,0,OK,4619.2,4619.2,4619.2,4619.2,4619.2,4619.2,4619.2,4619.2,4619.2,0.00,4619.2,4619.2,4619.2,0.80,1031.6,1031.6,791.2,2171.2,2407.6,4111.6,2406.6,2407.6,4111.6,768.2,512.8,522.8,10316,2059.2,5228,19136,1559.4,1282.0,10456,0x4261AFB4
3282,0,736646,736.646,0,0,OK,4625.2,4619.2,4619.2,4619.2,4619.2,4619.2,4619.2,4619.2,4619.2,0.00,4619.2,4619.2,4619.2,232.76,791.2,1031.6,791.2,4105.6,2406.6,4111.6,4110.6,2406.6,4111.6,277.4,512.8,272.4,5308,2049.2,2724,14028,1559.4,1292.0,5148,0xB6383B1C
3283,0,736747,736.747,0,0,OK,4627.2,4619.2,4619.2,4619.2,4619.2,4619.2,4619.2,4619.2,4619.2,0.00,4619.2,4619.2,4619.2,231.76,791.2,791.2,791.2,4105.6,4110.6,4110.6,4110.6,4110.6,4110.6,768.2,272.4,272.4,7712,1798.8,5128,21540,1559.4,791.2,5148,0x765CF01F
3284,0,736849,736.849,0,0,OK,4621.2,4619.2,4619.2,4619.2,4619.2,4619.2,4619.2,4619.2,4619.2,0.00,4619.2,4619.2,4619.2,0.80,1031.6,1031.6,1031.6,2171.2,2407.6,2407.6,2407.6,2407.6,2407.6,278.4,272.4,262.4,5308,1558.4,2624,14028,2060.2,791.2,10456,0x16382969
3285,0,736951,736.951,0,0,OK,4620.2,4619.2,4619.2,4619.2,4619.2,4619.2,4619.2,4619.2,4619.2,0.00,4619.2,4619.2,4619.2,232.76,791.2,1031.6,791.2,4105.6,2406.6,4111.6,4110.6,2406.6,4111.6,768.2,532.8,522.8,10316,1558.4,2724,13828,2050.2,1292.0,7912,0x7AB0484D
3286,0,737052,737.052,0,0,OK,4623.2,4619.2,4619.2,4619.2,4619.2,4619.2,4619.2,4619.2,4619.2,0.00,4619.2,4619.2,4619.2,232.76,791.2,791.2,1031.6,4105.6,4110.6,2406.6,4111.6,4110.6,2406.6,769.2,532.8,532.8,7812,1798.8,5328,16532,2060.2,791.2,5348,0xBBA5515A
3287,0,737154,737.154,0,0,OK,4621.2,4619.2,4619.2,4619.2,4619.2,4619.2,4619.2,4619.2,4619.2,0.00,4619.2,4619.2,4619.2,231.76,791.2,1031.6,1031.6,4105.6,2406.6,2407.6,4111.6,2406.6,2407.6,518.8,532.8,522.8,7712,1808.8,5128,14028,2050.2,1292.0,10456,0x76D0A2C2
3288,0,737256,737.256,0,0,OK,4624.2,4619.2,4619.2,4619.2,4619.2,4619.2,4619.2,4619.2,4619.2,0.00,4619.2,4619.2,4619.2,0.80,1031.6,791.2,791.2,2171.2,4111.6,4110.6,2406.6,4111.6,4110.6,517.8,522.8,262.4,10316,1798.8,2724,11424,2060.2,1282.0,13020,0xB6160466
3289,0,737357,737.357,0,0,OK,4625.2,4619.2,4619.2,4619.2,4619.2,4619.2,4619.2,4619.2,4619.2,0.00,4619.2,4619.2,4619.2,231.76,1031.6,1031.6,791.2,2171.2,2407.6,4111.6,2406.6,2407.6,4111.6,527.8,532.8,262.4,7812,1558.4,5128,19036,1809.8,1292.0,2644,0xBDB8CCB6
3290,0,737459,737.459,0,0,OK,4626.2,4619.2,4619.2,4619.2,4619.2,4619.2,4619.2,4619.2,4619.2,0.00,4619.2,4619.2,4619.2,0.80,1031.6,791.2,791.2,2171.2,4111.6,4110.6,2406.6,4111.6,4110.6,517.8,532.8,272.4,7912,1558.4,2624,16632,1559.4,1041.6,10356,0x15A10230
3291,0,737560,737.560,0,0,OK,4625.2,4619.2,4619.2,4619.2,4619.2,4619.2,4619.2,4619.2,4619.2,0.00,4619.2,4619.2,4619.2,0.80,791.2,1031.6,1031.6,4105.6,2406.6,2407.6,4111.6,2406.6,2407.6,528.8,532.8,532.8,10316,1808.8,5228,21540,1799.8,791.2,23236,0x54727A39
3292,0,737662,737.662,0,0,OK,4626.2,4619.2,4619.2,4619.2,4619.2,4619.2,4619.2,4619.2,4619.2,0.00,4619.2,4619.2,4619.2,0.80,791.2,1031.6,791.2,4105.6,2406.6,4111.6,4110.6,2406.6,4111.6,517.8,522.8,262.4,7912,1808.8,5328,16632,1559.4,1282.0,2744,0xBD286A66
3293,0,737764,737.764,0,0,OK,4624.2,4619.2,4619.2,4619.2,4619.2,4619.2,4619.2,4619.2,4619.2,0.00,4619.2,4619.2,4619.2,231.76,1031.6,1031.6,1031.6,2171.2,2407.6,2407.6,2407.6,2407.6,2407.6,518.8,272.4,532.8,7712,2059.2,5128,21540,1799.8,1031.6,10256,0xF66C6D4A
3294,0,737865,737.865,0,0,OK,4628.2,4619.2,4619.2,4619.2,4619.2,4619.2,4619.2,4619.2,4619.2,0.00,4619.2,4619.2,4619.2,0.80,1031.6,791.2,1031.6,2171.2,4111.6,2406.6,2407.6,4111.6,2406.6,769.2,532.8,262.4,7712,1798.8,5228,19136,1559.4,791.2,5348,0x53436001
3295,0,737967,737.967,0,0,OK,4621.2,4619.2,4619.2,4619.2,4619.2,4619.2,4619.2,4619.2,4619.2,0.00,4619.2,4619.2,4619.2,232.76,1031.6,1031.6,791.2,2171.2,2407.6,4111.6,2406.6,2407.6,4111.6,527.8,272.4,532.8,7912,1558.4,5328,11424,1799.8,1292.0,5248,0xC3665CF5
3296,0,738069,738.069,0,0,OK,4628.2,4619.2,4619.2,4619.2,4619.2,4619.2,4619.2,4619.2,4619.2,0.00,4619.2,4619.2,4619.2,0.80,1031.6,791.2,791.2,2171.2,4111.6,4110.6,2406.6,4111.6,4110.6,527.8,532.8,532.8,7912,2049.2,2624,13928,1809.8,1041.6,23236,0xEB51DDC5
3297,0,738170,738.170,0,0,OK,4628.2,4619.2,4619.2,4619.2,4619.2,4619.2,4619.2,4619.2,4619.2,0.00,4619.2,4619.2,4619.2,231.76,1031.6,791.2,791.2,2171.2,4111.6,4110.6,2406.6,4111.6,4110.6,277.4,262.4,512.8,10316,1558.4,2624,16532,1809.8,791.2,23236,0x43A10976
3298,0,738272,738.272,0,0,OK,4626.2,4619.2,4619.2,4619.2,4619.2,4619.2,4619.2,4619.2,4619.2,0.00,4619.2,4619.2,4619.2,232.76,1031.6,791.2,791.2,2171.2,4111.6,4110.6,2406.6,4111.6,4110.6,768.2,532.8,272.4,7912,1558.4,5128,16632,2060.2,1031.6,5348,0xEAF3ACE2
3299,0,738374,738.374,0,0,OK,4620.2,4619.2,4619.2,4619.2,4619.2,4619.2,4619.2,4619.2,4619.2,0.00,4619.2,4619.2,4619.2,232.76,1031.6,1031.6,1031.6,2171.2,2407.6,2407.6,2407.6,2407.6,2407.6,518.8,532.8,272.4,7712,2059.2,5328,19036,2050.2,791.2,5148,0xC79080BC
3300,0,738475,738.475,0,0,OK,4627.2,4619.2,4619.2,4619.2,4619.2,4619.2,4619.2,4619.2,4619.2,0.00,4619.2,4619.2,4619.2,231.76,1031.6,1031.6,791.2,2171.2,2407.6,4111.6,2406.6,2407.6,4111.6,267.4,272.4,262.4,10316,1558.4,5128,13928,1799.8,1041.6,7752,0xE1F66224
3301,0,738577,738.577,0,0,OK,4625.2,4619.2,4619.2,4619.2,4619.2,4619.2,4619.2,4619.2,4619.2,0.00,4619.2,4619.2,4619.2,231.76,1031.6,1031.6,791.2,2171.2,2407.6,4111.6,2406.6,2407.6,4111.6,527.8,522.8,512.8,10316,1808.8,5328,11424,2050.2,1031.6,240,0xD151F92A
3302,0,738678,738.678,0,0,OK,4622.2,4619.2,4619.2,4619.2,4619.2,4619.2,4619.2,4619.2,4619.2,0.00,4619.2,4619.2,4619.2,232.76,791.2,1031.6,1031.6,4105.6,2406.6,2407.6,4111.6,2406.6,2407.6,278.4,262.4,522.8,7912,1798.8,5328,13828,2050.2,1292.0,10456,0x77760D3C
3303,0,738780,738.780,0,0,OK,4623.2,4619.2,4619.2,4619.2,4619.2,4619.2,4619.2,4619.2,4619.2,0.00,4619.2,4619.2,4619.2,231.76,1031.6,791.2,791.2,2171.2,4111.6,4110.6,2406.6,4111.6,4110.6,527.8,272.4,512.8,7812,2059.2,2724,14028,2050.2,1292.0,17928,0xF0409BE2
3304,0,738882,738.882,0,0,OK,4628.2,4619.2,4619.2,4619.2,4619.2,4619.2,4619.2,4619.2,4619.2,0.00,4619.2,4619.2,4619.2,232.76,791.2,791.2,1031.6,4105.6,4110.6,2406.6,4111.6,4110.6,2406.6,518.8,272.4,512.8,7712,2049.2,2624,14028,1559.4,1292.0,20632,0xB2B187B2
3305,0,738983,738.983,0,0,OK,4625.2,4619.2,4619.2,4619.2,4619.2,4619.2,4619.2,4619.2,4619.2,0.00,4619.2,4619.2,4619.2,231.76,1031.6,1031.6,1031.6,2171.2,2407.6,2407.6,2407.6,2407.6,2407.6,769.2,532.8,272.4,7812,2059.2,2624,19036,2050.2,1041.6,17928,0x452FEE22
3306,0,739085,739.085,0,0,OK,4622.2,4619.2,4619.2,4619.2,4619.2,4619.2,4619.2,4619.2,4619.2,0.00,4619.2,4619.2,4619.2,231.76,791.2,1031.6,1031.6,4105.6,2406.6,2407.6,4111.6,2406.6,2407.6,518.8,522.8,532.8,7812,1808.8,5328,16532,1559.4,1292.0,13020,0xB9F73F15
3307,0,739187,739.187,0,0,OK,4619.2,4619.2,4619.2,4619.2,4619.2,4619.2,4619.2,4619.2,4619.2,0.00,4619.2,4619.2,4619.2,232.76,1031.6,791.2,1031.6,2171.2,4111.6,2406.6,2407.6,4111.6,2406.6,518.8,532.8,262.4,10316,2049.2,5128,21540,1559.4,1041.6,7852,0x09FEDC33
3308,0,739288,739.288,0,0,OK,4620.2,4619.2,4619.2,4619.2,4619.2,4619.2,4619.2,4619.2,4619.2,0.00,4619.2,4619.2,4619.2,231.76,791.2,791.2,791.2,4105.6,4110.6,4110.6,4110.6,4110.6,4110.6,527.8,262.4,272.4,7912,2049.2,2724,19136,1809.8,1041.6,17928,0x9E74C4B3
3309,0,739390,739.390,0,0,OK,4620.2,4619.2,4619.2,4619.2,4619.2,4619.2,4619.2,4619.2,4619.2,0.00,4619.2,4619.2,4619.2,0.80,791.2,791.2,1031.6,4105.6,4110.6,2406.6,4111.6,4110.6,2406.6,268.4,532.8,272.4,10316,1558.4,2724,11424,1809.8,1031.6,15524,0xB4DE45B2
3310,0,739491,739.491,0,0,OK,4628.2,4619.2,4619.2,4619.2,4619.2,4619.2,4619.2,4619.2,4619.2,0.00,4619.2,4619.2,4619.2,231.76,791.2,1031.6,1031.6,4105.6,2406.6,2407.6,4111.6,2406.6,2407.6,518.8,532.8,262.4,7812,2049.2,5228,13928,2060.2,1031.6,10356,0x60FBB1CA
3311,0,739593,739.593,0,0,OK,4625.2,4619.2,4619.2,4619.2,4619.2,4619.2,4619.2,4619.2,4619.2,0.00,4619.2,4619.2,4619.2,0.80,791.2,1031.6,791.2,4105.6,2406.6,4111.6,4110.6,2406.6,4111.6,527.8,262.4,512.8,5308,2049.2,2724,19136,1809.8,1292.0,5248,0x0AA3902A
3312,0,739695,739.695,0,0,OK,4626.2,4619.2,4619.2,4619.2,4619.2,4619.2,4619.2,4619.2,4619.2,0.00,4619.2,4619.2,4619.2,0.80,791.2,1031.6,791.2,4105.6,2406.6,4111.6,4110.6,2406.6,4111.6,267.4,272.4,272.4,5308,1798.8,5328,11424,2060.2,1041.6,23136,0x455FDC9F
3313,0,739796,739.796,0,0,OK,4622.2,4619.2,4619.2,4619.2,4619.2,4619.2,4619.2,4619.2,4619.2,0.00,4619.2,4619.2,4619.2,232.76,791.2,1031.6,1031.6,4105.6,2406.6,2407.6,4111.6,2406.6,2407.6,528.8,512.8,512.8,7812,2049.2,2624,19036,2050.2,1292.0,12860,0x576575B5
3314,0,739898,739.898,0,0,OK,4627.2,4619.2,4619.2,4619.2,4619.2,4619.2,4619.2,4619.2,4619.2,0.00,4619.2,4619.2,4619.2,0.80,791.2,791.2,1031.6,4105.6,4110.6,2406.6,4111.6,4110.6,2406.6,278.4,512.8,522.8,10316,1798.8,2624,16432,1799.8,1282.0,5348,0xD4812C3F
3315,0,739999,739.999,0,0,OK,4627.2,4619.2,4619.2,4619.2,4619.2,4619.2,4619.2,4619.2,4619.2,0.00,4619.2,4619.2,4619.2,0.80,791.2,791.2,791.2,4105.6,4110.6,4110.6,4110.6,4110.6,4110.6,267.4,522.8,272.4,5308,1798.8,5228,19036,1559.4,791.2,18028,0x81ACB4C6
3316,0,740101,740.101,0,0,OK,4627.2,4619.2,4619.2,4619.2,4619.2,4619.2,4619.2,4619.2,4619.2,0.00,4619.2,4619.2,4619.2,232.76,1031.6,791.2,791.2,2171.2,4111.6,4110.6,2406.6,4111.6,4110.6,267.4,262.4,272.4,5308,2059.2,5128,13828,2050.2,1041.6,20532,0x337FCFBF
3317,0,740203,740.203,0,0,OK,4627.2,4619.2,4619.2,4619.2,4619.2,4619.2,4619.2,4619.2,4619.2,0.00,4619.2,4619.2,4619.2,0.80,791.2,791.2,1031.6,4105.6,4110.6,2406.6,4111.6,4110.6,2406.6,278.4,272.4,522.8,10316,2059.2,5328,16432,1799.8,1041.6,12920,0x45A49089
3318,0,740304,740.304,0,0,OK,4627.2,4619.2,4619.2,4619.2,4619.2,4619.2,4619.2,4619.2,4619.2,0.00,4619.2,4619.2,4619.2,231.76,791.2,791.2,791.2,4105.6,4110.6,4110.6,4110.6,4110.6,4110.6,527.8,532.8,532.8,7712,2059.2,5128,16532,1809.8,1292.0,2744,0x9E7C625B
3319,0,740406,740.406,0,0,OK,4625.2,4619.2,4619.2,4619.2,4619.2,4619.2,4619.2,4619.2,4619.2,0.00,4619.2,4619.2,4619.2,232.76,1031.6,791.2,1031.6,2171.2,4111.6,2406.6,2407.6,4111.6,2406.6,268.4,532.8,522.8,5308,1558.4,5228,21540,1809.8,791.2,40,0x05EC937E
3320,0,740507,740.507,0,0,OK,4624.2,4619.2,4619.2,4619.2,4619.2,4619.2,4619.2,4619.2,4619.2,0.00,4619.2,4619.2,4619.2,231.76,791.2,1031.6,1031.6,4105.6,2406.6,2407.6,4111.6,2406.6,2407.6,278.4,262.4,272.4,7912,1558.4,5128,19136,2060.2,1292.0,10456,0x8C6E61AB
3321,0,740609,740.609,0,0,OK,4619.2,4619.2,4619.2,4619.2,4619.2,4619.2,4619.2,4619.2,4619.2,0.00,4619.2,4619.2,4619.2,0.80,1031.6,791.2,791.2,2171.2,4111.6,4110.6,2406.6,4111.6,4110.6,527.8,262.4,512.8,7912,2049.2,5228,11424,1559.4,1031.6,18128,0x1BC854CA
3322,0,740711,740.711,0,0,OK,4628.2,4619.2,4619.2,4619.2,4619.2,4619.2,4619.2,4619.2,4619.2,0.00,4619.2,4619.2,4619.2,0.80,1031.6,1031.6,791.2,2171.2,2407.6,4111.6,2406.6,2407.6,4111.6,277.4,272.4,272.4,7812,2049.2,5228,16432,1809.8,791.2,10416,0x49DC17BB
3323,0,740812,740.812,0,0,OK,4621.2,4619.2,4619.2,4619.2,4619.2,4619.2,4619.2,4619.2,4619.2,0.00,4619.2,4619.2,4619.2,0.80,1031.6,791.2,1031.6,2171.2,4111.6,2406.6,2407.6,4111.6,2406.6,268.4,522.8,522.8,7912,2049.2,5328,19136,2060.2,1031.6,10356,0xD6980BAA
3324,0,740914,740.914,0,0,OK,4622.2,4619.2,4619.2,4619.2,4619.2,4619.2,4619.2,4619.2,4619.2,0.00,4619.2,4619.2,4619.2,0.80,791.2,791.2,1031.6,4105.6,4110.6,2406.6,4111.6,4110.6,2406.6,268.4,512.8,512.8,10316,1558.4,5328,21540,2050.2,791.2,5148,0x66E320FC
3325,0,741015,741.015,0,0,OK,4626.2,4619.2,4619.2,4619.2,4619.2,4619.2,4619.2,4619.2,4619.2,0.00,4619.2,4619.2,4619.2,231.76,791.2,791.2,791.2,4105.6,4110.6,4110.6,4110.6,4110.6,4110.6,277.4,272.4,532.8,10316,1798.8,2624,16532,1559.4,791.2,5348,0xC3885A9B
3326,0,741117,741.117,0,0,OK,4622.2,4619.2,4619.2,4619.2,4619.2,4619.2,4619.2,4619.2,4619.2,0.00,4619.2,4619.2,4619.2,0.80,791.2,791.2,1031.6,4105.6,4110.6,2406.6,4111.6,4110.6,2406.6,278.4,272.4,532.8,5308,1798.8,2724,11424,2050.2,1292.0,20732,0xC3D806DA
3327,0,741219,741.219,0,0,OK,4620.2,4619.2,4619.2,4619.2,4619.2,4619.2,4619.2,4619.2,4619.2,0.00,4619.2,4619.2,4619.2,231.76,791.2,1031.6,791.2,4105.6,2406.6,4111.6,4110.6,2406.6,4111.6,768.2,512.8,532.8,7712,2059.2,5328,19136,1799.8,1292.0,10356,0xBE314BCE
3328,0,741320,741.320,0,0,OK,4627.2,4619.2,4619.2,4619.2,4619.2,4619.2,4619.2,4619.2,4619.2,0.00,4619.2,4619.2,4619.2,231.76,1031.6,1031.6,1031.6,2171.2,2407.6,2407.6,2407.6,2407.6,2407.6,268.4,262.4,262.4,7912,1798.8,5128,14028,1559.4,1031.6,5148,0xCC8FFB55
3329,0,741422,741.422,0,0,OK,4619.2,4619.2,4619.2,4619.2,4619.2,4619.2,4619.2,4619.2,4619.2,0.00,4619.2,4619.2,4619.2,0.80,791.2,791.2,1031.6,4105.6,4110.6,2406.6,4111.6,4110.6,2406.6,769.2,522.8,532.8,7712,2049.2,5228,19136,1559.4,1292.0,5148,0x56E6CC3C
3330,0,741524,741.524,0,0,OK,4627.2,4619.2,4619.2,4619.2,4619.2,4619.2,4619.2,4619.2,4619.2,0.00,4619.2,4619.2,4619.2,231.76,791.2,1031.6,791.2,4105.6,2406.6,4111.6,4110.6,2406.6,4111.6,267.4,532.8,532.8,7912,1558.4,2624,19136,2050.2,1282.0,18028,0xADC7FACE
3331,0,741625,741.625,0,0,OK,4624.2,4619.2,4619.2,4619.2,4619.2,4619.2,4619.2,4619.2,4619.2,0.00,4619.2,4619.2,4619.2,0.80,1031.6,791.2,791.2,2171.2,4111.6,4110.6,2406.6,4111.6,4110.6,517.8,522.8,532.8,7712,1558.4,5328,16532,1559.4,1292.0,2744,0x0CE2EC4E
3332,0,741727,741.727,0,0,OK,4626.2,4619.2,4619.2,4619.2,4619.2,4619.2,4619.2,4619.2,4619.2,0.00,4619.2,4619.2,4619.2,232.76,1031.6,791.2,1031.6,2171.2,4111.6,2406.6,2407.6,4111.6,2406.6,528.8,262.4,262.4,7812,1808.8,5328,21540,1559.4,1031.6,10256,0xC673FBC5
3333,0,741828,741.828,0,0,OK,4623.2,4619.2,4619.2,4619.2,4619.2,4619.2,4619.2,4619.2,4619.2,0.00,4619.2,4619.2,4619.2,231.76,791.2,1031.6,791.2,4105.6,2406.6,4111.6,4110.6,2406.6,4111.6,768.2,262.4,262.4,7812,2059.2,5328,21540,1799.8,1041.6,12820,0x9E19EA9A
3334,0,741930,741.930,0,0,OK,4623.2,4619.2,4619.2,4619.2,4619.2,4619.2,4619.2,4619.2,4619.2,0.00,4619.2,4619.2,4619.2,0.80,1031.6,1031.6,791.2,2171.2,2407.6,4111.6,2406.6,2407.6,4111.6,527.8,272.4,272.4,7812,1558.4,2724,13828,1799.8,1031.6,5348,0x9A2ECA21
3335,0,742032,742.032,0,0,OK,4619.2,4619.2,4619.2,4619.2,4619.2,4619.2,4619.2,4619.2,4619.2,0.00,4619.2,4619.2,4619.2,232.76,791.2,1031.6,791.2,4105.6,2406.6,4111.6,4110.6,2406.6,4111.6,267.4,512.8,522.8,7712,1558.4,2724,19136,1809.8,1292.0,20732,0xD5362C11
3336,0,742133,742.133,0,0,OK,4620.2,4619.2,4619.2,4619.2,4619.2,4619.2,4619.2,4619.2,4619.2,0.00,4619.2,4619.2,4619.2,0.80,1031.6,1031.6,791.2,2171.2,2407.6,4111.6,2406.6,2407.6,4111.6,277.4,522.8,532.8,7912,1558.4,5128,19036,1809.8,1292.0,7912,0x4B665537
3337,0,742235,742.235,0,0,OK,4620.2,4619.2,4619.2,4619.2,4619.2,4619.2,4619.2,4619.2,4619.2,0.00,4619.2,4619.2,4619.2,232.76,791.2,791.2,791.2,4105.6,4110.6,4110.6,4110.6,4110.6,4110.6,527.8,272.4,262.4,7712,1798.8,2724,19136,1799.8,1041.6,5148,0xA295A7C4
3338,0,742337,742.337,0,0,OK,4619.2,4619.2,4619.2,4619.2,4619.2,4619.2,4619.2,4619.2,4619.2,0.00,4619.2,4619.2,4619.2,0.80,1031.6,1031.6,1031.6,2171.2,2407.6,2407.6,2407.6,2407.6,2407.6,769.2,272.4,262.4,5308,1558.4,2724,19136,1809.8,1031.6,40,0x57A7F0C1
3339,0,742438,742.438,0,0,OK,4619.2,4619.2,4619.2,4619.2,4619.2,4619.2,4619.2,4619.2,4619.2,0.00,4619.2,4619.2,4619.2,0.80,791.2,1031.6,791.2,4105.6,2406.6,4111.6,4110.6,2406.6,4111.6,277.4,512.8,532.8,7912,2049.2,5328,19036,2050.2,1282.0,7912,0x99B8AA1F
3340,0,742540,742.540,0,0,OK,4621.2,4619.2,4619.2,4619.2,4619.2,4619.2,4619.2,4619.2,4619.2,0.00,4619.2,4619.2,4619.2,0.80,791.2,1031.6,791.2,4105.6,2406.6,4111.6,4110.6,2406.6,4111.6,267.4,532.8,272.4,10316,2049.2,5228,16532,2050.2,1282.0,7852,0x6B2445D4
3341,0,742642,742.642,0,0,OK,4624.2,4619.2,4619.2,4619.2,4619.2,4619.2,4619.2,4619.2,4619.2,0.00,4619.2,4619.2,4619.2,231.76,791.2,791.2,791.2,4105.6,4110.6,4110.6,4110.6,4110.6,4110.6,277.4,512.8,522.8,7912,2049.2,2724,11424,1559.4,791.2,5248,0x3B878CB4
3342,0,742743,742.743,0,0,OK,4628.2,4619.2,4619.2,4619.2,4619.2,4619.2,4619.2,4619.2,4619.2,0.00,4619.2,4619.2,4619.2,0.80,791.2,1031.6,1031.6,4105.6,2406.6,2407.6,4111.6,2406.6,2407.6,278.4,272.4,272.4,7812,2049.2,2624,14028,1809.8,1292.0,18128,0xA649ACB3
3343,0,742845,742.845,0,0,OK,4619.2,4619.2,4619.2,4619.2,4619.2,4619.2,4619.2,4619.2,4619.2,0.00,4619.2,4619.2,4619.2,232.76,1031.6,1031.6,1031.6,2171.2,2407.6,2407.6,2407.6,2407.6,2407.6,268.4,272.4,512.8,7812,1808.8,5328,21540,2060.2,791.2,40,0x9ADD88C1
3344,0,742946,742.946,0,0,OK,4619.2,4619.2,4619.2,4619.2,4619.2,4619.2,4619.2,4619.2,4619.2,0.00,4619.2,4619.2,4619.2,232.76,791.2,1031.6,791.2,4105.6,2406.6,4111.6,4110.6,2406.6,4111.6,267.4,522.8,262.4,7912,1808.8,5128,16432,2050.2,1282.0,10256,0xC79DD5A3
3345,0,743048,743.048,0,0,OK,4621.2,4619.2,4619.2,4619.2,4619.2,4619.2,4619.2,4619.2,4619.2,0.00,4619.2,4619.2,4619.2,232.76,1031.6,791.2,791.2,2171.2,4111.6,4110.6,2406.6,4111.6,4110.6,768.2,262.4,522.8,10316,1798.8,5128,19036,1559.4,1282.0,23136,0x44D3C788
3346,0,743150,743.150,0,0,OK,4627.2,4619.2,4619.2,4619.2,4619.2,4619.2,4619.2,4619.2,4619.2,0.00,4619.2,4619.2,4619.2,232.76,1031.6,1031.6,1031.6,2171.2,2407.6,2407.6,2407.6,2407.6,2407.6,769.2,262.4,532.8,7812,2059.2,2724,19136,1559.4,1041.6,2644,0x3FB613E7
3347,0,743251,743.251,0,0,OK,4623.2,4619.2,4619.2,4619.2,4619.2,4619.2,4619.2,4619.2,4619.2,0.00,4619.2,4619.2,4619.2,232.76,1031.6,1031.6,1031.6,2171.2,2407.6,2407.6,2407.6,2407.6,2407.6,268.4,532.8,512.8,7912,2049.2,2624,13928,2060.2,1031.6,5348,0xE96B2199
3348,0,743353,743.353,0,0,OK,4619.2,4619.2,4619.2,4619.2,4619.2,4619.2,4619.2,4619.2,4619.2,0.00,4619.2,4619.2,4619.2,231.76,1031.6,791.2,791.2,2171.2,4111.6,4110.6,2406.6,4111.6,4110.6,527.8,272.4,512.8,7912,1558.4,5328,13928,1799.8,1031.6,5248,0xE634013C
3349,0,743455,743.455,0,0,OK,4627.2,4619.2,4619.2,4619.2,4619.2,4619.2,4619.2,4619.2,4619.2,0.00,4619.2,4619.2,4619.2,232.76,791.2,791.2,1031.6,4105.6,4110.6,2406.6,4111.6,4110.6,2406.6,278.4,522.8,272.4,7712,1808.8,5328,19036,2050.2,1031.6,240,0xA127D646
3350,0,743556,743.556,0,0,OK,4623.2,4619.2,4619.2,4619.2,4619.2,4619.2,4619.2,4619.2,4619.2,0.00,4619.2,4619.2,4619.2,231.76,1031.6,1031.6,791.2,2171.2,2407.6,4111.6,2406.6,2407.6,4111.6,768.2,272.4,262.4,7812,1558.4,5328,16432,1559.4,1282.0,7912,0x211CF7A3
3351,0,743658,743.658,0,0,OK,4621.2,4619.2,4619.2,4619.2,4619.2,4619.2,4619.2,4619.2,4619.2,0.00,4619.2,4619.2,4619.2,0.80,1031.6,1031.6,1031.6,2171.2,2407.6,2407.6,2407.6,2407.6,2407.6,769.2,262.4,512.8,7912,2049.2,2624,19136,1799.8,1041.6,140,0x171DEB79
3352,0,743760,743.760,0,0,OK,4619.2,4619.2,4619.2,4619.2,4619.2,4619.2,4619.2,4619.2,4619.2,0.00,4619.2,4619.2,4619.2,232.76,791.2,791.2,1031.6,4105.6,4110.6,2406.6,4111.6,4110.6,2406.6,528.8,532.8,532.8,7912,2049.2,2624,16532,1809.8,1282.0,7752,0xA336577E
3353,0,743861,743.861,0,0,OK,4627.2,4619.2,4619.2,4619.2,4619.2,4619.2,4619.2,4619.2,4619.2,0.00,4619.2,4619.2,4619.2,0.80,1031.6,791.2,791.2,2171.2,4111.6,4110.6,2406.6,4111.6,4110.6,517.8,262.4,522.8,7912,1798.8,2724,16532,2050.2,1292.0,17928,0x6CB42D12
3354,0,743963,743.963,0,0,OK,4620.2,4619.2,4619.2,4619.2,4619.2,4619.2,4619.2,4619.2,4619.2,0.00,4619.2,4619.2,4619.2,0.80,791.2,791.2,1031.6,4105.6,4110.6,2406.6,4111.6,4110.6,2406.6,278.4,512.8,512.8,7812,2059.2,2624,13928,2060.2,791.2,140,0x32068E45
3355,0,744065,744.065,0,0,OK,4626.2,4619.2,4619.2,4619.2,4619.2,4619.2,4619.2,4619.2,4619.2,0.00,4619.2,4619.2,4619.2,232.76,791.2,1031.6,1031.6,4105.6,2406.6,2407.6,4111.6,2406.6,2407.6,769.2,532.8,512.8,5308,1798.8,5328,19036,1799.8,1282.0,17928,0x3105DB12
3356,0,744166,744.166,0,0,OK,4619.2,4619.2,4619.2,4619.2,4619.2,4619.2,4619.2,4619.2,4619.2,0.00,4619.2,4619.2,4619.2,232.76,1031.6,791.2,791.2,2171.2,4111.6,4110.6,2406.6,4111.6,4110.6,517.8,272.4,522.8,5308,1798.8,5328,13928,1559.4,1282.0,18028,0x8928FBAF
3357,0,744268,744.268,0,0,OK,4621.2,4619.2,4619.2,4619.2,4619.2,4619.2,4619.2,4619.2,4619.2,0.00,4619.2,4619.2,4619.2,232.76,1031.6,1031.6,1031.6,2171.2,2407.6,2407.6,2407.6,2407.6,2407.6,528.8,262.4,272.4,5308,1808.8,2724,13928,2050.2,791.2,10416,0xFDAC93F8
3358,0,744369,744.369,0,0,OK,4621.2,4619.2,4619.2,4619.2,4619.2,4619.2,4619.2,4619.2,4619.2,0.00,4619.2,4619.2,4619.2,232.76,1031.6,1031.6,791.2,2171.2,2407.6,4111.6,2406.6,2407.6,4111.6,277.4,532.8,522.8,7712,1558.4,5328,16432,1809.8,791.2,10356,0x51F5158E
3359,0,744471,744.471,0,0,OK,4624.2,4619.2,4619.2,4619.2,4619.2,4619.2,4619.2,4619.2,4619.2,0.00,4619.2,4619.2,4619.2,231.76,791.2,791.2,1031.6,4105.6,4110.6,2406.6,4111.6,4110.6,2406.6,769.2,522.8,532.8,7912,2059.2,5228,13928,2050.2,791.2,18128,0x87D18124
3360,0,744573,744.573,0,0,OK,4623.2,4619.2,4619.2,4619.2,4619.2,4619.2,4619.2,4619.2,4619.2,0.00,4619.2,4619.2,4619.2,0.80,1031.6,1031.6,1031.6,2171.2,2407.6,2407.6,2407.6,2407.6,2407.6,518.8,272.4,522.8,7912,1808.8,2624,16432,1809.8,1041.6,20632,0xB7DB3F26
3361,0,744674,744.674,0,0,OK,4628.2,4619.2,4619.2,4619.2,4619.2,4619.2,4619.2,4619.2,4619.2,0.00,4619.2,4619.2,4619.2,232.76,1031.6,791.2,791.2,2171.2,4111.6,4110.6,2406.6,4111.6,4110.6,768.2,522.8,262.4,10316,2049.2,2624,13928,2060.2,1282.0,12820,0x30DFFA09
3362,0,744776,744.776,0,0,OK,4619.2,4619.2,4619.2,4619.2,4619.2,4619.2,4619.2,4619.2,4619.2,0.00,4619.2,4619.2,4619.2,232.76,1031.6,1031.6,791.2,2171.2,2407.6,4111.6,2406.6,2407.6,4111.6,267.4,512.8,522.8,5308,2059.2,5328,19036,1809.8,1041.6,17928,0x1B75C65E
3363,0,744877,744.877,0,0,OK,4622.2,4619.2,4619.2,4619.2,4619.2,4619.2,4619.2,4619.2,4619.2,0.00,4619.2,4619.2,4619.2,232.76,791.2,791.2,791.2,4105.6,4110.6,4110.6,4110.6,4110.6,4110.6,527.8,262.4,512.8,5308,1798.8,5328,13928,2060.2,1031.6,12920,0xF8C80BEB
3364,0,744979,744.979,0,0,OK,4627.2,4619.2,4619.2,4619.2,4619.2,4619.2,4619.2,4619.2,4619.2,0.00,4619.2,4619.2,4619.2,231.76,791.2,791.2,1031.6,4105.6,4110.6,2406.6,4111.6,4110.6,2406.6,528.8,272.4,532.8,5308,1798.8,5328,16632,1809.8,1292.0,18028,0x8DE26829
3365,0,745081,745.081,0,0,OK,4620.2,4619.2,4619.2,4619.2,4619.2,4619.2,4619.2,4619.2,4619.2,0.00,4619.2,4619.2,4619.2,0.80,1031.6,1031.6,791.2,2171.2,2407.6,4111.6,2406.6,2407.6,4111.6,277.4,262.4,512.8,7712,1798.8,5328,13828,1809.8,1282.0,18128,0xCFE77C1B
3366,0,745182,745.182,0,0,OK,4628.2,4619.2,4619.2,4619.2,4619.2,4619.2,4619.2,4619.2,4619.2,0.00,4619.2,4619.2,4619.2,232.76,791.2,1031.6,1031.6,4105.6,2406.6,2407.6,4111.6,2406.6,2407.6,528.8,262.4,272.4,7712,1558.4,5128,16632,2060.2,1031.6,2744,0x9DB9F475
3367,0,745284,745.284,0,0,OK,4619.2,4619.2,4619.2,4619.2,4619.2,4619.2,4619.2,4619.2,4619.2,0.00,4619.2,4619.2,4619.2,231.76,791.2,791.2,791.2,4105.6,4110.6,4110.6,4110.6,4110.6,4110.6,277.4,532.8,262.4,10316,1558.4,5228,16632,2060.2,1282.0,10456,0x97802F32
3368,0,745386,745.386,0,0,OK,4623.2,4619.2,4619.2,4619.2,4619.2,4619.2,4619.2,4619.2,4619.2,0.00,4619.2,4619.2,4619.2,232.76,1031.6,791.2,791.2,2171.2,4111.6,4110.6,2406.6,4111.6,4110.6,267.4,522.8,532.8,7712,1798.8,2724,19136,2050.2,1031.6,18128,0x88202BE0
3369,0,745487,745.487,0,0,OK,4625.2,4619.2,4619.2,4619.2,4619.2,4619.2,4619.2,4619.2,4619.2,0.00,4619.2,4619.2,4619.2,0.80,1031.6,791.2,791.2,2171.2,4111.6,4110.6,2406.6,4111.6,4110.6,277.4,262.4,532.8,5308,1798.8,2624,13928,1809.8,1282.0,12860,0x036FEDF4
3370,0,745589,745.589,0,0,OK,4628.2,4619.2,4619.2,4619.2,4619.2,4619.2,4619.2,4619.2,4619.2,0.00,4619.2,4619.2,4619.2,0.80,1031.6,1031.6,791.2,2171.2,2407.6,4111.6,2406.6,2407.6,4111.6,267.4,262.4,262.4,5308,1798.8,2624,19136,1799.8,1031.6,13020,0x89A8E8BE
3371,0,745690,745.690,0,0,OK,4619.2,4619.2,4619.2,4619.2,4619.2,4619.2,4619.2,4619.2,4619.2,0.00,4619.2,4619.2,4619.2,231.76,791.2,791.2,1031.6,4105.6,4110.6,2406.6,4111.6,4110.6,2406.6,518.8,532.8,512.8,7912,1558.4,2624,16632,1559.4,1031.6,23136,0xA44C863D
3372,0,745792,745.792,0,0,OK,4627.2,4619.2,4619.2,4619.2,4619.2,4619.2,4619.2,4619.2,4619.2,0.00,4619.2,4619.2,4619.2,232.76,1031.6,791.2,791.2,2171.2,4111.6,4110.6,2406.6,4111.6,4110.6,517.8,272.4,512.8,10316,1558.4,5128,11424,1559.4,1292.0,240,0x6CDAEB92
3373,0,745894,745.894,0,0,OK,4622.2,4619.2,4619.2,4619.2,4619.2,4619.2,4619.2,4619.2,4619.2,0.00,4619.2,4619.2,4619.2,231.76,791.2,1031.6,791.2,4105.6,2406.6,4111.6,4110.6,2406.6,4111.6,267.4,272.4,262.4,7712,1558.4,2724,16432,1809.8,1041.6,7852,0x2EBF6616
3374,0,745995,745.995,0,0,OK,4626.2,4619.2,4619.2,4619.2,4619.2,4619.2,4619.2,4619.2,4619.2,0.00,4619.2,4619.2,4619.2,231.76,1031.6,791.2,1031.6,2171.2,4111.6,2406.6,2407.6,4111.6,2406.6,518.8,512.8,522.8,7812,2059.2,2624,14028,1809.8,1041.6,13020,0xC4312254
3375,0,746097,746.097,0,0,OK,4620.2,4619.2,4619.2,4619.2,4619.2,4619.2,4619.2,4619.2,4619.2,0.00,4619.2,4619.2,4619.2,232.76,1031.6,1031.6,1031.6,2171.2,2407.6,2407.6,2407.6,2407.6,2407.6,769.2,512.8,512.8,7712,2059.2,5128,21540,1809.8,1282.0,240,0x060AA635
3376,0,746198,746.198,0,0,OK,4628.2,4619.2,4619.2,4619.2,4619.2,4619.2,4619.2,4619.2,4619.2,0.00,4619.2,4619.2,4619.2,0.80,1031.6,1031.6,791.2,2171.2,2407.6,4111.6,2406.6,2407.6,4111.6,517.8,522.8,272.4,10316,1558.4,5128,19036,2060.2,791.2,18128,0x6B680709
3377,0,746300,746.300,0,0,OK,4628.2,4619.2,4619.2,4619.2,4619.2,4619.2,4619.2,4619.2,4619.2,0.00,4619.2,4619.2,4619.2,231.76,791.2,1031.6,1031.6,4105.6,2406.6,2407.6,4111.6,2406.6,2407.6,528.8,272.4,532.8,10316,1558.4,5228,16432,1799.8,1292.0,5248,0x796F0F31
3378,0,746402,746.402,0,0,OK,4621.2,4619.2,4619.2,4619.2,4619.2,4619.2,4619.2,4619.2,4619.2,0.00,4619.2,4619.2,4619.2,0.80,1031.6,791.2,791.2,2171.2,4111.6,4110.6,2406.6,4111.6,4110.6,527.8,262.4,272.4,5308,1798.8,5128,16632,1799.8,1292.0,12920,0xE970B030
3379,0,746503,746.503,0,0,OK,4621.2,4619.2,4619.2,4619.2,4619.2,4619.2,4619.2,4619.2,4619.2,0.00,4619.2,4619.2,4619.2,231.76,791.2,791.2,791.2,4105.6,4110.6,4110.6,4110.6,4110.6,4110.6,527.8,522.8,532.8,7712,1798.8,5228,16432,1799.8,791.2,10456,0x97E35FD2
3380,0,746605,746.605,0,0,OK,4628.2,4619.2,4619.2,4619.2,4619.2,4619.2,4619.2,4619.2,4619.2,0.00,4619.2,4619.2,4619.2,231.76,791.2,791.2,1031.6,4105.6,4110.6,2406.6,4111.6,4110.6,2406.6,278.4,522.8,522.8,10316,2059.2,5228,19036,2050.2,791.2,10316,0x294CF8C5
3381,0,746707,746.707,0,0,OK,4623.2,4619.2,4619.2,4619.2,4619.2,4619.2,4619.2,4619.2,4619.2,0.00,4619.2,4619.2,4619.2,232.76,791.2,1031.6,791.2,4105.6,2406.6,4111.6,4110.6,2406.6,4111.6,277.4,532.8,522.8,5308,1558.4,5328,21540,2060.2,1031.6,18028,0x4454BBCB
3382,0,746808,746.808,0,0,OK,4627.2,4619.2,4619.2,4619.2,4619.2,4619.2,4619.2,4619.2,4619.2,0.00,4619.2,4619.2,4619.2,231.76,1031.6,791.2,1031.6,2171.2,4111.6,2406.6,2407.6,4111.6,2406.6,769.2,532.8,262.4,7812,2059.2,5128,19136,1559.4,1282.0,10456,0xC55D2027
3383,0,746910,746.910,0,0,OK,4625.2,4619.2,4619.2,4619.2,4619.2,4619.2,4619.2,4619.2,4619.2,0.00,4619.2,4619.2,4619.2,231.76,1031.6,1031.6,791.2,2171.2,2407.6,4111.6,2406.6,2407.6,4111.6,267.4,512.8,262.4,5308,2059.2,2624,14028,2060.2,1282.0,20532,0x741E0756
3384,0,747011,747.011,0,0,OK,4619.2,4619.2,4619.2,4619.2,4619.2,4619.2,4619.2,4619.2,4619.2,0.00,4619.2,4619.2,4619.2,0.80,1031.6,791.2,1031.6,2171.2,4111.6,2406.6,2407.6,4111.6,2406.6,769.2,512.8,532.8,7812,1798.8,2724,19136,1799.8,791.2,20632,0xC924DA3A
3385,0,747113,747.113,0,0,OK,4621.2,4619.2,4619.2,4619.2,4619.2,4619.2,4619.2,4619.2,4619.2,0.00,4619.2,4619.2,4619.2,0.80,791.2,1031.6,791.2,4105.6,2406.6,4111.6,4110.6,2406.6,4111.6,267.4,532.8,532.8,5308,2059.2,2624,16632,2050.2,791.2,20732,0x7CE21167
3386,0,747215,747.215,0,0,OK,4628.2,4619.2,4619.2,4619.2,4619.2,4619.2,4619.2,4619.2,4619.2,0.00,4619.2,4619.2,4619.2,0.80,1031.6,791.2,791.2,2171.2,4111.6,4110.6,2406.6,4111.6,4110.6,768.2,272.4,262.4,7712,2049.2,5228,19136,2060.2,1041.6,10416,0x3CE80E41
3387,0,747316,747.316,0,0,OK,4623.2,4619.2,4619.2,4619.2,4619.2,4619.2,4619.2,4619.2,4619.2,0.00,4619.2,4619.2,4619.2,231.76,1031.6,791.2,791.2,2171.2,4111.6,4110.6,2406.6,4111.6,4110.6,517.8,512.8,262.4,10316,2059.2,5128,21540,2060.2,1041.6,40,0x984D0359
3388,0,747418,747.418,0,0,OK,4628.2,4619.2,4619.2,4619.2,4619.2,4619.2,4619.2,4619.2,4619.2,0.00,4619.2,4619.2,4619.2,232.76,1031.6,1031.6,1031.6,2171.2,2407.6,2407.6,2407.6,2407.6,2407.6,528.8,512.8,262.4,7812,1808.8,2624,16432,1559.4,1031.6,5248,0x8E261FCD
3389,0,747520,747.520,0,0,OK,4620.2,4619.2,4619.2,4619.2,4619.2,4619.2,4619.2,4619.2,4619.2,0.00,4619.2,4619.2,4619.2,0.80,791.2,791.2,791.2,4105.6,4110.6,4110.6,4110.6,4110.6,4110.6,768.2,272.4,532.8,5308,1558.4,5228,13828,1799.8,1282.0,23136,0xC2B7DC2A
3390,0,747621,747.621,0,0,OK,4625.2,4619.2,4619.2,4619.2,4619.2,4619.2,4619.2,4619.2,4619.2,0.00,4619.2,4619.2,4619.2,0.80,1031.6,1031.6,1031.6,2171.2,2407.6,2407.6,2407.6,2407.6,2407.6,769.2,272.4,262.4,7712,2059.2,2624,13828,1799.8,1041.6,15424,0x4519CBF1
3391,0,747723,747.723,0,0,OK,4622.2,4619.2,4619.2,4619.2,4619.2,4619.2,4619.2,4619.2,4619.2,0.00,4619.2,4619.2,4619.2,232.76,791.2,1031.6,791.2,4105.6,2406.6,4111.6,4110.6,2406.6,4111.6,768.2,262.4,522.8,7912,1798.8,5328,16532,1799.8,1041.6,12860,0xC593755F
3392,0,747824,747.824,0,0,OK,4628.2,4619.2,4619.2,4619.2,4619.2,4619.2,4619.2,4619.2,4619.2,0.00,4619.2,4619.2,4619.2,231.76,791.2,1031.6,1031.6,4105.6,2406.6,2407.6,4111.6,2406.6,2407.6,518.8,272.4,512.8,5308,2049.2,5328,11424,2050.2,1041.6,10456,0xEDF1202A
3393,0,747926,747.926,0,0,OK,4621.2,4619.2,4619.2,4619.2,4619.2,4619.2,4619.2,4619.2,4619.2,0.00,4619.2,4619.2,4619.2,231.76,791.2,791.2,1031.6,4105.6,4110.6,2406.6,4111.6,4110.6,2406.6,518.8,272.4,522.8,7812,1798.8,5228,11424,2050.2,1292.0,10456,0x9AF2B440
3394,0,748028,748.028,0,0,OK,4626.2,4619.2,4619.2,4619.2,4619.2,4619.2,4619.2,4619.2,4619.2,0.00,4619.2,4619.2,4619.2,231.76,791.2,791.2,1031.6,4105.6,4110.6,2406.6,4111.6,4110.6,2406.6,528.8,522.8,272.4,10316,1798.8,5128,21540,1559.4,1041.6,18128,0xD59895C4
3395,0,748129,748.129,0,0,OK,4619.2,4619.2,4619.2,4619.2,4619.2,4619.2,4619.2,4619.2,4619.2,0.00,4619.2,4619.2,4619.2,232.76,1031.6,791.2,791.2,2171.2,4111.6,4110.6,2406.6,4111.6,4110.6,768.2,522.8,532.8,7912,2049.2,5328,16432,1559.4,791.2,13020,0xFF3C02DC
3396,0,748231,748.231,0,0,OK,4627.2,4619.2,4619.2,4619.2,4619.2,4619.2,4619.2,4619.2,4619.2,0.00,4619.2,4619.2,4619.2,232.76,1031.6,1031.6,791.2,2171.2,2407.6,4111.6,2406.6,2407.6,4111.6,267.4,532.8,522.8,7812,1798.8,2624,13928,2060.2,1292.0,15424,0xFCA84D5C
3397,0,748333,748.333,0,0,OK,4619.2,4619.2,4619.2,4619.2,4619.2,4619.2,4619.2,4619.2,4619.2,0.00,4619.2,4619.2,4619.2,232.76,791.2,791.2,791.2,4105.6,4110.6,4110.6,4110.6,4110.6,4110.6,517.8,532.8,522.8,7912,1558.4,5128,13928,1809.8,1282.0,7852,0x07D1E94A
3398,0,748434,748.434,0,0,OK,4619.2,4619.2,4619.2,4619.2,4619.2,4619.2,4619.2,4619.2,4619.2,0.00,4619.2,4619.2,4619.2,231.76,1031.6,1031.6,791.2,2171.2,2407.6,4111.6,2406.6,2407.6,4111.6,277.4,262.4,272.4,10316,1558.4,5228,16432,2050.2,791.2,20532,0x41988C42
3399,0,748536,748.536,0,0,OK,4621.2,4619.2,4619.2,4619.2,4619.2,4619.2,4619.2,4619.2,4619.2,0.00,4619.2,4619.2,4619.2,0.80,1031.6,791.2,1031.6,2171.2,4111.6,2406.6,2407.6,4111.6,2406.6,528.8,272.4,272.4,10316,1808.8,2624,13928,1799.8,1292.0,10316,0x6FB7F26F
3400,0,748638,748.638,0,0,OK,4627.2,4619.2,4619.2,4619.2,4619.2,4619.2,4619.2,4619.2,4619.2,0.00,4619.2,4619.2,4619.2,232.76,791.2,1031.6,1031.6,4105.6,2406.6,2407.6,4111.6,2406.6,2407.6,528.8,512.8,522.8,5308,2049.2,2624,21540,1559.4,1282.0,10456,0x58DBBC01
3401,0,748739,748.739,0,0,OK,4619.2,4619.2,4619.2,4619.2,4619.2,4619.2,4619.2,4619.2,4619.2,0.00,4619.2,4619.2,4619.2,231.76,791.2,1031.6,1031.6,4105.6,2406.6,2407.6,4111.6,2406.6,2407.6,268.4,262.4,512.8,7912,2049.2,2624,14028,1559.4,1292.0,15424,0xAAB9B6C1
3402,0,748841,748.841,0,0,OK,4623.2,4619.2,4619.2,4619.2,4619.2,4619.2,4619.2,4619.2,4619.2,0.00,4619.2,4619.2,4619.2,231.76,791.2,1031.6,1031.6,4105.6,2406.6,2407.6,4111.6,2406.6,2407.6,268.4,272.4,532.8,5308,2049.2,5328,21540,1809.8,1292.0,12820,0xACCBB6E5
3403,0,748942,748.942,0,0,OK,4623.2,4619.2,4619.2,4619.2,4619.2,4619.2,4619.2,4619.2,4619.2,0.00,4619.2,4619.2,4619.2,231.76,1031.6,1031.6,1031.6,2171.2,2407.6,2407.6,2407.6,2407.6,2407.6,268.4,272.4,522.8,10316,1798.8,5228,14028,1799.8,791.2,140,0xADDBF081
3404,0,749044,749.044,0,0,OK,4624.2,4619.2,4619.2,4619.2,4619.2,4619.2,4619.2,4619.2,4619.2,0.00,4619.2,4619.2,4619.2,232.76,791.2,791.2,1031.6,4105.6,4110.6,2406.6,4111.6,4110.6,2406.6,268.4,272.4,522.8,7812,2049.2,2624,16532,2050.2,791.2,12920,0xCABD4029
3405,0,749146,749.146,0,0,OK,4623.2,4619.2,4619.2,4619.2,4619.2,4619.2,4619.2,4619.2,4619.2,0.00,4619.2,4619.2,4619.2,0.80,791.2,1031.6,791.2,4105.6,2406.6,4111.6,4110.6,2406.6,4111.6,517.8,512.8,522.8,7812,1558.4,2724,14028,2050.2,791.2,20532,0xC84CB399
3406,0,749247,749.247,0,0,OK,4625.2,4619.2,4619.2,4619.2,4619.2,4619.2,4619.2,4619.2,4619.2,0.00,4619.2,4619.2,4619.2,232.76,1031.6,791.2,791.2,2171.2,4111.6,4110.6,2406.6,4111.6,4110.6,517.8,262.4,532.8,7712,1798.8,2624,14028,2060.2,1041.6,240,0x79378A8C
3407,0,749349,749.349,0,0,OK,4621.2,4619.2,4619.2,4619.2,4619.2,4619.2,4619.2,4619.2,4619.2,0.00,4619.2,4619.2,4619.2,0.80,791.2,1031.6,791.2,4105.6,2406.6,4111.6,4110.6,2406.6,4111.6,267.4,272.4,512.8,7912,1798.8,5128,16432,2060.2,791.2,2644,0x880E6B51
3408,0,749451,749.451,0,0,OK,4623.2,4619.2,4619.2,4619.2,4619.2,4619.2,4619.2,4619.2,4619.2,0.00,4619.2,4619.2,4619.2,232.76,1031.6,791.2,1031.6,2171.2,4111.6,2406.6,2407.6,4111.6,2406.6,518.8,262.4,272.4,7712,1558.4,2724,21540,1799.8,791.2,7912,0x00B875AC
3409,0,749552,749.552,0,0,OK,4626.2,4619.2,4619.2,4619.2,4619.2,4619.2,4619.2,4619.2,4619.2,0.00,4619.2,4619.2,4619.2,231.76,1031.6,1031.6,1031.6,2171.2,2407.6,2407.6,2407.6,2407.6,2407.6,518.8,272.4,532.8,7912,2059.2,5128,21540,1559.4,1041.6,20632,0xEE4FF4E0
3410,0,749654,749.654,0,0,OK,4625.2,4619.2,4619.2,4619.2,4619.2,4619.2,4619.2,4619.2,4619.2,0.00,4619.2,4619.2,4619.2,232.76,791.2,1031.6,1031.6,4105.6,2406.6,2407.6,4111.6,2406.6,2407.6,278.4,512.8,532.8,7812,1798.8,5228,19136,1809.8,1282.0,12860,0xA2D92B64
3411,0,749756,749.756,0,0,OK,4623.2,4619.2,4619.2,4619.2,4619.2,4619.2,4619.2,4619.2,4619.2,0.00,4619.2,4619.2,4619.2,232.76,791.2,791.2,791.2,4105.6,4110.6,4110.6,4110.6,4110.6,4110.6,277.4,512.8,262.4,5308,1798.8,5228,16432,1799.8,1031.6,15424,0xEF64FD1E
3412,0,749857,749.857,0,0,OK,4628.2,4619.2,4619.2,4619.2,4619.2,4619.2,4619.2,4619.2,4619.2,0.00,4619.2,4619.2,4619.2,231.76,791.2,1031.6,791.2,4105.6,2406.6,4111.6,4110.6,2406.6,4111.6,277.4,532.8,262.4,10316,1808.8,2724,19136,1809.8,1292.0,7912,0xF2AFDCAC
3413,0,749959,749.959,0,0,OK,4619.2,4619.2,4619.2,4619.2,4619.2,4619.2,4619.2,4619.2,4619.2,0.00,4619.2,4619.2,4619.2,0.80,791.2,1031.6,1031.6,4105.6,2406.6,2407.6,4111.6,2406.6,2407.6,278.4,272.4,262.4,7912,1798.8,5128,16532,1559.4,1041.6,20532,0x2158CEFE
3414,0,750060,750.060,0,0,OK,4621.2,4619.2,4619.2,4619.2,4619.2,4619.2,4619.2,4619.2,4619.2,0.00,4619.2,4619.2,4619.2,231.76,791.2,791.2,1031.6,4105.6,4110.6,2406.6,4111.6,4110.6,2406.6,769.2,522.8,532.8,7912,1558.4,2624,14028,1809.8,791.2,20632,0xEB80B565
3415,0,750162,750.162,0,0,OK,4627.2,4619.2,4619.2,4619.2,4619.2,4619.2,4619.2,4619.2,4619.2,0.00,4619.2,4619.2,4619.2,231.76,791.2,1031.6,791.2,4105.6,2406.6,4111.6,4110.6,2406.6,4111.6,517.8,262.4,262.4,10316,2059.2,5328,13928,1809.8,1292.0,2644,0x027A1DA9
3416,0,750264,750.264,0,0,OK,4625.2,4619.2,4619.2,4619.2,4619.2,4619.2,4619.2,4619.2,4619.2,0.00,4619.2,4619.2,4619.2,0.80,1031.6,1031.6,1031.6,2171.2,2407.6,2407.6,2407.6,2407.6,2407.6,528.8,522.8,522.8,7812,2059.2,2624,13828,1559.4,791.2,140,0x4B09B46F
3417,0,750365,750.365,0,0,OK,4627.2,4619.2,4619.2,4619.2,4619.2,4619.2,4619.2,4619.2,4619.2,0.00,4619.2,4619.2,4619.2,231.76,791.2,791.2,1031.6,4105.6,4110.6,2406.6,4111.6,4110.6,2406.6,518.8,512.8,262.4,7812,2059.2,2724,14028,1799.8,1041.6,240,0xD43BD4AD
3418,0,750467,750.467,0,0,OK,4620.2,4619.2,4619.2,4619.2,4619.2,4619.2,4619.2,4619.2,4619.2,0.00,4619.2,4619.2,4619.2,231.76,791.2,1031.6,1031.6,4105.6,2406.6,2407.6,4111.6,2406.6,2407.6,518.8,532.8,262.4,7712,1558.4,5328,11424,2060.2,791.2,7912,0xA02735DE
3419,0,750568,750.568,0,0,OK,4626.2,4619.2,4619.2,4619.2,4619.2,4619.2,4619.2,4619.2,4619.2,0.00,4619.2,4619.2,4619.2,0.80,1031.6,1031.6,1031.6,2171.2,2407.6,2407.6,2407.6,2407.6,2407.6,268.4,512.8,522.8,5308,1798.8,5328,21540,1809.8,791.2,240,0x47B98F59
3420,0,750670,750.670,0,0,OK,4620.2,4619.2,4619.2,4619.2,4619.2,4619.2,4619.2,4619.2,4619.2,0.00,4619.2,4619.2,4619.2,232.76,791.2,791.2,1031.6,4105.6,4110.6,2406.6,4111.6,4110.6,2406.6,528.8,532.8,512.8,10316,2059.2,5228,19036,2050.2,791.2,20532,0x9A9F375F
3421,0,750772,750.772,0,0,OK,4625.2,4619.2,4619.2,4619.2,4619.2,4619.2,4619.2,4619.2,4619.2,0.00,4619.2,4619.2,4619.2,231.76,1031.6,1031.6,1031.6,2171.2,2407.6,2407.6,2407.6,2407.6,2407.6,769.2,512.8,262.4,7912,1558.4,2624,21540,1799.8,1292.0,40,0xA6D59B82
3422,0,750873,750.873,0,0,OK,4623.2,4619.2,4619.2,4619.2,4619.2,4619.2,4619.2,4619.2,4619.2,0.00,4619.2,4619.2,4619.2,231.76,791.2,791.2,1031.6,4105.6,4110.6,2406.6,4111.6,4110.6,2406.6,769.2,272.4,512.8,7712,1798.8,5128,13828,1799.8,1041.6,10456,0xF62A92CA
3423,0,750975,750.975,0,0,OK,4619.2,4619.2,4619.2,4619.2,4619.2,4619.2,4619.2,4619.2,4619.2,0.00,4619.2,4619.2,4619.2,231.76,791.2,791.2,791.2,4105.6,4110.6,4110.6,4110.6,4110.6,4110.6,517.8,532.8,532.8,7812,2049.2,2724,19136,1809.8,1031.6,23236,0x7DB4D708
3424,0,751077,751.077,0,0,OK,4627.2,4619.2,4619.2,4619.2,4619.2,4619.2,4619.2,4619.2,4619.2,0.00,4619.2,4619.2,4619.2,0.80,1031.6,791.2,791.2,2171.2,4111.6,4110.6,2406.6,4111.6,4110.6,277.4,272.4,262.4,10316,1798.8,5228,16432,1809.8,1292.0,20732,0x1F2FEF2D
3425,0,751178,751.178,0,0,OK,4628.2,4619.2,4619.2,4619.2,4619.2,4619.2,4619.2,4619.2,4619.2,0.00,4619.2,4619.2,4619.2,232.76,791.2,1031.6,1031.6,4105.6,2406.6,2407.6,4111.6,2406.6,2407.6,278.4,262.4,262.4,7712,2049.2,5328,19036,2060.2,1031.6,5248,0x3F583132
3426,0,751280,751.280,0,0,OK,4621.2,4619.2,4619.2,4619.2,4619.2,4619.2,4619.2,4619.2,4619.2,0.00,4619.2,4619.2,4619.2,232.76,1031.6,1031.6,791.2,2171.2,2407.6,4111.6,2406.6,2407.6,4111.6,768.2,512.8,522.8,5308,1798.8,5328,19136,1559.4,1031.6,7912,0x1CFA384F
3427,0,751382,751.382,0,0,OK,4626.2,4619.2,4619.2,4619.2,4619.2,4619.2,4619.2,4619.2,4619.2,0.00,4619.2,4619.2,4619.2,232.76,791.2,1031.6,1031.6,4105.6,2406.6,2407.6,4111.6,2406.6,2407.6,528.8,532.8,272.4,7912,2049.2,5228,11424,1809.8,1041.6,7912,0x1C9B5C94
3428,0,751483,751.483,0,0,OK,4619.2,4619.2,4619.2,4619.2,4619.2,4619.2,4619.2,4619.2,4619.2,0.00,4619.2,4619.2,4619.2,0.80,1031.6,1031.6,791.2,2171.2,2407.6,4111.6,2406.6,2407.6,4111.6,768.2,272.4,522.8,7712,1798.8,5328,21540,1809.8,791.2,10356,0xA343F6D4
3429,0,751585,751.585,0,0,OK,4624.2,4619.2,4619.2,4619.2,4619.2,4619.2,4619.2,4619.2,4619.2,0.00,4619.2,4619.2,4619.2,231.76,791.2,1031.6,1031.6,4105.6,2406.6,2407.6,4111.6,2406.6,2407.6,518.8,522.8,272.4,7812,1808.8,2724,19036,2060.2,1041.6,12920,0xF1D5B53B
3430,0,751686,751.686,0,0,OK,4623.2,4619.2,4619.2,4619.2,4619.2,4619.2,4619.2,4619.2,4619.2,0.00,4619.2,4619.2,4619.2,232.76,1031.6,1031.6,791.2,2171.2,2407.6,4111.6,2406.6,2407.6,4111.6,527.8,532.8,532.8,7912,1558.4,5328,19136,2050.2,1282.0,23136,0x457C8C3C
3431,0,751788,751.788,0,0,OK,4619.2,4619.2,4619.2,4619.2,4619.2,4619.2,4619.2,4619.2,4619.2,0.00,4619.2,4619.2,4619.2,232.76,791.2,1031.6,1031.6,4105.6,2406.6,2407.6,4111.6,2406.6,2407.6,268.4,522.8,272.4,7712,1558.4,5328,13828,2050.2,1282.0,10316,0x6CE704AC
3432,0,751890,751.890,0,0,OK,4626.2,4619.2,4619.2,4619.2,4619.2,4619.2,4619.2,4619.2,4619.2,0.00,4619.2,4619.2,4619.2,232.76,1031.6,1031.6,1031.6,2171.2,2407.6,2407.6,2407.6,2407.6,2407.6,518.8,512.8,262.4,7712,2049.2,5128,14028,2060.2,1292.0,12920,0x41849168
3433,0,751991,751.991,0,0,OK,4625.2,4619.2,4619.2,4619.2,4619.2,4619.2,4619.2,4619.2,4619.2,0.00,4619.2,4619.2,4619.2,231.76,1031.6,791.2,791.2,2171.2,4111.6,4110.6,2406.6,4111.6,4110.6,267.4,272.4,522.8,5308,2059.2,2624,16632,2060.2,1282.0,17928,0x23FEAAA0
3434,0,752093,752.093,0,0,OK,4624.2,4619.2,4619.2,4619.2,4619.2,4619.2,4619.2,4619.2,4619.2,0.00,4619.2,4619.2,4619.2,232.76,791.2,1031.6,1031.6,4105.6,2406.6,2407.6,4111.6,2406.6,2407.6,769.2,512.8,272.4,10316,2049.2,2624,16632,2050.2,1282.0,40,0x4EE043AF
3435,0,752195,752.195,0,0,OK,4622.2,4619.2,4619.2,4619.2,4619.2,4619.2,4619.2,4619.2,4619.2,0.00,4619.2,4619.2,4619.2,231.76,791.2,791.2,1031.6,4105.6,4110.6,2406.6,4111.6,4110.6,2406.6,528.8,512.8,522.8,7712,2059.2,2724,11424,1809.8,1282.0,10456,0x10FDF2CA
3436,0,752296,752.296,0,0,OK,4624.2,4619.2,4619.2,4619.2,4619.2,4619.2,4619.2,4619.2,4619.2,0.00,4619.2,4619.2,4619.2,232.76,1031.6,791.2,1031.6,2171.2,4111.6,2406.6,2407.6,4111.6,2406.6,518.8,272.4,262.4,7712,1558.4,2724,16532,1799.8,1031.6,10256,0x38A25336
3437,0,752398,752.398,0,0,OK,4619.2,4619.2,4619.2,4619.2,4619.2,4619.2,4619.2,4619.2,4619.2,0.00,4619.2,4619.2,4619.2,232.76,1031.6,791.2,791.2,2171.2,4111.6,4110.6,2406.6,4111.6,4110.6,527.8,272.4,262.4,5308,1558.4,5328,19036,1799.8,1282.0,2744,0x4927EBA0
3438,0,752500,752.500,0,0,OK,4628.2,4619.2,4619.2,4619.2,4619.2,4619.2,4619.2,4619.2,4619.2,0.00,4619.2,4619.2,4619.2,231.76,1031.6,1031.6,791.2,2171.2,2407.6,4111.6,2406.6,2407.6,4111.6,517.8,522.8,522.8,5308,1808.8,2724,11424,1799.8,1282.0,5148,0xBD25819E
3439,0,752601,752.601,0,0,OK,4623.2,4619.2,4619.2,4619.2,4619.2,4619.2,4619.2,4619.2,4619.2,0.00,4619.2,4619.2,4619.2,0.80,1031.6,791.2,1031.6,2171.2,4111.6,2406.6,2407.6,4111.6,2406.6,518.8,262.4,532.8,7912,2059.2,2724,19036,1799.8,791.2,7852,0x66CEFF79
3440,0,752703,752.703,0,0,OK,4621.2,4619.2,4619.2,4619.2,4619.2,4619.2,4619.2,4619.2,4619.2,0.00,4619.2,4619.2,4619.2,0.80,1031.6,791.2,791.2,2171.2,4111.6,4110.6,2406.6,4111.6,4110.6,768.2,512.8,512.8,5308,1808.8,2724,13828,1809.8,791.2,10316,0x67B65454
3441,0,752804,752.804,0,0,OK,4627.2,4619.2,4619.2,4619.2,4619.2,4619.2,4619.2,4619.2,4619.2,0.00,4619.2,4619.2,4619.2,0.80,1031.6,1031.6,791.2,2171.2,2407.6,4111.6,2406.6,2407.6,4111.6,517.8,512.8,512.8,10316,1798.8,5128,21540,1559.4,1292.0,15424,0x50FCCA90
3442,0,752906,752.906,0,0,OK,4619.2,4619.2,4619.2,4619.2,4619.2,4619.2,4619.2,4619.2,4619.2,0.00,4619.2,4619.2,4619.2,232.76,1031.6,791.2,1031.6,2171.2,4111.6,2406.6,2407.6,4111.6,2406.6,278.4,532.8,522.8,7712,1558.4,5328,16632,2050.2,1282.0,7852,0xDD07BCD7
3443,0,753008,753.008,0,0,OK,4619.2,4619.2,4619.2,4619.2,4619.2,4619.2,4619.2,4619.2,4619.2,0.00,4619.2,4619.2,4619.2,0.80,1031.6,1031.6,791.2,2171.2,2407.6,4111.6,2406.6,2407.6,4111.6,527.8,522.8,522.8,7912,1798.8,5328,14028,2050.2,791.2,10416,0xACA124E9
3444,0,753109,753.109,0,0,OK,4625.2,4619.2,4619.2,4619.2,4619.2,4619.2,4619.2,4619.2,4619.2,0.00,4619.2,4619.2,4619.2,0.80,791.2,791.2,791.2,4105.6,4110.6,4110.6,4110.6,4110.6,4110.6,768.2,512.8,532.8,7812,1558.4,5128,21540,2050.2,1292.0,20532,0x0355FE9C
3445,0,753211,753.211,0,0,OK,4619.2,4619.2,4619.2,4619.2,4619.2,4619.2,4619.2,4619.2,4619.2,0.00,4619.2,4619.2,4619.2,232.76,1031.6,791.2,1031.6,2171.2,4111.6,2406.6,2407.6,4111.6,2406.6,278.4,272.4,512.8,10316,2049.2,2624,11424,1559.4,791.2,23136,0x08D0AE84
3446,0,753313,753.313,0,0,OK,4625.2,4619.2,4619.2,4619.2,4619.2,4619.2,4619.2,4619.2,4619.2,0.00,4619.2,4619.2,4619.2,232.76,791.2,791.2,1031.6,4105.6,4110.6,2406.6,4111.6,4110.6,2406.6,518.8,532.8,272.4,7912,2049.2,5228,11424,2060.2,1282.0,18128,0x3230AE1E
3447,0,753414,753.414,0,0,OK,4627.2,4619.2,4619.2,4619.2,4619.2,4619.2,4619.2,4619.2,4619.2,0.00,4619.2,4619.2,4619.2,0.80,1031.6,1031.6,791.2,2171.2,2407.6,4111.6,2406.6,2407.6,4111.6,267.4,522.8,532.8,10316,1798.8,2624,13828,1559.4,1041.6,5248,0x24034AF7
3448,0,753516,753.516,0,0,OK,4620.2,4619.2,4619.2,4619.2,4619.2,4619.2,4619.2,4619.2,4619.2,0.00,4619.2,4619.2,4619.2,0.80,791.2,791.2,1031.6,4105.6,4110.6,2406.6,4111.6,4110.6,2406.6,769.2,272.4,262.4,7712,1558.4,5128,19136,1799.8,1031.6,10316,0xA47CD4E6
3449,0,753618,753.618,0,0,OK,4624.2,4619.2,4619.2,4619.2,4619.2,4619.2,4619.2,4619.2,4619.2,0.00,4619.2,4619.2,4619.2,0.80,1031.6,791.2,1031.6,2171.2,4111.6,2406.6,2407.6,4111.6,2406.6,518.8,532.8,512.8,7812,1808.8,2624,21540,2050.2,1292.0,18128,0x81DA20CC
3450,0,753719,753.719,0,0,OK,4626.2,4619.2,4619.2,4619.2,4619.2,4619.2,4619.2,4619.2,4619.2,0.00,4619.2,4619.2,4619.2,231.76,1031.6,1031.6,791.2,2171.2,2407.6,4111.6,2406.6,2407.6,4111.6,768.2,512.8,532.8,7812,1558.4,5128,19036,2060.2,1282.0,10356,0x71CD1EF0
3451,0,753821,753.821,0,0,OK,4624.2,4619.2,4619.2,4619.2,4619.2,4619.2,4619.2,4619.2,4619.2,0.00,4619.2,4619.2,4619.2,0.80,791.2,1031.6,1031.6,4105.6,2406.6,2407.6,4111.6,2406.6,2407.6,268.4,262.4,262.4,7912,2059.2,2624,13828,2050.2,1041.6,12860,0x2D05049F
3452,0,753923,753.923,0,0,OK,4627.2,4619.2,4619.2,4619.2,4619.2,4619.2,4619.2,4619.2,4619.2,0.00,4619.2,4619.2,4619.2,0.80,791.2,791.2,791.2,4105.6,4110.6,4110.6,4110.6,4110.6,4110.6,267.4,262.4,262.4,7912,2049.2,2624,16632,1809.8,1282.0,2644,0x2E86CC6F
3453,0,754024,754.024,0,0,OK,4625.2,4619.2,4619.2,4619.2,4619.2,4619.2,4619.2,4619.2,4619.2,0.00,4619.2,4619.2,4619.2,232.76,791.2,791.2,791.2,4105.6,4110.6,4110.6,4110.6,4110.6,4110.6,267.4,532.8,262.4,5308,1798.8,2624,11424,1809.8,1282.0,5248,0x1E60D3D2
3454,0,754126,754.126,0,0,OK,4621.2,4619.2,4619.2,4619.2,4619.2,4619.2,4619.2,4619.2,4619.2,0.00,4619.2,4619.2,4619.2,0.80,1031.6,791.2,1031.6,2171.2,4111.6,2406.6,2407.6,4111.6,2406.6,528.8,272.4,262.4,7912,2059.2,5328,16432,1559.4,1041.6,23136,0x8AA195DD
3455,0,754227,754.227,0,0,OK,4625.2,4619.2,4619.2,4619.2,4619.2,4619.2,4619.2,4619.2,4619.2,0.00,4619.2,4619.2,4619.2,232.76,1031.6,791.2,1031.6,2171.2,4111.6,2406.6,2407.6,4111.6,2406.6,278.4,272.4,272.4,7912,1808.8,2624,16432,1559.4,1282.0,7912,0x8A6DFE68
3456,0,754329,754.329,0,0,OK,4621.2,4619.2,4619.2,4619.2,4619.2,4619.2,4619.2,4619.2,4619.2,0.00,4619.2,4619.2,4619.2,232.76,791.2,791.2,1031.6,4105.6,4110.6,2406.6,4111.6,4110.6,2406.6,528.8,262.4,532.8,10316,2059.2,5228,16632,2060.2,1282.0,12820,0x9BE3E5EE
3457,0,754431,754.431,0,0,OK,4625.2,4619.2,4619.2,4619.2,4619.2,4619.2,4619.2,4619.2,4619.2,0.00,4619.2,4619.2,4619.2,0.80,791.2,791.2,1031.6,4105.6,4110.6,2406.6,4111.6,4110.6,2406.6,518.8,262.4,272.4,10316,1808.8,2624,14028,2060.2,791.2,15524,0x850775D2
3458,0,754532,754.532,0,0,OK,4626.2,4619.2,4619.2,4619.2,4619.2,4619.2,4619.2,4619.2,4619.2,0.00,4619.2,4619.2,4619.2,231.76,1031.6,1031.6,791.2,2171.2,2407.6,4111.6,2406.6,2407.6,4111.6,517.8,272.4,532.8,5308,2059.2,5328,13828,1559.4,1031.6,140,0x10E80735
3459,0,754634,754.634,0,0,OK,4625.2,4619.2,4619.2,4619.2,4619.2,4619.2,4619.2,4619.2,4619.2,0.00,4619.2,4619.2,4619.2,0.80,791.2,791.2,1031.6,4105.6,4110.6,2406.6,4111.6,4110.6,2406.6,268.4,532.8,512.8,7812,1808.8,2624,11424,2060.2,1282.0,5248,0xDDCA71BF
3460,0,754735,754.735,0,0,OK,4622.2,4619.2,4619.2,4619.2,4619.2,4619.2,4619.2,4619.2,4619.2,0.00,4619.2,4619.2,4619.2,231.76,791.2,791.2,1031.6,4105.6,4110.6,2406.6,4111.6,4110.6,2406.6,528.8,512.8,272.4,10316,2049.2,5128,16532,1809.8,1282.0,2644,0x40298F3B
3461,0,754837,754.837,0,0,OK,4624.2,4619.2,4619.2,4619.2,4619.2,4619.2,4619.2,4619.2,4619.2,0.00,4619.2,4619.2,4619.2,0.80,1031.6,1031.6,791.2,2171.2,2407.6,4111.6,2406.6,2407.6,4111.6,267.4,272.4,272.4,7712,1798.8,2724,16632,2050.2,1292.0,15424,0x7CFB1722
3462,0,754939,754.939,0,0,OK,4622.2,4619.2,4619.2,4619.2,4619.2,4619.2,4619.2,4619.2,4619.2,0.00,4619.2,4619.2,4619.2,0.80,791.2,1031.6,1031.6,4105.6,2406.6,2407.6,4111.6,2406.6,2407.6,268.4,532.8,522.8,10316,1808.8,5328,16632,2050.2,1292.0,10316,0xA9D05A1C
3463,0,755040,755.040,0,0,OK,4621.2,4619.2,4619.2,4619.2,4619.2,4619.2,4619.2,4619.2,4619.2,0.00,4619.2,4619.2,4619.2,232.76,791.2,1031.6,791.2,4105.6,2406.6,4111.6,4110.6,2406.6,4111.6,517.8,262.4,522.8,7912,1808.8,2624,19136,1559.4,791.2,12860,0xECF0935A
3464,0,755142,755.142,0,0,OK,4622.2,4619.2,4619.2,4619.2,4619.2,4619.2,4619.2,4619.2,4619.2,0.00,4619.2,4619.2,4619.2,231.76,1031.6,791.2,791.2,2171.2,4111.6,4110.6,2406.6,4111.6,4110.6,527.8,272.4,512.8,7712,1558.4,5128,13928,1809.8,1292.0,10256,0x070F5643
3465,0,755244,755.244,0,0,OK,4626.2,4619.2,4619.2,4619.2,4619.2,4619.2,4619.2,4619.2,4619.2,0.00,4619.2,4619.2,4619.2,231.76,1031.6,791.2,1031.6,2171.2,4111.6,2406.6,2407.6,4111.6,2406.6,769.2,522.8,532.8,7712,1558.4,5228,19136,1809.8,1292.0,5248,0xBD461788
3466,0,755345,755.345,0,0,OK,4627.2,4619.2,4619.2,4619.2,4619.2,4619.2,4619.2,4619.2,4619.2,0.00,4619.2,4619.2,4619.2,231.76,1031.6,791.2,1031.6,2171.2,4111.6,2406.6,2407.6,4111.6,2406.6,518.8,262.4,522.8,10316,1558.4,5228,11424,1559.4,1282.0,17928,0x7477FF10
3467,0,755447,755.447,0,0,OK,4619.2,4619.2,4619.2,4619.2,4619.2,4619.2,4619.2,4619.2,4619.2,0.00,4619.2,4619.2,4619.2,232.76,791.2,791.2,1031.6,4105.6,4110.6,2406.6,4111.6,4110.6,2406.6,278.4,532.8,532.8,10316,1558.4,2624,16532,2050.2,1282.0,7752,0x06715DD9
3468,0,755548,755.548,0,0,OK,4627.2,4619.2,4619.2,4619.2,4619.2,4619.2,4619.2,4619.2,4619.2,0.00,4619.2,4619.2,4619.2,231.76,791.2,791.2,1031.6,4105.6,4110.6,2406.6,4111.6,4110.6,2406.6,268.4,532.8,512.8,10316,1798.8,2724,11424,2060.2,1041.6,15424,0x15E5EA21
3469,0,755650,755.650,0,0,OK,4625.2,4619.2,4619.2,4619.2,4619.2,4619.2,4619.2,4619.2,4619.2,0.00,4619.2,4619.2,4619.2,232.76,791.2,1031.6,791.2,4105.6,2406.6,4111.6,4110.6,2406.6,4111.6,768.2,262.4,532.8,7812,1558.4,2624,16432,2050.2,1031.6,10316,0x8C957E11
3470,0,755752,755.752,0,0,OK,4627.2,4619.2,4619.2,4619.2,4619.2,4619.2,4619.2,4619.2,4619.2,0.00,4619.2,4619.2,4619.2,231.76,791.2,791.2,1031.6,4105.6,4110.6,2406.6,4111.6,4110.6,2406.6,268.4,512.8,512.8,7812,1808.8,2624,19036,2050.2,1282.0,10256,0x5125CF47
3471,0,755853,755.853,0,0,OK,4628.2,4619.2,4619.2,4619.2,4619.2,4619.2,4619.2,4619.2,4619.2,0.00,4619.2,4619.2,4619.2,231.76,1031.6,1031.6,791.2,2171.2,2407.6,4111.6,2406.6,2407.6,4111.6,527.8,262.4,272.4,7912,1798.8,5328,16432,1559.4,791.2,12820,0x5A03291A
3472,0,755955,755.955,0,0,OK,4623.2,4619.2,4619.2,4619.2,4619.2,4619.2,4619.2,4619.2,4619.2,0.00,4619.2,4619.2,4619.2,0.80,1031.6,1031.6,791.2,2171.2,2407.6,4111.6,2406.6,2407.6,4111.6,517.8,272.4,522.8,5308,2049.2,5128,19136,1799.8,1292.0,20632,0x264F3E1B
3473,0,756056,756.056,0,0,OK,4619.2,4619.2,4619.2,4619.2,4619.2,4619.2,4619.2,4619.2,4619.2,0.00,4619.2,4619.2,4619.2,0.80,1031.6,791.2,1031.6,2171.2,4111.6,2406.6,2407.6,4111.6,2406.6,528.8,522.8,532.8,10316,2059.2,2724,21540,2050.2,1282.0,12860,0xCBE759F0
3474,0,756158,756.158,0,0,OK,4623.2,4619.2,4619.2,4619.2,4619.2,4619.2,4619.2,4619.2,4619.2,0.00,4619.2,4619.2,4619.2,0.80,791.2,791.2,1031.6,4105.6,4110.6,2406.6,4111.6,4110.6,2406.6,518.8,532.8,522.8,7712,2049.2,5128,19036,2060.2,1031.6,17928,0x488452CB
3475,0,756260,756.260,0,0,OK,4621.2,4619.2,4619.2,4619.2,4619.2,4619.2,4619.2,4619.2,4619.2,0.00,4619.2,4619.2,4619.2,232.76,791.2,1031.6,791.2,4105.6,2406.6,4111.6,4110.6,2406.6,4111.6,527.8,512.8,532.8,7812,1558.4,2724,11424,2060.2,791.2,12820,0xB4C92FCB
3476,0,756361,756.361,0,0,OK,4625.2,4619.2,4619.2,4619.2,4619.2,4619.2,4619.2,4619.2,4619.2,0.00,4619.2,4619.2,4619.2,231.76,791.2,1031.6,1031.6,4105.6,2406.6,2407.6,4111.6,2406.6,2407.6,268.4,522.8,262.4,10316,2059.2,2624,19136,2050.2,1041.6,5148,0x4D2C8270
3477,0,756463,756.463,0,0,OK,4625.2,4619.2,4619.2,4619.2,4619.2,4619.2,4619.2,4619.2,4619.2,0.00,4619.2,4619.2,4619.2,232.76,1031.6,1031.6,1031.6,2171.2,2407.6,2407.6,2407.6,2407.6,2407.6,278.4,532.8,512.8,7712,2059.2,5128,19136,2050.2,1041.6,17928,0x2C8CB15B
3478,0,756565,756.565,0,0,OK,4623.2,4619.2,4619.2,4619.2,4619.2,4619.2,4619.2,4619.2,4619.2,0.00,4619.2,4619.2,4619.2,232.76,791.2,791.2,791.2,4105.6,4110.6,4110.6,4110.6,4110.6,4110.6,768.2,272.4,262.4,10316,2049.2,5128,19036,1809.8,1041.6,20632,0x8003B6BC
3479,0,756666,756.666,0,0,OK,4626.2,4619.2,4619.2,4619.2,4619.2,4619.2,4619.2,4619.2,4619.2,0.00,4619.2,4619.2,4619.2,231.76,791.2,1031.6,791.2,4105.6,2406.6,4111.6,4110.6,2406.6,4111.6,277.4,512.8,272.4,10316,1798.8,2624,19036,2060.2,791.2,18028,0x1C927926
3480,0,756768,756.768,0,0,OK,4623.2,4619.2,4619.2,4619.2,4619.2,4619.2,4619.2,4619.2,4619.2,0.00,4619.2,4619.2,4619.2,231.76,791.2,791.2,1031.6,4105.6,4110.6,2406.6,4111.6,4110.6,2406.6,528.8,262.4,532.8,5308,1808.8,2624,14028,2060.2,1041.6,240,0xF11BF8D8
3481,0,756869,756.869,0,0,OK,4621.2,4619.2,4619.2,4619.2,4619.2,4619.2,4619.2,4619.2,4619.2,0.00,4619.2,4619.2,4619.2,231.76,1031.6,791.2,791.2,2171.2,4111.6,4110.6,2406.6,4111.6,4110.6,768.2,512.8,532.8,10316,1558.4,5128,16432,1799.8,791.2,7912,0x385707A5
3482,0,756971,756.971,0,0,OK,4627.2,4619.2,4619.2,4619.2,4619.2,4619.2,4619.2,4619.2,4619.2,0.00,4619.2,4619.2,4619.2,0.80,1031.6,1031.6,791.2,2171.2,2407.6,4111.6,2406.6,2407.6,4111.6,527.8,272.4,532.8,7712,2059.2,5228,13928,2050.2,791.2,2744,0x7A9F2F22
3483,0,757073,757.073,0,0,OK,4624.2,4619.2,4619.2,4619.2,4619.2,4619.2,4619.2,4619.2,4619.2,0.00,4619.2,4619.2,4619.2,231.76,791.2,791.2,791.2,4105.6,4110.6,4110.6,4110.6,4110.6,4110.6,277.4,272.4,532.8,7712,1798.8,5228,21540,2050.2,791.2,18128,0x0F8E94E0
3484,0,757174,757.174,0,0,OK,4628.2,4619.2,4619.2,4619.2,4619.2,4619.2,4619.2,4619.2,4619.2,0.00,4619.2,4619.2,4619.2,0.80,791.2,1031.6,791.2,4105.6,2406.6,4111.6,4110.6,2406.6,4111.6,527.8,512.8,522.8,10316,1798.8,5328,13928,1809.8,1031.6,5248,0x164EED19
3485,0,757276,757.276,0,0,OK,4619.2,4619.2,4619.2,4619.2,4619.2,4619.2,4619.2,4619.2,4619.2,0.00,4619.2,4619.2,4619.2,232.76,791.2,1031.6,791.2,4105.6,2406.6,4111.6,4110.6,2406.6,4111.6,768.2,522.8,262.4,5308,1808.8,5128,13928,2060.2,1041.6,12920,0x033EE8B1
3486,0,757377,757.377,0,0,OK,4625.2,4619.2,4619.2,4619.2,4619.2,4619.2,4619.2,4619.2,4619.2,0.00,4619.2,4619.2,4619.2,231.76,791.2,791.2,1031.6,4105.6,4110.6,2406.6,4111.6,4110.6,2406.6,518.8,272.4,262.4,10316,1808.8,5228,13928,2050.2,1292.0,17928,0x70161DE4
3487,0,757479,757.479,0,0,OK,4623.2,4619.2,4619.2,4619.2,4619.2,4619.2,4619.2,4619.2,4619.2,0.00,4619.2,4619.2,4619.2,232.76,1031.6,791.2,1031.6,2171.2,4111.6,2406.6,2407.6,4111.6,2406.6,268.4,262.4,522.8,7712,2059.2,5328,13828,1809.8,1282.0,7852,0x0BAB3657
3488,0,757581,757.581,0,0,OK,4627.2,4619.2,4619.2,4619.2,4619.2,4619.2,4619.2,4619.2,4619.2,0.00,4619.2,4619.2,4619.2,232.76,791.2,791.2,791.2,4105.6,4110.6,4110.6,4110.6,4110.6,4110.6,768.2,532.8,262.4,7812,1558.4,2724,21540,1799.8,1041.6,12820,0x36E04BD7
3489,0,757682,757.682,0,0,OK,4628.2,4619.2,4619.2,4619.2,4619.2,4619.2,4619.2,4619.2,4619.2,0.00,4619.2,4619.2,4619.2,232.76,1031.6,791.2,1031.6,2171.2,4111.6,2406.6,2407.6,4111.6,2406.6,528.8,262.4,272.4,10316,1558.4,2724,19136,2060.2,1282.0,10256,0x232A5E77
3490,0,757784,757.784,0,0,OK,4622.2,4619.2,4619.2,4619.2,4619.2,4619.2,4619.2,4619.2,4619.2,0.00,4619.2,4619.2,4619.2,232.76,1031.6,791.2,791.2,2171.2,4111.6,4110.6,2406.6,4111.6,4110.6,768.2,532.8,272.4,7812,1808.8,5128,21540,2060.2,1041.6,15524,0x417DC250
3491,0,757886,757.886,0,0,OK,4621.2,4619.2,4619.2,4619.2,4619.2,4619.2,4619.2,4619.2,4619.2,0.00,4619.2,4619.2,4619.2,0.80,1031.6,791.2,1031.6,2171.2,4111.6,2406.6,2407.6,4111.6,2406.6,278.4,522.8,272.4,7812,2059.2,5228,16432,1559.4,1282.0,20532,0x9EAA171E
3492,0,757987,757.987,0,0,OK,4628.2,4619.2,4619.2,4619.2,4619.2,4619.2,4619.2,4619.2,4619.2,0.00,4619.2,4619.2,4619.2,232.76,1031.6,1031.6,1031.6,2171.2,2407.6,2407.6,2407.6,2407.6,2407.6,268.4,522.8,522.8,10316,1798.8,5128,19136,1559.4,1292.0,2744,0x26D8850B
3493,0,758089,758.089,0,0,OK,4621.2,4619.2,4619.2,4619.2,4619.2,4619.2,4619.2,4619.2,4619.2,0.00,4619.2,4619.2,4619.2,232.76,791.2,1031.6,791.2,4105.6,2406.6,4111.6,4110.6,2406.6,4111.6,517.8,262.4,532.8,7912,1808.8,5328,21540,1809.8,1282.0,2644,0x589B08D9
3494,0,758190,758.190,0,0,OK,4626.2,4619.2,4619.2,4619.2,4619.2,4619.2,4619.2,4619.2,4619.2,0.00,4619.2,4619.2,4619.2,0.80,791.2,1031.6,791.2,4105.6,2406.6,4111.6,4110.6,2406.6,4111.6,277.4,522.8,532.8,10316,2049.2,5328,19036,1809.8,1031.6,23136,0x97C1EE88
3495,0,758292,758.292,0,0,OK,4628.2,4619.2,4619.2,4619.2,4619.2,4619.2,4619.2,4619.2,4619.2,0.00,4619.2,4619.2,4619.2,232.76,1031.6,1031.6,791.2,2171.2,2407.6,4111.6,2406.6,2407.6,4111.6,277.4,262.4,532.8,10316,2049.2,5228,14028,2060.2,1292.0,7852,0xB0D3BB14
3496,0,758394,758.394,0,0,OK,4621.2,4619.2,4619.2,4619.2,4619.2,4619.2,4619.2,4619.2,4619.2,0.00,4619.2,4619.2,4619.2,231.76,1031.6,1031.6,791.2,2171.2,2407.6,4111.6,2406.6,2407.6,4111.6,267.4,262.4,272.4,7712,2049.2,2624,16432,2060.2,791.2,5148,0xB5C14FAE
3497,0,758495,758.495,0,0,OK,4620.2,4619.2,4619.2,4619.2,4619.2,4619.2,4619.2,4619.2,4619.2,0.00,4619.2,4619.2,4619.2,232.76,1031.6,791.2,791.2,2171.2,4111.6,4110.6,2406.6,4111.6,4110.6,267.4,272.4,262.4,5308,2049.2,5228,13928,1809.8,1041.6,5148,0xC08E8002
3498,0,758597,758.597,0,0,OK,4628.2,4619.2,4619.2,4619.2,4619.2,4619.2,4619.2,4619.2,4619.2,0.00,4619.2,4619.2,4619.2,0.80,1031.6,1031.6,791.2,2171.2,2407.6,4111.6,2406.6,2407.6,4111.6,277.4,262.4,532.8,10316,1558.4,2724,21540,1809.8,791.2,2644,0x63B4CF3F
3499,0,758698,758.698,0,0,OK,4627.2,4619.2,4619.2,4619.2,4619.2,4619.2,4619.2,4619.2,4619.2,0.00,4619.2,4619.2,4619.2,231.76,1031.6,1031.6,791.2,2171.2,2407.6,4111.6,2406.6,2407.6,4111.6,277.4,532.8,272.4,10316,2059.2,5128,19136,2050.2,1031.6,23136,0x707E3D0A
3500,0,758800,758.800,0,0,OK,4628.2,4619.2,4619.2,4619.2,4619.2,4619.2,4619.2,4619.2,4619.2,0.00,4619.2,4619.2,4619.2,231.76,1031.6,791.2,791.2,2171.2,4111.6,4110.6,2406.6,4111.6,4110.6,517.8,272.4,532.8,10316,1558.4,2624,16532,1559.4,1031.6,17928,0x34FC4BB1
3501,0,758902,758.902,0,0,OK,4626.2,4619.2,4619.2,4619.2,4619.2,4619.2,4619.2,4619.2,4619.2,0.00,4619.2,4619.2,4619.2,231.76,791.2,1031.6,1031.6,4105.6,2406.6,2407.6,4111.6,2406.6,2407.6,769.2,512.8,512.8,5308,1808.8,5328,13928,2050.2,1041.6,140,0xE014AEE8
3502,0,759003,759.003,0,0,OK,4621.2,4619.2,4619.2,4619.2,4619.2,4619.2,4619.2,4619.2,4619.2,0.00,4619.2,4619.2,4619.2,0.80,1031.6,791.2,791.2,2171.2,4111.6,4110.6,2406.6,4111.6,4110.6,768.2,512.8,262.4,5308,2059.2,5128,13828,2050.2,1282.0,18128,0xBF6B2AF5
3503,0,759105,759.105,0,0,OK,4624.2,4619.2,4619.2,4619.2,4619.2,4619.2,4619.2,4619.2,4619.2,0.00,4619.2,4619.2,4619.2,0.80,1031.6,791.2,791.2,2171.2,4111.6,4110.6,2406.6,4111.6,4110.6,768.2,532.8,262.4,7812,1798.8,2724,14028,1799.8,1282.0,13020,0x0F3B2C17
3504,0,759206,759.206,0,0,OK,4623.2,4619.2,4619.2,4619.2,4619.2,4619.2,4619.2,4619.2,4619.2,0.00,4619.2,4619.2,4619.2,231.76,1031.6,1031.6,791.2,2171.2,2407.6,4111.6,2406.6,2407.6,4111.6,267.4,272.4,532.8,5308,1798.8,5228,16632,1809.8,1292.0,7752,0x7353C604
3505,0,759308,759.308,0,0,OK,4627.2,4619.2,4619.2,4619.2,4619.2,4619.2,4619.2,4619.2,4619.2,0.00,4619.2,4619.2,4619.2,232.76,1031.6,1031.6,1031.6,2171.2,2407.6,2407.6,2407.6,2407.6,2407.6,528.8,522.8,532.8,7912,1798.8,2624,14028,2060.2,1041.6,23236,0x842D1B31
3506,0,759410,759.410,0,0,OK,4626.2,4619.2,4619.2,4619.2,4619.2,4619.2,4619.2,4619.2,4619.2,0.00,4619.2,4619.2,4619.2,232.76,1031.6,791.2,1031.6,2171.2,4111.6,2406.6,2407.6,4111.6,2406.6,268.4,512.8,272.4,10316,2059.2,2624,21540,1809.8,1292.0,20532,0x866EAE27
3507,0,759511,759.511,0,0,OK,4623.2,4619.2,4619.2,4619.2,4619.2,4619.2,4619.2,4619.2,4619.2,0.00,4619.2,4619.2,4619.2,231.76,791.2,791.2,791.2,4105.6,4110.6,4110.6,4110.6,4110.6,4110.6,527.8,522.8,512.8,10316,1558.4,2624,21540,1799.8,1031.6,2744,0x85599819
3508,0,759613,759.613,0,0,OK,4625.2,4619.2,4619.2,4619.2,4619.2,4619.2,4619.2,4619.2,4619.2,0.00,4619.2,4619.2,4619.2,0.80,1031.6,1031.6,791.2,2171.2,2407.6,4111.6,2406.6,2407.6,4111.6,527.8,272.4,272.4,10316,2059.2,5128,16632,1799.8,1031.6,40,0x45AD5D25
3509,0,759714,759.714,0,0,OK,4621.2,4619.2,4619.2,4619.2,4619.2,4619.2,4619.2,4619.2,4619.2,0.00,4619.2,4619.2,4619.2,0.80,791.2,1031.6,1031.6,4105.6,2406.6,2407.6,4111.6,2406.6,2407.6,769.2,522.8,262.4,10316,2059.2,5128,13928,2050.2,1292.0,2744,0xA0F3ED7F
3510,0,759816,759.816,0,0,OK,4627.2,4619.2,4619.2,4619.2,4619.2,4619.2,4619.2,4619.2,4619.2,0.00,4619.2,4619.2,4619.2,0.80,791.2,1031.6,791.2,4105.6,2406.6,4111.6,4110.6,2406.6,4111.6,267.4,532.8,262.4,7712,1798.8,2624,16532,2050.2,791.2,10356,0xD0BB995C
3511,0,759918,759.918,0,0,OK,4622.2,4619.2,4619.2,4619.2,4619.2,4619.2,4619.2,4619.2,4619.2,0.00,4619.2,4619.2,4619.2,0.80,791.2,791.2,791.2,4105.6,4110.6,4110.6,4110.6,4110.6,4110.6,768.2,532.8,532.8,7812,1558.4,5128,19136,2050.2,1282.0,240,0xB39D8FB6
3512,0,760019,760.019,0,0,OK,4621.2,4619.2,4619.2,4619.2,4619.2,4619.2,4619.2,4619.2,4619.2,0.00,4619.2,4619.2,4619.2,231.76,791.2,1031.6,1031.6,4105.6,2406.6,2407.6,4111.6,2406.6,2407.6,769.2,532.8,532.8,7812,1808.8,5328,21540,1799.8,1041.6,12860,0x9405C72C
3513,0,760121,760.121,0,0,OK,4628.2,4619.2,4619.2,4619.2,4619.2,4619.2,4619.2,4619.2,4619.2,0.00,4619.2,4619.2,4619.2,231.76,791.2,791.2,1031.6,4105.6,4110.6,2406.6,4111.6,4110.6,2406.6,268.4,532.8,272.4,10316,1798.8,2624,13928,1799.8,1292.0,140,0x2FDE0145
3514,0,760223,760.223,0,0,OK,4619.2,4619.2,4619.2,4619.2,4619.2,4619.2,4619.2,4619.2,4619.2,0.00,4619.2,4619.2,4619.2,231.76,791.2,791.2,1031.6,4105.6,4110.6,2406.6,4111.6,4110.6,2406.6,769.2,272.4,512.8,5308,2059.2,2624,11424,2050.2,1282.0,18128,0xCCAD13DB
3515,0,760324,760.324,0,0,OK,4624.2,4619.2,4619.2,4619.2,4619.2,4619.2,4619.2,4619.2,4619.2,0.00,4619.2,4619.2,4619.2,231.76,791.2,1031.6,791.2,4105.6,2406.6,4111.6,4110.6,2406.6,4111.6,277.4,512.8,522.8,7712,2059.2,5328,21540,2060.2,1041.6,2644,0xF6F75080
3516,0,760426,760.426,0,0,OK,4624.2,4619.2,4619.2,4619.2,4619.2,4619.2,4619.2,4619.2,4619.2,0.00,4619.2,4619.2,4619.2,231.76,791.2,791.2,791.2,4105.6,4110.6,4110.6,4110.6,4110.6,4110.6,267.4,532.8,522.8,10316,1558.4,2724,19036,2050.2,1292.0,15424,0xC26D691A
3517,0,760528,760.528,0,0,OK,4626.2,4619.2,4619.2,4619.2,4619.2,4619.2,4619.2,4619.2,4619.2,0.00,4619.2,4619.2,4619.2,232.76,791.2,1031.6,791.2,4105.6,2406.6,4111.6,4110.6,2406.6,4111.6,267.4,272.4,522.8,5308,1808.8,5128,21540,2060.2,791.2,13020,0x1EC468ED
3518,0,760629,760.629,0,0,OK,4628.2,4619.2,4619.2,4619.2,4619.2,4619.2,4619.2,4619.2,4619.2,0.00,4619.2,4619.2,4619.2,0.80,1031.6,1031.6,1031.6,2171.2,2407.6,2407.6,2407.6,2407.6,2407.6,528.8,522.8,512.8,10316,2049.2,5328,21540,1809.8,791.2,7912,0x101E351F
3519,0,760731,760.731,0,0,OK,4625.2,4619.2,4619.2,4619.2,4619.2,4619.2,4619.2,4619.2,4619.2,0.00,4619.2,4619.2,4619.2,232.76,791.2,791.2,791.2,4105.6,4110.6,4110.6,4110.6,4110.6,4110.6,277.4,272.4,532.8,5308,1808.8,5128,19036,1799.8,1031.6,7852,0xE610EC64
3520,0,760832,760.832,0,0,OK,4627.2,4619.2,4619.2,4619.2,4619.2,4619.2,4619.2,4619.2,4619.2,0.00,4619.2,4619.2,4619.2,232.76,791.2,1031.6,1031.6,4105.6,2406.6,2407.6,4111.6,2406.6,2407.6,528.8,272.4,532.8,7712,1798.8,2724,11424,1799.8,1041.6,12920,0xE937941B
3521,0,760934,760.934,0,0,OK,4626.2,4619.2,4619.2,4619.2,4619.2,4619.2,4619.2,4619.2,4619.2,0.00,4619.2,4619.2,4619.2,232.76,1031.6,791.2,791.2,2171.2,4111.6,4110.6,2406.6,4111.6,4110.6,768.2,272.4,512.8,10316,1798.8,2624,16532,2060.2,1041.6,20632,0xFC4D92D0
3522,0,761036,761.036,0,0,OK,4620.2,4619.2,4619.2,4619.2,4619.2,4619.2,4619.2,4619.2,4619.2,0.00,4619.2,4619.2,4619.2,232.76,1031.6,791.2,791.2,2171.2,4111.6,4110.6,2406.6,4111.6,4110.6,527.8,532.8,262.4,7712,1808.8,2624,13828,1559.4,1282.0,240,0x522EDA5F
3523,0,761137,761.137,0,0,OK,4625.2,4619.2,4619.2,4619.2,4619.2,4619.2,4619.2,4619.2,4619.2,0.00,4619.2,4619.2,4619.2,232.76,791.2,791.2,791.2,4105.6,4110.6,4110.6,4110.6,4110.6,4110.6,768.2,522.8,272.4,7712,1798.8,5228,16632,1559.4,1031.6,2744,0xF4888B08
3524,0,761239,761.239,0,0,OK,4626.2,4619.2,4619.2,4619.2,4619.2,4619.2,4619.2,4619.2,4619.2,0.00,4619.2,4619.2,4619.2,231.76,791.2,1031.6,1031.6,4105.6,2406.6,2407.6,4111.6,2406.6,2407.6,278.4,532.8,512.8,7812,2049.2,2724,16632,2060.2,1292.0,18128,0x50DDF816
3525,0,761340,761.340,0,0,OK,4621.2,4619.2,4619.2,4619.2,4619.2,4619.2,4619.2,4619.2,4619.2,0.00,4619.2,4619.2,4619.2,232.76,1031.6,791.2,791.2,2171.2,4111.6,4110.6,2406.6,4111.6,4110.6,768.2,272.4,522.8,7912,1808.8,2624,16532,1559.4,1031.6,7852,0x56C99BBE
3526,0,761442,761.442,0,0,OK,4619.2,4619.2,4619.2,4619.2,4619.2,4619.2,4619.2,4619.2,4619.2,0.00,4619.2,4619.2,4619.2,231.76,1031.6,791.2,1031.6,2171.2,4111.6,2406.6,2407.6,4111.6,2406.6,769.2,272.4,532.8,10316,1558.4,5228,19136,2060.2,1031.6,240,0x42C5AEB1
3527,0,761544,761.544,0,0,OK,4628.2,4619.2,4619.2,4619.2,4619.2,4619.2,4619.2,4619.2,4619.2,0.00,4619.2,4619.2,4619.2,0.80,791.2,791.2,791.2,4105.6,4110.6,4110.6,4110.6,4110.6,4110.6,527.8,272.4,262.4,7812,2049.2,2724,11424,1809.8,791.2,23236,0x78461D63
3528,0,761645,761.645,0,0,OK,4625.2,4619.2,4619.2,4619.2,4619.2,4619.2,4619.2,4619.2,4619.2,0.00,4619.2,4619.2,4619.2,232.76,791.2,791.2,791.2,4105.6,4110.6,4110.6,4110.6,4110.6,4110.6,768.2,532.8,532.8,10316,2049.2,5228,21540,2050.2,1031.6,17928,0x813F50DC
3529,0,761747,761.747,0,0,OK,4623.2,4619.2,4619.2,4619.2,4619.2,4619.2,4619.2,4619.2,4619.2,0.00,4619.2,4619.2,4619.2,231.76,791.2,791.2,1031.6,4105.6,4110.6,2406.6,4111.6,4110.6,2406.6,518.8,262.4,532.8,5308,2059.2,5228,21540,1809.8,1282.0,20632,0x00B8C769
3530,0,761848,761.848,0,0,OK,4623.2,4619.2,4619.2,4619.2,4619.2,4619.2,4619.2,4619.2,4619.2,0.00,4619.2,4619.2,4619.2,232.76,791.2,1031.6,791.2,4105.6,2406.6,4111.6,4110.6,2406.6,4111.6,768.2,272.4,512.8,7712,2049.2,5228,14028,2050.2,1282.0,20732,0xE8DE59FD
3531,0,761950,761.950,0,0,OK,4619.2,4619.2,4619.2,4619.2,4619.2,4619.2,4619.2,4619.2,4619.2,0.00,4619.2,4619.2,4619.2,232.76,791.2,1031.6,1031.6,4105.6,2406.6,2407.6,4111.6,2406.6,2407.6,769.2,512.8,532.8,7712,1558.4,5328,14028,1559.4,1292.0,7912,0xF4DAB5ED
3532,0,762052,762.052,0,0,OK,4622.2,4619.2,4619.2,4619.2,4619.2,4619.2,4619.2,4619.2,4619.2,0.00,4619.2,4619.2,4619.2,231.76,1031.6,1031.6,791.2,2171.2,2407.6,4111.6,2406.6,2407.6,4111.6,768.2,262.4,532.8,10316,2049.2,5128,11424,1559.4,1041.6,23236,0xAF51131E
3533,0,762153,762.153,0,0,OK,4623.2,4619.2,4619.2,4619.2,4619.2,4619.2,4619.2,4619.2,4619.2,0.00,4619.2,4619.2,4619.2,0.80,1031.6,791.2,791.2,2171.2,4111.6,4110.6,2406.6,4111.6,4110.6,277.4,262.4,262.4,5308,1798.8,5128,16532,1799.8,1041.6,15524,0x036D2123
3534,0,762255,762.255,0,0,OK,4620.2,4619.2,4619.2,4619.2,4619.2,4619.2,4619.2,4619.2,4619.2,0.00,4619.2,4619.2,4619.2,0.80,791.2,791.2,1031.6,4105.6,4110.6,2406.6,4111.6,4110.6,2406.6,528.8,262.4,522.8,7912,1558.4,5128,13928,2050.2,1292.0,13020,0xF3D8707F
3535,0,762356,762.356,0,0,OK,4628.2,4619.2,4619.2,4619.2,4619.2,4619.2,4619.2,4619.2,4619.2,0.00,4619.2,4619.2,4619.2,232.76,791.2,1031.6,791.2,4105.6,2406.6,4111.6,4110.6,2406.6,4111.6,527.8,532.8,522.8,5308,2049.2,2724,14028,2060.2,791.2,10456,0x7804CC3E
3536,0,762458,762.458,0,0,OK,4628.2,4619.2,4619.2,4619.2,4619.2,4619.2,4619.2,4619.2,4619.2,0.00,4619.2,4619.2,4619.2,0.80,791.2,1031.6,791.2,4105.6,2406.6,4111.6,4110.6,2406.6,4111.6,267.4,532.8,262.4,7812,1558.4,5328,11424,2050.2,1292.0,15524,0xAEBD1936
3537,0,762560,762.560,0,0,OK,4622.2,4619.2,4619.2,4619.2,4619.2,4619.2,4619.2,4619.2,4619.2,0.00,4619.2,4619.2,4619.2,232.76,791.2,791.2,1031.6,4105.6,4110.6,2406.6,4111.6,4110.6,2406.6,769.2,532.8,532.8,10316,1798.8,5228,14028,1799.8,791.2,7852,0xF29D24A7
3538,0,762661,762.661,0,0,OK,4619.2,4619.2,4619.2,4619.2,4619.2,4619.2,4619.2,4619.2,4619.2,0.00,4619.2,4619.2,4619.2,232.76,1031.6,1031.6,791.2,2171.2,2407.6,4111.6,2406.6,2407.6,4111.6,517.8,522.8,532.8,7712,1558.4,5328,16632,2050.2,1282.0,240,0x668FFB8F
3539,0,762763,762.763,0,0,OK,4627.2,4619.2,4619.2,4619.2,4619.2,4619.2,4619.2,4619.2,4619.2,0.00,4619.2,4619.2,4619.2,231.76,1031.6,791.2,1031.6,2171.2,4111.6,2406.6,2407.6,4111.6,2406.6,769.2,262.4,512.8,10316,2059.2,5128,19036,2050.2,1041.6,5348,0x780A6E11
3540,0,762865,762.865,0,0,OK,4623.2,4619.2,4619.2,4619.2,4619.2,4619.2,4619.2,4619.2,4619.2,0.00,4619.2,4619.2,4619.2,232.76,1031.6,791.2,1031.6,2171.2,4111.6,2406.6,2407.6,4111.6,2406.6,518.8,532.8,522.8,10316,1808.8,2724,21540,1799.8,1292.0,12920,0x9A5CF2F3
3541,0,762966,762.966,0,0,OK,4625.2,4619.2,4619.2,4619.2,4619.2,4619.2,4619.2,4619.2,4619.2,0.00,4619.2,4619.2,4619.2,231.76,791.2,791.2,791.2,4105.6,4110.6,4110.6,4110.6,4110.6,4110.6,267.4,262.4,262.4,5308,1558.4,2624,16432,1559.4,1041.6,12860,0x510CE081
3542,0,763068,763.068,0,0,OK,4623.2,4619.2,4619.2,4619.2,4619.2,4619.2,4619.2,4619.2,4619.2,0.00,4619.2,4619.2,4619.2,232.76,791.2,1031.6,791.2,4105.6,2406.6,4111.6,4110.6,2406.6,4111.6,267.4,262.4,522.8,7912,2059.2,2624,11424,1559.4,1031.6,20532,0xF5ADD5E0
3543,0,763169,763.169,0,0,OK,4620.2,4619.2,4619.2,4619.2,4619.2,4619.2,4619.2,4619.2,4619.2,0.00,4619.2,4619.2,4619.2,232.76,791.2,791.2,1031.6,4105.6,4110.6,2406.6,4111.6,4110.6,2406.6,268.4,522.8,272.4,7712,2059.2,2624,16432,1809.8,1031.6,40,0x783995AF
3544,0,763271,763.271,0,0,OK,4627.2,4619.2,4619.2,4619.2,4619.2,4619.2,4619.2,4619.2,4619.2,0.00,4619.2,4619.2,4619.2,0.80,791.2,1031.6,1031.6,4105.6,2406.6,2407.6,4111.6,2406.6,2407.6,278.4,532.8,532.8,7912,2059.2,5128,16632,1809.8,1292.0,10456,0xA35CBCB0
3545,0,763373,763.373,0,0,OK,4624.2,4619.2,4619.2,4619.2,4619.2,4619.2,4619.2,4619.2,4619.2,0.00,4619.2,4619.2,4619.2,231.76,1031.6,1031.6,1031.6,2171.2,2407.6,2407.6,2407.6,2407.6,2407.6,278.4,522.8,262.4,7812,2059.2,2724,16632,1559.4,1031.6,23236,0x20F4BD70
3546,0,763474,763.474,0,0,OK,4626.2,4619.2,4619.2,4619.2,4619.2,4619.2,4619.2,4619.2,4619.2,0.00,4619.2,4619.2,4619.2,232.76,791.2,791.2,791.2,4105.6,4110.6,4110.6,4110.6,4110.6,4110.6,277.4,272.4,532.8,5308,1558.4,2624,16632,1809.8,1282.0,10416,0x0FCEA3AC
3547,0,763576,763.576,0,0,OK,4619.2,4619.2,4619.2,4619.2,4619.2,4619.2,4619.2,4619.2,4619.2,0.00,4619.2,4619.2,4619.2,232.76,791.2,791.2,1031.6,4105.6,4110.6,2406.6,4111.6,4110.6,2406.6,268.4,262.4,262.4,7912,1798.8,5228,13928,2050.2,1041.6,23136,0xE517B6A4
3548,0,763678,763.678,0,0,OK,4621.2,4619.2,4619.2,4619.2,4619.2,4619.2,4619.2,4619.2,4619.2,0.00,4619.2,4619.2,4619.2,231.76,1031.6,791.2,1031.6,2171.2,4111.6,2406.6,2407.6,4111.6,2406.6,528.8,532.8,272.4,7812,1808.8,5228,16632,2050.2,1292.0,40,0x5FBCF5B9
3549,0,763779,763.779,0,0,OK,4620.2,4619.2,4619.2,4619.2,4619.2,4619.2,4619.2,4619.2,4619.2,0.00,4619.2,4619.2,4619.2,231.76,1031.6,791.2,791.2,2171.2,4111.6,4110.6,2406.6,4111.6,4110.6,277.4,532.8,512.8,7812,1798.8,2624,16432,2060.2,1282.0,140,0x583B7ADB
3550,0,763881,763.881,0,0,OK,4624.2,4619.2,4619.2,4619.2,4619.2,4619.2,4619.2,4619.2,4619.2,0.00,4619.2,4619.2,4619.2,231.76,1031.6,1031.6,791.2,2171.2,2407.6,4111.6,2406.6,2407.6,4111.6,517.8,272.4,522.8,7712,2049.2,2624,16432,1559.4,1041.6,23136,0xE93CE6D8
3551,0,763983,763.983,0,0,OK,4619.2,4619.2,4619.2,4619.2,4619.2,4619.2,4619.2,4619.2,4619.2,0.00,4619.2,4619.2,4619.2,232.76,1031.6,791.2,1031.6,2171.2,4111.6,2406.6,2407.6,4111.6,2406.6,278.4,262.4,532.8,7712,2049.2,5128,11424,1809.8,1292.0,7852,0x8CE22ED2
3552,0,764084,764.084,0,0,OK,4625.2,4619.2,4619.2,4619.2,4619.2,4619.2,4619.2,4619.2,4619.2,0.00,4619.2,4619.2,4619.2,231.76,1031.6,791.2,1031.6,2171.2,4111.6,2406.6,2407.6,4111.6,2406.6,278.4,532.8,522.8,7712,1558.4,2624,19136,2060.2,1282.0,240,0x88C331C3
3553,0,764186,764.186,0,0,OK,4627.2,4619.2,4619.2,4619.2,4619.2,4619.2,4619.2,4619.2,4619.2,0.00,4619.2,4619.2,4619.2,232.76,1031.6,791.2,1031.6,2171.2,4111.6,2406.6,2407.6,4111.6,2406.6,278.4,272.4,532.8,10316,2049.2,5128,21540,1809.8,1292.0,20732,0x62C7BAB5
3554,0,764288,764.288,0,0,OK,4624.2,4619.2,4619.2,4619.2,4619.2,4619.2,4619.2,4619.2,4619.2,0.00,4619.2,4619.2,4619.2,0.80,791.2,1031.6,1031.6,4105.6,2406.6,2407.6,4111.6,2406.6,2407.6,268.4,532.8,272.4,5308,1798.8,5128,16632,1559.4,1282.0,15424,0x58AA18CE
3555,0,764389,764.389,0,0,OK,4622.2,4619.2,4619.2,4619.2,4619.2,4619.2,4619.2,4619.2,4619.2,0.00,4619.2,4619.2,4619.2,231.76,1031.6,791.2,791.2,2171.2,4111.6,4110.6,2406.6,4111.6,4110.6,768.2,272.4,532.8,7912,1798.8,5228,16532,2050.2,1292.0,17928,0xE90E07FD
3556,0,764491,764.491,0,0,OK,4621.2,4619.2,4619.2,4619.2,4619.2,4619.2,4619.2,4619.2,4619.2,0.00,4619.2,4619.2,4619.2,232.76,791.2,1031.6,1031.6,4105.6,2406.6,2407.6,4111.6,2406.6,2407.6,278.4,262.4,262.4,10316,2059.2,5228,11424,1799.8,1292.0,7912,0x18DE3905
3557,0,764593,764.593,0,0,OK,4619.2,4619.2,4619.2,4619.2,4619.2,4619.2,4619.2,4619.2,4619.2,0.00,4619.2,4619.2,4619.2,0.80,791.2,1031.6,1031.6,4105.6,2406.6,2407.6,4111.6,2406.6,2407.6,769.2,532.8,522.8,10316,2049.2,2624,16632,1809.8,1282.0,7912,0x13C6CA74
3558,0,764694,764.694,0,0,OK,4619.2,4619.2,4619.2,4619.2,4619.2,4619.2,4619.2,4619.2,4619.2,0.00,4619.2,4619.2,4619.2,232.76,1031.6,791.2,791.2,2171.2,4111.6,4110.6,2406.6,4111.6,4110.6,267.4,512.8,522.8,5308,2059.2,2624,11424,2050.2,1031.6,15524,0x13D4EC9D
3559,0,764796,764.796,0,0,OK,4623.2,4619.2,4619.2,4619.2,4619.2,4619.2,4619.2,4619.2,4619.2,0.00,4619.2,4619.2,4619.2,0.80,791.2,791.2,791.2,4105.6,4110.6,4110.6,4110.6,4110.6,4110.6,267.4,532.8,522.8,7712,2049.2,2624,13828,1559.4,1292.0,18128,0x9FF201CC
3560,0,764898,764.898,0,0,OK,4625.2,4619.2,4619.2,4619.2,4619.2,4619.2,4619.2,4619.2,4619.2,0.00,4619.2,4619.2,4619.2,232.76,791.2,1031.6,791.2,4105.6,2406.6,4111.6,4110.6,2406.6,4111.6,527.8,262.4,512.8,7912,1558.4,2624,11424,2060.2,1292.0,17928,0xA459C513
3561,0,764999,764.999,0,0,OK,4625.2,4619.2,4619.2,4619.2,4619.2,4619.2,4619.2,4619.2,4619.2,0.00,4619.2,4619.2,4619.2,231.76,1031.6,1031.6,1031.6,2171.2,2407.6,2407.6,2407.6,2407.6,2407.6,278.4,512.8,272.4,7712,1798.8,2624,13928,1799.8,1041.6,7752,0xB3FEB394
3562,0,765101,765.101,0,0,OK,4624.2,4619.2,4619.2,4619.2,4619.2,4619.2,4619.2,4619.2,4619.2,0.00,4619.2,4619.2,4619.2,232.76,1031.6,791.2,791.2,2171.2,4111.6,4110.6,2406.6,4111.6,4110.6,267.4,512.8,522.8,5308,1558.4,2724,14028,1559.4,1041.6,7852,0xEB25307E
3563,0,765203,765.203,0,0,OK,4626.2,4619.2,4619.2,4619.2,4619.2,4619.2,4619.2,4619.2,4619.2,0.00,4619.2,4619.2,4619.2,0.80,1031.6,1031.6,1031.6,2171.2,2407.6,2407.6,2407.6,2407.6,2407.6,528.8,512.8,512.8,5308,1798.8,2624,13828,2060.2,1041.6,10356,0xCB3C5832
3564,0,765304,765.304,0,0,OK,4622.2,4619.2,4619.2,4619.2,4619.2,4619.2,4619.2,4619.2,4619.2,0.00,4619.2,4619.2,4619.2,0.80,1031.6,1031.6,1031.6,2171.2,2407.6,2407.6,2407.6,2407.6,2407.6,769.2,272.4,522.8,10316,2059.2,5128,21540,1809.8,1031.6,10456,0x44995F65
3565,0,765406,765.406,0,0,OK,4622.2,4619.2,4619.2,4619.2,4619.2,4619.2,4619.2,4619.2,4619.2,0.00,4619.2,4619.2,4619.2,231.76,791.2,1031.6,1031.6,4105.6,2406.6,2407.6,4111.6,2406.6,2407.6,268.4,522.8,262.4,7912,1798.8,2724,13828,2060.2,1031.6,10416,0x81BBCE47
3566,0,765507,765.507,20576,62626,INFO:pwr_via_bypass|WARN:sync_mismatch|ERR:high_dc_bus|ERR:inv_overcurrent|ERR:fan_fault|ERR:inv_overheat,4620.2,4619.2,4619.2,4619.2,4619.2,4619.2,4619.2,4619.2,4619.2,0.00,4619.2,4619.2,4619.2,232.76,791.2,791.2,1031.6,4105.6,4110.6,2406.6,4111.6,4110.6,2406.6,518.8,522.8,272.4,7912,1798.8,5228,13828,2050.2,1282.0,10316,0x5F772DE6
3567,0,765933,765.933,35860,39670,INFO:rectifier_on|INFO:pwr_via_inverter|INFO:ups_on_battery|ERR:high_dc_bus|ERR:low_bat_charge|ERR:inv_fault|ERR:inv_overcurrent|ERR:high_out_vol|ERR:fan_fault|ERR:rect_overheat,4620.2,4619.2,4619.2,4619.2,4619.2,4619.2,4619.2,4619.2,4619.2,0.00,4619.2,4619.2,4619.2,231.76,791.2,1031.6,1031.6,4105.6,2406.6,2407.6,4111.6,2406.6,2407.6,518.8,522.8,512.8,7912,1798.8,5128,11424,1809.8,1292.0,5148,0xB35B86D6
3568,0,766008,766.008,22728,28408,INFO:inverter_on|WARN:sync_mismatch|INFO:load_from_inverter|ERR:bat_not_conn|ERR:inv_fault|ERR:inv_overcurrent|ERR:high_out_vol|ERR:fan_fault|ERR:rect_overheat|ERR:inv_overheat,4619.2,4619.2,4619.2,4619.2,4619.2,4619.2,4619.2,4619.2,4619.2,0.00,4619.2,4619.2,4619.2,232.76,1031.6,1031.6,1031.6,2171.2,2407.6,2407.6,2407.6,2407.6,2407.6,528.8,522.8,522.8,7812,2049.2,2724,16632,1559.4,791.2,20732,0xD6B0959E
3569,0,766016,766.016,31400,39126,INFO:inverter_on|INFO:pwr_via_bypass|INFO:load_from_inverter|INFO:bat_discharge|ERR:high_dc_bus|ERR:low_bat_charge|ERR:inv_fault|ERR:high_out_vol|ERR:fan_fault,4622.2,4619.2,4619.2,4619.2,4619.2,4619.2,4619.2,4619.2,4619.2,0.00,4619.2,4619.2,4619.2,232.76,791.2,1031.6,791.2,4105.6,2406.6,4111.6,4110.6,2406.6,4111.6,527.8,272.4,272.4,7812,1808.8,5128,16532,1799.8,1282.0,12860,0x5D8D8857
3570,0,766117,766.117,55532,748,INFO:rectifier_on|INFO:inverter_on|INFO:pwr_via_bypass|WARN:sync_mismatch|INFO:load_from_inverter|ERR:low_bat_charge|ERR:bat_not_conn|ERR:inv_overcurrent|ERR:high_out_vol|ERR:fan_fault|ERR:rect_overheat,4627.2,4619.2,4619.2,4619.2,4619.2,4619.2,4619.2,4619.2,4619.2,0.00,4619.2,4619.2,4619.2,232.76,791.2,1031.6,791.2,4105.6,2406.6,4111.6,4110.6,2406.6,4111.6,267.4,262.4,522.8,10316,1798.8,2724,19036,1809.8,1292.0,23236,0x79FAB6F7
